# benchmark_mode: publication; auto_calibrated
# cpu_model: AMD Ryzen 9 7900X 12-Core Processor
# rustc: rustc 1.94.1 (e408947bf 2026-03-25)
# git_commit: 034f65a85002594e7ad8ca6dd70ecf52e1169ff2
# git_state: clean
# RUSTFLAGS: -C target-cpu=native
# release_profile: lto=fat, codegen-units=1, panic=abort
# pinned_cpus: 2
# governor: powersave
# turbo: unavailable
# smt: on
# command: ./target/release/sok-zk-friendly-hash-functions --csv
construction,variant,field,t,round_set,rounds,iters,rep,total_ns
gmimc,,bls12_381,3,single,228,16384,0,261294553
gmimc,,bls12_381,4,single,231,16384,0,269160309
gmimc,,bn254,3,single,228,16384,0,250375032
gmimc,,bn254,4,single,231,16384,0,257306331
gmimc,,goldilocks,8,single,68,524288,0,337279307
gmimc,,goldilocks,12,single,93,262144,0,236861254
gmimc,,mersenne31,16,single,158,262144,0,268308517
gmimc,,mersenne31,24,single,335,131072,0,315274496
gmimc,,koalabear,16,single,158,262144,0,306097530
gmimc,,koalabear,24,single,335,131072,0,330560665
gmimc,,babybear,16,single,158,131072,0,246701448
gmimc,,babybear,24,single,335,65536,0,259885892
gmimc2,alpha=8,bls12_381,3,single,63,32768,0,225428574
gmimc2,alpha=8,bls12_381,4,single,64,32768,0,231499045
gmimc2,alpha=8,bn254,3,single,63,32768,0,220553226
gmimc2,alpha=8,bn254,4,single,64,32768,0,224827500
gmimc2,alpha=4,goldilocks,8,single,88,262144,0,293864074
gmimc2,alpha=4,goldilocks,12,single,96,262144,0,361526900
gmimc2,alpha=2,mersenne31,16,single,176,65536,0,201684232
gmimc2,alpha=2,mersenne31,24,single,264,32768,0,223946796
gmimc2,alpha=2,koalabear,16,single,176,131072,0,291267272
gmimc2,alpha=2,koalabear,24,single,264,65536,0,233524329
gmimc2,alpha=2,babybear,16,single,176,131072,0,290719449
gmimc2,alpha=2,babybear,24,single,264,65536,0,234908245
poseidon,,bls12_381,3,single,8+56,16384,0,255754874
poseidon,,bls12_381,4,single,8+56,16384,0,381463899
poseidon,,bn254,3,single,8+56,16384,0,245005640
poseidon,,bn254,4,single,8+56,16384,0,369957491
poseidon,,goldilocks,8,single,8+22,131072,0,324591973
poseidon,,goldilocks,12,single,8+22,65536,0,310458517
poseidon,,mersenne31,16,single,8+14,65536,0,325811542
poseidon,,mersenne31,24,single,8+22,16384,0,226942202
poseidon,,koalabear,16,single,8+20,32768,0,254456457
poseidon,,koalabear,24,single,8+23,16384,0,303814324
poseidon,,babybear,16,single,8+13,32768,0,202156293
poseidon,,babybear,24,single,8+21,16384,0,287967416
poseidon2,,bls12_381,3,single,8+56,65536,0,316741897
poseidon2,,bls12_381,4,single,8+56,32768,0,286596546
poseidon2,,bn254,3,single,8+56,65536,0,310790728
poseidon2,,bn254,4,single,8+56,32768,0,274340597
poseidon2,,goldilocks,8,single,8+22,524288,0,391596951
poseidon2,,goldilocks,12,single,8+22,262144,0,272567555
poseidon2,,mersenne31,16,single,8+14,262144,0,253430692
poseidon2,,mersenne31,24,single,8+22,131072,0,210861708
poseidon2,,koalabear,16,single,8+20,262144,0,279742841
poseidon2,,koalabear,24,single,8+23,131072,0,202439703
poseidon2,,babybear,16,single,8+13,262144,0,307175794
poseidon2,,babybear,24,single,8+21,131072,0,248403057
neptune,,bls12_381,4,single,6+69,32768,0,324353408
neptune,,bn254,4,single,6+69,32768,0,315193084
neptune,,goldilocks,8,single,6+38,262144,0,318731484
neptune,,goldilocks,12,single,6+42,131072,0,303530704
psquarehash,,mersenne31,16,single,52,262144,0,244351749
psquarehash,,mersenne31,24,single,52,262144,0,355042074
psquarehash,,koalabear,16,single,52,262144,0,312030184
psquarehash,,koalabear,24,single,52,131072,0,231995673
psquarehash,,babybear,16,single,52,262144,0,311235639
psquarehash,,babybear,24,single,52,131072,0,231073480
rescue_prime,,bls12_381,3,current,16,1024,0,345064824
rescue_prime,,bls12_381,3,original,14,1024,0,301673464
rescue_prime,,bls12_381,4,current,13,1024,0,375823851
rescue_prime,,bls12_381,4,original,11,1024,0,317957699
rescue_prime,,bn254,3,current,16,1024,0,338060056
rescue_prime,,bn254,3,original,14,1024,0,295857368
rescue_prime,,bn254,4,current,13,1024,0,366353558
rescue_prime,,bn254,4,original,11,1024,0,309992717
rescue_prime,,goldilocks,8,single,8,16384,0,252814380
rescue_prime,,goldilocks,12,single,8,16384,0,394413653
rescue_prime,,mersenne31,16,single,8,16384,0,329055483
rescue_prime,,mersenne31,24,single,8,8192,0,265213726
rescue_prime,,koalabear,16,single,8,8192,0,224428877
rescue_prime,,koalabear,24,single,8,8192,0,361132483
rescue_prime,,babybear,16,single,8,8192,0,244831795
rescue_prime,,babybear,24,single,8,8192,0,393950578
anemoi,,bls12_381,4,current,20,1024,0,288063587
anemoi,,bls12_381,4,original,14,1024,0,201709820
anemoi,,bn254,4,current,20,1024,0,282623773
anemoi,,bn254,4,original,14,2048,0,395768465
anemoi,,goldilocks,8,single,11,32768,0,346588350
anemoi,,goldilocks,12,single,10,16384,0,238315131
anemoi,,mersenne31,16,single,10,32768,0,341010789
anemoi,,mersenne31,24,single,9,16384,0,240367164
anemoi,,koalabear,16,single,10,16384,0,245585805
anemoi,,koalabear,24,single,9,16384,0,344996196
anemoi,,babybear,16,single,9,16384,0,240713261
anemoi,,babybear,24,single,9,16384,0,373834214
griffin,,bls12_381,3,current,20,2048,0,285585928
griffin,,bls12_381,3,original,14,4096,0,400499073
griffin,,bls12_381,4,current,20,2048,0,287968329
griffin,,bls12_381,4,original,11,4096,0,316872010
griffin,,bn254,3,current,20,2048,0,281238044
griffin,,bn254,3,original,14,4096,0,392948366
griffin,,bn254,4,current,20,2048,0,282550276
griffin,,bn254,4,original,11,4096,0,311255987
griffin,,goldilocks,8,single,8,131072,0,282973677
griffin,,goldilocks,12,single,8,131072,0,301449526
arion,,bls12_381,3,single,11,4096,0,342144167
arion,,bls12_381,4,single,10,4096,0,330063506
arion,,bn254,3,single,11,4096,0,333010553
arion,,bn254,4,single,10,4096,0,320734607
grendel,native,bls12_381,3,current,24,256,0,265318511
grendel,native,bls12_381,3,original,14,512,0,298024718
grendel,native,bls12_381,4,current,23,256,0,340248185
grendel,native,bls12_381,4,original,12,512,0,339840133
grendel,native,bn254,3,current,24,256,0,263773335
grendel,native,bn254,3,original,14,512,0,294515150
grendel,native,bn254,4,current,23,256,0,337293123
grendel,native,bn254,4,original,12,512,0,337067973
xhash,XHash8,goldilocks,12,single,6,32768,0,283679766
xhash,XHash12,goldilocks,12,single,6,32768,0,370893400
xhash,XHash16,mersenne31,24,single,6,32768,0,301962485
xhash,XHash24,mersenne31,24,single,6,32768,0,362692628
reinforced_concrete,,bls12_381,3,single,7,131072,0,241624795
reinforced_concrete,,bn254,3,single,7,131072,0,244088317
skyscraper,,bls12_381,4,single,18,262144,0,325352354
skyscraper,,bn254,4,single,18,262144,0,316851382
monolith,,goldilocks,8,single,6,1048576,0,266077079
monolith,,goldilocks,12,single,6,524288,0,205858110
monolith,,mersenne31,16,single,6,524288,0,214909131
monolith,,mersenne31,24,single,6,262144,0,218094742
polocolo,,bls12_381,3,single,6,1024,0,264515992
polocolo,,bls12_381,4,single,5,1024,0,293269133
polocolo,,bn254,3,single,6,1024,0,237183075
polocolo,,bn254,4,single,5,1024,0,264245988
tip4p,,goldilocks,12,single,5,262144,0,332371829
plain,sha256_compress,-,-,single,-,8388608,0,211649200
plain,keccak_f1600,-,-,single,-,524288,0,204850307
plain,blake2b_compress,-,-,single,-,2097152,0,240716597
plain,blake3_compress,-,-,single,-,4194304,0,274669242
gmimc,,bls12_381,3,single,228,16384,1,261302759
gmimc,,bls12_381,4,single,231,16384,1,266541667
gmimc,,bn254,3,single,228,16384,1,250610502
gmimc,,bn254,4,single,231,16384,1,253596801
gmimc,,goldilocks,8,single,68,524288,1,337388462
gmimc,,goldilocks,12,single,93,262144,1,237624831
gmimc,,mersenne31,16,single,158,262144,1,268183033
gmimc,,mersenne31,24,single,335,131072,1,322607296
gmimc,,koalabear,16,single,158,262144,1,305790596
gmimc,,koalabear,24,single,335,131072,1,334244789
gmimc,,babybear,16,single,158,131072,1,246566948
gmimc,,babybear,24,single,335,65536,1,259895369
gmimc2,alpha=8,bls12_381,3,single,63,32768,1,225397537
gmimc2,alpha=8,bls12_381,4,single,64,32768,1,230222360
gmimc2,alpha=8,bn254,3,single,63,32768,1,220427480
gmimc2,alpha=8,bn254,4,single,64,32768,1,223569501
gmimc2,alpha=4,goldilocks,8,single,88,262144,1,294167571
gmimc2,alpha=4,goldilocks,12,single,96,262144,1,361387470
gmimc2,alpha=2,mersenne31,16,single,176,65536,1,201985043
gmimc2,alpha=2,mersenne31,24,single,264,32768,1,224008261
gmimc2,alpha=2,koalabear,16,single,176,131072,1,291510276
gmimc2,alpha=2,koalabear,24,single,264,65536,1,233677266
gmimc2,alpha=2,babybear,16,single,176,131072,1,290877524
gmimc2,alpha=2,babybear,24,single,264,65536,1,235308643
poseidon,,bls12_381,3,single,8+56,16384,1,255092416
poseidon,,bls12_381,4,single,8+56,16384,1,381349065
poseidon,,bn254,3,single,8+56,16384,1,245802760
poseidon,,bn254,4,single,8+56,16384,1,368879247
poseidon,,goldilocks,8,single,8+22,131072,1,324433978
poseidon,,goldilocks,12,single,8+22,65536,1,309089690
poseidon,,mersenne31,16,single,8+14,65536,1,323212887
poseidon,,mersenne31,24,single,8+22,16384,1,226367669
poseidon,,koalabear,16,single,8+20,32768,1,251999318
poseidon,,koalabear,24,single,8+23,16384,1,304020410
poseidon,,babybear,16,single,8+13,32768,1,201821679
poseidon,,babybear,24,single,8+21,16384,1,288018603
poseidon2,,bls12_381,3,single,8+56,65536,1,317329125
poseidon2,,bls12_381,4,single,8+56,32768,1,285663803
poseidon2,,bn254,3,single,8+56,65536,1,311173534
poseidon2,,bn254,4,single,8+56,32768,1,274196739
poseidon2,,goldilocks,8,single,8+22,524288,1,391456078
poseidon2,,goldilocks,12,single,8+22,262144,1,272705674
poseidon2,,mersenne31,16,single,8+14,262144,1,253272827
poseidon2,,mersenne31,24,single,8+22,131072,1,211118559
poseidon2,,koalabear,16,single,8+20,262144,1,279332424
poseidon2,,koalabear,24,single,8+23,131072,1,203000812
poseidon2,,babybear,16,single,8+13,262144,1,306934875
poseidon2,,babybear,24,single,8+21,131072,1,251533196
neptune,,bls12_381,4,single,6+69,32768,1,324373145
neptune,,bn254,4,single,6+69,32768,1,313001991
neptune,,goldilocks,8,single,6+38,262144,1,318978606
neptune,,goldilocks,12,single,6+42,131072,1,303955629
psquarehash,,mersenne31,16,single,52,262144,1,244171703
psquarehash,,mersenne31,24,single,52,262144,1,355680447
psquarehash,,koalabear,16,single,52,262144,1,312883299
psquarehash,,koalabear,24,single,52,131072,1,231690974
psquarehash,,babybear,16,single,52,262144,1,311508650
psquarehash,,babybear,24,single,52,131072,1,232826065
rescue_prime,,bls12_381,3,current,16,1024,1,345051309
rescue_prime,,bls12_381,3,original,14,1024,1,301672883
rescue_prime,,bls12_381,4,current,13,1024,1,375128583
rescue_prime,,bls12_381,4,original,11,1024,1,317552643
rescue_prime,,bn254,3,current,16,1024,1,338059886
rescue_prime,,bn254,3,original,14,1024,1,295778922
rescue_prime,,bn254,4,current,13,1024,1,367578026
rescue_prime,,bn254,4,original,11,1024,1,311043161
rescue_prime,,goldilocks,8,single,8,16384,1,252882528
rescue_prime,,goldilocks,12,single,8,16384,1,394331390
rescue_prime,,mersenne31,16,single,8,16384,1,329620659
rescue_prime,,mersenne31,24,single,8,8192,1,265110793
rescue_prime,,koalabear,16,single,8,8192,1,224464483
rescue_prime,,koalabear,24,single,8,8192,1,363575027
rescue_prime,,babybear,16,single,8,8192,1,245045295
rescue_prime,,babybear,24,single,8,8192,1,392492465
anemoi,,bls12_381,4,current,20,1024,1,288022480
anemoi,,bls12_381,4,original,14,1024,1,201674023
anemoi,,bn254,4,current,20,1024,1,282681823
anemoi,,bn254,4,original,14,2048,1,395756012
anemoi,,goldilocks,8,single,11,32768,1,346573994
anemoi,,goldilocks,12,single,10,16384,1,238379220
anemoi,,mersenne31,16,single,10,32768,1,341007023
anemoi,,mersenne31,24,single,9,16384,1,240391450
anemoi,,koalabear,16,single,10,16384,1,245938685
anemoi,,koalabear,24,single,9,16384,1,344824856
anemoi,,babybear,16,single,9,16384,1,241175766
anemoi,,babybear,24,single,9,16384,1,373840035
griffin,,bls12_381,3,current,20,2048,1,285684362
griffin,,bls12_381,3,original,14,4096,1,400601805
griffin,,bls12_381,4,current,20,2048,1,288650925
griffin,,bls12_381,4,original,11,4096,1,316560248
griffin,,bn254,3,current,20,2048,1,280773347
griffin,,bn254,3,original,14,4096,1,392939239
griffin,,bn254,4,current,20,2048,1,282574141
griffin,,bn254,4,original,11,4096,1,311338181
griffin,,goldilocks,8,single,8,131072,1,283356773
griffin,,goldilocks,12,single,8,131072,1,301735030
arion,,bls12_381,3,single,11,4096,1,341924367
arion,,bls12_381,4,single,10,4096,1,330110755
arion,,bn254,3,single,11,4096,1,333094991
arion,,bn254,4,single,10,4096,1,320840175
grendel,native,bls12_381,3,current,24,256,1,265869542
grendel,native,bls12_381,3,original,14,512,1,298128482
grendel,native,bls12_381,4,current,23,256,1,340083297
grendel,native,bls12_381,4,original,12,512,1,340063550
grendel,native,bn254,3,current,24,256,1,263307475
grendel,native,bn254,3,original,14,512,1,293849467
grendel,native,bn254,4,current,23,256,1,337604937
grendel,native,bn254,4,original,12,512,1,337619033
xhash,XHash8,goldilocks,12,single,6,32768,1,283485203
xhash,XHash12,goldilocks,12,single,6,32768,1,371120905
xhash,XHash16,mersenne31,24,single,6,32768,1,301262587
xhash,XHash24,mersenne31,24,single,6,32768,1,363424907
reinforced_concrete,,bls12_381,3,single,7,131072,1,241211432
reinforced_concrete,,bn254,3,single,7,131072,1,243056429
skyscraper,,bls12_381,4,single,18,262144,1,325274800
skyscraper,,bn254,4,single,18,262144,1,316833840
monolith,,goldilocks,8,single,6,1048576,1,265606780
monolith,,goldilocks,12,single,6,524288,1,205778682
monolith,,mersenne31,16,single,6,524288,1,214626092
monolith,,mersenne31,24,single,6,262144,1,218711375
polocolo,,bls12_381,3,single,6,1024,1,264883249
polocolo,,bls12_381,4,single,5,1024,1,293281466
polocolo,,bn254,3,single,6,1024,1,237193836
polocolo,,bn254,4,single,5,1024,1,264253543
tip4p,,goldilocks,12,single,5,262144,1,333144443
plain,sha256_compress,-,-,single,-,8388608,1,211667795
plain,keccak_f1600,-,-,single,-,524288,1,203481961
plain,blake2b_compress,-,-,single,-,2097152,1,240781398
plain,blake3_compress,-,-,single,-,4194304,1,272994604
gmimc,,bls12_381,3,single,228,16384,2,261149963
gmimc,,bls12_381,4,single,231,16384,2,266480142
gmimc,,bn254,3,single,228,16384,2,250368391
gmimc,,bn254,4,single,231,16384,2,253824809
gmimc,,goldilocks,8,single,68,524288,2,337438266
gmimc,,goldilocks,12,single,93,262144,2,235391900
gmimc,,mersenne31,16,single,158,262144,2,267468198
gmimc,,mersenne31,24,single,335,131072,2,318866888
gmimc,,koalabear,16,single,158,262144,2,305855578
gmimc,,koalabear,24,single,335,131072,2,331052896
gmimc,,babybear,16,single,158,131072,2,246995678
gmimc,,babybear,24,single,335,65536,2,259768022
gmimc2,alpha=8,bls12_381,3,single,63,32768,2,225586920
gmimc2,alpha=8,bls12_381,4,single,64,32768,2,231685575
gmimc2,alpha=8,bn254,3,single,63,32768,2,220500447
gmimc2,alpha=8,bn254,4,single,64,32768,2,224745569
gmimc2,alpha=4,goldilocks,8,single,88,262144,2,293914359
gmimc2,alpha=4,goldilocks,12,single,96,262144,2,361634983
gmimc2,alpha=2,mersenne31,16,single,176,65536,2,201950890
gmimc2,alpha=2,mersenne31,24,single,264,32768,2,224320154
gmimc2,alpha=2,koalabear,16,single,176,131072,2,291168769
gmimc2,alpha=2,koalabear,24,single,264,65536,2,234711489
gmimc2,alpha=2,babybear,16,single,176,131072,2,291625292
gmimc2,alpha=2,babybear,24,single,264,65536,2,235853512
poseidon,,bls12_381,3,single,8+56,16384,2,256193795
poseidon,,bls12_381,4,single,8+56,16384,2,380982090
poseidon,,bn254,3,single,8+56,16384,2,246201986
poseidon,,bn254,4,single,8+56,16384,2,368475353
poseidon,,goldilocks,8,single,8+22,131072,2,324627441
poseidon,,goldilocks,12,single,8+22,65536,2,309497252
poseidon,,mersenne31,16,single,8+14,65536,2,323289702
poseidon,,mersenne31,24,single,8+22,16384,2,227830573
poseidon,,koalabear,16,single,8+20,32768,2,254135068
poseidon,,koalabear,24,single,8+23,16384,2,304657340
poseidon,,babybear,16,single,8+13,32768,2,201780252
poseidon,,babybear,24,single,8+21,16384,2,288632020
poseidon2,,bls12_381,3,single,8+56,65536,2,317221524
poseidon2,,bls12_381,4,single,8+56,32768,2,286354484
poseidon2,,bn254,3,single,8+56,65536,2,311266368
poseidon2,,bn254,4,single,8+56,32768,2,274483415
poseidon2,,goldilocks,8,single,8+22,524288,2,391791505
poseidon2,,goldilocks,12,single,8+22,262144,2,273000815
poseidon2,,mersenne31,16,single,8+14,262144,2,254043326
poseidon2,,mersenne31,24,single,8+22,131072,2,210824891
poseidon2,,koalabear,16,single,8+20,262144,2,279098518
poseidon2,,koalabear,24,single,8+23,131072,2,202522067
poseidon2,,babybear,16,single,8+13,262144,2,307092009
poseidon2,,babybear,24,single,8+21,131072,2,248520247
neptune,,bls12_381,4,single,6+69,32768,2,325156289
neptune,,bn254,4,single,6+69,32768,2,314019972
neptune,,goldilocks,8,single,6+38,262144,2,319345573
neptune,,goldilocks,12,single,6+42,131072,2,304263775
psquarehash,,mersenne31,16,single,52,262144,2,244365976
psquarehash,,mersenne31,24,single,52,262144,2,355839405
psquarehash,,koalabear,16,single,52,262144,2,312762112
psquarehash,,koalabear,24,single,52,131072,2,233479647
psquarehash,,babybear,16,single,52,262144,2,311492571
psquarehash,,babybear,24,single,52,131072,2,233033613
rescue_prime,,bls12_381,3,current,16,1024,2,344859421
rescue_prime,,bls12_381,3,original,14,1024,2,301902854
rescue_prime,,bls12_381,4,current,13,1024,2,375327905
rescue_prime,,bls12_381,4,original,11,1024,2,317554957
rescue_prime,,bn254,3,current,16,1024,2,338099782
rescue_prime,,bn254,3,original,14,1024,2,295820089
rescue_prime,,bn254,4,current,13,1024,2,367712047
rescue_prime,,bn254,4,original,11,1024,2,311146353
rescue_prime,,goldilocks,8,single,8,16384,2,252824329
rescue_prime,,goldilocks,12,single,8,16384,2,396629364
rescue_prime,,mersenne31,16,single,8,16384,2,330408381
rescue_prime,,mersenne31,24,single,8,8192,2,265435281
rescue_prime,,koalabear,16,single,8,8192,2,224722536
rescue_prime,,koalabear,24,single,8,8192,2,365202007
rescue_prime,,babybear,16,single,8,8192,2,245092944
rescue_prime,,babybear,24,single,8,8192,2,393534752
anemoi,,bls12_381,4,current,20,1024,2,288229307
anemoi,,bls12_381,4,original,14,1024,2,201772267
anemoi,,bn254,4,current,20,1024,2,283445599
anemoi,,bn254,4,original,14,2048,2,398279157
anemoi,,goldilocks,8,single,11,32768,2,346961248
anemoi,,goldilocks,12,single,10,16384,2,238335038
anemoi,,mersenne31,16,single,10,32768,2,343097869
anemoi,,mersenne31,24,single,9,16384,2,240154187
anemoi,,koalabear,16,single,10,16384,2,246869673
anemoi,,koalabear,24,single,9,16384,2,344979235
anemoi,,babybear,16,single,9,16384,2,241501074
anemoi,,babybear,24,single,9,16384,2,374253619
griffin,,bls12_381,3,current,20,2048,2,285640951
griffin,,bls12_381,3,original,14,4096,2,400334126
griffin,,bls12_381,4,current,20,2048,2,288688285
griffin,,bls12_381,4,original,11,4096,2,316721200
griffin,,bn254,3,current,20,2048,2,280789607
griffin,,bn254,3,original,14,4096,2,392965670
griffin,,bn254,4,current,20,2048,2,282597786
griffin,,bn254,4,original,11,4096,2,311350556
griffin,,goldilocks,8,single,8,131072,2,283459346
griffin,,goldilocks,12,single,8,131072,2,301671873
arion,,bls12_381,3,single,11,4096,2,342763335
arion,,bls12_381,4,single,10,4096,2,330848944
arion,,bn254,3,single,11,4096,2,333203835
arion,,bn254,4,single,10,4096,2,320850424
grendel,native,bls12_381,3,current,24,256,2,265293465
grendel,native,bls12_381,3,original,14,512,2,297908832
grendel,native,bls12_381,4,current,23,256,2,340570268
grendel,native,bls12_381,4,original,12,512,2,339942054
grendel,native,bn254,3,current,24,256,2,262791942
grendel,native,bn254,3,original,14,512,2,293536453
grendel,native,bn254,4,current,23,256,2,337267917
grendel,native,bn254,4,original,12,512,2,337153554
xhash,XHash8,goldilocks,12,single,6,32768,2,283951695
xhash,XHash12,goldilocks,12,single,6,32768,2,371156383
xhash,XHash16,mersenne31,24,single,6,32768,2,302019643
xhash,XHash24,mersenne31,24,single,6,32768,2,364837327
reinforced_concrete,,bls12_381,3,single,7,131072,2,242792006
reinforced_concrete,,bn254,3,single,7,131072,2,243436500
skyscraper,,bls12_381,4,single,18,262144,2,325758814
skyscraper,,bn254,4,single,18,262144,2,317238967
monolith,,goldilocks,8,single,6,1048576,2,266401235
monolith,,goldilocks,12,single,6,524288,2,206950582
monolith,,mersenne31,16,single,6,524288,2,215351267
monolith,,mersenne31,24,single,6,262144,2,218569950
polocolo,,bls12_381,3,single,6,1024,2,263730666
polocolo,,bls12_381,4,single,5,1024,2,293339094
polocolo,,bn254,3,single,6,1024,2,237216498
polocolo,,bn254,4,single,5,1024,2,264304538
tip4p,,goldilocks,12,single,5,262144,2,332760757
plain,sha256_compress,-,-,single,-,8388608,2,211725222
plain,keccak_f1600,-,-,single,-,524288,2,203523989
plain,blake2b_compress,-,-,single,-,2097152,2,240146332
plain,blake3_compress,-,-,single,-,4194304,2,273302419
gmimc,,bls12_381,3,single,228,16384,3,261424417
gmimc,,bls12_381,4,single,231,16384,3,269255858
gmimc,,bn254,3,single,228,16384,3,250484187
gmimc,,bn254,4,single,231,16384,3,257236322
gmimc,,goldilocks,8,single,68,524288,3,337558029
gmimc,,goldilocks,12,single,93,262144,3,235430782
gmimc,,mersenne31,16,single,158,262144,3,268890446
gmimc,,mersenne31,24,single,335,131072,3,322792623
gmimc,,koalabear,16,single,158,262144,3,305841853
gmimc,,koalabear,24,single,335,131072,3,345644658
gmimc,,babybear,16,single,158,131072,3,246778273
gmimc,,babybear,24,single,335,65536,3,259898727
gmimc2,alpha=8,bls12_381,3,single,63,32768,3,225447320
gmimc2,alpha=8,bls12_381,4,single,64,32768,3,232010262
gmimc2,alpha=8,bn254,3,single,63,32768,3,220522709
gmimc2,alpha=8,bn254,4,single,64,32768,3,224810019
gmimc2,alpha=4,goldilocks,8,single,88,262144,3,294054771
gmimc2,alpha=4,goldilocks,12,single,96,262144,3,361147643
gmimc2,alpha=2,mersenne31,16,single,176,65536,3,202125558
gmimc2,alpha=2,mersenne31,24,single,264,32768,3,224713119
gmimc2,alpha=2,koalabear,16,single,176,131072,3,291209856
gmimc2,alpha=2,koalabear,24,single,264,65536,3,233729534
gmimc2,alpha=2,babybear,16,single,176,131072,3,291912760
gmimc2,alpha=2,babybear,24,single,264,65536,3,235578668
poseidon,,bls12_381,3,single,8+56,16384,3,256245390
poseidon,,bls12_381,4,single,8+56,16384,3,382316163
poseidon,,bn254,3,single,8+56,16384,3,245973099
poseidon,,bn254,4,single,8+56,16384,3,369903201
poseidon,,goldilocks,8,single,8+22,131072,3,324199812
poseidon,,goldilocks,12,single,8+22,65536,3,309742291
poseidon,,mersenne31,16,single,8+14,65536,3,324604268
poseidon,,mersenne31,24,single,8+22,16384,3,227432489
poseidon,,koalabear,16,single,8+20,32768,3,253717357
poseidon,,koalabear,24,single,8+23,16384,3,303813764
poseidon,,babybear,16,single,8+13,32768,3,202654496
poseidon,,babybear,24,single,8+21,16384,3,288470458
poseidon2,,bls12_381,3,single,8+56,65536,3,317594612
poseidon2,,bls12_381,4,single,8+56,32768,3,286760043
poseidon2,,bn254,3,single,8+56,65536,3,311662368
poseidon2,,bn254,4,single,8+56,32768,3,274543397
poseidon2,,goldilocks,8,single,8+22,524288,3,391854634
poseidon2,,goldilocks,12,single,8+22,262144,3,272838943
poseidon2,,mersenne31,16,single,8+14,262144,3,253515440
poseidon2,,mersenne31,24,single,8+22,131072,3,211096037
poseidon2,,koalabear,16,single,8+20,262144,3,280435877
poseidon2,,koalabear,24,single,8+23,131072,3,204473323
poseidon2,,babybear,16,single,8+13,262144,3,307564943
poseidon2,,babybear,24,single,8+21,131072,3,248755948
neptune,,bls12_381,4,single,6+69,32768,3,324979078
neptune,,bn254,4,single,6+69,32768,3,315795871
neptune,,goldilocks,8,single,6+38,262144,3,318957598
neptune,,goldilocks,12,single,6+42,131072,3,304875729
psquarehash,,mersenne31,16,single,52,262144,3,244560891
psquarehash,,mersenne31,24,single,52,262144,3,356182907
psquarehash,,koalabear,16,single,52,262144,3,311445052
psquarehash,,koalabear,24,single,52,131072,3,231863658
psquarehash,,babybear,16,single,52,262144,3,312093895
psquarehash,,babybear,24,single,52,131072,3,233199785
rescue_prime,,bls12_381,3,current,16,1024,3,345412715
rescue_prime,,bls12_381,3,original,14,1024,3,301812436
rescue_prime,,bls12_381,4,current,13,1024,3,375837689
rescue_prime,,bls12_381,4,original,11,1024,3,318170507
rescue_prime,,bn254,3,current,16,1024,3,338070978
rescue_prime,,bn254,3,original,14,1024,3,295822745
rescue_prime,,bn254,4,current,13,1024,3,366375811
rescue_prime,,bn254,4,original,11,1024,3,310001526
rescue_prime,,goldilocks,8,single,8,16384,3,252816325
rescue_prime,,goldilocks,12,single,8,16384,3,394042231
rescue_prime,,mersenne31,16,single,8,16384,3,328948365
rescue_prime,,mersenne31,24,single,8,8192,3,265555756
rescue_prime,,koalabear,16,single,8,8192,3,224071780
rescue_prime,,koalabear,24,single,8,8192,3,364241714
rescue_prime,,babybear,16,single,8,8192,3,245129112
rescue_prime,,babybear,24,single,8,8192,3,393887172
anemoi,,bls12_381,4,current,20,1024,3,288101920
anemoi,,bls12_381,4,original,14,1024,3,201741950
anemoi,,bn254,4,current,20,1024,3,282686883
anemoi,,bn254,4,original,14,2048,3,395759560
anemoi,,goldilocks,8,single,11,32768,3,346345198
anemoi,,goldilocks,12,single,10,16384,3,238340940
anemoi,,mersenne31,16,single,10,32768,3,340970315
anemoi,,mersenne31,24,single,9,16384,3,240515823
anemoi,,koalabear,16,single,10,16384,3,246105006
anemoi,,koalabear,24,single,9,16384,3,345003210
anemoi,,babybear,16,single,9,16384,3,241285110
anemoi,,babybear,24,single,9,16384,3,373968607
griffin,,bls12_381,3,current,20,2048,3,285740006
griffin,,bls12_381,3,original,14,4096,3,399991196
griffin,,bls12_381,4,current,20,2048,3,288372104
griffin,,bls12_381,4,original,11,4096,3,316920312
griffin,,bn254,3,current,20,2048,3,280799016
griffin,,bn254,3,original,14,4096,3,392915375
griffin,,bn254,4,current,20,2048,3,282567209
griffin,,bn254,4,original,11,4096,3,311238356
griffin,,goldilocks,8,single,8,131072,3,283827494
griffin,,goldilocks,12,single,8,131072,3,302366461
arion,,bls12_381,3,single,11,4096,3,341970624
arion,,bls12_381,4,single,10,4096,3,330838625
arion,,bn254,3,single,11,4096,3,332952245
arion,,bn254,4,single,10,4096,3,320722566
grendel,native,bls12_381,3,current,24,256,3,264609939
grendel,native,bls12_381,3,original,14,512,3,297770464
grendel,native,bls12_381,4,current,23,256,3,340468087
grendel,native,bls12_381,4,original,12,512,3,339846636
grendel,native,bn254,3,current,24,256,3,263286797
grendel,native,bn254,3,original,14,512,3,294101920
grendel,native,bn254,4,current,23,256,3,337084225
grendel,native,bn254,4,original,12,512,3,338075296
xhash,XHash8,goldilocks,12,single,6,32768,3,283736383
xhash,XHash12,goldilocks,12,single,6,32768,3,371551061
xhash,XHash16,mersenne31,24,single,6,32768,3,301777089
xhash,XHash24,mersenne31,24,single,6,32768,3,364313949
reinforced_concrete,,bls12_381,3,single,7,131072,3,242403090
reinforced_concrete,,bn254,3,single,7,131072,3,243892491
skyscraper,,bls12_381,4,single,18,262144,3,325540207
skyscraper,,bn254,4,single,18,262144,3,316758019
monolith,,goldilocks,8,single,6,1048576,3,265650724
monolith,,goldilocks,12,single,6,524288,3,206318061
monolith,,mersenne31,16,single,6,524288,3,215216345
monolith,,mersenne31,24,single,6,262144,3,218650120
polocolo,,bls12_381,3,single,6,1024,3,263772625
polocolo,,bls12_381,4,single,5,1024,3,293341980
polocolo,,bn254,3,single,6,1024,3,237214896
polocolo,,bn254,4,single,5,1024,3,264293006
tip4p,,goldilocks,12,single,5,262144,3,333097266
plain,sha256_compress,-,-,single,-,8388608,3,211699665
plain,keccak_f1600,-,-,single,-,524288,3,203608227
plain,blake2b_compress,-,-,single,-,2097152,3,241053557
plain,blake3_compress,-,-,single,-,4194304,3,275001414
gmimc,,bls12_381,3,single,228,16384,4,261397036
gmimc,,bls12_381,4,single,231,16384,4,266526129
gmimc,,bn254,3,single,228,16384,4,250714508
gmimc,,bn254,4,single,231,16384,4,254092288
gmimc,,goldilocks,8,single,68,524288,4,337418109
gmimc,,goldilocks,12,single,93,262144,4,235628192
gmimc,,mersenne31,16,single,158,262144,4,267937546
gmimc,,mersenne31,24,single,335,131072,4,323840651
gmimc,,koalabear,16,single,158,262144,4,306119302
gmimc,,koalabear,24,single,335,131072,4,335153749
gmimc,,babybear,16,single,158,131072,4,246836092
gmimc,,babybear,24,single,335,65536,4,259751742
gmimc2,alpha=8,bls12_381,3,single,63,32768,4,225380846
gmimc2,alpha=8,bls12_381,4,single,64,32768,4,230116264
gmimc2,alpha=8,bn254,3,single,63,32768,4,220620291
gmimc2,alpha=8,bn254,4,single,64,32768,4,223763404
gmimc2,alpha=4,goldilocks,8,single,88,262144,4,294327902
gmimc2,alpha=4,goldilocks,12,single,96,262144,4,361736854
gmimc2,alpha=2,mersenne31,16,single,176,65536,4,202007817
gmimc2,alpha=2,mersenne31,24,single,264,32768,4,223998764
gmimc2,alpha=2,koalabear,16,single,176,131072,4,291251825
gmimc2,alpha=2,koalabear,24,single,264,65536,4,233877741
gmimc2,alpha=2,babybear,16,single,176,131072,4,290922840
gmimc2,alpha=2,babybear,24,single,264,65536,4,235331407
poseidon,,bls12_381,3,single,8+56,16384,4,255409870
poseidon,,bls12_381,4,single,8+56,16384,4,381637816
poseidon,,bn254,3,single,8+56,16384,4,246495445
poseidon,,bn254,4,single,8+56,16384,4,369514796
poseidon,,goldilocks,8,single,8+22,131072,4,324473454
poseidon,,goldilocks,12,single,8+22,65536,4,309899925
poseidon,,mersenne31,16,single,8+14,65536,4,323722761
poseidon,,mersenne31,24,single,8+22,16384,4,228274162
poseidon,,koalabear,16,single,8+20,32768,4,253280352
poseidon,,koalabear,24,single,8+23,16384,4,304004301
poseidon,,babybear,16,single,8+13,32768,4,201856165
poseidon,,babybear,24,single,8+21,16384,4,289029563
poseidon2,,bls12_381,3,single,8+56,65536,4,317559837
poseidon2,,bls12_381,4,single,8+56,32768,4,285564229
poseidon2,,bn254,3,single,8+56,65536,4,311636380
poseidon2,,bn254,4,single,8+56,32768,4,274502482
poseidon2,,goldilocks,8,single,8+22,524288,4,392299105
poseidon2,,goldilocks,12,single,8+22,262144,4,273202633
poseidon2,,mersenne31,16,single,8+14,262144,4,254136621
poseidon2,,mersenne31,24,single,8+22,131072,4,211225850
poseidon2,,koalabear,16,single,8+20,262144,4,279436249
poseidon2,,koalabear,24,single,8+23,131072,4,206161207
poseidon2,,babybear,16,single,8+13,262144,4,307844576
poseidon2,,babybear,24,single,8+21,131072,4,248649360
neptune,,bls12_381,4,single,6+69,32768,4,324661345
neptune,,bn254,4,single,6+69,32768,4,314317479
neptune,,goldilocks,8,single,6+38,262144,4,319877868
neptune,,goldilocks,12,single,6+42,131072,4,304143510
psquarehash,,mersenne31,16,single,52,262144,4,244601006
psquarehash,,mersenne31,24,single,52,262144,4,356110974
psquarehash,,koalabear,16,single,52,262144,4,311866601
psquarehash,,koalabear,24,single,52,131072,4,231793587
psquarehash,,babybear,16,single,52,262144,4,311314599
psquarehash,,babybear,24,single,52,131072,4,233116559
rescue_prime,,bls12_381,3,current,16,1024,4,345137512
rescue_prime,,bls12_381,3,original,14,1024,4,301691650
rescue_prime,,bls12_381,4,current,13,1024,4,375530806
rescue_prime,,bls12_381,4,original,11,1024,4,317538136
rescue_prime,,bn254,3,current,16,1024,4,338107657
rescue_prime,,bn254,3,original,14,1024,4,295822955
rescue_prime,,bn254,4,current,13,1024,4,367616038
rescue_prime,,bn254,4,original,11,1024,4,311072907
rescue_prime,,goldilocks,8,single,8,16384,4,252826634
rescue_prime,,goldilocks,12,single,8,16384,4,394405801
rescue_prime,,mersenne31,16,single,8,16384,4,329705589
rescue_prime,,mersenne31,24,single,8,8192,4,265431985
rescue_prime,,koalabear,16,single,8,8192,4,224626998
rescue_prime,,koalabear,24,single,8,8192,4,364056689
rescue_prime,,babybear,16,single,8,8192,4,245273182
rescue_prime,,babybear,24,single,8,8192,4,394142990
anemoi,,bls12_381,4,current,20,1024,4,288106579
anemoi,,bls12_381,4,original,14,1024,4,202059864
anemoi,,bn254,4,current,20,1024,4,282699196
anemoi,,bn254,4,original,14,2048,4,395804434
anemoi,,goldilocks,8,single,11,32768,4,346356599
anemoi,,goldilocks,12,single,10,16384,4,238324799
anemoi,,mersenne31,16,single,10,32768,4,340547376
anemoi,,mersenne31,24,single,9,16384,4,240477121
anemoi,,koalabear,16,single,10,16384,4,246085249
anemoi,,koalabear,24,single,9,16384,4,344955091
anemoi,,babybear,16,single,9,16384,4,240836121
anemoi,,babybear,24,single,9,16384,4,374036715
griffin,,bls12_381,3,current,20,2048,4,285641332
griffin,,bls12_381,3,original,14,4096,4,401013627
griffin,,bls12_381,4,current,20,2048,4,288339685
griffin,,bls12_381,4,original,11,4096,4,316675796
griffin,,bn254,3,current,20,2048,4,280763880
griffin,,bn254,3,original,14,4096,4,392962053
griffin,,bn254,4,current,20,2048,4,282630758
griffin,,bn254,4,original,11,4096,4,311365274
griffin,,goldilocks,8,single,8,131072,4,283812816
griffin,,goldilocks,12,single,8,131072,4,301764236
arion,,bls12_381,3,single,11,4096,4,343047326
arion,,bls12_381,4,single,10,4096,4,330115124
arion,,bn254,3,single,11,4096,4,333189809
arion,,bn254,4,single,10,4096,4,320868759
grendel,native,bls12_381,3,current,24,256,4,264965934
grendel,native,bls12_381,3,original,14,512,4,298415269
grendel,native,bls12_381,4,current,23,256,4,339444986
grendel,native,bls12_381,4,original,12,512,4,340125338
grendel,native,bn254,3,current,24,256,4,263218470
grendel,native,bn254,3,original,14,512,4,293510666
grendel,native,bn254,4,current,23,256,4,337473463
grendel,native,bn254,4,original,12,512,4,337674118
xhash,XHash8,goldilocks,12,single,6,32768,4,283711717
xhash,XHash12,goldilocks,12,single,6,32768,4,371246863
xhash,XHash16,mersenne31,24,single,6,32768,4,301596813
xhash,XHash24,mersenne31,24,single,6,32768,4,364263816
reinforced_concrete,,bls12_381,3,single,7,131072,4,242064587
reinforced_concrete,,bn254,3,single,7,131072,4,243371508
skyscraper,,bls12_381,4,single,18,262144,4,325782840
skyscraper,,bn254,4,single,18,262144,4,317109045
monolith,,goldilocks,8,single,6,1048576,4,266343939
monolith,,goldilocks,12,single,6,524288,4,205838324
monolith,,mersenne31,16,single,6,524288,4,214872454
monolith,,mersenne31,24,single,6,262144,4,218711646
polocolo,,bls12_381,3,single,6,1024,4,263744151
polocolo,,bls12_381,4,single,5,1024,4,294952419
polocolo,,bn254,3,single,6,1024,4,237221138
polocolo,,bn254,4,single,5,1024,4,264292727
tip4p,,goldilocks,12,single,5,262144,4,332936396
plain,sha256_compress,-,-,single,-,8388608,4,211705526
plain,keccak_f1600,-,-,single,-,524288,4,203455052
plain,blake2b_compress,-,-,single,-,2097152,4,241086199
plain,blake3_compress,-,-,single,-,4194304,4,272585690
gmimc,,bls12_381,3,single,228,16384,5,262071557
gmimc,,bls12_381,4,single,231,16384,5,266846277
gmimc,,bn254,3,single,228,16384,5,250119827
gmimc,,bn254,4,single,231,16384,5,254124218
gmimc,,goldilocks,8,single,68,524288,5,337532152
gmimc,,goldilocks,12,single,93,262144,5,236087911
gmimc,,mersenne31,16,single,158,262144,5,270522336
gmimc,,mersenne31,24,single,335,131072,5,319223436
gmimc,,koalabear,16,single,158,262144,5,305900804
gmimc,,koalabear,24,single,335,131072,5,333806772
gmimc,,babybear,16,single,158,131072,5,246929506
gmimc,,babybear,24,single,335,65536,5,260063786
gmimc2,alpha=8,bls12_381,3,single,63,32768,5,225409089
gmimc2,alpha=8,bls12_381,4,single,64,32768,5,231600967
gmimc2,alpha=8,bn254,3,single,63,32768,5,220600305
gmimc2,alpha=8,bn254,4,single,64,32768,5,225002840
gmimc2,alpha=4,goldilocks,8,single,88,262144,5,294079067
gmimc2,alpha=4,goldilocks,12,single,96,262144,5,362186224
gmimc2,alpha=2,mersenne31,16,single,176,65536,5,202046059
gmimc2,alpha=2,mersenne31,24,single,264,32768,5,225564670
gmimc2,alpha=2,koalabear,16,single,176,131072,5,291320253
gmimc2,alpha=2,koalabear,24,single,264,65536,5,233698396
gmimc2,alpha=2,babybear,16,single,176,131072,5,290979296
gmimc2,alpha=2,babybear,24,single,264,65536,5,234726277
poseidon,,bls12_381,3,single,8+56,16384,5,256910384
poseidon,,bls12_381,4,single,8+56,16384,5,381615585
poseidon,,bn254,3,single,8+56,16384,5,246123321
poseidon,,bn254,4,single,8+56,16384,5,368520399
poseidon,,goldilocks,8,single,8+22,131072,5,324603758
poseidon,,goldilocks,12,single,8+22,65536,5,309501973
poseidon,,mersenne31,16,single,8+14,65536,5,323967710
poseidon,,mersenne31,24,single,8+22,16384,5,225815208
poseidon,,koalabear,16,single,8+20,32768,5,253734851
poseidon,,koalabear,24,single,8+23,16384,5,303543701
poseidon,,babybear,16,single,8+13,32768,5,201343507
poseidon,,babybear,24,single,8+21,16384,5,288609829
poseidon2,,bls12_381,3,single,8+56,65536,5,317402764
poseidon2,,bls12_381,4,single,8+56,32768,5,286567674
poseidon2,,bn254,3,single,8+56,65536,5,311288531
poseidon2,,bn254,4,single,8+56,32768,5,274400111
poseidon2,,goldilocks,8,single,8+22,524288,5,391664810
poseidon2,,goldilocks,12,single,8+22,262144,5,272938199
poseidon2,,mersenne31,16,single,8+14,262144,5,254041564
poseidon2,,mersenne31,24,single,8+22,131072,5,211012652
poseidon2,,koalabear,16,single,8+20,262144,5,280229913
poseidon2,,koalabear,24,single,8+23,131072,5,202423053
poseidon2,,babybear,16,single,8+13,262144,5,307398212
poseidon2,,babybear,24,single,8+21,131072,5,248666883
neptune,,bls12_381,4,single,6+69,32768,5,324991092
neptune,,bn254,4,single,6+69,32768,5,313546990
neptune,,goldilocks,8,single,6+38,262144,5,319385568
neptune,,goldilocks,12,single,6+42,131072,5,304612548
psquarehash,,mersenne31,16,single,52,262144,5,244471094
psquarehash,,mersenne31,24,single,52,262144,5,355893859
psquarehash,,koalabear,16,single,52,262144,5,312442838
psquarehash,,koalabear,24,single,52,131072,5,234177131
psquarehash,,babybear,16,single,52,262144,5,312010800
psquarehash,,babybear,24,single,52,131072,5,233050636
rescue_prime,,bls12_381,3,current,16,1024,5,345217782
rescue_prime,,bls12_381,3,original,14,1024,5,301989427
rescue_prime,,bls12_381,4,current,13,1024,5,375558268
rescue_prime,,bls12_381,4,original,11,1024,5,317630650
rescue_prime,,bn254,3,current,16,1024,5,338147212
rescue_prime,,bn254,3,original,14,1024,5,295831932
rescue_prime,,bn254,4,current,13,1024,5,367741354
rescue_prime,,bn254,4,original,11,1024,5,311165872
rescue_prime,,goldilocks,8,single,8,16384,5,252918606
rescue_prime,,goldilocks,12,single,8,16384,5,393835986
rescue_prime,,mersenne31,16,single,8,16384,5,329632874
rescue_prime,,mersenne31,24,single,8,8192,5,265717219
rescue_prime,,koalabear,16,single,8,8192,5,224534836
rescue_prime,,koalabear,24,single,8,8192,5,363090684
rescue_prime,,babybear,16,single,8,8192,5,244950800
rescue_prime,,babybear,24,single,8,8192,5,392505371
anemoi,,bls12_381,4,current,20,1024,5,288172733
anemoi,,bls12_381,4,original,14,1024,5,201833242
anemoi,,bn254,4,current,20,1024,5,282908728
anemoi,,bn254,4,original,14,2048,5,396079048
anemoi,,goldilocks,8,single,11,32768,5,346722032
anemoi,,goldilocks,12,single,10,16384,5,238313699
anemoi,,mersenne31,16,single,10,32768,5,341000293
anemoi,,mersenne31,24,single,9,16384,5,240183483
anemoi,,koalabear,16,single,10,16384,5,245789346
anemoi,,koalabear,24,single,9,16384,5,345221829
anemoi,,babybear,16,single,9,16384,5,240991863
anemoi,,babybear,24,single,9,16384,5,374021286
griffin,,bls12_381,3,current,20,2048,5,285639159
griffin,,bls12_381,3,original,14,4096,5,400586499
griffin,,bls12_381,4,current,20,2048,5,287888321
griffin,,bls12_381,4,original,11,4096,5,317506307
griffin,,bn254,3,current,20,2048,5,280806871
griffin,,bn254,3,original,14,4096,5,393016426
griffin,,bn254,4,current,20,2048,5,282619888
griffin,,bn254,4,original,11,4096,5,311383438
griffin,,goldilocks,8,single,8,131072,5,283423229
griffin,,goldilocks,12,single,8,131072,5,301577036
arion,,bls12_381,3,single,11,4096,5,342058880
arion,,bls12_381,4,single,10,4096,5,330116558
arion,,bn254,3,single,11,4096,5,333186423
arion,,bn254,4,single,10,4096,5,320822694
grendel,native,bls12_381,3,current,24,256,5,266818336
grendel,native,bls12_381,3,original,14,512,5,300133790
grendel,native,bls12_381,4,current,23,256,5,342179445
grendel,native,bls12_381,4,original,12,512,5,341205526
grendel,native,bn254,3,current,24,256,5,264437537
grendel,native,bn254,3,original,14,512,5,295114883
grendel,native,bn254,4,current,23,256,5,339143062
grendel,native,bn254,4,original,12,512,5,338719571
xhash,XHash8,goldilocks,12,single,6,32768,5,283881175
xhash,XHash12,goldilocks,12,single,6,32768,5,371047190
xhash,XHash16,mersenne31,24,single,6,32768,5,301815082
xhash,XHash24,mersenne31,24,single,6,32768,5,363437843
reinforced_concrete,,bls12_381,3,single,7,131072,5,242662835
reinforced_concrete,,bn254,3,single,7,131072,5,243110922
skyscraper,,bls12_381,4,single,18,262144,5,325647718
skyscraper,,bn254,4,single,18,262144,5,317162596
monolith,,goldilocks,8,single,6,1048576,5,265721937
monolith,,goldilocks,12,single,6,524288,5,205345404
monolith,,mersenne31,16,single,6,524288,5,214861793
monolith,,mersenne31,24,single,6,262144,5,218469995
polocolo,,bls12_381,3,single,6,1024,5,263726078
polocolo,,bls12_381,4,single,5,1024,5,293333816
polocolo,,bn254,3,single,6,1024,5,237163751
polocolo,,bn254,4,single,5,1024,5,264300702
tip4p,,goldilocks,12,single,5,262144,5,332600068
plain,sha256_compress,-,-,single,-,8388608,5,211784344
plain,keccak_f1600,-,-,single,-,524288,5,203553686
plain,blake2b_compress,-,-,single,-,2097152,5,241385940
plain,blake3_compress,-,-,single,-,4194304,5,272225308
gmimc,,bls12_381,3,single,228,16384,6,261313371
gmimc,,bls12_381,4,single,231,16384,6,269560148
gmimc,,bn254,3,single,228,16384,6,250467196
gmimc,,bn254,4,single,231,16384,6,257397084
gmimc,,goldilocks,8,single,68,524288,6,337505072
gmimc,,goldilocks,12,single,93,262144,6,235497198
gmimc,,mersenne31,16,single,158,262144,6,269127059
gmimc,,mersenne31,24,single,335,131072,6,314439077
gmimc,,koalabear,16,single,158,262144,6,305902629
gmimc,,koalabear,24,single,335,131072,6,329637563
gmimc,,babybear,16,single,158,131072,6,246895163
gmimc,,babybear,24,single,335,65536,6,259749199
gmimc2,alpha=8,bls12_381,3,single,63,32768,6,225560762
gmimc2,alpha=8,bls12_381,4,single,64,32768,6,231597151
gmimc2,alpha=8,bn254,3,single,63,32768,6,220551514
gmimc2,alpha=8,bn254,4,single,64,32768,6,225031705
gmimc2,alpha=4,goldilocks,8,single,88,262144,6,294013245
gmimc2,alpha=4,goldilocks,12,single,96,262144,6,362207043
gmimc2,alpha=2,mersenne31,16,single,176,65536,6,202052542
gmimc2,alpha=2,mersenne31,24,single,264,32768,6,223942439
gmimc2,alpha=2,koalabear,16,single,176,131072,6,291491433
gmimc2,alpha=2,koalabear,24,single,264,65536,6,233514302
gmimc2,alpha=2,babybear,16,single,176,131072,6,290768202
gmimc2,alpha=2,babybear,24,single,264,65536,6,235571276
poseidon,,bls12_381,3,single,8+56,16384,6,255409240
poseidon,,bls12_381,4,single,8+56,16384,6,381833613
poseidon,,bn254,3,single,8+56,16384,6,245335760
poseidon,,bn254,4,single,8+56,16384,6,369940973
poseidon,,goldilocks,8,single,8+22,131072,6,324268422
poseidon,,goldilocks,12,single,8+22,65536,6,309567225
poseidon,,mersenne31,16,single,8+14,65536,6,323663131
poseidon,,mersenne31,24,single,8+22,16384,6,227941491
poseidon,,koalabear,16,single,8+20,32768,6,253410024
poseidon,,koalabear,24,single,8+23,16384,6,303509116
poseidon,,babybear,16,single,8+13,32768,6,201382860
poseidon,,babybear,24,single,8+21,16384,6,288684199
poseidon2,,bls12_381,3,single,8+56,65536,6,317409557
poseidon2,,bls12_381,4,single,8+56,32768,6,286578444
poseidon2,,bn254,3,single,8+56,65536,6,311390301
poseidon2,,bn254,4,single,8+56,32768,6,274593362
poseidon2,,goldilocks,8,single,8+22,524288,6,391944404
poseidon2,,goldilocks,12,single,8+22,262144,6,272895540
poseidon2,,mersenne31,16,single,8+14,262144,6,253727087
poseidon2,,mersenne31,24,single,8+22,131072,6,210999898
poseidon2,,koalabear,16,single,8+20,262144,6,280335741
poseidon2,,koalabear,24,single,8+23,131072,6,203836094
poseidon2,,babybear,16,single,8+13,262144,6,307132977
poseidon2,,babybear,24,single,8+21,131072,6,248701387
neptune,,bls12_381,4,single,6+69,32768,6,325011770
neptune,,bn254,4,single,6+69,32768,6,315562967
neptune,,goldilocks,8,single,6+38,262144,6,319303826
neptune,,goldilocks,12,single,6+42,131072,6,304298201
psquarehash,,mersenne31,16,single,52,262144,6,244552115
psquarehash,,mersenne31,24,single,52,262144,6,355796407
psquarehash,,koalabear,16,single,52,262144,6,311915693
psquarehash,,koalabear,24,single,52,131072,6,232018448
psquarehash,,babybear,16,single,52,262144,6,311837066
psquarehash,,babybear,24,single,52,131072,6,232995894
rescue_prime,,bls12_381,3,current,16,1024,6,344851207
rescue_prime,,bls12_381,3,original,14,1024,6,301797258
rescue_prime,,bls12_381,4,current,13,1024,6,376187694
rescue_prime,,bls12_381,4,original,11,1024,6,318072816
rescue_prime,,bn254,3,current,16,1024,6,338120492
rescue_prime,,bn254,3,original,14,1024,6,295856589
rescue_prime,,bn254,4,current,13,1024,6,366344554
rescue_prime,,bn254,4,original,11,1024,6,310036592
rescue_prime,,goldilocks,8,single,8,16384,6,252817638
rescue_prime,,goldilocks,12,single,8,16384,6,393797996
rescue_prime,,mersenne31,16,single,8,16384,6,329442749
rescue_prime,,mersenne31,24,single,8,8192,6,265360803
rescue_prime,,koalabear,16,single,8,8192,6,224386569
rescue_prime,,koalabear,24,single,8,8192,6,362957006
rescue_prime,,babybear,16,single,8,8192,6,245189627
rescue_prime,,babybear,24,single,8,8192,6,395344516
anemoi,,bls12_381,4,current,20,1024,6,290063065
anemoi,,bls12_381,4,original,14,1024,6,201797104
anemoi,,bn254,4,current,20,1024,6,282663761
anemoi,,bn254,4,original,14,2048,6,395999690
anemoi,,goldilocks,8,single,11,32768,6,347513732
anemoi,,goldilocks,12,single,10,16384,6,238308320
anemoi,,mersenne31,16,single,10,32768,6,343349672
anemoi,,mersenne31,24,single,9,16384,6,240956578
anemoi,,koalabear,16,single,10,16384,6,247394466
anemoi,,koalabear,24,single,9,16384,6,344823576
anemoi,,babybear,16,single,9,16384,6,242161779
anemoi,,babybear,24,single,9,16384,6,374001480
griffin,,bls12_381,3,current,20,2048,6,285610896
griffin,,bls12_381,3,original,14,4096,6,399982310
griffin,,bls12_381,4,current,20,2048,6,287857454
griffin,,bls12_381,4,original,11,4096,6,317462666
griffin,,bn254,3,current,20,2048,6,280801742
griffin,,bn254,3,original,14,4096,6,393006367
griffin,,bn254,4,current,20,2048,6,282540650
griffin,,bn254,4,original,11,4096,6,311262823
griffin,,goldilocks,8,single,8,131072,6,283652217
griffin,,goldilocks,12,single,8,131072,6,301926720
arion,,bls12_381,3,single,11,4096,6,341979883
arion,,bls12_381,4,single,10,4096,6,330159238
arion,,bn254,3,single,11,4096,6,333130359
arion,,bn254,4,single,10,4096,6,320804350
grendel,native,bls12_381,3,current,24,256,6,265984418
grendel,native,bls12_381,3,original,14,512,6,299060214
grendel,native,bls12_381,4,current,23,256,6,341037803
grendel,native,bls12_381,4,original,12,512,6,339696066
grendel,native,bn254,3,current,24,256,6,263227547
grendel,native,bn254,3,original,14,512,6,294296555
grendel,native,bn254,4,current,23,256,6,337537873
grendel,native,bn254,4,original,12,512,6,337419914
xhash,XHash8,goldilocks,12,single,6,32768,6,283599329
xhash,XHash12,goldilocks,12,single,6,32768,6,371211137
xhash,XHash16,mersenne31,24,single,6,32768,6,301599589
xhash,XHash24,mersenne31,24,single,6,32768,6,364191422
reinforced_concrete,,bls12_381,3,single,7,131072,6,242218384
reinforced_concrete,,bn254,3,single,7,131072,6,244256954
skyscraper,,bls12_381,4,single,18,262144,6,325860667
skyscraper,,bn254,4,single,18,262144,6,317127050
monolith,,goldilocks,8,single,6,1048576,6,266640694
monolith,,goldilocks,12,single,6,524288,6,205866378
monolith,,mersenne31,16,single,6,524288,6,215045787
monolith,,mersenne31,24,single,6,262144,6,218726645
polocolo,,bls12_381,3,single,6,1024,6,264745233
polocolo,,bls12_381,4,single,5,1024,6,293319950
polocolo,,bn254,3,single,6,1024,6,237172577
polocolo,,bn254,4,single,5,1024,6,264308337
tip4p,,goldilocks,12,single,5,262144,6,333910486
plain,sha256_compress,-,-,single,-,8388608,6,211716006
plain,keccak_f1600,-,-,single,-,524288,6,203476623
plain,blake2b_compress,-,-,single,-,2097152,6,241713151
plain,blake3_compress,-,-,single,-,4194304,6,270706601
gmimc,,bls12_381,3,single,228,16384,7,261472578
gmimc,,bls12_381,4,single,231,16384,7,266634993
gmimc,,bn254,3,single,228,16384,7,250880108
gmimc,,bn254,4,single,231,16384,7,253822185
gmimc,,goldilocks,8,single,68,524288,7,337491998
gmimc,,goldilocks,12,single,93,262144,7,235492760
gmimc,,mersenne31,16,single,158,262144,7,269472265
gmimc,,mersenne31,24,single,335,131072,7,313331188
gmimc,,koalabear,16,single,158,262144,7,305870298
gmimc,,koalabear,24,single,335,131072,7,335066206
gmimc,,babybear,16,single,158,131072,7,246743509
gmimc,,babybear,24,single,335,65536,7,259753286
gmimc2,alpha=8,bls12_381,3,single,63,32768,7,225375777
gmimc2,alpha=8,bls12_381,4,single,64,32768,7,230047356
gmimc2,alpha=8,bn254,3,single,63,32768,7,220568306
gmimc2,alpha=8,bn254,4,single,64,32768,7,224117347
gmimc2,alpha=4,goldilocks,8,single,88,262144,7,294373188
gmimc2,alpha=4,goldilocks,12,single,96,262144,7,361785236
gmimc2,alpha=2,mersenne31,16,single,176,65536,7,202352732
gmimc2,alpha=2,mersenne31,24,single,264,32768,7,223944503
gmimc2,alpha=2,koalabear,16,single,176,131072,7,291221920
gmimc2,alpha=2,koalabear,24,single,264,65536,7,234049072
gmimc2,alpha=2,babybear,16,single,176,131072,7,290840036
gmimc2,alpha=2,babybear,24,single,264,65536,7,235362927
poseidon,,bls12_381,3,single,8+56,16384,7,256530916
poseidon,,bls12_381,4,single,8+56,16384,7,381698371
poseidon,,bn254,3,single,8+56,16384,7,246375422
poseidon,,bn254,4,single,8+56,16384,7,369053897
poseidon,,goldilocks,8,single,8+22,131072,7,323996093
poseidon,,goldilocks,12,single,8+22,65536,7,309710183
poseidon,,mersenne31,16,single,8+14,65536,7,325262510
poseidon,,mersenne31,24,single,8+22,16384,7,227969503
poseidon,,koalabear,16,single,8+20,32768,7,253246800
poseidon,,koalabear,24,single,8+23,16384,7,303860704
poseidon,,babybear,16,single,8+13,32768,7,202113185
poseidon,,babybear,24,single,8+21,16384,7,288773556
poseidon2,,bls12_381,3,single,8+56,65536,7,317696394
poseidon2,,bls12_381,4,single,8+56,32768,7,285578286
poseidon2,,bn254,3,single,8+56,65536,7,311492062
poseidon2,,bn254,4,single,8+56,32768,7,274352853
poseidon2,,goldilocks,8,single,8+22,524288,7,391768585
poseidon2,,goldilocks,12,single,8+22,262144,7,273205089
poseidon2,,mersenne31,16,single,8+14,262144,7,254021638
poseidon2,,mersenne31,24,single,8+22,131072,7,211142495
poseidon2,,koalabear,16,single,8+20,262144,7,280095061
poseidon2,,koalabear,24,single,8+23,131072,7,202955659
poseidon2,,babybear,16,single,8+13,262144,7,307517957
poseidon2,,babybear,24,single,8+21,131072,7,248581334
neptune,,bls12_381,4,single,6+69,32768,7,325059079
neptune,,bn254,4,single,6+69,32768,7,313463996
neptune,,goldilocks,8,single,6+38,262144,7,319086811
neptune,,goldilocks,12,single,6+42,131072,7,304435398
psquarehash,,mersenne31,16,single,52,262144,7,244692006
psquarehash,,mersenne31,24,single,52,262144,7,356267919
psquarehash,,koalabear,16,single,52,262144,7,311414216
psquarehash,,koalabear,24,single,52,131072,7,231998841
psquarehash,,babybear,16,single,52,262144,7,311981005
psquarehash,,babybear,24,single,52,131072,7,231206141
rescue_prime,,bls12_381,3,current,16,1024,7,344935536
rescue_prime,,bls12_381,3,original,14,1024,7,301568691
rescue_prime,,bls12_381,4,current,13,1024,7,375527912
rescue_prime,,bls12_381,4,original,11,1024,7,317777786
rescue_prime,,bn254,3,current,16,1024,7,338083103
rescue_prime,,bn254,3,original,14,1024,7,295833135
rescue_prime,,bn254,4,current,13,1024,7,367625788
rescue_prime,,bn254,4,original,11,1024,7,311088368
rescue_prime,,goldilocks,8,single,8,16384,7,252845941
rescue_prime,,goldilocks,12,single,8,16384,7,393894337
rescue_prime,,mersenne31,16,single,8,16384,7,329096884
rescue_prime,,mersenne31,24,single,8,8192,7,265717479
rescue_prime,,koalabear,16,single,8,8192,7,224402900
rescue_prime,,koalabear,24,single,8,8192,7,364908802
rescue_prime,,babybear,16,single,8,8192,7,244922507
rescue_prime,,babybear,24,single,8,8192,7,394466917
anemoi,,bls12_381,4,current,20,1024,7,289404955
anemoi,,bls12_381,4,original,14,1024,7,201714039
anemoi,,bn254,4,current,20,1024,7,282745905
anemoi,,bn254,4,original,14,2048,7,395819564
anemoi,,goldilocks,8,single,11,32768,7,346435027
anemoi,,goldilocks,12,single,10,16384,7,238377670
anemoi,,mersenne31,16,single,10,32768,7,341132420
anemoi,,mersenne31,24,single,9,16384,7,240804714
anemoi,,koalabear,16,single,10,16384,7,245845121
anemoi,,koalabear,24,single,9,16384,7,344852961
anemoi,,babybear,16,single,9,16384,7,241063037
anemoi,,babybear,24,single,9,16384,7,374024754
griffin,,bls12_381,3,current,20,2048,7,285605316
griffin,,bls12_381,3,original,14,4096,7,400386256
griffin,,bls12_381,4,current,20,2048,7,287939939
griffin,,bls12_381,4,original,11,4096,7,316638487
griffin,,bn254,3,current,20,2048,7,280806902
griffin,,bn254,3,original,14,4096,7,392987032
griffin,,bn254,4,current,20,2048,7,282581146
griffin,,bn254,4,original,11,4096,7,311343574
griffin,,goldilocks,8,single,8,131072,7,284040794
griffin,,goldilocks,12,single,8,131072,7,302568219
arion,,bls12_381,3,single,11,4096,7,342682296
arion,,bls12_381,4,single,10,4096,7,331348991
arion,,bn254,3,single,11,4096,7,333135639
arion,,bn254,4,single,10,4096,7,320730963
grendel,native,bls12_381,3,current,24,256,7,265062436
grendel,native,bls12_381,3,original,14,512,7,298286981
grendel,native,bls12_381,4,current,23,256,7,340232028
grendel,native,bls12_381,4,original,12,512,7,339716194
grendel,native,bn254,3,current,24,256,7,263529631
grendel,native,bn254,3,original,14,512,7,294632552
grendel,native,bn254,4,current,23,256,7,337131505
grendel,native,bn254,4,original,12,512,7,337164286
xhash,XHash8,goldilocks,12,single,6,32768,7,283735113
xhash,XHash12,goldilocks,12,single,6,32768,7,371077067
xhash,XHash16,mersenne31,24,single,6,32768,7,301876227
xhash,XHash24,mersenne31,24,single,6,32768,7,364207151
reinforced_concrete,,bls12_381,3,single,7,131072,7,242755188
reinforced_concrete,,bn254,3,single,7,131072,7,243452982
skyscraper,,bls12_381,4,single,18,262144,7,325965904
skyscraper,,bn254,4,single,18,262144,7,317483546
monolith,,goldilocks,8,single,6,1048576,7,265866999
monolith,,goldilocks,12,single,6,524288,7,206439709
monolith,,mersenne31,16,single,6,524288,7,215111831
monolith,,mersenne31,24,single,6,262144,7,218605008
polocolo,,bls12_381,3,single,6,1024,7,263760243
polocolo,,bls12_381,4,single,5,1024,7,293802091
polocolo,,bn254,3,single,6,1024,7,237180974
polocolo,,bn254,4,single,5,1024,7,264304350
tip4p,,goldilocks,12,single,5,262144,7,332194982
plain,sha256_compress,-,-,single,-,8388608,7,211731536
plain,keccak_f1600,-,-,single,-,524288,7,203578223
plain,blake2b_compress,-,-,single,-,2097152,7,240923266
plain,blake3_compress,-,-,single,-,4194304,7,273066029
gmimc,,bls12_381,3,single,228,16384,8,261418348
gmimc,,bls12_381,4,single,231,16384,8,266502756
gmimc,,bn254,3,single,228,16384,8,251636532
gmimc,,bn254,4,single,231,16384,8,253857992
gmimc,,goldilocks,8,single,68,524288,8,337356185
gmimc,,goldilocks,12,single,93,262144,8,238046972
gmimc,,mersenne31,16,single,158,262144,8,267901961
gmimc,,mersenne31,24,single,335,131072,8,317288182
gmimc,,koalabear,16,single,158,262144,8,306008708
gmimc,,koalabear,24,single,335,131072,8,338047337
gmimc,,babybear,16,single,158,131072,8,247017923
gmimc,,babybear,24,single,335,65536,8,259690640
gmimc2,alpha=8,bls12_381,3,single,63,32768,8,225609435
gmimc2,alpha=8,bls12_381,4,single,64,32768,8,231831660
gmimc2,alpha=8,bn254,3,single,63,32768,8,220566983
gmimc2,alpha=8,bn254,4,single,64,32768,8,225142432
gmimc2,alpha=4,goldilocks,8,single,88,262144,8,293964805
gmimc2,alpha=4,goldilocks,12,single,96,262144,8,361107991
gmimc2,alpha=2,mersenne31,16,single,176,65536,8,202195169
gmimc2,alpha=2,mersenne31,24,single,264,32768,8,224085898
gmimc2,alpha=2,koalabear,16,single,176,131072,8,292038356
gmimc2,alpha=2,koalabear,24,single,264,65536,8,237214226
gmimc2,alpha=2,babybear,16,single,176,131072,8,290926709
gmimc2,alpha=2,babybear,24,single,264,65536,8,237286722
poseidon,,bls12_381,3,single,8+56,16384,8,256332225
poseidon,,bls12_381,4,single,8+56,16384,8,381548531
poseidon,,bn254,3,single,8+56,16384,8,245784819
poseidon,,bn254,4,single,8+56,16384,8,368545457
poseidon,,goldilocks,8,single,8+22,131072,8,324457546
poseidon,,goldilocks,12,single,8+22,65536,8,309579048
poseidon,,mersenne31,16,single,8+14,65536,8,323874927
poseidon,,mersenne31,24,single,8+22,16384,8,229773725
poseidon,,koalabear,16,single,8+20,32768,8,252882770
poseidon,,koalabear,24,single,8+23,16384,8,304541796
poseidon,,babybear,16,single,8+13,32768,8,201556846
poseidon,,babybear,24,single,8+21,16384,8,288934096
poseidon2,,bls12_381,3,single,8+56,65536,8,317683870
poseidon2,,bls12_381,4,single,8+56,32768,8,286531317
poseidon2,,bn254,3,single,8+56,65536,8,311307267
poseidon2,,bn254,4,single,8+56,32768,8,274534001
poseidon2,,goldilocks,8,single,8+22,524288,8,391551611
poseidon2,,goldilocks,12,single,8+22,262144,8,272975650
poseidon2,,mersenne31,16,single,8+14,262144,8,253986693
poseidon2,,mersenne31,24,single,8+22,131072,8,210884213
poseidon2,,koalabear,16,single,8+20,262144,8,279909756
poseidon2,,koalabear,24,single,8+23,131072,8,203974293
poseidon2,,babybear,16,single,8+13,262144,8,306906665
poseidon2,,babybear,24,single,8+21,131072,8,248537382
neptune,,bls12_381,4,single,6+69,32768,8,324903149
neptune,,bn254,4,single,6+69,32768,8,313132226
neptune,,goldilocks,8,single,6+38,262144,8,319213990
neptune,,goldilocks,12,single,6+42,131072,8,303686048
psquarehash,,mersenne31,16,single,52,262144,8,244523322
psquarehash,,mersenne31,24,single,52,262144,8,355846020
psquarehash,,koalabear,16,single,52,262144,8,309446841
psquarehash,,koalabear,24,single,52,131072,8,233143921
psquarehash,,babybear,16,single,52,262144,8,311323527
psquarehash,,babybear,24,single,52,131072,8,230672624
rescue_prime,,bls12_381,3,current,16,1024,8,345440389
rescue_prime,,bls12_381,3,original,14,1024,8,301702302
rescue_prime,,bls12_381,4,current,13,1024,8,375360109
rescue_prime,,bls12_381,4,original,11,1024,8,317714578
rescue_prime,,bn254,3,current,16,1024,8,338307042
rescue_prime,,bn254,3,original,14,1024,8,295867200
rescue_prime,,bn254,4,current,13,1024,8,367771511
rescue_prime,,bn254,4,original,11,1024,8,311166284
rescue_prime,,goldilocks,8,single,8,16384,8,253042529
rescue_prime,,goldilocks,12,single,8,16384,8,393583747
rescue_prime,,mersenne31,16,single,8,16384,8,330624738
rescue_prime,,mersenne31,24,single,8,8192,8,265542353
rescue_prime,,koalabear,16,single,8,8192,8,224598035
rescue_prime,,koalabear,24,single,8,8192,8,362304617
rescue_prime,,babybear,16,single,8,8192,8,245173076
rescue_prime,,babybear,24,single,8,8192,8,393813586
anemoi,,bls12_381,4,current,20,1024,8,288172764
anemoi,,bls12_381,4,original,14,1024,8,201813215
anemoi,,bn254,4,current,20,1024,8,282993938
anemoi,,bn254,4,original,14,2048,8,396078859
anemoi,,goldilocks,8,single,11,32768,8,346574428
anemoi,,goldilocks,12,single,10,16384,8,238371829
anemoi,,mersenne31,16,single,10,32768,8,341221497
anemoi,,mersenne31,24,single,9,16384,8,240544688
anemoi,,koalabear,16,single,10,16384,8,246168756
anemoi,,koalabear,24,single,9,16384,8,345006108
anemoi,,babybear,16,single,9,16384,8,241065792
anemoi,,babybear,24,single,9,16384,8,373916913
griffin,,bls12_381,3,current,20,2048,8,285623331
griffin,,bls12_381,3,original,14,4096,8,400815168
griffin,,bls12_381,4,current,20,2048,8,288732820
griffin,,bls12_381,4,original,11,4096,8,317036260
griffin,,bn254,3,current,20,2048,8,280869950
griffin,,bn254,3,original,14,4096,8,393006488
griffin,,bn254,4,current,20,2048,8,282613668
griffin,,bn254,4,original,11,4096,8,311320111
griffin,,goldilocks,8,single,8,131072,8,283912655
griffin,,goldilocks,12,single,8,131072,8,301528186
arion,,bls12_381,3,single,11,4096,8,341966539
arion,,bls12_381,4,single,10,4096,8,330100990
arion,,bn254,3,single,11,4096,8,333026656
arion,,bn254,4,single,10,4096,8,320779635
grendel,native,bls12_381,3,current,24,256,8,266505543
grendel,native,bls12_381,3,original,14,512,8,298062121
grendel,native,bls12_381,4,current,23,256,8,340424699
grendel,native,bls12_381,4,original,12,512,8,339090135
grendel,native,bn254,3,current,24,256,8,262962563
grendel,native,bn254,3,original,14,512,8,294102252
grendel,native,bn254,4,current,23,256,8,337702302
grendel,native,bn254,4,original,12,512,8,337479606
xhash,XHash8,goldilocks,12,single,6,32768,8,283829009
xhash,XHash12,goldilocks,12,single,6,32768,8,371910173
xhash,XHash16,mersenne31,24,single,6,32768,8,301403243
xhash,XHash24,mersenne31,24,single,6,32768,8,364346101
reinforced_concrete,,bls12_381,3,single,7,131072,8,242652326
reinforced_concrete,,bn254,3,single,7,131072,8,243530898
skyscraper,,bls12_381,4,single,18,262144,8,325833677
skyscraper,,bn254,4,single,18,262144,8,317173207
monolith,,goldilocks,8,single,6,1048576,8,266280112
monolith,,goldilocks,12,single,6,524288,8,205675571
monolith,,mersenne31,16,single,6,524288,8,215086264
monolith,,mersenne31,24,single,6,262144,8,218696249
polocolo,,bls12_381,3,single,6,1024,8,264700139
polocolo,,bls12_381,4,single,5,1024,8,293346110
polocolo,,bn254,3,single,6,1024,8,237204939
polocolo,,bn254,4,single,5,1024,8,264286577
tip4p,,goldilocks,12,single,5,262144,8,333129648
plain,sha256_compress,-,-,single,-,8388608,8,211732117
plain,keccak_f1600,-,-,single,-,524288,8,203595115
plain,blake2b_compress,-,-,single,-,2097152,8,240845491
plain,blake3_compress,-,-,single,-,4194304,8,273362714
gmimc,,bls12_381,3,single,228,16384,9,263717894
gmimc,,bls12_381,4,single,231,16384,9,269448922
gmimc,,bn254,3,single,228,16384,9,250485051
gmimc,,bn254,4,single,231,16384,9,257006676
gmimc,,goldilocks,8,single,68,524288,9,337364181
gmimc,,goldilocks,12,single,93,262144,9,235784917
gmimc,,mersenne31,16,single,158,262144,9,269736007
gmimc,,mersenne31,24,single,335,131072,9,325749490
gmimc,,koalabear,16,single,158,262144,9,306382195
gmimc,,koalabear,24,single,335,131072,9,332391239
gmimc,,babybear,16,single,158,131072,9,247002184
gmimc,,babybear,24,single,335,65536,9,259710958
gmimc2,alpha=8,bls12_381,3,single,63,32768,9,225391497
gmimc2,alpha=8,bls12_381,4,single,64,32768,9,231610958
gmimc2,alpha=8,bn254,3,single,63,32768,9,220695283
gmimc2,alpha=8,bn254,4,single,64,32768,9,225121563
gmimc2,alpha=4,goldilocks,8,single,88,262144,9,294386784
gmimc2,alpha=4,goldilocks,12,single,96,262144,9,361535551
gmimc2,alpha=2,mersenne31,16,single,176,65536,9,202274898
gmimc2,alpha=2,mersenne31,24,single,264,32768,9,224107689
gmimc2,alpha=2,koalabear,16,single,176,131072,9,291313131
gmimc2,alpha=2,koalabear,24,single,264,65536,9,233793676
gmimc2,alpha=2,babybear,16,single,176,131072,9,290935336
gmimc2,alpha=2,babybear,24,single,264,65536,9,235812066
poseidon,,bls12_381,3,single,8+56,16384,9,257217419
poseidon,,bls12_381,4,single,8+56,16384,9,382053656
poseidon,,bn254,3,single,8+56,16384,9,246083627
poseidon,,bn254,4,single,8+56,16384,9,369957887
poseidon,,goldilocks,8,single,8+22,131072,9,324251571
poseidon,,goldilocks,12,single,8+22,65536,9,310027977
poseidon,,mersenne31,16,single,8+14,65536,9,326628954
poseidon,,mersenne31,24,single,8+22,16384,9,228515344
poseidon,,koalabear,16,single,8+20,32768,9,253396129
poseidon,,koalabear,24,single,8+23,16384,9,303848642
poseidon,,babybear,16,single,8+13,32768,9,201653567
poseidon,,babybear,24,single,8+21,16384,9,288495627
poseidon2,,bls12_381,3,single,8+56,65536,9,317655718
poseidon2,,bls12_381,4,single,8+56,32768,9,287010132
poseidon2,,bn254,3,single,8+56,65536,9,311438282
poseidon2,,bn254,4,single,8+56,32768,9,274782687
poseidon2,,goldilocks,8,single,8+22,524288,9,391956978
poseidon2,,goldilocks,12,single,8+22,262144,9,272851799
poseidon2,,mersenne31,16,single,8+14,262144,9,254074507
poseidon2,,mersenne31,24,single,8+22,131072,9,210994820
poseidon2,,koalabear,16,single,8+20,262144,9,280352543
poseidon2,,koalabear,24,single,8+23,131072,9,206049740
poseidon2,,babybear,16,single,8+13,262144,9,307626100
poseidon2,,babybear,24,single,8+21,131072,9,248583659
neptune,,bls12_381,4,single,6+69,32768,9,325062387
neptune,,bn254,4,single,6+69,32768,9,315721905
neptune,,goldilocks,8,single,6+38,262144,9,319110467
neptune,,goldilocks,12,single,6+42,131072,9,304528632
psquarehash,,mersenne31,16,single,52,262144,9,244527540
psquarehash,,mersenne31,24,single,52,262144,9,355969451
psquarehash,,koalabear,16,single,52,262144,9,312175760
psquarehash,,koalabear,24,single,52,131072,9,231862287
psquarehash,,babybear,16,single,52,262144,9,311098898
psquarehash,,babybear,24,single,52,131072,9,232923280
rescue_prime,,bls12_381,3,current,16,1024,9,344976903
rescue_prime,,bls12_381,3,original,14,1024,9,302396900
rescue_prime,,bls12_381,4,current,13,1024,9,375885491
rescue_prime,,bls12_381,4,original,11,1024,9,318034747
rescue_prime,,bn254,3,current,16,1024,9,338123499
rescue_prime,,bn254,3,original,14,1024,9,295821575
rescue_prime,,bn254,4,current,13,1024,9,366367479
rescue_prime,,bn254,4,original,11,1024,9,310007669
rescue_prime,,goldilocks,8,single,8,16384,9,252787252
rescue_prime,,goldilocks,12,single,8,16384,9,394729668
rescue_prime,,mersenne31,16,single,8,16384,9,329083610
rescue_prime,,mersenne31,24,single,8,8192,9,265330457
rescue_prime,,koalabear,16,single,8,8192,9,223238184
rescue_prime,,koalabear,24,single,8,8192,9,365361629
rescue_prime,,babybear,16,single,8,8192,9,245180540
rescue_prime,,babybear,24,single,8,8192,9,394022628
anemoi,,bls12_381,4,current,20,1024,9,288142678
anemoi,,bls12_381,4,original,14,1024,9,201866414
anemoi,,bn254,4,current,20,1024,9,282687476
anemoi,,bn254,4,original,14,2048,9,395766265
anemoi,,goldilocks,8,single,11,32768,9,346754965
anemoi,,goldilocks,12,single,10,16384,9,238250222
anemoi,,mersenne31,16,single,10,32768,9,342987878
anemoi,,mersenne31,24,single,9,16384,9,240846873
anemoi,,koalabear,16,single,10,16384,9,246106861
anemoi,,koalabear,24,single,9,16384,9,344708522
anemoi,,babybear,16,single,9,16384,9,241665924
anemoi,,babybear,24,single,9,16384,9,373960284
griffin,,bls12_381,3,current,20,2048,9,285662514
griffin,,bls12_381,3,original,14,4096,9,400017799
griffin,,bls12_381,4,current,20,2048,9,288057740
griffin,,bls12_381,4,original,11,4096,9,317104218
griffin,,bn254,3,current,20,2048,9,280784902
griffin,,bn254,3,original,14,4096,9,392936277
griffin,,bn254,4,current,20,2048,9,282545701
griffin,,bn254,4,original,11,4096,9,311254339
griffin,,goldilocks,8,single,8,131072,9,284559734
griffin,,goldilocks,12,single,8,131072,9,301387003
arion,,bls12_381,3,single,11,4096,9,342519803
arion,,bls12_381,4,single,10,4096,9,330896457
arion,,bn254,3,single,11,4096,9,333123287
arion,,bn254,4,single,10,4096,9,320814069
grendel,native,bls12_381,3,current,24,256,9,264732250
grendel,native,bls12_381,3,original,14,512,9,298012889
grendel,native,bls12_381,4,current,23,256,9,339935775
grendel,native,bls12_381,4,original,12,512,9,339598245
grendel,native,bn254,3,current,24,256,9,262523973
grendel,native,bn254,3,original,14,512,9,293598121
grendel,native,bn254,4,current,23,256,9,337689187
grendel,native,bn254,4,original,12,512,9,337111659
xhash,XHash8,goldilocks,12,single,6,32768,9,283728461
xhash,XHash12,goldilocks,12,single,6,32768,9,371402916
xhash,XHash16,mersenne31,24,single,6,32768,9,301521705
xhash,XHash24,mersenne31,24,single,6,32768,9,364476666
reinforced_concrete,,bls12_381,3,single,7,131072,9,241664111
reinforced_concrete,,bn254,3,single,7,131072,9,243601670
skyscraper,,bls12_381,4,single,18,262144,9,325801999
skyscraper,,bn254,4,single,18,262144,9,317170923
monolith,,goldilocks,8,single,6,1048576,9,266351365
monolith,,goldilocks,12,single,6,524288,9,206443797
monolith,,mersenne31,16,single,6,524288,9,215156154
monolith,,mersenne31,24,single,6,262144,9,218546399
polocolo,,bls12_381,3,single,6,1024,9,264074702
polocolo,,bls12_381,4,single,5,1024,9,293330922
polocolo,,bn254,3,single,6,1024,9,237182316
polocolo,,bn254,4,single,5,1024,9,264288681
tip4p,,goldilocks,12,single,5,262144,9,333163552
plain,sha256_compress,-,-,single,-,8388608,9,211822296
plain,keccak_f1600,-,-,single,-,524288,9,203530494
plain,blake2b_compress,-,-,single,-,2097152,9,241227003
plain,blake3_compress,-,-,single,-,4194304,9,273465306
gmimc,,bls12_381,3,single,228,16384,10,261614565
gmimc,,bls12_381,4,single,231,16384,10,266543574
gmimc,,bn254,3,single,228,16384,10,251134334
gmimc,,bn254,4,single,231,16384,10,253885424
gmimc,,goldilocks,8,single,68,524288,10,337397724
gmimc,,goldilocks,12,single,93,262144,10,236807838
gmimc,,mersenne31,16,single,158,262144,10,268813905
gmimc,,mersenne31,24,single,335,131072,10,322852458
gmimc,,koalabear,16,single,158,262144,10,305689321
gmimc,,koalabear,24,single,335,131072,10,329809065
gmimc,,babybear,16,single,158,131072,10,246787624
gmimc,,babybear,24,single,335,65536,10,259764138
gmimc2,alpha=8,bls12_381,3,single,63,32768,10,225356262
gmimc2,alpha=8,bls12_381,4,single,64,32768,10,230435291
gmimc2,alpha=8,bn254,3,single,63,32768,10,220216980
gmimc2,alpha=8,bn254,4,single,64,32768,10,223799293
gmimc2,alpha=4,goldilocks,8,single,88,262144,10,294108985
gmimc2,alpha=4,goldilocks,12,single,96,262144,10,362586825
gmimc2,alpha=2,mersenne31,16,single,176,65536,10,202100673
gmimc2,alpha=2,mersenne31,24,single,264,32768,10,224684176
gmimc2,alpha=2,koalabear,16,single,176,131072,10,291249232
gmimc2,alpha=2,koalabear,24,single,264,65536,10,233930992
gmimc2,alpha=2,babybear,16,single,176,131072,10,291132514
gmimc2,alpha=2,babybear,24,single,264,65536,10,238307279
poseidon,,bls12_381,3,single,8+56,16384,10,256338107
poseidon,,bls12_381,4,single,8+56,16384,10,381525469
poseidon,,bn254,3,single,8+56,16384,10,246129003
poseidon,,bn254,4,single,8+56,16384,10,368723471
poseidon,,goldilocks,8,single,8+22,131072,10,324633806
poseidon,,goldilocks,12,single,8+22,65536,10,309493459
poseidon,,mersenne31,16,single,8+14,65536,10,325461703
poseidon,,mersenne31,24,single,8+22,16384,10,228157005
poseidon,,koalabear,16,single,8+20,32768,10,253543345
poseidon,,koalabear,24,single,8+23,16384,10,304573406
poseidon,,babybear,16,single,8+13,32768,10,201123557
poseidon,,babybear,24,single,8+21,16384,10,288614240
poseidon2,,bls12_381,3,single,8+56,65536,10,317591058
poseidon2,,bls12_381,4,single,8+56,32768,10,285731113
poseidon2,,bn254,3,single,8+56,65536,10,311568014
poseidon2,,bn254,4,single,8+56,32768,10,274560112
poseidon2,,goldilocks,8,single,8+22,524288,10,392042177
poseidon2,,goldilocks,12,single,8+22,262144,10,273333490
poseidon2,,mersenne31,16,single,8+14,262144,10,253789294
poseidon2,,mersenne31,24,single,8+22,131072,10,211299589
poseidon2,,koalabear,16,single,8+20,262144,10,281423204
poseidon2,,koalabear,24,single,8+23,131072,10,207057113
poseidon2,,babybear,16,single,8+13,262144,10,307645978
poseidon2,,babybear,24,single,8+21,131072,10,249161148
neptune,,bls12_381,4,single,6+69,32768,10,324821517
neptune,,bn254,4,single,6+69,32768,10,313616081
neptune,,goldilocks,8,single,6+38,262144,10,319184696
neptune,,goldilocks,12,single,6+42,131072,10,303746382
psquarehash,,mersenne31,16,single,52,262144,10,244681479
psquarehash,,mersenne31,24,single,52,262144,10,355988718
psquarehash,,koalabear,16,single,52,262144,10,311746118
psquarehash,,koalabear,24,single,52,131072,10,233519864
psquarehash,,babybear,16,single,52,262144,10,310715833
psquarehash,,babybear,24,single,52,131072,10,232456177
rescue_prime,,bls12_381,3,current,16,1024,10,345207725
rescue_prime,,bls12_381,3,original,14,1024,10,301596635
rescue_prime,,bls12_381,4,current,13,1024,10,375373665
rescue_prime,,bls12_381,4,original,11,1024,10,317517260
rescue_prime,,bn254,3,current,16,1024,10,338097872
rescue_prime,,bn254,3,original,14,1024,10,295822997
rescue_prime,,bn254,4,current,13,1024,10,367593149
rescue_prime,,bn254,4,original,11,1024,10,311042072
rescue_prime,,goldilocks,8,single,8,16384,10,252858074
rescue_prime,,goldilocks,12,single,8,16384,10,394189971
rescue_prime,,mersenne31,16,single,8,16384,10,328849632
rescue_prime,,mersenne31,24,single,8,8192,10,265468956
rescue_prime,,koalabear,16,single,8,8192,10,224057656
rescue_prime,,koalabear,24,single,8,8192,10,366229120
rescue_prime,,babybear,16,single,8,8192,10,245512511
rescue_prime,,babybear,24,single,8,8192,10,393804230
anemoi,,bls12_381,4,current,20,1024,10,288109496
anemoi,,bls12_381,4,original,14,1024,10,201706877
anemoi,,bn254,4,current,20,1024,10,282685352
anemoi,,bn254,4,original,14,2048,10,395807042
anemoi,,goldilocks,8,single,11,32768,10,350003195
anemoi,,goldilocks,12,single,10,16384,10,238183337
anemoi,,mersenne31,16,single,10,32768,10,341230845
anemoi,,mersenne31,24,single,9,16384,10,240863786
anemoi,,koalabear,16,single,10,16384,10,246083518
anemoi,,koalabear,24,single,9,16384,10,345081660
anemoi,,babybear,16,single,9,16384,10,241128941
anemoi,,babybear,24,single,9,16384,10,374115024
griffin,,bls12_381,3,current,20,2048,10,285615998
griffin,,bls12_381,3,original,14,4096,10,400053696
griffin,,bls12_381,4,current,20,2048,10,287861002
griffin,,bls12_381,4,original,11,4096,10,316866875
griffin,,bn254,3,current,20,2048,10,280784922
griffin,,bn254,3,original,14,4096,10,393007652
griffin,,bn254,4,current,20,2048,10,282594763
griffin,,bn254,4,original,11,4096,10,311290887
griffin,,goldilocks,8,single,8,131072,10,284252711
griffin,,goldilocks,12,single,8,131072,10,301992475
arion,,bls12_381,3,single,11,4096,10,342509645
arion,,bls12_381,4,single,10,4096,10,330114245
arion,,bn254,3,single,11,4096,10,333116094
arion,,bn254,4,single,10,4096,10,320711317
grendel,native,bls12_381,3,current,24,256,10,264835543
grendel,native,bls12_381,3,original,14,512,10,297897484
grendel,native,bls12_381,4,current,23,256,10,340473591
grendel,native,bls12_381,4,original,12,512,10,339533283
grendel,native,bn254,3,current,24,256,10,262801333
grendel,native,bn254,3,original,14,512,10,293424877
grendel,native,bn254,4,current,23,256,10,337500857
grendel,native,bn254,4,original,12,512,10,337487241
xhash,XHash8,goldilocks,12,single,6,32768,10,283917825
xhash,XHash12,goldilocks,12,single,6,32768,10,371421772
xhash,XHash16,mersenne31,24,single,6,32768,10,302113792
xhash,XHash24,mersenne31,24,single,6,32768,10,364534464
reinforced_concrete,,bls12_381,3,single,7,131072,10,242069749
reinforced_concrete,,bn254,3,single,7,131072,10,243213395
skyscraper,,bls12_381,4,single,18,262144,10,325522297
skyscraper,,bn254,4,single,18,262144,10,316925595
monolith,,goldilocks,8,single,6,1048576,10,265834229
monolith,,goldilocks,12,single,6,524288,10,205438779
monolith,,mersenne31,16,single,6,524288,10,214956402
monolith,,mersenne31,24,single,6,262144,10,218929014
polocolo,,bls12_381,3,single,6,1024,10,263750897
polocolo,,bls12_381,4,single,5,1024,10,294271549
polocolo,,bn254,3,single,6,1024,10,237176857
polocolo,,bn254,4,single,5,1024,10,264291717
tip4p,,goldilocks,12,single,5,262144,10,332749871
plain,sha256_compress,-,-,single,-,8388608,10,211714284
plain,keccak_f1600,-,-,single,-,524288,10,203486261
plain,blake2b_compress,-,-,single,-,2097152,10,241551260
plain,blake3_compress,-,-,single,-,4194304,10,272501836
gmimc,,bls12_381,3,single,228,16384,11,261522152
gmimc,,bls12_381,4,single,231,16384,11,266579492
gmimc,,bn254,3,single,228,16384,11,250669997
gmimc,,bn254,4,single,231,16384,11,254417588
gmimc,,goldilocks,8,single,68,524288,11,337362097
gmimc,,goldilocks,12,single,93,262144,11,235936620
gmimc,,mersenne31,16,single,158,262144,11,267841589
gmimc,,mersenne31,24,single,335,131072,11,313469528
gmimc,,koalabear,16,single,158,262144,11,305895277
gmimc,,koalabear,24,single,335,131072,11,331449580
gmimc,,babybear,16,single,158,131072,11,246786912
gmimc,,babybear,24,single,335,65536,11,259702813
gmimc2,alpha=8,bls12_381,3,single,63,32768,11,225353547
gmimc2,alpha=8,bls12_381,4,single,64,32768,11,231400205
gmimc2,alpha=8,bn254,3,single,63,32768,11,220495741
gmimc2,alpha=8,bn254,4,single,64,32768,11,224891534
gmimc2,alpha=4,goldilocks,8,single,88,262144,11,294078920
gmimc2,alpha=4,goldilocks,12,single,96,262144,11,361137678
gmimc2,alpha=2,mersenne31,16,single,176,65536,11,202109690
gmimc2,alpha=2,mersenne31,24,single,264,32768,11,223960946
gmimc2,alpha=2,koalabear,16,single,176,131072,11,291443195
gmimc2,alpha=2,koalabear,24,single,264,65536,11,235188182
gmimc2,alpha=2,babybear,16,single,176,131072,11,290812477
gmimc2,alpha=2,babybear,24,single,264,65536,11,237553080
poseidon,,bls12_381,3,single,8+56,16384,11,255934503
poseidon,,bls12_381,4,single,8+56,16384,11,381176348
poseidon,,bn254,3,single,8+56,16384,11,245419677
poseidon,,bn254,4,single,8+56,16384,11,368177441
poseidon,,goldilocks,8,single,8+22,131072,11,324496119
poseidon,,goldilocks,12,single,8+22,65536,11,310015154
poseidon,,mersenne31,16,single,8+14,65536,11,324350738
poseidon,,mersenne31,24,single,8+22,16384,11,230235068
poseidon,,koalabear,16,single,8+20,32768,11,254484384
poseidon,,koalabear,24,single,8+23,16384,11,304045741
poseidon,,babybear,16,single,8+13,32768,11,202244421
poseidon,,babybear,24,single,8+21,16384,11,288809745
poseidon2,,bls12_381,3,single,8+56,65536,11,317575189
poseidon2,,bls12_381,4,single,8+56,32768,11,286493047
poseidon2,,bn254,3,single,8+56,65536,11,311496592
poseidon2,,bn254,4,single,8+56,32768,11,274663154
poseidon2,,goldilocks,8,single,8+22,524288,11,391914189
poseidon2,,goldilocks,12,single,8+22,262144,11,273168192
poseidon2,,mersenne31,16,single,8+14,262144,11,254185545
poseidon2,,mersenne31,24,single,8+22,131072,11,210925471
poseidon2,,koalabear,16,single,8+20,262144,11,280453894
poseidon2,,koalabear,24,single,8+23,131072,11,203092677
poseidon2,,babybear,16,single,8+13,262144,11,308198791
poseidon2,,babybear,24,single,8+21,131072,11,248635486
neptune,,bls12_381,4,single,6+69,32768,11,325028705
neptune,,bn254,4,single,6+69,32768,11,314434651
neptune,,goldilocks,8,single,6+38,262144,11,318795067
neptune,,goldilocks,12,single,6+42,131072,11,303689105
psquarehash,,mersenne31,16,single,52,262144,11,244510980
psquarehash,,mersenne31,24,single,52,262144,11,355928025
psquarehash,,koalabear,16,single,52,262144,11,311982780
psquarehash,,koalabear,24,single,52,131072,11,231072492
psquarehash,,babybear,16,single,52,262144,11,311781925
psquarehash,,babybear,24,single,52,131072,11,231301049
rescue_prime,,bls12_381,3,current,16,1024,11,345321398
rescue_prime,,bls12_381,3,original,14,1024,11,301829310
rescue_prime,,bls12_381,4,current,13,1024,11,375251368
rescue_prime,,bls12_381,4,original,11,1024,11,317584706
rescue_prime,,bn254,3,current,16,1024,11,338069168
rescue_prime,,bn254,3,original,14,1024,11,295812148
rescue_prime,,bn254,4,current,13,1024,11,367709837
rescue_prime,,bn254,4,original,11,1024,11,311163609
rescue_prime,,goldilocks,8,single,8,16384,11,252872131
rescue_prime,,goldilocks,12,single,8,16384,11,393991721
rescue_prime,,mersenne31,16,single,8,16384,11,330226786
rescue_prime,,mersenne31,24,single,8,8192,11,265617063
rescue_prime,,koalabear,16,single,8,8192,11,224652197
rescue_prime,,koalabear,24,single,8,8192,11,363838855
rescue_prime,,babybear,16,single,8,8192,11,245379573
rescue_prime,,babybear,24,single,8,8192,11,392250568
anemoi,,bls12_381,4,current,20,1024,11,288253586
anemoi,,bls12_381,4,original,14,1024,11,201768543
anemoi,,bn254,4,current,20,1024,11,282882110
anemoi,,bn254,4,original,14,2048,11,396015311
anemoi,,goldilocks,8,single,11,32768,11,346384054
anemoi,,goldilocks,12,single,10,16384,11,238336544
anemoi,,mersenne31,16,single,10,32768,11,340899577
anemoi,,mersenne31,24,single,9,16384,11,240488014
anemoi,,koalabear,16,single,10,16384,11,245893122
anemoi,,koalabear,24,single,9,16384,11,344884882
anemoi,,babybear,16,single,9,16384,11,240816768
anemoi,,babybear,24,single,9,16384,11,374196056
griffin,,bls12_381,3,current,20,2048,11,285614105
griffin,,bls12_381,3,original,14,4096,11,400020905
griffin,,bls12_381,4,current,20,2048,11,287863037
griffin,,bls12_381,4,original,11,4096,11,317173748
griffin,,bn254,3,current,20,2048,11,280796374
griffin,,bn254,3,original,14,4096,11,392976664
griffin,,bn254,4,current,20,2048,11,282610614
griffin,,bn254,4,original,11,4096,11,311383661
griffin,,goldilocks,8,single,8,131072,11,283608948
griffin,,goldilocks,12,single,8,131072,11,301592848
arion,,bls12_381,3,single,11,4096,11,342152698
arion,,bls12_381,4,single,10,4096,11,330085973
arion,,bn254,3,single,11,4096,11,333127206
arion,,bn254,4,single,10,4096,11,320830841
grendel,native,bls12_381,3,current,24,256,11,265848626
grendel,native,bls12_381,3,original,14,512,11,297538673
grendel,native,bls12_381,4,current,23,256,11,339973146
grendel,native,bls12_381,4,original,12,512,11,339728389
grendel,native,bn254,3,current,24,256,11,263239622
grendel,native,bn254,3,original,14,512,11,294487643
grendel,native,bn254,4,current,23,256,11,337318035
grendel,native,bn254,4,original,12,512,11,337185067
xhash,XHash8,goldilocks,12,single,6,32768,11,283697754
xhash,XHash12,goldilocks,12,single,6,32768,11,371278385
xhash,XHash16,mersenne31,24,single,6,32768,11,301584272
xhash,XHash24,mersenne31,24,single,6,32768,11,364525869
reinforced_concrete,,bls12_381,3,single,7,131072,11,242448216
reinforced_concrete,,bn254,3,single,7,131072,11,243123778
skyscraper,,bls12_381,4,single,18,262144,11,325933195
skyscraper,,bn254,4,single,18,262144,11,317280258
monolith,,goldilocks,8,single,6,1048576,11,266166660
monolith,,goldilocks,12,single,6,524288,11,206073174
monolith,,mersenne31,16,single,6,524288,11,215094370
monolith,,mersenne31,24,single,6,262144,11,218929655
polocolo,,bls12_381,3,single,6,1024,11,263780452
polocolo,,bls12_381,4,single,5,1024,11,293319802
polocolo,,bn254,3,single,6,1024,11,237173821
polocolo,,bn254,4,single,5,1024,11,264299752
tip4p,,goldilocks,12,single,5,262144,11,332516144
plain,sha256_compress,-,-,single,-,8388608,11,211726207
plain,keccak_f1600,-,-,single,-,524288,11,203407334
plain,blake2b_compress,-,-,single,-,2097152,11,241343733
plain,blake3_compress,-,-,single,-,4194304,11,272285632
gmimc,,bls12_381,3,single,228,16384,12,261495302
gmimc,,bls12_381,4,single,231,16384,12,269437160
gmimc,,bn254,3,single,228,16384,12,250848340
gmimc,,bn254,4,single,231,16384,12,257119126
gmimc,,goldilocks,8,single,68,524288,12,337410529
gmimc,,goldilocks,12,single,93,262144,12,236201345
gmimc,,mersenne31,16,single,158,262144,12,268486164
gmimc,,mersenne31,24,single,335,131072,12,318093578
gmimc,,koalabear,16,single,158,262144,12,305716863
gmimc,,koalabear,24,single,335,131072,12,336012546
gmimc,,babybear,16,single,158,131072,12,246833530
gmimc,,babybear,24,single,335,65536,12,259711640
gmimc2,alpha=8,bls12_381,3,single,63,32768,12,225558821
gmimc2,alpha=8,bls12_381,4,single,64,32768,12,231712578
gmimc2,alpha=8,bn254,3,single,63,32768,12,220799949
gmimc2,alpha=8,bn254,4,single,64,32768,12,225053486
gmimc2,alpha=4,goldilocks,8,single,88,262144,12,294222789
gmimc2,alpha=4,goldilocks,12,single,96,262144,12,364673003
gmimc2,alpha=2,mersenne31,16,single,176,65536,12,202188417
gmimc2,alpha=2,mersenne31,24,single,264,32768,12,223952751
gmimc2,alpha=2,koalabear,16,single,176,131072,12,291254573
gmimc2,alpha=2,koalabear,24,single,264,65536,12,235151734
gmimc2,alpha=2,babybear,16,single,176,131072,12,290887467
gmimc2,alpha=2,babybear,24,single,264,65536,12,235689428
poseidon,,bls12_381,3,single,8+56,16384,12,256436551
poseidon,,bls12_381,4,single,8+56,16384,12,381885633
poseidon,,bn254,3,single,8+56,16384,12,245972090
poseidon,,bn254,4,single,8+56,16384,12,369937249
poseidon,,goldilocks,8,single,8+22,131072,12,324630181
poseidon,,goldilocks,12,single,8+22,65536,12,309985869
poseidon,,mersenne31,16,single,8+14,65536,12,323196000
poseidon,,mersenne31,24,single,8+22,16384,12,228242965
poseidon,,koalabear,16,single,8+20,32768,12,252979412
poseidon,,koalabear,24,single,8+23,16384,12,304392229
poseidon,,babybear,16,single,8+13,32768,12,201934061
poseidon,,babybear,24,single,8+21,16384,12,288248677
poseidon2,,bls12_381,3,single,8+56,65536,12,317511911
poseidon2,,bls12_381,4,single,8+56,32768,12,286655691
poseidon2,,bn254,3,single,8+56,65536,12,311674775
poseidon2,,bn254,4,single,8+56,32768,12,274772509
poseidon2,,goldilocks,8,single,8+22,524288,12,391710008
poseidon2,,goldilocks,12,single,8+22,262144,12,273025525
poseidon2,,mersenne31,16,single,8+14,262144,12,253875737
poseidon2,,mersenne31,24,single,8+22,131072,12,211465660
poseidon2,,koalabear,16,single,8+20,262144,12,280296811
poseidon2,,koalabear,24,single,8+23,131072,12,202581171
poseidon2,,babybear,16,single,8+13,262144,12,308128950
poseidon2,,babybear,24,single,8+21,131072,12,250575991
neptune,,bls12_381,4,single,6+69,32768,12,325109215
neptune,,bn254,4,single,6+69,32768,12,315734059
neptune,,goldilocks,8,single,6+38,262144,12,319349745
neptune,,goldilocks,12,single,6+42,131072,12,304803107
psquarehash,,mersenne31,16,single,52,262144,12,244668224
psquarehash,,mersenne31,24,single,52,262144,12,355999058
psquarehash,,koalabear,16,single,52,262144,12,312541885
psquarehash,,koalabear,24,single,52,131072,12,231822945
psquarehash,,babybear,16,single,52,262144,12,311889386
psquarehash,,babybear,24,single,52,131072,12,233174560
rescue_prime,,bls12_381,3,current,16,1024,12,345169895
rescue_prime,,bls12_381,3,original,14,1024,12,301725697
rescue_prime,,bls12_381,4,current,13,1024,12,376231920
rescue_prime,,bls12_381,4,original,11,1024,12,318031752
rescue_prime,,bn254,3,current,16,1024,12,338124172
rescue_prime,,bn254,3,original,14,1024,12,295880917
rescue_prime,,bn254,4,current,13,1024,12,366363983
rescue_prime,,bn254,4,original,11,1024,12,310009754
rescue_prime,,goldilocks,8,single,8,16384,12,252832307
rescue_prime,,goldilocks,12,single,8,16384,12,394067182
rescue_prime,,mersenne31,16,single,8,16384,12,329724789
rescue_prime,,mersenne31,24,single,8,8192,12,265916573
rescue_prime,,koalabear,16,single,8,8192,12,224866638
rescue_prime,,koalabear,24,single,8,8192,12,364758163
rescue_prime,,babybear,16,single,8,8192,12,245106112
rescue_prime,,babybear,24,single,8,8192,12,394685117
anemoi,,bls12_381,4,current,20,1024,12,288115949
anemoi,,bls12_381,4,original,14,1024,12,201747113
anemoi,,bn254,4,current,20,1024,12,282681466
anemoi,,bn254,4,original,14,2048,12,395745869
anemoi,,goldilocks,8,single,11,32768,12,346518725
anemoi,,goldilocks,12,single,10,16384,12,238338138
anemoi,,mersenne31,16,single,10,32768,12,340084655
anemoi,,mersenne31,24,single,9,16384,12,240325880
anemoi,,koalabear,16,single,10,16384,12,246207660
anemoi,,koalabear,24,single,9,16384,12,344945656
anemoi,,babybear,16,single,9,16384,12,241158437
anemoi,,babybear,24,single,9,16384,12,373880307
griffin,,bls12_381,3,current,20,2048,12,285635986
griffin,,bls12_381,3,original,14,4096,12,399980821
griffin,,bls12_381,4,current,20,2048,12,287864490
griffin,,bls12_381,4,original,11,4096,12,316657124
griffin,,bn254,3,current,20,2048,12,280781616
griffin,,bn254,3,original,14,4096,12,392972848
griffin,,bn254,4,current,20,2048,12,282544971
griffin,,bn254,4,original,11,4096,12,311307810
griffin,,goldilocks,8,single,8,131072,12,283830843
griffin,,goldilocks,12,single,8,131072,12,301682046
arion,,bls12_381,3,single,11,4096,12,342132380
arion,,bls12_381,4,single,10,4096,12,330151767
arion,,bn254,3,single,11,4096,12,333173282
arion,,bn254,4,single,10,4096,12,320831303
grendel,native,bls12_381,3,current,24,256,12,264515516
grendel,native,bls12_381,3,original,14,512,12,297651124
grendel,native,bls12_381,4,current,23,256,12,339818758
grendel,native,bls12_381,4,original,12,512,12,339772982
grendel,native,bn254,3,current,24,256,12,262966391
grendel,native,bn254,3,original,14,512,12,293811771
grendel,native,bn254,4,current,23,256,12,337035768
grendel,native,bn254,4,original,12,512,12,337053591
xhash,XHash8,goldilocks,12,single,6,32768,12,283960606
xhash,XHash12,goldilocks,12,single,6,32768,12,371381878
xhash,XHash16,mersenne31,24,single,6,32768,12,301800937
xhash,XHash24,mersenne31,24,single,6,32768,12,364827854
reinforced_concrete,,bls12_381,3,single,7,131072,12,242896514
reinforced_concrete,,bn254,3,single,7,131072,12,244261574
skyscraper,,bls12_381,4,single,18,262144,12,325791801
skyscraper,,bn254,4,single,18,262144,12,316827232
monolith,,goldilocks,8,single,6,1048576,12,265906274
monolith,,goldilocks,12,single,6,524288,12,206171038
monolith,,mersenne31,16,single,6,524288,12,215506791
monolith,,mersenne31,24,single,6,262144,12,218544867
polocolo,,bls12_381,3,single,6,1024,12,263789389
polocolo,,bls12_381,4,single,5,1024,12,293323919
polocolo,,bn254,3,single,6,1024,12,237306760
polocolo,,bn254,4,single,5,1024,12,264321643
tip4p,,goldilocks,12,single,5,262144,12,333818899
plain,sha256_compress,-,-,single,-,8388608,12,211813941
plain,keccak_f1600,-,-,single,-,524288,12,203485651
plain,blake2b_compress,-,-,single,-,2097152,12,241241802
plain,blake3_compress,-,-,single,-,4194304,12,273222834
gmimc,,bls12_381,3,single,228,16384,13,261759557
gmimc,,bls12_381,4,single,231,16384,13,266569543
gmimc,,bn254,3,single,228,16384,13,250180262
gmimc,,bn254,4,single,231,16384,13,254094606
gmimc,,goldilocks,8,single,68,524288,13,337550049
gmimc,,goldilocks,12,single,93,262144,13,235214782
gmimc,,mersenne31,16,single,158,262144,13,268997139
gmimc,,mersenne31,24,single,335,131072,13,317679484
gmimc,,koalabear,16,single,158,262144,13,306002027
gmimc,,koalabear,24,single,335,131072,13,333722247
gmimc,,babybear,16,single,158,131072,13,246904201
gmimc,,babybear,24,single,335,65536,13,259745534
gmimc2,alpha=8,bls12_381,3,single,63,32768,13,225385627
gmimc2,alpha=8,bls12_381,4,single,64,32768,13,230004457
gmimc2,alpha=8,bn254,3,single,63,32768,13,220733245
gmimc2,alpha=8,bn254,4,single,64,32768,13,223663951
gmimc2,alpha=4,goldilocks,8,single,88,262144,13,294200077
gmimc2,alpha=4,goldilocks,12,single,96,262144,13,361223179
gmimc2,alpha=2,mersenne31,16,single,176,65536,13,202129617
gmimc2,alpha=2,mersenne31,24,single,264,32768,13,224200002
gmimc2,alpha=2,koalabear,16,single,176,131072,13,291321258
gmimc2,alpha=2,koalabear,24,single,264,65536,13,233669975
gmimc2,alpha=2,babybear,16,single,176,131072,13,290875876
gmimc2,alpha=2,babybear,24,single,264,65536,13,236385740
poseidon,,bls12_381,3,single,8+56,16384,13,255106947
poseidon,,bls12_381,4,single,8+56,16384,13,381192548
poseidon,,bn254,3,single,8+56,16384,13,245663483
poseidon,,bn254,4,single,8+56,16384,13,368866199
poseidon,,goldilocks,8,single,8+22,131072,13,324496471
poseidon,,goldilocks,12,single,8+22,65536,13,310354318
poseidon,,mersenne31,16,single,8+14,65536,13,325365975
poseidon,,mersenne31,24,single,8+22,16384,13,227074182
poseidon,,koalabear,16,single,8+20,32768,13,253030478
poseidon,,koalabear,24,single,8+23,16384,13,304334962
poseidon,,babybear,16,single,8+13,32768,13,202627377
poseidon,,babybear,24,single,8+21,16384,13,288978772
poseidon2,,bls12_381,3,single,8+56,65536,13,317686798
poseidon2,,bls12_381,4,single,8+56,32768,13,285937620
poseidon2,,bn254,3,single,8+56,65536,13,311537739
poseidon2,,bn254,4,single,8+56,32768,13,274623130
poseidon2,,goldilocks,8,single,8+22,524288,13,391536815
poseidon2,,goldilocks,12,single,8+22,262144,13,273051313
poseidon2,,mersenne31,16,single,8+14,262144,13,253837246
poseidon2,,mersenne31,24,single,8+22,131072,13,210972449
poseidon2,,koalabear,16,single,8+20,262144,13,279659750
poseidon2,,koalabear,24,single,8+23,131072,13,203302949
poseidon2,,babybear,16,single,8+13,262144,13,307048321
poseidon2,,babybear,24,single,8+21,131072,13,248715646
neptune,,bls12_381,4,single,6+69,32768,13,324795920
neptune,,bn254,4,single,6+69,32768,13,313476982
neptune,,goldilocks,8,single,6+38,262144,13,319726729
neptune,,goldilocks,12,single,6+42,131072,13,304268458
psquarehash,,mersenne31,16,single,52,262144,13,244543341
psquarehash,,mersenne31,24,single,52,262144,13,356142106
psquarehash,,koalabear,16,single,52,262144,13,313123182
psquarehash,,koalabear,24,single,52,131072,13,233270479
psquarehash,,babybear,16,single,52,262144,13,311895148
psquarehash,,babybear,24,single,52,131072,13,233190039
rescue_prime,,bls12_381,3,current,16,1024,13,345343560
rescue_prime,,bls12_381,3,original,14,1024,13,301923457
rescue_prime,,bls12_381,4,current,13,1024,13,375503178
rescue_prime,,bls12_381,4,original,11,1024,13,317555854
rescue_prime,,bn254,3,current,16,1024,13,338085570
rescue_prime,,bn254,3,original,14,1024,13,295841073
rescue_prime,,bn254,4,current,13,1024,13,367624939
rescue_prime,,bn254,4,original,11,1024,13,311119068
rescue_prime,,goldilocks,8,single,8,16384,13,252853768
rescue_prime,,goldilocks,12,single,8,16384,13,393866057
rescue_prime,,mersenne31,16,single,8,16384,13,329265992
rescue_prime,,mersenne31,24,single,8,8192,13,265538878
rescue_prime,,koalabear,16,single,8,8192,13,223923465
rescue_prime,,koalabear,24,single,8,8192,13,363450781
rescue_prime,,babybear,16,single,8,8192,13,244941856
rescue_prime,,babybear,24,single,8,8192,13,393851229
anemoi,,bls12_381,4,current,20,1024,13,288732141
anemoi,,bls12_381,4,original,14,1024,13,202403740
anemoi,,bn254,4,current,20,1024,13,282702636
anemoi,,bn254,4,original,14,2048,13,396027505
anemoi,,goldilocks,8,single,11,32768,13,348236445
anemoi,,goldilocks,12,single,10,16384,13,238149225
anemoi,,mersenne31,16,single,10,32768,13,343197651
anemoi,,mersenne31,24,single,9,16384,13,240449022
anemoi,,koalabear,16,single,10,16384,13,247253855
anemoi,,koalabear,24,single,9,16384,13,344928504
anemoi,,babybear,16,single,9,16384,13,242233365
anemoi,,babybear,24,single,9,16384,13,373972980
griffin,,bls12_381,3,current,20,2048,13,285639933
griffin,,bls12_381,3,original,14,4096,13,401503667
griffin,,bls12_381,4,current,20,2048,13,288209655
griffin,,bls12_381,4,original,11,4096,13,317711153
griffin,,bn254,3,current,20,2048,13,280756479
griffin,,bn254,3,original,14,4096,13,392946549
griffin,,bn254,4,current,20,2048,13,282564868
griffin,,bn254,4,original,11,4096,13,311388150
griffin,,goldilocks,8,single,8,131072,13,284428600
griffin,,goldilocks,12,single,8,131072,13,302631229
arion,,bls12_381,3,single,11,4096,13,342022475
arion,,bls12_381,4,single,10,4096,13,330089310
arion,,bn254,3,single,11,4096,13,333172190
arion,,bn254,4,single,10,4096,13,320841081
grendel,native,bls12_381,3,current,24,256,13,265065413
grendel,native,bls12_381,3,original,14,512,13,298612851
grendel,native,bls12_381,4,current,23,256,13,340600679
grendel,native,bls12_381,4,original,12,512,13,340169754
grendel,native,bn254,3,current,24,256,13,263014972
grendel,native,bn254,3,original,14,512,13,293696065
grendel,native,bn254,4,current,23,256,13,337284904
grendel,native,bn254,4,original,12,512,13,337084390
xhash,XHash8,goldilocks,12,single,6,32768,13,284137536
xhash,XHash12,goldilocks,12,single,6,32768,13,371405463
xhash,XHash16,mersenne31,24,single,6,32768,13,302092884
xhash,XHash24,mersenne31,24,single,6,32768,13,364453023
reinforced_concrete,,bls12_381,3,single,7,131072,13,242953020
reinforced_concrete,,bn254,3,single,7,131072,13,243167380
skyscraper,,bls12_381,4,single,18,262144,13,325938275
skyscraper,,bn254,4,single,18,262144,13,317591550
monolith,,goldilocks,8,single,6,1048576,13,265892799
monolith,,goldilocks,12,single,6,524288,13,206089606
monolith,,mersenne31,16,single,6,524288,13,214726544
monolith,,mersenne31,24,single,6,262144,13,218661385
polocolo,,bls12_381,3,single,6,1024,13,264233199
polocolo,,bls12_381,4,single,5,1024,13,293479371
polocolo,,bn254,3,single,6,1024,13,237250365
polocolo,,bn254,4,single,5,1024,13,264315772
tip4p,,goldilocks,12,single,5,262144,13,333536561
plain,sha256_compress,-,-,single,-,8388608,13,211841022
plain,keccak_f1600,-,-,single,-,524288,13,203935421
plain,blake2b_compress,-,-,single,-,2097152,13,241006974
plain,blake3_compress,-,-,single,-,4194304,13,273222263
gmimc,,bls12_381,3,single,228,16384,14,261729922
gmimc,,bls12_381,4,single,231,16384,14,266727469
gmimc,,bn254,3,single,228,16384,14,250746350
gmimc,,bn254,4,single,231,16384,14,254192559
gmimc,,goldilocks,8,single,68,524288,14,337502290
gmimc,,goldilocks,12,single,93,262144,14,235792932
gmimc,,mersenne31,16,single,158,262144,14,268118788
gmimc,,mersenne31,24,single,335,131072,14,320212818
gmimc,,koalabear,16,single,158,262144,14,306035389
gmimc,,koalabear,24,single,335,131072,14,328043297
gmimc,,babybear,16,single,158,131072,14,246853207
gmimc,,babybear,24,single,335,65536,14,259818410
gmimc2,alpha=8,bls12_381,3,single,63,32768,14,225444347
gmimc2,alpha=8,bls12_381,4,single,64,32768,14,231983525
gmimc2,alpha=8,bn254,3,single,63,32768,14,220455937
gmimc2,alpha=8,bn254,4,single,64,32768,14,225042347
gmimc2,alpha=4,goldilocks,8,single,88,262144,14,294246164
gmimc2,alpha=4,goldilocks,12,single,96,262144,14,361429695
gmimc2,alpha=2,mersenne31,16,single,176,65536,14,202319653
gmimc2,alpha=2,mersenne31,24,single,264,32768,14,223951608
gmimc2,alpha=2,koalabear,16,single,176,131072,14,291334663
gmimc2,alpha=2,koalabear,24,single,264,65536,14,233913451
gmimc2,alpha=2,babybear,16,single,176,131072,14,291978696
gmimc2,alpha=2,babybear,24,single,264,65536,14,235802691
poseidon,,bls12_381,3,single,8+56,16384,14,256721715
poseidon,,bls12_381,4,single,8+56,16384,14,381725013
poseidon,,bn254,3,single,8+56,16384,14,246031732
poseidon,,bn254,4,single,8+56,16384,14,368924227
poseidon,,goldilocks,8,single,8+22,131072,14,324403027
poseidon,,goldilocks,12,single,8+22,65536,14,309524489
poseidon,,mersenne31,16,single,8+14,65536,14,324924661
poseidon,,mersenne31,24,single,8+22,16384,14,227110150
poseidon,,koalabear,16,single,8+20,32768,14,254072645
poseidon,,koalabear,24,single,8+23,16384,14,304120903
poseidon,,babybear,16,single,8+13,32768,14,201389024
poseidon,,babybear,24,single,8+21,16384,14,289057839
poseidon2,,bls12_381,3,single,8+56,65536,14,317723557
poseidon2,,bls12_381,4,single,8+56,32768,14,286647266
poseidon2,,bn254,3,single,8+56,65536,14,311566754
poseidon2,,bn254,4,single,8+56,32768,14,274837601
poseidon2,,goldilocks,8,single,8+22,524288,14,391927956
poseidon2,,goldilocks,12,single,8+22,262144,14,273363738
poseidon2,,mersenne31,16,single,8+14,262144,14,253947742
poseidon2,,mersenne31,24,single,8+22,131072,14,210907357
poseidon2,,koalabear,16,single,8+20,262144,14,280430611
poseidon2,,koalabear,24,single,8+23,131072,14,205177041
poseidon2,,babybear,16,single,8+13,262144,14,308633955
poseidon2,,babybear,24,single,8+21,131072,14,248641448
neptune,,bls12_381,4,single,6+69,32768,14,324987358
neptune,,bn254,4,single,6+69,32768,14,314236793
neptune,,goldilocks,8,single,6+38,262144,14,319185459
neptune,,goldilocks,12,single,6+42,131072,14,304714391
psquarehash,,mersenne31,16,single,52,262144,14,244837691
psquarehash,,mersenne31,24,single,52,262144,14,356130725
psquarehash,,koalabear,16,single,52,262144,14,313106440
psquarehash,,koalabear,24,single,52,131072,14,231886264
psquarehash,,babybear,16,single,52,262144,14,310841219
psquarehash,,babybear,24,single,52,131072,14,231978776
rescue_prime,,bls12_381,3,current,16,1024,14,345366854
rescue_prime,,bls12_381,3,original,14,1024,14,301584113
rescue_prime,,bls12_381,4,current,13,1024,14,375314386
rescue_prime,,bls12_381,4,original,11,1024,14,317635102
rescue_prime,,bn254,3,current,16,1024,14,338106460
rescue_prime,,bn254,3,original,14,1024,14,295829211
rescue_prime,,bn254,4,current,13,1024,14,367755614
rescue_prime,,bn254,4,original,11,1024,14,311213564
rescue_prime,,goldilocks,8,single,8,16384,14,252875949
rescue_prime,,goldilocks,12,single,8,16384,14,394134619
rescue_prime,,mersenne31,16,single,8,16384,14,328157692
rescue_prime,,mersenne31,24,single,8,8192,14,265671085
rescue_prime,,koalabear,16,single,8,8192,14,224173383
rescue_prime,,koalabear,24,single,8,8192,14,363139721
rescue_prime,,babybear,16,single,8,8192,14,245200079
rescue_prime,,babybear,24,single,8,8192,14,394727878
anemoi,,bls12_381,4,current,20,1024,14,288175892
anemoi,,bls12_381,4,original,14,1024,14,201794532
anemoi,,bn254,4,current,20,1024,14,282900366
anemoi,,bn254,4,original,14,2048,14,396041512
anemoi,,goldilocks,8,single,11,32768,14,346446812
anemoi,,goldilocks,12,single,10,16384,14,238316367
anemoi,,mersenne31,16,single,10,32768,14,341242598
anemoi,,mersenne31,24,single,9,16384,14,240315843
anemoi,,koalabear,16,single,10,16384,14,245901709
anemoi,,koalabear,24,single,9,16384,14,344974461
anemoi,,babybear,16,single,9,16384,14,241032722
anemoi,,babybear,24,single,9,16384,14,374011553
griffin,,bls12_381,3,current,20,2048,14,285687823
griffin,,bls12_381,3,original,14,4096,14,400554575
griffin,,bls12_381,4,current,20,2048,14,288661549
griffin,,bls12_381,4,original,11,4096,14,316864883
griffin,,bn254,3,current,20,2048,14,280760588
griffin,,bn254,3,original,14,4096,14,392977979
griffin,,bn254,4,current,20,2048,14,282648615
griffin,,bn254,4,original,11,4096,14,311415031
griffin,,goldilocks,8,single,8,131072,14,284521825
griffin,,goldilocks,12,single,8,131072,14,301529671
arion,,bls12_381,3,single,11,4096,14,341944540
arion,,bls12_381,4,single,10,4096,14,330123624
arion,,bn254,3,single,11,4096,14,333222595
arion,,bn254,4,single,10,4096,14,320910391
grendel,native,bls12_381,3,current,24,256,14,265330889
grendel,native,bls12_381,3,original,14,512,14,299394793
grendel,native,bls12_381,4,current,23,256,14,340500001
grendel,native,bls12_381,4,original,12,512,14,339560967
grendel,native,bn254,3,current,24,256,14,262830719
grendel,native,bn254,3,original,14,512,14,294177925
grendel,native,bn254,4,current,23,256,14,337477224
grendel,native,bn254,4,original,12,512,14,337048823
xhash,XHash8,goldilocks,12,single,6,32768,14,284133900
xhash,XHash12,goldilocks,12,single,6,32768,14,371581012
xhash,XHash16,mersenne31,24,single,6,32768,14,302269895
xhash,XHash24,mersenne31,24,single,6,32768,14,364287264
reinforced_concrete,,bls12_381,3,single,7,131072,14,242731466
reinforced_concrete,,bn254,3,single,7,131072,14,243092590
skyscraper,,bls12_381,4,single,18,262144,14,326310631
skyscraper,,bn254,4,single,18,262144,14,317366530
monolith,,goldilocks,8,single,6,1048576,14,265994880
monolith,,goldilocks,12,single,6,524288,14,205829430
monolith,,mersenne31,16,single,6,524288,14,215261613
monolith,,mersenne31,24,single,6,262144,14,219082301
polocolo,,bls12_381,3,single,6,1024,14,264629850
polocolo,,bls12_381,4,single,5,1024,14,293321005
polocolo,,bn254,3,single,6,1024,14,237205231
polocolo,,bn254,4,single,5,1024,14,264296407
tip4p,,goldilocks,12,single,5,262144,14,333335435
plain,sha256_compress,-,-,single,-,8388608,14,211739772
plain,keccak_f1600,-,-,single,-,524288,14,203582522
plain,blake2b_compress,-,-,single,-,2097152,14,241231314
plain,blake3_compress,-,-,single,-,4194304,14,272944103
gmimc,,bls12_381,3,single,228,16384,15,261552230
gmimc,,bls12_381,4,single,231,16384,15,269321505
gmimc,,bn254,3,single,228,16384,15,250687924
gmimc,,bn254,4,single,231,16384,15,257323012
gmimc,,goldilocks,8,single,68,524288,15,337359468
gmimc,,goldilocks,12,single,93,262144,15,237042851
gmimc,,mersenne31,16,single,158,262144,15,270292904
gmimc,,mersenne31,24,single,335,131072,15,318188219
gmimc,,koalabear,16,single,158,262144,15,305768174
gmimc,,koalabear,24,single,335,131072,15,328386243
gmimc,,babybear,16,single,158,131072,15,246854192
gmimc,,babybear,24,single,335,65536,15,259774131
gmimc2,alpha=8,bls12_381,3,single,63,32768,15,225658431
gmimc2,alpha=8,bls12_381,4,single,64,32768,15,231543886
gmimc2,alpha=8,bn254,3,single,63,32768,15,220463075
gmimc2,alpha=8,bn254,4,single,64,32768,15,225243155
gmimc2,alpha=4,goldilocks,8,single,88,262144,15,294521953
gmimc2,alpha=4,goldilocks,12,single,96,262144,15,361761300
gmimc2,alpha=2,mersenne31,16,single,176,65536,15,202286874
gmimc2,alpha=2,mersenne31,24,single,264,32768,15,223946512
gmimc2,alpha=2,koalabear,16,single,176,131072,15,291278432
gmimc2,alpha=2,koalabear,24,single,264,65536,15,233680238
gmimc2,alpha=2,babybear,16,single,176,131072,15,290792024
gmimc2,alpha=2,babybear,24,single,264,65536,15,236437450
poseidon,,bls12_381,3,single,8+56,16384,15,256849416
poseidon,,bls12_381,4,single,8+56,16384,15,382791361
poseidon,,bn254,3,single,8+56,16384,15,245905981
poseidon,,bn254,4,single,8+56,16384,15,370219512
poseidon,,goldilocks,8,single,8+22,131072,15,324407179
poseidon,,goldilocks,12,single,8+22,65536,15,309905634
poseidon,,mersenne31,16,single,8+14,65536,15,323094577
poseidon,,mersenne31,24,single,8+22,16384,15,227839897
poseidon,,koalabear,16,single,8+20,32768,15,253396936
poseidon,,koalabear,24,single,8+23,16384,15,304316212
poseidon,,babybear,16,single,8+13,32768,15,201582729
poseidon,,babybear,24,single,8+21,16384,15,288659228
poseidon2,,bls12_381,3,single,8+56,65536,15,317809733
poseidon2,,bls12_381,4,single,8+56,32768,15,287059380
poseidon2,,bn254,3,single,8+56,65536,15,311478233
poseidon2,,bn254,4,single,8+56,32768,15,274814633
poseidon2,,goldilocks,8,single,8+22,524288,15,391475056
poseidon2,,goldilocks,12,single,8+22,262144,15,273118483
poseidon2,,mersenne31,16,single,8+14,262144,15,253373212
poseidon2,,mersenne31,24,single,8+22,131072,15,211092526
poseidon2,,koalabear,16,single,8+20,262144,15,280225882
poseidon2,,koalabear,24,single,8+23,131072,15,204551365
poseidon2,,babybear,16,single,8+13,262144,15,307440940
poseidon2,,babybear,24,single,8+21,131072,15,248678410
neptune,,bls12_381,4,single,6+69,32768,15,325129789
neptune,,bn254,4,single,6+69,32768,15,315592029
neptune,,goldilocks,8,single,6+38,262144,15,319431583
neptune,,goldilocks,12,single,6+42,131072,15,304305061
psquarehash,,mersenne31,16,single,52,262144,15,244544928
psquarehash,,mersenne31,24,single,52,262144,15,355931738
psquarehash,,koalabear,16,single,52,262144,15,313399874
psquarehash,,koalabear,24,single,52,131072,15,232762874
psquarehash,,babybear,16,single,52,262144,15,311714024
psquarehash,,babybear,24,single,52,131072,15,231321231
rescue_prime,,bls12_381,3,current,16,1024,15,345010514
rescue_prime,,bls12_381,3,original,14,1024,15,301651944
rescue_prime,,bls12_381,4,current,13,1024,15,375878806
rescue_prime,,bls12_381,4,original,11,1024,15,318117979
rescue_prime,,bn254,3,current,16,1024,15,338118626
rescue_prime,,bn254,3,original,14,1024,15,295803927
rescue_prime,,bn254,4,current,13,1024,15,366383335
rescue_prime,,bn254,4,original,11,1024,15,310004389
rescue_prime,,goldilocks,8,single,8,16384,15,252886262
rescue_prime,,goldilocks,12,single,8,16384,15,394052481
rescue_prime,,mersenne31,16,single,8,16384,15,330142745
rescue_prime,,mersenne31,24,single,8,8192,15,265972101
rescue_prime,,koalabear,16,single,8,8192,15,224346920
rescue_prime,,koalabear,24,single,8,8192,15,362990787
rescue_prime,,babybear,16,single,8,8192,15,245093402
rescue_prime,,babybear,24,single,8,8192,15,394872163
anemoi,,bls12_381,4,current,20,1024,15,288778652
anemoi,,bls12_381,4,original,14,1024,15,201752566
anemoi,,bn254,4,current,20,1024,15,282675098
anemoi,,bn254,4,original,14,2048,15,395746737
anemoi,,goldilocks,8,single,11,32768,15,346565889
anemoi,,goldilocks,12,single,10,16384,15,239783382
anemoi,,mersenne31,16,single,10,32768,15,341098885
anemoi,,mersenne31,24,single,9,16384,15,240383904
anemoi,,koalabear,16,single,10,16384,15,246263088
anemoi,,koalabear,24,single,9,16384,15,344857237
anemoi,,babybear,16,single,9,16384,15,241006246
anemoi,,babybear,24,single,9,16384,15,374018109
griffin,,bls12_381,3,current,20,2048,15,286667047
griffin,,bls12_381,3,original,14,4096,15,401962760
griffin,,bls12_381,4,current,20,2048,15,287850818
griffin,,bls12_381,4,original,11,4096,15,317285182
griffin,,bn254,3,current,20,2048,15,280778525
griffin,,bn254,3,original,14,4096,15,392976270
griffin,,bn254,4,current,20,2048,15,282574801
griffin,,bn254,4,original,11,4096,15,311281235
griffin,,goldilocks,8,single,8,131072,15,283532420
griffin,,goldilocks,12,single,8,131072,15,301346202
arion,,bls12_381,3,single,11,4096,15,341952019
arion,,bls12_381,4,single,10,4096,15,330172220
arion,,bn254,3,single,11,4096,15,333149963
arion,,bn254,4,single,10,4096,15,320831919
grendel,native,bls12_381,3,current,24,256,15,265848831
grendel,native,bls12_381,3,original,14,512,15,298712532
grendel,native,bls12_381,4,current,23,256,15,340170230
grendel,native,bls12_381,4,original,12,512,15,340249918
grendel,native,bn254,3,current,24,256,15,263158435
grendel,native,bn254,3,original,14,512,15,293583690
grendel,native,bn254,4,current,23,256,15,337118218
grendel,native,bn254,4,original,12,512,15,337655271
xhash,XHash8,goldilocks,12,single,6,32768,15,283892994
xhash,XHash12,goldilocks,12,single,6,32768,15,371274804
xhash,XHash16,mersenne31,24,single,6,32768,15,301606239
xhash,XHash24,mersenne31,24,single,6,32768,15,364473527
reinforced_concrete,,bls12_381,3,single,7,131072,15,242192161
reinforced_concrete,,bn254,3,single,7,131072,15,244456713
skyscraper,,bls12_381,4,single,18,262144,15,326017066
skyscraper,,bn254,4,single,18,262144,15,317244677
monolith,,goldilocks,8,single,6,1048576,15,266034488
monolith,,goldilocks,12,single,6,524288,15,206605553
monolith,,mersenne31,16,single,6,524288,15,215317690
monolith,,mersenne31,24,single,6,262144,15,218846974
polocolo,,bls12_381,3,single,6,1024,15,264747363
polocolo,,bls12_381,4,single,5,1024,15,293330857
polocolo,,bn254,3,single,6,1024,15,237178394
polocolo,,bn254,4,single,5,1024,15,264312129
tip4p,,goldilocks,12,single,5,262144,15,333017125
plain,sha256_compress,-,-,single,-,8388608,15,211700462
plain,keccak_f1600,-,-,single,-,524288,15,203595249
plain,blake2b_compress,-,-,single,-,2097152,15,240677061
plain,blake3_compress,-,-,single,-,4194304,15,273190337
gmimc,,bls12_381,3,single,228,16384,16,261786080
gmimc,,bls12_381,4,single,231,16384,16,266526086
gmimc,,bn254,3,single,228,16384,16,250202628
gmimc,,bn254,4,single,231,16384,16,253880199
gmimc,,goldilocks,8,single,68,524288,16,337492697
gmimc,,goldilocks,12,single,93,262144,16,237043141
gmimc,,mersenne31,16,single,158,262144,16,269189793
gmimc,,mersenne31,24,single,335,131072,16,321401804
gmimc,,koalabear,16,single,158,262144,16,306089485
gmimc,,koalabear,24,single,335,131072,16,327709929
gmimc,,babybear,16,single,158,131072,16,246804830
gmimc,,babybear,24,single,335,65536,16,259733274
gmimc2,alpha=8,bls12_381,3,single,63,32768,16,225490888
gmimc2,alpha=8,bls12_381,4,single,64,32768,16,230246182
gmimc2,alpha=8,bn254,3,single,63,32768,16,220792970
gmimc2,alpha=8,bn254,4,single,64,32768,16,223670818
gmimc2,alpha=4,goldilocks,8,single,88,262144,16,294215110
gmimc2,alpha=4,goldilocks,12,single,96,262144,16,362143033
gmimc2,alpha=2,mersenne31,16,single,176,65536,16,202280803
gmimc2,alpha=2,mersenne31,24,single,264,32768,16,223910134
gmimc2,alpha=2,koalabear,16,single,176,131072,16,291241143
gmimc2,alpha=2,koalabear,24,single,264,65536,16,240087870
gmimc2,alpha=2,babybear,16,single,176,131072,16,290868076
gmimc2,alpha=2,babybear,24,single,264,65536,16,235627316
poseidon,,bls12_381,3,single,8+56,16384,16,256637280
poseidon,,bls12_381,4,single,8+56,16384,16,381594115
poseidon,,bn254,3,single,8+56,16384,16,246076329
poseidon,,bn254,4,single,8+56,16384,16,369365768
poseidon,,goldilocks,8,single,8+22,131072,16,324380278
poseidon,,goldilocks,12,single,8+22,65536,16,310959584
poseidon,,mersenne31,16,single,8+14,65536,16,325549453
poseidon,,mersenne31,24,single,8+22,16384,16,227332799
poseidon,,koalabear,16,single,8+20,32768,16,253450737
poseidon,,koalabear,24,single,8+23,16384,16,304389930
poseidon,,babybear,16,single,8+13,32768,16,201648402
poseidon,,babybear,24,single,8+21,16384,16,289290469
poseidon2,,bls12_381,3,single,8+56,65536,16,317694517
poseidon2,,bls12_381,4,single,8+56,32768,16,285961047
poseidon2,,bn254,3,single,8+56,65536,16,311525301
poseidon2,,bn254,4,single,8+56,32768,16,274911113
poseidon2,,goldilocks,8,single,8+22,524288,16,391711017
poseidon2,,goldilocks,12,single,8+22,262144,16,273252183
poseidon2,,mersenne31,16,single,8+14,262144,16,253822922
poseidon2,,mersenne31,24,single,8+22,131072,16,211191741
poseidon2,,koalabear,16,single,8+20,262144,16,280331450
poseidon2,,koalabear,24,single,8+23,131072,16,202711428
poseidon2,,babybear,16,single,8+13,262144,16,308242448
poseidon2,,babybear,24,single,8+21,131072,16,249386924
neptune,,bls12_381,4,single,6+69,32768,16,325021737
neptune,,bn254,4,single,6+69,32768,16,313515379
neptune,,goldilocks,8,single,6+38,262144,16,319311228
neptune,,goldilocks,12,single,6+42,131072,16,305018594
psquarehash,,mersenne31,16,single,52,262144,16,244838686
psquarehash,,mersenne31,24,single,52,262144,16,356275240
psquarehash,,koalabear,16,single,52,262144,16,312940054
psquarehash,,koalabear,24,single,52,131072,16,232219449
psquarehash,,babybear,16,single,52,262144,16,311802509
psquarehash,,babybear,24,single,52,131072,16,232482661
rescue_prime,,bls12_381,3,current,16,1024,16,345156997
rescue_prime,,bls12_381,3,original,14,1024,16,302109178
rescue_prime,,bls12_381,4,current,13,1024,16,375282202
rescue_prime,,bls12_381,4,original,11,1024,16,317609488
rescue_prime,,bn254,3,current,16,1024,16,338132953
rescue_prime,,bn254,3,original,14,1024,16,295859241
rescue_prime,,bn254,4,current,13,1024,16,367737656
rescue_prime,,bn254,4,original,11,1024,16,311045835
rescue_prime,,goldilocks,8,single,8,16384,16,252808497
rescue_prime,,goldilocks,12,single,8,16384,16,394485941
rescue_prime,,mersenne31,16,single,8,16384,16,330277347
rescue_prime,,mersenne31,24,single,8,8192,16,265578476
rescue_prime,,koalabear,16,single,8,8192,16,224377187
rescue_prime,,koalabear,24,single,8,8192,16,364618408
rescue_prime,,babybear,16,single,8,8192,16,245089445
rescue_prime,,babybear,24,single,8,8192,16,395204684
anemoi,,bls12_381,4,current,20,1024,16,288079085
anemoi,,bls12_381,4,original,14,1024,16,201735213
anemoi,,bn254,4,current,20,1024,16,282719191
anemoi,,bn254,4,original,14,2048,16,395969653
anemoi,,goldilocks,8,single,11,32768,16,346862563
anemoi,,goldilocks,12,single,10,16384,16,238361475
anemoi,,mersenne31,16,single,10,32768,16,343793018
anemoi,,mersenne31,24,single,9,16384,16,240764384
anemoi,,koalabear,16,single,10,16384,16,246821451
anemoi,,koalabear,24,single,9,16384,16,344808486
anemoi,,babybear,16,single,9,16384,16,241897251
anemoi,,babybear,24,single,9,16384,16,374054838
griffin,,bls12_381,3,current,20,2048,16,285633436
griffin,,bls12_381,3,original,14,4096,16,400172215
griffin,,bls12_381,4,current,20,2048,16,288422006
griffin,,bls12_381,4,original,11,4096,16,316883803
griffin,,bn254,3,current,20,2048,16,280764138
griffin,,bn254,3,original,14,4096,16,393271201
griffin,,bn254,4,current,20,2048,16,282748626
griffin,,bn254,4,original,11,4096,16,311496226
griffin,,goldilocks,8,single,8,131072,16,284344067
griffin,,goldilocks,12,single,8,131072,16,301578346
arion,,bls12_381,3,single,11,4096,16,342399775
arion,,bls12_381,4,single,10,4096,16,331508847
arion,,bn254,3,single,11,4096,16,333190629
arion,,bn254,4,single,10,4096,16,320986949
grendel,native,bls12_381,3,current,24,256,16,266227589
grendel,native,bls12_381,3,original,14,512,16,298297136
grendel,native,bls12_381,4,current,23,256,16,340718545
grendel,native,bls12_381,4,original,12,512,16,339570059
grendel,native,bn254,3,current,24,256,16,262905873
grendel,native,bn254,3,original,14,512,16,294300078
grendel,native,bn254,4,current,23,256,16,337446621
grendel,native,bn254,4,original,12,512,16,337197516
xhash,XHash8,goldilocks,12,single,6,32768,16,284073972
xhash,XHash12,goldilocks,12,single,6,32768,16,371605102
xhash,XHash16,mersenne31,24,single,6,32768,16,301841919
xhash,XHash24,mersenne31,24,single,6,32768,16,364056158
reinforced_concrete,,bls12_381,3,single,7,131072,16,242126549
reinforced_concrete,,bn254,3,single,7,131072,16,243196448
skyscraper,,bls12_381,4,single,18,262144,16,326070978
skyscraper,,bn254,4,single,18,262144,16,317403633
monolith,,goldilocks,8,single,6,1048576,16,265663696
monolith,,goldilocks,12,single,6,524288,16,206876360
monolith,,mersenne31,16,single,6,524288,16,215515611
monolith,,mersenne31,24,single,6,262144,16,219276877
polocolo,,bls12_381,3,single,6,1024,16,264037046
polocolo,,bls12_381,4,single,5,1024,16,293696561
polocolo,,bn254,3,single,6,1024,16,237270446
polocolo,,bn254,4,single,5,1024,16,264316608
tip4p,,goldilocks,12,single,5,262144,16,333069944
plain,sha256_compress,-,-,single,-,8388608,16,211773158
plain,keccak_f1600,-,-,single,-,524288,16,203584268
plain,blake2b_compress,-,-,single,-,2097152,16,241571061
plain,blake3_compress,-,-,single,-,4194304,16,272959366
gmimc,,bls12_381,3,single,228,16384,17,261693216
gmimc,,bls12_381,4,single,231,16384,17,267612026
gmimc,,bn254,3,single,228,16384,17,252548351
gmimc,,bn254,4,single,231,16384,17,254871692
gmimc,,goldilocks,8,single,68,524288,17,337461199
gmimc,,goldilocks,12,single,93,262144,17,236316964
gmimc,,mersenne31,16,single,158,262144,17,268394146
gmimc,,mersenne31,24,single,335,131072,17,318742906
gmimc,,koalabear,16,single,158,262144,17,305825332
gmimc,,koalabear,24,single,335,131072,17,330656115
gmimc,,babybear,16,single,158,131072,17,246906100
gmimc,,babybear,24,single,335,65536,17,259705303
gmimc2,alpha=8,bls12_381,3,single,63,32768,17,225447667
gmimc2,alpha=8,bls12_381,4,single,64,32768,17,231590454
gmimc2,alpha=8,bn254,3,single,63,32768,17,220566046
gmimc2,alpha=8,bn254,4,single,64,32768,17,225356888
gmimc2,alpha=4,goldilocks,8,single,88,262144,17,294423910
gmimc2,alpha=4,goldilocks,12,single,96,262144,17,366305239
gmimc2,alpha=2,mersenne31,16,single,176,65536,17,202173333
gmimc2,alpha=2,mersenne31,24,single,264,32768,17,224625070
gmimc2,alpha=2,koalabear,16,single,176,131072,17,291274997
gmimc2,alpha=2,koalabear,24,single,264,65536,17,235055448
gmimc2,alpha=2,babybear,16,single,176,131072,17,290929842
gmimc2,alpha=2,babybear,24,single,264,65536,17,235529553
poseidon,,bls12_381,3,single,8+56,16384,17,256134361
poseidon,,bls12_381,4,single,8+56,16384,17,381138283
poseidon,,bn254,3,single,8+56,16384,17,246199889
poseidon,,bn254,4,single,8+56,16384,17,369108467
poseidon,,goldilocks,8,single,8+22,131072,17,324219228
poseidon,,goldilocks,12,single,8+22,65536,17,309428033
poseidon,,mersenne31,16,single,8+14,65536,17,323324446
poseidon,,mersenne31,24,single,8+22,16384,17,229443733
poseidon,,koalabear,16,single,8+20,32768,17,253250723
poseidon,,koalabear,24,single,8+23,16384,17,304690151
poseidon,,babybear,16,single,8+13,32768,17,201547733
poseidon,,babybear,24,single,8+21,16384,17,289567807
poseidon2,,bls12_381,3,single,8+56,65536,17,317684118
poseidon2,,bls12_381,4,single,8+56,32768,17,286781511
poseidon2,,bn254,3,single,8+56,65536,17,311572950
poseidon2,,bn254,4,single,8+56,32768,17,274848405
poseidon2,,goldilocks,8,single,8+22,524288,17,391902234
poseidon2,,goldilocks,12,single,8+22,262144,17,273224752
poseidon2,,mersenne31,16,single,8+14,262144,17,253627978
poseidon2,,mersenne31,24,single,8+22,131072,17,211095321
poseidon2,,koalabear,16,single,8+20,262144,17,280253865
poseidon2,,koalabear,24,single,8+23,131072,17,205522971
poseidon2,,babybear,16,single,8+13,262144,17,307883948
poseidon2,,babybear,24,single,8+21,131072,17,248642493
neptune,,bls12_381,4,single,6+69,32768,17,325094924
neptune,,bn254,4,single,6+69,32768,17,314119759
neptune,,goldilocks,8,single,6+38,262144,17,319445649
neptune,,goldilocks,12,single,6+42,131072,17,303537066
psquarehash,,mersenne31,16,single,52,262144,17,244825061
psquarehash,,mersenne31,24,single,52,262144,17,356183980
psquarehash,,koalabear,16,single,52,262144,17,308791433
psquarehash,,koalabear,24,single,52,131072,17,233624444
psquarehash,,babybear,16,single,52,262144,17,310802801
psquarehash,,babybear,24,single,52,131072,17,233174884
rescue_prime,,bls12_381,3,current,16,1024,17,345043746
rescue_prime,,bls12_381,3,original,14,1024,17,301849043
rescue_prime,,bls12_381,4,current,13,1024,17,375480232
rescue_prime,,bls12_381,4,original,11,1024,17,317490066
rescue_prime,,bn254,3,current,16,1024,17,338140187
rescue_prime,,bn254,3,original,14,1024,17,295852479
rescue_prime,,bn254,4,current,13,1024,17,367700577
rescue_prime,,bn254,4,original,11,1024,17,311146413
rescue_prime,,goldilocks,8,single,8,16384,17,252876384
rescue_prime,,goldilocks,12,single,8,16384,17,394035590
rescue_prime,,mersenne31,16,single,8,16384,17,329448257
rescue_prime,,mersenne31,24,single,8,8192,17,265427534
rescue_prime,,koalabear,16,single,8,8192,17,224765092
rescue_prime,,koalabear,24,single,8,8192,17,364353413
rescue_prime,,babybear,16,single,8,8192,17,245114782
rescue_prime,,babybear,24,single,8,8192,17,393628028
anemoi,,bls12_381,4,current,20,1024,17,289463913
anemoi,,bls12_381,4,original,14,1024,17,202624976
anemoi,,bn254,4,current,20,1024,17,282890701
anemoi,,bn254,4,original,14,2048,17,396027462
anemoi,,goldilocks,8,single,11,32768,17,346449371
anemoi,,goldilocks,12,single,10,16384,17,238271787
anemoi,,mersenne31,16,single,10,32768,17,341140743
anemoi,,mersenne31,24,single,9,16384,17,240778481
anemoi,,koalabear,16,single,10,16384,17,245953780
anemoi,,koalabear,24,single,9,16384,17,345025481
anemoi,,babybear,16,single,9,16384,17,241162017
anemoi,,babybear,24,single,9,16384,17,374052644
griffin,,bls12_381,3,current,20,2048,17,285606916
griffin,,bls12_381,3,original,14,4096,17,400114498
griffin,,bls12_381,4,current,20,2048,17,287913696
griffin,,bls12_381,4,original,11,4096,17,316746877
griffin,,bn254,3,current,20,2048,17,280898799
griffin,,bn254,3,original,14,4096,17,393013971
griffin,,bn254,4,current,20,2048,17,282706677
griffin,,bn254,4,original,11,4096,17,311520342
griffin,,goldilocks,8,single,8,131072,17,283886222
griffin,,goldilocks,12,single,8,131072,17,301756670
arion,,bls12_381,3,single,11,4096,17,341963230
arion,,bls12_381,4,single,10,4096,17,330106087
arion,,bn254,3,single,11,4096,17,333124226
arion,,bn254,4,single,10,4096,17,320847909
grendel,native,bls12_381,3,current,24,256,17,265718418
grendel,native,bls12_381,3,original,14,512,17,298792712
grendel,native,bls12_381,4,current,23,256,17,340613789
grendel,native,bls12_381,4,original,12,512,17,339853789
grendel,native,bn254,3,current,24,256,17,262507558
grendel,native,bn254,3,original,14,512,17,294097340
grendel,native,bn254,4,current,23,256,17,338335162
grendel,native,bn254,4,original,12,512,17,337015777
xhash,XHash8,goldilocks,12,single,6,32768,17,284188726
xhash,XHash12,goldilocks,12,single,6,32768,17,371398175
xhash,XHash16,mersenne31,24,single,6,32768,17,302005274
xhash,XHash24,mersenne31,24,single,6,32768,17,362246577
reinforced_concrete,,bls12_381,3,single,7,131072,17,242931082
reinforced_concrete,,bn254,3,single,7,131072,17,243764931
skyscraper,,bls12_381,4,single,18,262144,17,325955462
skyscraper,,bn254,4,single,18,262144,17,317223357
monolith,,goldilocks,8,single,6,1048576,17,265710683
monolith,,goldilocks,12,single,6,524288,17,205961400
monolith,,mersenne31,16,single,6,524288,17,215358457
monolith,,mersenne31,24,single,6,262144,17,219369240
polocolo,,bls12_381,3,single,6,1024,17,264753805
polocolo,,bls12_381,4,single,5,1024,17,293329324
polocolo,,bn254,3,single,6,1024,17,237179316
polocolo,,bn254,4,single,5,1024,17,264306058
tip4p,,goldilocks,12,single,5,262144,17,333626745
plain,sha256_compress,-,-,single,-,8388608,17,211792064
plain,keccak_f1600,-,-,single,-,524288,17,203498208
plain,blake2b_compress,-,-,single,-,2097152,17,241688030
plain,blake3_compress,-,-,single,-,4194304,17,273681395
gmimc,,bls12_381,3,single,228,16384,18,261713234
gmimc,,bls12_381,4,single,231,16384,18,269441183
gmimc,,bn254,3,single,228,16384,18,251048418
gmimc,,bn254,4,single,231,16384,18,258023942
gmimc,,goldilocks,8,single,68,524288,18,337566636
gmimc,,goldilocks,12,single,93,262144,18,235615655
gmimc,,mersenne31,16,single,158,262144,18,267825915
gmimc,,mersenne31,24,single,335,131072,18,321687829
gmimc,,koalabear,16,single,158,262144,18,306145270
gmimc,,koalabear,24,single,335,131072,18,328227938
gmimc,,babybear,16,single,158,131072,18,246932038
gmimc,,babybear,24,single,335,65536,18,259892612
gmimc2,alpha=8,bls12_381,3,single,63,32768,18,225601415
gmimc2,alpha=8,bls12_381,4,single,64,32768,18,231834571
gmimc2,alpha=8,bn254,3,single,63,32768,18,220615740
gmimc2,alpha=8,bn254,4,single,64,32768,18,225280495
gmimc2,alpha=4,goldilocks,8,single,88,262144,18,294275582
gmimc2,alpha=4,goldilocks,12,single,96,262144,18,361390107
gmimc2,alpha=2,mersenne31,16,single,176,65536,18,202217655
gmimc2,alpha=2,mersenne31,24,single,264,32768,18,223945611
gmimc2,alpha=2,koalabear,16,single,176,131072,18,291224942
gmimc2,alpha=2,koalabear,24,single,264,65536,18,233815471
gmimc2,alpha=2,babybear,16,single,176,131072,18,291688659
gmimc2,alpha=2,babybear,24,single,264,65536,18,235755686
poseidon,,bls12_381,3,single,8+56,16384,18,255187542
poseidon,,bls12_381,4,single,8+56,16384,18,381910877
poseidon,,bn254,3,single,8+56,16384,18,246129658
poseidon,,bn254,4,single,8+56,16384,18,370405010
poseidon,,goldilocks,8,single,8+22,131072,18,324193740
poseidon,,goldilocks,12,single,8+22,65536,18,310335708
poseidon,,mersenne31,16,single,8+14,65536,18,324315929
poseidon,,mersenne31,24,single,8+22,16384,18,226899970
poseidon,,koalabear,16,single,8+20,32768,18,254011445
poseidon,,koalabear,24,single,8+23,16384,18,304083988
poseidon,,babybear,16,single,8+13,32768,18,201653932
poseidon,,babybear,24,single,8+21,16384,18,288856908
poseidon2,,bls12_381,3,single,8+56,65536,18,317771952
poseidon2,,bls12_381,4,single,8+56,32768,18,286951148
poseidon2,,bn254,3,single,8+56,65536,18,311460129
poseidon2,,bn254,4,single,8+56,32768,18,274845911
poseidon2,,goldilocks,8,single,8+22,524288,18,391831542
poseidon2,,goldilocks,12,single,8+22,262144,18,273284333
poseidon2,,mersenne31,16,single,8+14,262144,18,253569799
poseidon2,,mersenne31,24,single,8+22,131072,18,211277493
poseidon2,,koalabear,16,single,8+20,262144,18,281051536
poseidon2,,koalabear,24,single,8+23,131072,18,205328698
poseidon2,,babybear,16,single,8+13,262144,18,308176264
poseidon2,,babybear,24,single,8+21,131072,18,248652673
neptune,,bls12_381,4,single,6+69,32768,18,325081650
neptune,,bn254,4,single,6+69,32768,18,315811739
neptune,,goldilocks,8,single,6+38,262144,18,319253380
neptune,,goldilocks,12,single,6+42,131072,18,304359804
psquarehash,,mersenne31,16,single,52,262144,18,244707602
psquarehash,,mersenne31,24,single,52,262144,18,356292031
psquarehash,,koalabear,16,single,52,262144,18,312945935
psquarehash,,koalabear,24,single,52,131072,18,231970764
psquarehash,,babybear,16,single,52,262144,18,311106639
psquarehash,,babybear,24,single,52,131072,18,231698876
rescue_prime,,bls12_381,3,current,16,1024,18,345136970
rescue_prime,,bls12_381,3,original,14,1024,18,302756268
rescue_prime,,bls12_381,4,current,13,1024,18,375863999
rescue_prime,,bls12_381,4,original,11,1024,18,318044722
rescue_prime,,bn254,3,current,16,1024,18,338197474
rescue_prime,,bn254,3,original,14,1024,18,295998632
rescue_prime,,bn254,4,current,13,1024,18,366755561
rescue_prime,,bn254,4,original,11,1024,18,310209082
rescue_prime,,goldilocks,8,single,8,16384,18,252853701
rescue_prime,,goldilocks,12,single,8,16384,18,395926463
rescue_prime,,mersenne31,16,single,8,16384,18,330087652
rescue_prime,,mersenne31,24,single,8,8192,18,265445087
rescue_prime,,koalabear,16,single,8,8192,18,224744805
rescue_prime,,koalabear,24,single,8,8192,18,365363019
rescue_prime,,babybear,16,single,8,8192,18,245180555
rescue_prime,,babybear,24,single,8,8192,18,393866765
anemoi,,bls12_381,4,current,20,1024,18,288980099
anemoi,,bls12_381,4,original,14,1024,18,201942962
anemoi,,bn254,4,current,20,1024,18,282730663
anemoi,,bn254,4,original,14,2048,18,395924629
anemoi,,goldilocks,8,single,11,32768,18,346606856
anemoi,,goldilocks,12,single,10,16384,18,238699346
anemoi,,mersenne31,16,single,10,32768,18,342612894
anemoi,,mersenne31,24,single,9,16384,18,241045790
anemoi,,koalabear,16,single,10,16384,18,245891744
anemoi,,koalabear,24,single,9,16384,18,345082678
anemoi,,babybear,16,single,9,16384,18,240774544
anemoi,,babybear,24,single,9,16384,18,374345332
griffin,,bls12_381,3,current,20,2048,18,285739674
griffin,,bls12_381,3,original,14,4096,18,400007197
griffin,,bls12_381,4,current,20,2048,18,287854976
griffin,,bls12_381,4,original,11,4096,18,316655065
griffin,,bn254,3,current,20,2048,18,280760442
griffin,,bn254,3,original,14,4096,18,393005555
griffin,,bn254,4,current,20,2048,18,282754007
griffin,,bn254,4,original,11,4096,18,311799805
griffin,,goldilocks,8,single,8,131072,18,283790502
griffin,,goldilocks,12,single,8,131072,18,301646554
arion,,bls12_381,3,single,11,4096,18,342815743
arion,,bls12_381,4,single,10,4096,18,330865336
arion,,bn254,3,single,11,4096,18,333192154
arion,,bn254,4,single,10,4096,18,320944510
grendel,native,bls12_381,3,current,24,256,18,264862539
grendel,native,bls12_381,3,original,14,512,18,298006904
grendel,native,bls12_381,4,current,23,256,18,340909131
grendel,native,bls12_381,4,original,12,512,18,339733935
grendel,native,bn254,3,current,24,256,18,262919037
grendel,native,bn254,3,original,14,512,18,293815964
grendel,native,bn254,4,current,23,256,18,337806574
grendel,native,bn254,4,original,12,512,18,337145950
xhash,XHash8,goldilocks,12,single,6,32768,18,283978234
xhash,XHash12,goldilocks,12,single,6,32768,18,371025679
xhash,XHash16,mersenne31,24,single,6,32768,18,302023839
xhash,XHash24,mersenne31,24,single,6,32768,18,364210907
reinforced_concrete,,bls12_381,3,single,7,131072,18,241915976
reinforced_concrete,,bn254,3,single,7,131072,18,243680944
skyscraper,,bls12_381,4,single,18,262144,18,325903495
skyscraper,,bn254,4,single,18,262144,18,317243956
monolith,,goldilocks,8,single,6,1048576,18,265739698
monolith,,goldilocks,12,single,6,524288,18,205907850
monolith,,mersenne31,16,single,6,524288,18,215275192
monolith,,mersenne31,24,single,6,262144,18,218874457
polocolo,,bls12_381,3,single,6,1024,18,263797048
polocolo,,bls12_381,4,single,5,1024,18,294054360
polocolo,,bn254,3,single,6,1024,18,237174738
polocolo,,bn254,4,single,5,1024,18,264308313
tip4p,,goldilocks,12,single,5,262144,18,333082848
plain,sha256_compress,-,-,single,-,8388608,18,211821299
plain,keccak_f1600,-,-,single,-,524288,18,203657386
plain,blake2b_compress,-,-,single,-,2097152,18,241078932
plain,blake3_compress,-,-,single,-,4194304,18,273368280
gmimc,,bls12_381,3,single,228,16384,19,261535012
gmimc,,bls12_381,4,single,231,16384,19,266677350
gmimc,,bn254,3,single,228,16384,19,250705218
gmimc,,bn254,4,single,231,16384,19,253812383
gmimc,,goldilocks,8,single,68,524288,19,337475125
gmimc,,goldilocks,12,single,93,262144,19,237396312
gmimc,,mersenne31,16,single,158,262144,19,268480648
gmimc,,mersenne31,24,single,335,131072,19,324378796
gmimc,,koalabear,16,single,158,262144,19,305792811
gmimc,,koalabear,24,single,335,131072,19,333538520
gmimc,,babybear,16,single,158,131072,19,246920095
gmimc,,babybear,24,single,335,65536,19,259788849
gmimc2,alpha=8,bls12_381,3,single,63,32768,19,225828448
gmimc2,alpha=8,bls12_381,4,single,64,32768,19,230067689
gmimc2,alpha=8,bn254,3,single,63,32768,19,220856430
gmimc2,alpha=8,bn254,4,single,64,32768,19,223770314
gmimc2,alpha=4,goldilocks,8,single,88,262144,19,294349510
gmimc2,alpha=4,goldilocks,12,single,96,262144,19,363060718
gmimc2,alpha=2,mersenne31,16,single,176,65536,19,202278890
gmimc2,alpha=2,mersenne31,24,single,264,32768,19,223913350
gmimc2,alpha=2,koalabear,16,single,176,131072,19,291485630
gmimc2,alpha=2,koalabear,24,single,264,65536,19,235382379
gmimc2,alpha=2,babybear,16,single,176,131072,19,290734176
gmimc2,alpha=2,babybear,24,single,264,65536,19,235756589
poseidon,,bls12_381,3,single,8+56,16384,19,257004848
poseidon,,bls12_381,4,single,8+56,16384,19,381397408
poseidon,,bn254,3,single,8+56,16384,19,245346846
poseidon,,bn254,4,single,8+56,16384,19,368730401
poseidon,,goldilocks,8,single,8+22,131072,19,324242131
poseidon,,goldilocks,12,single,8+22,65536,19,309667561
poseidon,,mersenne31,16,single,8+14,65536,19,323980722
poseidon,,mersenne31,24,single,8+22,16384,19,226456913
poseidon,,koalabear,16,single,8+20,32768,19,253340150
poseidon,,koalabear,24,single,8+23,16384,19,304124023
poseidon,,babybear,16,single,8+13,32768,19,201885394
poseidon,,babybear,24,single,8+21,16384,19,288508117
poseidon2,,bls12_381,3,single,8+56,65536,19,317857852
poseidon2,,bls12_381,4,single,8+56,32768,19,286014789
poseidon2,,bn254,3,single,8+56,65536,19,311659252
poseidon2,,bn254,4,single,8+56,32768,19,274721669
poseidon2,,goldilocks,8,single,8+22,524288,19,391608185
poseidon2,,goldilocks,12,single,8+22,262144,19,273113214
poseidon2,,mersenne31,16,single,8+14,262144,19,253805360
poseidon2,,mersenne31,24,single,8+22,131072,19,211438132
poseidon2,,koalabear,16,single,8+20,262144,19,280334726
poseidon2,,koalabear,24,single,8+23,131072,19,202768604
poseidon2,,babybear,16,single,8+13,262144,19,306541991
poseidon2,,babybear,24,single,8+21,131072,19,248617287
neptune,,bls12_381,4,single,6+69,32768,19,324899228
neptune,,bn254,4,single,6+69,32768,19,313918132
neptune,,goldilocks,8,single,6+38,262144,19,319305838
neptune,,goldilocks,12,single,6+42,131072,19,304130976
psquarehash,,mersenne31,16,single,52,262144,19,244792280
psquarehash,,mersenne31,24,single,52,262144,19,356241587
psquarehash,,koalabear,16,single,52,262144,19,313161348
psquarehash,,koalabear,24,single,52,131072,19,232420736
psquarehash,,babybear,16,single,52,262144,19,311254776
psquarehash,,babybear,24,single,52,131072,19,233145530
rescue_prime,,bls12_381,3,current,16,1024,19,345000425
rescue_prime,,bls12_381,3,original,14,1024,19,301909104
rescue_prime,,bls12_381,4,current,13,1024,19,375164723
rescue_prime,,bls12_381,4,original,11,1024,19,317476771
rescue_prime,,bn254,3,current,16,1024,19,338179511
rescue_prime,,bn254,3,original,14,1024,19,295821622
rescue_prime,,bn254,4,current,13,1024,19,367664831
rescue_prime,,bn254,4,original,11,1024,19,311105076
rescue_prime,,goldilocks,8,single,8,16384,19,252937959
rescue_prime,,goldilocks,12,single,8,16384,19,394433444
rescue_prime,,mersenne31,16,single,8,16384,19,330832174
rescue_prime,,mersenne31,24,single,8,8192,19,265437683
rescue_prime,,koalabear,16,single,8,8192,19,224382167
rescue_prime,,koalabear,24,single,8,8192,19,364235803
rescue_prime,,babybear,16,single,8,8192,19,245193560
rescue_prime,,babybear,24,single,8,8192,19,394821208
anemoi,,bls12_381,4,current,20,1024,19,288085528
anemoi,,bls12_381,4,original,14,1024,19,202024795
anemoi,,bn254,4,current,20,1024,19,282696199
anemoi,,bn254,4,original,14,2048,19,395838128
anemoi,,goldilocks,8,single,11,32768,19,346606586
anemoi,,goldilocks,12,single,10,16384,19,238349212
anemoi,,mersenne31,16,single,10,32768,19,341495336
anemoi,,mersenne31,24,single,9,16384,19,240314444
anemoi,,koalabear,16,single,10,16384,19,246003002
anemoi,,koalabear,24,single,9,16384,19,344900980
anemoi,,babybear,16,single,9,16384,19,241124317
anemoi,,babybear,24,single,9,16384,19,374031786
griffin,,bls12_381,3,current,20,2048,19,285622575
griffin,,bls12_381,3,original,14,4096,19,400835445
griffin,,bls12_381,4,current,20,2048,19,288478642
griffin,,bls12_381,4,original,11,4096,19,316668661
griffin,,bn254,3,current,20,2048,19,280762896
griffin,,bn254,3,original,14,4096,19,392964088
griffin,,bn254,4,current,20,2048,19,282720814
griffin,,bn254,4,original,11,4096,19,311515954
griffin,,goldilocks,8,single,8,131072,19,284319822
griffin,,goldilocks,12,single,8,131072,19,301844534
arion,,bls12_381,3,single,11,4096,19,343158072
arion,,bls12_381,4,single,10,4096,19,330157603
arion,,bn254,3,single,11,4096,19,333200128
arion,,bn254,4,single,10,4096,19,321055587
grendel,native,bls12_381,3,current,24,256,19,264911400
grendel,native,bls12_381,3,original,14,512,19,297811790
grendel,native,bls12_381,4,current,23,256,19,340954285
grendel,native,bls12_381,4,original,12,512,19,339843881
grendel,native,bn254,3,current,24,256,19,262954224
grendel,native,bn254,3,original,14,512,19,294009565
grendel,native,bn254,4,current,23,256,19,337038059
grendel,native,bn254,4,original,12,512,19,338041313
xhash,XHash8,goldilocks,12,single,6,32768,19,283892543
xhash,XHash12,goldilocks,12,single,6,32768,19,371097814
xhash,XHash16,mersenne31,24,single,6,32768,19,301746271
xhash,XHash24,mersenne31,24,single,6,32768,19,362344601
reinforced_concrete,,bls12_381,3,single,7,131072,19,242118765
reinforced_concrete,,bn254,3,single,7,131072,19,243090501
skyscraper,,bls12_381,4,single,18,262144,19,326260782
skyscraper,,bn254,4,single,18,262144,19,317062377
monolith,,goldilocks,8,single,6,1048576,19,266323608
monolith,,goldilocks,12,single,6,524288,19,206040188
monolith,,mersenne31,16,single,6,524288,19,215243493
monolith,,mersenne31,24,single,6,262144,19,219125305
polocolo,,bls12_381,3,single,6,1024,19,263774315
polocolo,,bls12_381,4,single,5,1024,19,294939944
polocolo,,bn254,3,single,6,1024,19,237195526
polocolo,,bn254,4,single,5,1024,19,264314435
tip4p,,goldilocks,12,single,5,262144,19,333668784
plain,sha256_compress,-,-,single,-,8388608,19,211721542
plain,keccak_f1600,-,-,single,-,524288,19,203627309
plain,blake2b_compress,-,-,single,-,2097152,19,240872647
plain,blake3_compress,-,-,single,-,4194304,19,273759141
gmimc,,bls12_381,3,single,228,16384,20,261743852
gmimc,,bls12_381,4,single,231,16384,20,266686737
gmimc,,bn254,3,single,228,16384,20,250648331
gmimc,,bn254,4,single,231,16384,20,254671087
gmimc,,goldilocks,8,single,68,524288,20,337528104
gmimc,,goldilocks,12,single,93,262144,20,236889645
gmimc,,mersenne31,16,single,158,262144,20,270582776
gmimc,,mersenne31,24,single,335,131072,20,322347411
gmimc,,koalabear,16,single,158,262144,20,306124020
gmimc,,koalabear,24,single,335,131072,20,342336759
gmimc,,babybear,16,single,158,131072,20,247086776
gmimc,,babybear,24,single,335,65536,20,259812744
gmimc2,alpha=8,bls12_381,3,single,63,32768,20,225492732
gmimc2,alpha=8,bls12_381,4,single,64,32768,20,231852484
gmimc2,alpha=8,bn254,3,single,63,32768,20,220576256
gmimc2,alpha=8,bn254,4,single,64,32768,20,225361576
gmimc2,alpha=4,goldilocks,8,single,88,262144,20,294367444
gmimc2,alpha=4,goldilocks,12,single,96,262144,20,366825702
gmimc2,alpha=2,mersenne31,16,single,176,65536,20,202316871
gmimc2,alpha=2,mersenne31,24,single,264,32768,20,224014199
gmimc2,alpha=2,koalabear,16,single,176,131072,20,291879676
gmimc2,alpha=2,koalabear,24,single,264,65536,20,234276653
gmimc2,alpha=2,babybear,16,single,176,131072,20,292346138
gmimc2,alpha=2,babybear,24,single,264,65536,20,235702928
poseidon,,bls12_381,3,single,8+56,16384,20,254975296
poseidon,,bls12_381,4,single,8+56,16384,20,381137612
poseidon,,bn254,3,single,8+56,16384,20,246069166
poseidon,,bn254,4,single,8+56,16384,20,369097948
poseidon,,goldilocks,8,single,8+22,131072,20,324636007
poseidon,,goldilocks,12,single,8+22,65536,20,310907207
poseidon,,mersenne31,16,single,8+14,65536,20,323461713
poseidon,,mersenne31,24,single,8+22,16384,20,228587022
poseidon,,koalabear,16,single,8+20,32768,20,252289889
poseidon,,koalabear,24,single,8+23,16384,20,304091332
poseidon,,babybear,16,single,8+13,32768,20,202364409
poseidon,,babybear,24,single,8+21,16384,20,288718660
poseidon2,,bls12_381,3,single,8+56,65536,20,317505806
poseidon2,,bls12_381,4,single,8+56,32768,20,287064760
poseidon2,,bn254,3,single,8+56,65536,20,311371634
poseidon2,,bn254,4,single,8+56,32768,20,275020999
poseidon2,,goldilocks,8,single,8+22,524288,20,391847132
poseidon2,,goldilocks,12,single,8+22,262144,20,273385142
poseidon2,,mersenne31,16,single,8+14,262144,20,253883526
poseidon2,,mersenne31,24,single,8+22,131072,20,210718247
poseidon2,,koalabear,16,single,8+20,262144,20,281957528
poseidon2,,koalabear,24,single,8+23,131072,20,203461379
poseidon2,,babybear,16,single,8+13,262144,20,307080968
poseidon2,,babybear,24,single,8+21,131072,20,248514464
neptune,,bls12_381,4,single,6+69,32768,20,325090195
neptune,,bn254,4,single,6+69,32768,20,313742214
neptune,,goldilocks,8,single,6+38,262144,20,319488379
neptune,,goldilocks,12,single,6+42,131072,20,304150362
psquarehash,,mersenne31,16,single,52,262144,20,244796718
psquarehash,,mersenne31,24,single,52,262144,20,356097268
psquarehash,,koalabear,16,single,52,262144,20,312631899
psquarehash,,koalabear,24,single,52,131072,20,233226190
psquarehash,,babybear,16,single,52,262144,20,311989820
psquarehash,,babybear,24,single,52,131072,20,233022420
rescue_prime,,bls12_381,3,current,16,1024,20,344955381
rescue_prime,,bls12_381,3,original,14,1024,20,301706236
rescue_prime,,bls12_381,4,current,13,1024,20,375199097
rescue_prime,,bls12_381,4,original,11,1024,20,317693826
rescue_prime,,bn254,3,current,16,1024,20,338119710
rescue_prime,,bn254,3,original,14,1024,20,295826570
rescue_prime,,bn254,4,current,13,1024,20,367837573
rescue_prime,,bn254,4,original,11,1024,20,311329005
rescue_prime,,goldilocks,8,single,8,16384,20,252868279
rescue_prime,,goldilocks,12,single,8,16384,20,394660027
rescue_prime,,mersenne31,16,single,8,16384,20,329987816
rescue_prime,,mersenne31,24,single,8,8192,20,265718357
rescue_prime,,koalabear,16,single,8,8192,20,224424456
rescue_prime,,koalabear,24,single,8,8192,20,363608752
rescue_prime,,babybear,16,single,8,8192,20,244988236
rescue_prime,,babybear,24,single,8,8192,20,393980517
anemoi,,bls12_381,4,current,20,1024,20,288686069
anemoi,,bls12_381,4,original,14,1024,20,201778645
anemoi,,bn254,4,current,20,1024,20,282908395
anemoi,,bn254,4,original,14,2048,20,396144490
anemoi,,goldilocks,8,single,11,32768,20,347022383
anemoi,,goldilocks,12,single,10,16384,20,238326149
anemoi,,mersenne31,16,single,10,32768,20,343452853
anemoi,,mersenne31,24,single,9,16384,20,240542340
anemoi,,koalabear,16,single,10,16384,20,246666131
anemoi,,koalabear,24,single,9,16384,20,344844574
anemoi,,babybear,16,single,9,16384,20,242376757
anemoi,,babybear,24,single,9,16384,20,373935617
griffin,,bls12_381,3,current,20,2048,20,286433571
griffin,,bls12_381,3,original,14,4096,20,400019060
griffin,,bls12_381,4,current,20,2048,20,287891646
griffin,,bls12_381,4,original,11,4096,20,316700891
griffin,,bn254,3,current,20,2048,20,280753158
griffin,,bn254,3,original,14,4096,20,392969028
griffin,,bn254,4,current,20,2048,20,282619265
griffin,,bn254,4,original,11,4096,20,311339173
griffin,,goldilocks,8,single,8,131072,20,284408348
griffin,,goldilocks,12,single,8,131072,20,301756439
arion,,bls12_381,3,single,11,4096,20,342800165
arion,,bls12_381,4,single,10,4096,20,330080920
arion,,bn254,3,single,11,4096,20,333122093
arion,,bn254,4,single,10,4096,20,320896751
grendel,native,bls12_381,3,current,24,256,20,265570561
grendel,native,bls12_381,3,original,14,512,20,298560849
grendel,native,bls12_381,4,current,23,256,20,341164108
grendel,native,bls12_381,4,original,12,512,20,339998870
grendel,native,bn254,3,current,24,256,20,262676194
grendel,native,bn254,3,original,14,512,20,293368608
grendel,native,bn254,4,current,23,256,20,337010276
grendel,native,bn254,4,original,12,512,20,336889171
xhash,XHash8,goldilocks,12,single,6,32768,20,284077519
xhash,XHash12,goldilocks,12,single,6,32768,20,371590235
xhash,XHash16,mersenne31,24,single,6,32768,20,301305648
xhash,XHash24,mersenne31,24,single,6,32768,20,364435867
reinforced_concrete,,bls12_381,3,single,7,131072,20,242390252
reinforced_concrete,,bn254,3,single,7,131072,20,243086704
skyscraper,,bls12_381,4,single,18,262144,20,326055640
skyscraper,,bn254,4,single,18,262144,20,317211255
monolith,,goldilocks,8,single,6,1048576,20,266031583
monolith,,goldilocks,12,single,6,524288,20,205358674
monolith,,mersenne31,16,single,6,524288,20,215412548
monolith,,mersenne31,24,single,6,262144,20,218622185
polocolo,,bls12_381,3,single,6,1024,20,264484052
polocolo,,bls12_381,4,single,5,1024,20,293610170
polocolo,,bn254,3,single,6,1024,20,237216056
polocolo,,bn254,4,single,5,1024,20,264311499
tip4p,,goldilocks,12,single,5,262144,20,333198976
plain,sha256_compress,-,-,single,-,8388608,20,211697878
plain,keccak_f1600,-,-,single,-,524288,20,203694415
plain,blake2b_compress,-,-,single,-,2097152,20,241157870
plain,blake3_compress,-,-,single,-,4194304,20,273376025
gmimc,,bls12_381,3,single,228,16384,21,262225141
gmimc,,bls12_381,4,single,231,16384,21,269380149
gmimc,,bn254,3,single,228,16384,21,250675482
gmimc,,bn254,4,single,231,16384,21,258090786
gmimc,,goldilocks,8,single,68,524288,21,337429089
gmimc,,goldilocks,12,single,93,262144,21,235681869
gmimc,,mersenne31,16,single,158,262144,21,268001393
gmimc,,mersenne31,24,single,335,131072,21,325589649
gmimc,,koalabear,16,single,158,262144,21,305795426
gmimc,,koalabear,24,single,335,131072,21,333955439
gmimc,,babybear,16,single,158,131072,21,246894638
gmimc,,babybear,24,single,335,65536,21,259713788
gmimc2,alpha=8,bls12_381,3,single,63,32768,21,225506077
gmimc2,alpha=8,bls12_381,4,single,64,32768,21,231517338
gmimc2,alpha=8,bn254,3,single,63,32768,21,220641157
gmimc2,alpha=8,bn254,4,single,64,32768,21,224950398
gmimc2,alpha=4,goldilocks,8,single,88,262144,21,294240127
gmimc2,alpha=4,goldilocks,12,single,96,262144,21,361782500
gmimc2,alpha=2,mersenne31,16,single,176,65536,21,202135603
gmimc2,alpha=2,mersenne31,24,single,264,32768,21,224109027
gmimc2,alpha=2,koalabear,16,single,176,131072,21,291869147
gmimc2,alpha=2,koalabear,24,single,264,65536,21,235891019
gmimc2,alpha=2,babybear,16,single,176,131072,21,290893434
gmimc2,alpha=2,babybear,24,single,264,65536,21,235646432
poseidon,,bls12_381,3,single,8+56,16384,21,255567272
poseidon,,bls12_381,4,single,8+56,16384,21,382042693
poseidon,,bn254,3,single,8+56,16384,21,245374067
poseidon,,bn254,4,single,8+56,16384,21,370017586
poseidon,,goldilocks,8,single,8+22,131072,21,324198229
poseidon,,goldilocks,12,single,8+22,65536,21,309647873
poseidon,,mersenne31,16,single,8+14,65536,21,326871594
poseidon,,mersenne31,24,single,8+22,16384,21,226083124
poseidon,,koalabear,16,single,8+20,32768,21,251971914
poseidon,,koalabear,24,single,8+23,16384,21,304038083
poseidon,,babybear,16,single,8+13,32768,21,202254475
poseidon,,babybear,24,single,8+21,16384,21,288397721
poseidon2,,bls12_381,3,single,8+56,65536,21,317593429
poseidon2,,bls12_381,4,single,8+56,32768,21,286806648
poseidon2,,bn254,3,single,8+56,65536,21,311469788
poseidon2,,bn254,4,single,8+56,32768,21,274902958
poseidon2,,goldilocks,8,single,8+22,524288,21,391907975
poseidon2,,goldilocks,12,single,8+22,262144,21,272869078
poseidon2,,mersenne31,16,single,8+14,262144,21,253654278
poseidon2,,mersenne31,24,single,8+22,131072,21,211024350
poseidon2,,koalabear,16,single,8+20,262144,21,280337401
poseidon2,,koalabear,24,single,8+23,131072,21,206418905
poseidon2,,babybear,16,single,8+13,262144,21,307924404
poseidon2,,babybear,24,single,8+21,131072,21,249725919
neptune,,bls12_381,4,single,6+69,32768,21,324911642
neptune,,bn254,4,single,6+69,32768,21,315590387
neptune,,goldilocks,8,single,6+38,262144,21,319620186
neptune,,goldilocks,12,single,6+42,131072,21,303368943
psquarehash,,mersenne31,16,single,52,262144,21,244469648
psquarehash,,mersenne31,24,single,52,262144,21,355735291
psquarehash,,koalabear,16,single,52,262144,21,312573230
psquarehash,,koalabear,24,single,52,131072,21,231298058
psquarehash,,babybear,16,single,52,262144,21,312077794
psquarehash,,babybear,24,single,52,131072,21,233202025
rescue_prime,,bls12_381,3,current,16,1024,21,345065437
rescue_prime,,bls12_381,3,original,14,1024,21,301843303
rescue_prime,,bls12_381,4,current,13,1024,21,376110019
rescue_prime,,bls12_381,4,original,11,1024,21,317961427
rescue_prime,,bn254,3,current,16,1024,21,338116623
rescue_prime,,bn254,3,original,14,1024,21,295826029
rescue_prime,,bn254,4,current,13,1024,21,366362798
rescue_prime,,bn254,4,original,11,1024,21,310037792
rescue_prime,,goldilocks,8,single,8,16384,21,252991549
rescue_prime,,goldilocks,12,single,8,16384,21,394083460
rescue_prime,,mersenne31,16,single,8,16384,21,329706281
rescue_prime,,mersenne31,24,single,8,8192,21,265253790
rescue_prime,,koalabear,16,single,8,8192,21,223765775
rescue_prime,,koalabear,24,single,8,8192,21,364751837
rescue_prime,,babybear,16,single,8,8192,21,245219158
rescue_prime,,babybear,24,single,8,8192,21,392228284
anemoi,,bls12_381,4,current,20,1024,21,288689516
anemoi,,bls12_381,4,original,14,1024,21,201772003
anemoi,,bn254,4,current,20,1024,21,282736073
anemoi,,bn254,4,original,14,2048,21,395757077
anemoi,,goldilocks,8,single,11,32768,21,346506909
anemoi,,goldilocks,12,single,10,16384,21,238249546
anemoi,,mersenne31,16,single,10,32768,21,340954316
anemoi,,mersenne31,24,single,9,16384,21,240541778
anemoi,,koalabear,16,single,10,16384,21,245720014
anemoi,,koalabear,24,single,9,16384,21,344812605
anemoi,,babybear,16,single,9,16384,21,240988193
anemoi,,babybear,24,single,9,16384,21,374219226
griffin,,bls12_381,3,current,20,2048,21,286476201
griffin,,bls12_381,3,original,14,4096,21,400613491
griffin,,bls12_381,4,current,20,2048,21,287837865
griffin,,bls12_381,4,original,11,4096,21,317342079
griffin,,bn254,3,current,20,2048,21,280753759
griffin,,bn254,3,original,14,4096,21,393001739
griffin,,bn254,4,current,20,2048,21,282521843
griffin,,bn254,4,original,11,4096,21,311269965
griffin,,goldilocks,8,single,8,131072,21,284813064
griffin,,goldilocks,12,single,8,131072,21,302308933
arion,,bls12_381,3,single,11,4096,21,342726266
arion,,bls12_381,4,single,10,4096,21,330188271
arion,,bn254,3,single,11,4096,21,333195089
arion,,bn254,4,single,10,4096,21,320823624
grendel,native,bls12_381,3,current,24,256,21,266048835
grendel,native,bls12_381,3,original,14,512,21,299033212
grendel,native,bls12_381,4,current,23,256,21,340305434
grendel,native,bls12_381,4,original,12,512,21,339893223
grendel,native,bn254,3,current,24,256,21,263862931
grendel,native,bn254,3,original,14,512,21,294524889
grendel,native,bn254,4,current,23,256,21,337638170
grendel,native,bn254,4,original,12,512,21,337072954
xhash,XHash8,goldilocks,12,single,6,32768,21,284136570
xhash,XHash12,goldilocks,12,single,6,32768,21,371752268
xhash,XHash16,mersenne31,24,single,6,32768,21,301494741
xhash,XHash24,mersenne31,24,single,6,32768,21,363590869
reinforced_concrete,,bls12_381,3,single,7,131072,21,242176293
reinforced_concrete,,bn254,3,single,7,131072,21,244377565
skyscraper,,bls12_381,4,single,18,262144,21,325540588
skyscraper,,bn254,4,single,18,262144,21,317016952
monolith,,goldilocks,8,single,6,1048576,21,265950341
monolith,,goldilocks,12,single,6,524288,21,205007468
monolith,,mersenne31,16,single,6,524288,21,215042587
monolith,,mersenne31,24,single,6,262144,21,218317516
polocolo,,bls12_381,3,single,6,1024,21,263747646
polocolo,,bls12_381,4,single,5,1024,21,293318494
polocolo,,bn254,3,single,6,1024,21,237212098
polocolo,,bn254,4,single,5,1024,21,264306339
tip4p,,goldilocks,12,single,5,262144,21,332640011
plain,sha256_compress,-,-,single,-,8388608,21,211693730
plain,keccak_f1600,-,-,single,-,524288,21,203344601
plain,blake2b_compress,-,-,single,-,2097152,21,241257636
plain,blake3_compress,-,-,single,-,4194304,21,274010380
gmimc,,bls12_381,3,single,228,16384,22,261309821
gmimc,,bls12_381,4,single,231,16384,22,266607459
gmimc,,bn254,3,single,228,16384,22,250665754
gmimc,,bn254,4,single,231,16384,22,253839514
gmimc,,goldilocks,8,single,68,524288,22,337500082
gmimc,,goldilocks,12,single,93,262144,22,235222931
gmimc,,mersenne31,16,single,158,262144,22,271349549
gmimc,,mersenne31,24,single,335,131072,22,323830953
gmimc,,koalabear,16,single,158,262144,22,305909790
gmimc,,koalabear,24,single,335,131072,22,329581858
gmimc,,babybear,16,single,158,131072,22,246881513
gmimc,,babybear,24,single,335,65536,22,259761188
gmimc2,alpha=8,bls12_381,3,single,63,32768,22,225469828
gmimc2,alpha=8,bls12_381,4,single,64,32768,22,230308890
gmimc2,alpha=8,bn254,3,single,63,32768,22,220660534
gmimc2,alpha=8,bn254,4,single,64,32768,22,223711413
gmimc2,alpha=4,goldilocks,8,single,88,262144,22,294012602
gmimc2,alpha=4,goldilocks,12,single,96,262144,22,361261707
gmimc2,alpha=2,mersenne31,16,single,176,65536,22,201846472
gmimc2,alpha=2,mersenne31,24,single,264,32768,22,224019198
gmimc2,alpha=2,koalabear,16,single,176,131072,22,291062700
gmimc2,alpha=2,koalabear,24,single,264,65536,22,233801115
gmimc2,alpha=2,babybear,16,single,176,131072,22,290954678
gmimc2,alpha=2,babybear,24,single,264,65536,22,237058911
poseidon,,bls12_381,3,single,8+56,16384,22,256685862
poseidon,,bls12_381,4,single,8+56,16384,22,381027898
poseidon,,bn254,3,single,8+56,16384,22,246028450
poseidon,,bn254,4,single,8+56,16384,22,368767360
poseidon,,goldilocks,8,single,8+22,131072,22,324191647
poseidon,,goldilocks,12,single,8+22,65536,22,309535735
poseidon,,mersenne31,16,single,8+14,65536,22,324011961
poseidon,,mersenne31,24,single,8+22,16384,22,226155991
poseidon,,koalabear,16,single,8+20,32768,22,252586893
poseidon,,koalabear,24,single,8+23,16384,22,303711032
poseidon,,babybear,16,single,8+13,32768,22,201611363
poseidon,,babybear,24,single,8+21,16384,22,288180405
poseidon2,,bls12_381,3,single,8+56,65536,22,317174967
poseidon2,,bls12_381,4,single,8+56,32768,22,285787374
poseidon2,,bn254,3,single,8+56,65536,22,311151142
poseidon2,,bn254,4,single,8+56,32768,22,274195055
poseidon2,,goldilocks,8,single,8+22,524288,22,392110664
poseidon2,,goldilocks,12,single,8+22,262144,22,272630973
poseidon2,,mersenne31,16,single,8+14,262144,22,253736261
poseidon2,,mersenne31,24,single,8+22,131072,22,210964808
poseidon2,,koalabear,16,single,8+20,262144,22,279934900
poseidon2,,koalabear,24,single,8+23,131072,22,202373517
poseidon2,,babybear,16,single,8+13,262144,22,307427686
poseidon2,,babybear,24,single,8+21,131072,22,249121760
neptune,,bls12_381,4,single,6+69,32768,22,324354271
neptune,,bn254,4,single,6+69,32768,22,313088983
neptune,,goldilocks,8,single,6+38,262144,22,319281784
neptune,,goldilocks,12,single,6+42,131072,22,304266400
psquarehash,,mersenne31,16,single,52,262144,22,244348691
psquarehash,,mersenne31,24,single,52,262144,22,355396018
psquarehash,,koalabear,16,single,52,262144,22,312699866
psquarehash,,koalabear,24,single,52,131072,22,231547024
psquarehash,,babybear,16,single,52,262144,22,311733541
psquarehash,,babybear,24,single,52,131072,22,232429502
rescue_prime,,bls12_381,3,current,16,1024,22,345254220
rescue_prime,,bls12_381,3,original,14,1024,22,302023008
rescue_prime,,bls12_381,4,current,13,1024,22,375210809
rescue_prime,,bls12_381,4,original,11,1024,22,317638614
rescue_prime,,bn254,3,current,16,1024,22,338121654
rescue_prime,,bn254,3,original,14,1024,22,295816923
rescue_prime,,bn254,4,current,13,1024,22,367627861
rescue_prime,,bn254,4,original,11,1024,22,311063760
rescue_prime,,goldilocks,8,single,8,16384,22,252831631
rescue_prime,,goldilocks,12,single,8,16384,22,393875061
rescue_prime,,mersenne31,16,single,8,16384,22,328379902
rescue_prime,,mersenne31,24,single,8,8192,22,265479222
rescue_prime,,koalabear,16,single,8,8192,22,223663464
rescue_prime,,koalabear,24,single,8,8192,22,363933459
rescue_prime,,babybear,16,single,8,8192,22,244936610
rescue_prime,,babybear,24,single,8,8192,22,393561395
anemoi,,bls12_381,4,current,20,1024,22,288700497
anemoi,,bls12_381,4,original,14,1024,22,201666986
anemoi,,bn254,4,current,20,1024,22,282686731
anemoi,,bn254,4,original,14,2048,22,395773218
anemoi,,goldilocks,8,single,11,32768,22,346920833
anemoi,,goldilocks,12,single,10,16384,22,238332792
anemoi,,mersenne31,16,single,10,32768,22,341417321
anemoi,,mersenne31,24,single,9,16384,22,240199830
anemoi,,koalabear,16,single,10,16384,22,245800945
anemoi,,koalabear,24,single,9,16384,22,344904216
anemoi,,babybear,16,single,9,16384,22,240794561
anemoi,,babybear,24,single,9,16384,22,374027117
griffin,,bls12_381,3,current,20,2048,22,285631403
griffin,,bls12_381,3,original,14,4096,22,400615234
griffin,,bls12_381,4,current,20,2048,22,287798492
griffin,,bls12_381,4,original,11,4096,22,316962791
griffin,,bn254,3,current,20,2048,22,280770220
griffin,,bn254,3,original,14,4096,22,392997632
griffin,,bn254,4,current,20,2048,22,282572167
griffin,,bn254,4,original,11,4096,22,311355535
griffin,,goldilocks,8,single,8,131072,22,283828705
griffin,,goldilocks,12,single,8,131072,22,301193388
arion,,bls12_381,3,single,11,4096,22,341887800
arion,,bls12_381,4,single,10,4096,22,330047868
arion,,bn254,3,single,11,4096,22,333105852
arion,,bn254,4,single,10,4096,22,320851587
grendel,native,bls12_381,3,current,24,256,22,264968708
grendel,native,bls12_381,3,original,14,512,22,298132809
grendel,native,bls12_381,4,current,23,256,22,341106931
grendel,native,bls12_381,4,original,12,512,22,340610183
grendel,native,bn254,3,current,24,256,22,262996552
grendel,native,bn254,3,original,14,512,22,293532475
grendel,native,bn254,4,current,23,256,22,337390237
grendel,native,bn254,4,original,12,512,22,338820949
xhash,XHash8,goldilocks,12,single,6,32768,22,283779423
xhash,XHash12,goldilocks,12,single,6,32768,22,371093146
xhash,XHash16,mersenne31,24,single,6,32768,22,302059496
xhash,XHash24,mersenne31,24,single,6,32768,22,363283215
reinforced_concrete,,bls12_381,3,single,7,131072,22,242494958
reinforced_concrete,,bn254,3,single,7,131072,22,243475430
skyscraper,,bls12_381,4,single,18,262144,22,325284419
skyscraper,,bn254,4,single,18,262144,22,316733202
monolith,,goldilocks,8,single,6,1048576,22,266069954
monolith,,goldilocks,12,single,6,524288,22,205193937
monolith,,mersenne31,16,single,6,524288,22,214778734
monolith,,mersenne31,24,single,6,262144,22,218453540
polocolo,,bls12_381,3,single,6,1024,22,263777672
polocolo,,bls12_381,4,single,5,1024,22,294137425
polocolo,,bn254,3,single,6,1024,22,237115738
polocolo,,bn254,4,single,5,1024,22,264227403
tip4p,,goldilocks,12,single,5,262144,22,332112556
plain,sha256_compress,-,-,single,-,8388608,22,211708729
plain,keccak_f1600,-,-,single,-,524288,22,203229917
plain,blake2b_compress,-,-,single,-,2097152,22,240633160
plain,blake3_compress,-,-,single,-,4194304,22,272535314
gmimc,,bls12_381,3,single,228,16384,23,261455543
gmimc,,bls12_381,4,single,231,16384,23,266682529
gmimc,,bn254,3,single,228,16384,23,251459557
gmimc,,bn254,4,single,231,16384,23,256043512
gmimc,,goldilocks,8,single,68,524288,23,337371522
gmimc,,goldilocks,12,single,93,262144,23,235066188
gmimc,,mersenne31,16,single,158,262144,23,268976585
gmimc,,mersenne31,24,single,335,131072,23,313055852
gmimc,,koalabear,16,single,158,262144,23,306127337
gmimc,,koalabear,24,single,335,131072,23,330886285
gmimc,,babybear,16,single,158,131072,23,246570764
gmimc,,babybear,24,single,335,65536,23,259773110
gmimc2,alpha=8,bls12_381,3,single,63,32768,23,225759500
gmimc2,alpha=8,bls12_381,4,single,64,32768,23,231947431
gmimc2,alpha=8,bn254,3,single,63,32768,23,220445562
gmimc2,alpha=8,bn254,4,single,64,32768,23,224653604
gmimc2,alpha=4,goldilocks,8,single,88,262144,23,293613907
gmimc2,alpha=4,goldilocks,12,single,96,262144,23,363182356
gmimc2,alpha=2,mersenne31,16,single,176,65536,23,201670463
gmimc2,alpha=2,mersenne31,24,single,264,32768,23,224237206
gmimc2,alpha=2,koalabear,16,single,176,131072,23,291115970
gmimc2,alpha=2,koalabear,24,single,264,65536,23,234278978
gmimc2,alpha=2,babybear,16,single,176,131072,23,290671359
gmimc2,alpha=2,babybear,24,single,264,65536,23,236288833
poseidon,,bls12_381,3,single,8+56,16384,23,254375937
poseidon,,bls12_381,4,single,8+56,16384,23,380576554
poseidon,,bn254,3,single,8+56,16384,23,245805223
poseidon,,bn254,4,single,8+56,16384,23,368410874
poseidon,,goldilocks,8,single,8+22,131072,23,324261628
poseidon,,goldilocks,12,single,8+22,65536,23,309414288
poseidon,,mersenne31,16,single,8+14,65536,23,323646990
poseidon,,mersenne31,24,single,8+22,16384,23,226089237
poseidon,,koalabear,16,single,8+20,32768,23,253906248
poseidon,,koalabear,24,single,8+23,16384,23,303600966
poseidon,,babybear,16,single,8+13,32768,23,201813721
poseidon,,babybear,24,single,8+21,16384,23,287931791
poseidon2,,bls12_381,3,single,8+56,65536,23,316679081
poseidon2,,bls12_381,4,single,8+56,32768,23,286245630
poseidon2,,bn254,3,single,8+56,65536,23,310893561
poseidon2,,bn254,4,single,8+56,32768,23,274112982
poseidon2,,goldilocks,8,single,8+22,524288,23,391767654
poseidon2,,goldilocks,12,single,8+22,262144,23,272656350
poseidon2,,mersenne31,16,single,8+14,262144,23,253237199
poseidon2,,mersenne31,24,single,8+22,131072,23,210839875
poseidon2,,koalabear,16,single,8+20,262144,23,281956627
poseidon2,,koalabear,24,single,8+23,131072,23,204171335
poseidon2,,babybear,16,single,8+13,262144,23,306582968
poseidon2,,babybear,24,single,8+21,131072,23,248402145
neptune,,bls12_381,4,single,6+69,32768,23,324290642
neptune,,bn254,4,single,6+69,32768,23,314542319
neptune,,goldilocks,8,single,6+38,262144,23,318978757
neptune,,goldilocks,12,single,6+42,131072,23,304513121
psquarehash,,mersenne31,16,single,52,262144,23,244346939
psquarehash,,mersenne31,24,single,52,262144,23,355187178
psquarehash,,koalabear,16,single,52,262144,23,312414924
psquarehash,,koalabear,24,single,52,131072,23,232144800
psquarehash,,babybear,16,single,52,262144,23,312497819
psquarehash,,babybear,24,single,52,131072,23,233175226
rescue_prime,,bls12_381,3,current,16,1024,23,344935003
rescue_prime,,bls12_381,3,original,14,1024,23,301754978
rescue_prime,,bls12_381,4,current,13,1024,23,375083321
rescue_prime,,bls12_381,4,original,11,1024,23,317589662
rescue_prime,,bn254,3,current,16,1024,23,338120010
rescue_prime,,bn254,3,original,14,1024,23,295874501
rescue_prime,,bn254,4,current,13,1024,23,367719714
rescue_prime,,bn254,4,original,11,1024,23,311152907
rescue_prime,,goldilocks,8,single,8,16384,23,252908104
rescue_prime,,goldilocks,12,single,8,16384,23,395403707
rescue_prime,,mersenne31,16,single,8,16384,23,328426700
rescue_prime,,mersenne31,24,single,8,8192,23,265175453
rescue_prime,,koalabear,16,single,8,8192,23,224671638
rescue_prime,,koalabear,24,single,8,8192,23,361338351
rescue_prime,,babybear,16,single,8,8192,23,245115404
rescue_prime,,babybear,24,single,8,8192,23,395157898
anemoi,,bls12_381,4,current,20,1024,23,288266436
anemoi,,bls12_381,4,original,14,1024,23,201845080
anemoi,,bn254,4,current,20,1024,23,282849796
anemoi,,bn254,4,original,14,2048,23,396025699
anemoi,,goldilocks,8,single,11,32768,23,346894264
anemoi,,goldilocks,12,single,10,16384,23,238342791
anemoi,,mersenne31,16,single,10,32768,23,342279642
anemoi,,mersenne31,24,single,9,16384,23,239891213
anemoi,,koalabear,16,single,10,16384,23,246745480
anemoi,,koalabear,24,single,9,16384,23,345045630
anemoi,,babybear,16,single,9,16384,23,241553700
anemoi,,babybear,24,single,9,16384,23,374195333
griffin,,bls12_381,3,current,20,2048,23,285928347
griffin,,bls12_381,3,original,14,4096,23,399863169
griffin,,bls12_381,4,current,20,2048,23,288016459
griffin,,bls12_381,4,original,11,4096,23,316602017
griffin,,bn254,3,current,20,2048,23,280761014
griffin,,bn254,3,original,14,4096,23,392918614
griffin,,bn254,4,current,20,2048,23,282562469
griffin,,bn254,4,original,11,4096,23,311310621
griffin,,goldilocks,8,single,8,131072,23,282022981
griffin,,goldilocks,12,single,8,131072,23,301443977
arion,,bls12_381,3,single,11,4096,23,341865940
arion,,bls12_381,4,single,10,4096,23,329973860
arion,,bn254,3,single,11,4096,23,333098699
arion,,bn254,4,single,10,4096,23,320805692
grendel,native,bls12_381,3,current,24,256,23,264688964
grendel,native,bls12_381,3,original,14,512,23,298028586
grendel,native,bls12_381,4,current,23,256,23,340665807
grendel,native,bls12_381,4,original,12,512,23,339671770
grendel,native,bn254,3,current,24,256,23,263425213
grendel,native,bn254,3,original,14,512,23,293488402
grendel,native,bn254,4,current,23,256,23,336982906
grendel,native,bn254,4,original,12,512,23,336904830
xhash,XHash8,goldilocks,12,single,6,32768,23,283726364
xhash,XHash12,goldilocks,12,single,6,32768,23,370908300
xhash,XHash16,mersenne31,24,single,6,32768,23,302272735
xhash,XHash24,mersenne31,24,single,6,32768,23,361072274
reinforced_concrete,,bls12_381,3,single,7,131072,23,242441008
reinforced_concrete,,bn254,3,single,7,131072,23,243741056
skyscraper,,bls12_381,4,single,18,262144,23,325012431
skyscraper,,bn254,4,single,18,262144,23,316229622
monolith,,goldilocks,8,single,6,1048576,23,265451459
monolith,,goldilocks,12,single,6,524288,23,205849882
monolith,,mersenne31,16,single,6,524288,23,214971644
monolith,,mersenne31,24,single,6,262144,23,218605695
polocolo,,bls12_381,3,single,6,1024,23,263683917
polocolo,,bls12_381,4,single,5,1024,23,293216454
polocolo,,bn254,3,single,6,1024,23,237122340
polocolo,,bn254,4,single,5,1024,23,264205632
tip4p,,goldilocks,12,single,5,262144,23,332128606
plain,sha256_compress,-,-,single,-,8388608,23,211623059
plain,keccak_f1600,-,-,single,-,524288,23,203393342
plain,blake2b_compress,-,-,single,-,2097152,23,239985419
plain,blake3_compress,-,-,single,-,4194304,23,273579055
gmimc,,bls12_381,3,single,228,16384,24,260774501
gmimc,,bls12_381,4,single,231,16384,24,269131225
gmimc,,bn254,3,single,228,16384,24,250240660
gmimc,,bn254,4,single,231,16384,24,256973850
gmimc,,goldilocks,8,single,68,524288,24,337262979
gmimc,,goldilocks,12,single,93,262144,24,235278224
gmimc,,mersenne31,16,single,158,262144,24,268198352
gmimc,,mersenne31,24,single,335,131072,24,324144349
gmimc,,koalabear,16,single,158,262144,24,305927944
gmimc,,koalabear,24,single,335,131072,24,331790675
gmimc,,babybear,16,single,158,131072,24,246453294
gmimc,,babybear,24,single,335,65536,24,259728587
gmimc2,alpha=8,bls12_381,3,single,63,32768,24,225216787
gmimc2,alpha=8,bls12_381,4,single,64,32768,24,231618948
gmimc2,alpha=8,bn254,3,single,63,32768,24,220430053
gmimc2,alpha=8,bn254,4,single,64,32768,24,224769861
gmimc2,alpha=4,goldilocks,8,single,88,262144,24,293697984
gmimc2,alpha=4,goldilocks,12,single,96,262144,24,361275574
gmimc2,alpha=2,mersenne31,16,single,176,65536,24,201514652
gmimc2,alpha=2,mersenne31,24,single,264,32768,24,223894196
gmimc2,alpha=2,koalabear,16,single,176,131072,24,290647114
gmimc2,alpha=2,koalabear,24,single,264,65536,24,233402971
gmimc2,alpha=2,babybear,16,single,176,131072,24,290340551
gmimc2,alpha=2,babybear,24,single,264,65536,24,239815743
poseidon,,bls12_381,3,single,8+56,16384,24,254706915
poseidon,,bls12_381,4,single,8+56,16384,24,381694653
poseidon,,bn254,3,single,8+56,16384,24,245831122
poseidon,,bn254,4,single,8+56,16384,24,369859021
poseidon,,goldilocks,8,single,8+22,131072,24,324568541
poseidon,,goldilocks,12,single,8+22,65536,24,309659226
poseidon,,mersenne31,16,single,8+14,65536,24,324005609
poseidon,,mersenne31,24,single,8+22,16384,24,227491527
poseidon,,koalabear,16,single,8+20,32768,24,252996479
poseidon,,koalabear,24,single,8+23,16384,24,303409769
poseidon,,babybear,16,single,8+13,32768,24,201588761
poseidon,,babybear,24,single,8+21,16384,24,287875415
poseidon2,,bls12_381,3,single,8+56,65536,24,316474128
poseidon2,,bls12_381,4,single,8+56,32768,24,286655336
poseidon2,,bn254,3,single,8+56,65536,24,310535282
poseidon2,,bn254,4,single,8+56,32768,24,274208601
poseidon2,,goldilocks,8,single,8+22,524288,24,391112920
poseidon2,,goldilocks,12,single,8+22,262144,24,272130348
poseidon2,,mersenne31,16,single,8+14,262144,24,252807055
poseidon2,,mersenne31,24,single,8+22,131072,24,210371821
poseidon2,,koalabear,16,single,8+20,262144,24,279323778
poseidon2,,koalabear,24,single,8+23,131072,24,206063812
poseidon2,,babybear,16,single,8+13,262144,24,307433266
poseidon2,,babybear,24,single,8+21,131072,24,247950411
neptune,,bls12_381,4,single,6+69,32768,24,324296944
neptune,,bn254,4,single,6+69,32768,24,314881342
neptune,,goldilocks,8,single,6+38,262144,24,318519880
neptune,,goldilocks,12,single,6+42,131072,24,303293292
psquarehash,,mersenne31,16,single,52,262144,24,244151603
psquarehash,,mersenne31,24,single,52,262144,24,354856240
psquarehash,,koalabear,16,single,52,262144,24,311984860
psquarehash,,koalabear,24,single,52,131072,24,231168537
psquarehash,,babybear,16,single,52,262144,24,311268573
psquarehash,,babybear,24,single,52,131072,24,232464517
rescue_prime,,bls12_381,3,current,16,1024,24,345150466
rescue_prime,,bls12_381,3,original,14,1024,24,301918573
rescue_prime,,bls12_381,4,current,13,1024,24,375785504
rescue_prime,,bls12_381,4,original,11,1024,24,317875136
rescue_prime,,bn254,3,current,16,1024,24,338007260
rescue_prime,,bn254,3,original,14,1024,24,295719220
rescue_prime,,bn254,4,current,13,1024,24,366238576
rescue_prime,,bn254,4,original,11,1024,24,309898212
rescue_prime,,goldilocks,8,single,8,16384,24,252738276
rescue_prime,,goldilocks,12,single,8,16384,24,393809088
rescue_prime,,mersenne31,16,single,8,16384,24,328035760
rescue_prime,,mersenne31,24,single,8,8192,24,265285238
rescue_prime,,koalabear,16,single,8,8192,24,224148661
rescue_prime,,koalabear,24,single,8,8192,24,363546186
rescue_prime,,babybear,16,single,8,8192,24,244924678
rescue_prime,,babybear,24,single,8,8192,24,393755077
anemoi,,bls12_381,4,current,20,1024,24,287911202
anemoi,,bls12_381,4,original,14,1024,24,202073506
anemoi,,bn254,4,current,20,1024,24,282588127
anemoi,,bn254,4,original,14,2048,24,395589695
anemoi,,goldilocks,8,single,11,32768,24,346565470
anemoi,,goldilocks,12,single,10,16384,24,238268231
anemoi,,mersenne31,16,single,10,32768,24,339979765
anemoi,,mersenne31,24,single,9,16384,24,240085587
anemoi,,koalabear,16,single,10,16384,24,245983576
anemoi,,koalabear,24,single,9,16384,24,344911750
anemoi,,babybear,16,single,9,16384,24,240548952
anemoi,,babybear,24,single,9,16384,24,373479054
griffin,,bls12_381,3,current,20,2048,24,286398686
griffin,,bls12_381,3,original,14,4096,24,401319711
griffin,,bls12_381,4,current,20,2048,24,287878170
griffin,,bls12_381,4,original,11,4096,24,316492473
griffin,,bn254,3,current,20,2048,24,280674983
griffin,,bn254,3,original,14,4096,24,393008041
griffin,,bn254,4,current,20,2048,24,282464566
griffin,,bn254,4,original,11,4096,24,311183784
griffin,,goldilocks,8,single,8,131072,24,282921239
griffin,,goldilocks,12,single,8,131072,24,301015475
arion,,bls12_381,3,single,11,4096,24,342361736
arion,,bls12_381,4,single,10,4096,24,330619136
arion,,bn254,3,single,11,4096,24,333027025
arion,,bn254,4,single,10,4096,24,320717076
grendel,native,bls12_381,3,current,24,256,24,264718029
grendel,native,bls12_381,3,original,14,512,24,298268874
grendel,native,bls12_381,4,current,23,256,24,340857295
grendel,native,bls12_381,4,original,12,512,24,340137120
grendel,native,bn254,3,current,24,256,24,263333251
grendel,native,bn254,3,original,14,512,24,294559985
grendel,native,bn254,4,current,23,256,24,336973328
grendel,native,bn254,4,original,12,512,24,336342560
xhash,XHash8,goldilocks,12,single,6,32768,24,283654219
xhash,XHash12,goldilocks,12,single,6,32768,24,370125899
xhash,XHash16,mersenne31,24,single,6,32768,24,301210851
xhash,XHash24,mersenne31,24,single,6,32768,24,363126792
reinforced_concrete,,bls12_381,3,single,7,131072,24,241950111
reinforced_concrete,,bn254,3,single,7,131072,24,243039115
skyscraper,,bls12_381,4,single,18,262144,24,324912744
skyscraper,,bn254,4,single,18,262144,24,315934921
monolith,,goldilocks,8,single,6,1048576,24,266259589
monolith,,goldilocks,12,single,6,524288,24,205049417
monolith,,mersenne31,16,single,6,524288,24,214922813
monolith,,mersenne31,24,single,6,262144,24,218487043
polocolo,,bls12_381,3,single,6,1024,24,263483693
polocolo,,bls12_381,4,single,5,1024,24,292951510
polocolo,,bn254,3,single,6,1024,24,236869287
polocolo,,bn254,4,single,5,1024,24,264078674
tip4p,,goldilocks,12,single,5,262144,24,331833936
plain,sha256_compress,-,-,single,-,8388608,24,211334720
plain,keccak_f1600,-,-,single,-,524288,24,203160878
plain,blake2b_compress,-,-,single,-,2097152,24,240421013
plain,blake3_compress,-,-,single,-,4194304,24,272239352
gmimc,,bls12_381,3,single,228,16384,25,260873396
gmimc,,bls12_381,4,single,231,16384,25,265871084
gmimc,,bn254,3,single,228,16384,25,249730317
gmimc,,bn254,4,single,231,16384,25,254164622
gmimc,,goldilocks,8,single,68,524288,25,337558391
gmimc,,goldilocks,12,single,93,262144,25,235062642
gmimc,,mersenne31,16,single,158,262144,25,267612647
gmimc,,mersenne31,24,single,335,131072,25,320681750
gmimc,,koalabear,16,single,158,262144,25,305861300
gmimc,,koalabear,24,single,335,131072,25,327970908
gmimc,,babybear,16,single,158,131072,25,246120161
gmimc,,babybear,24,single,335,65536,25,259775104
gmimc2,alpha=8,bls12_381,3,single,63,32768,25,224922627
gmimc2,alpha=8,bls12_381,4,single,64,32768,25,229704571
gmimc2,alpha=8,bn254,3,single,63,32768,25,220484125
gmimc2,alpha=8,bn254,4,single,64,32768,25,223378062
gmimc2,alpha=4,goldilocks,8,single,88,262144,25,293610511
gmimc2,alpha=4,goldilocks,12,single,96,262144,25,361195504
gmimc2,alpha=2,mersenne31,16,single,176,65536,25,201617605
gmimc2,alpha=2,mersenne31,24,single,264,32768,25,224233489
gmimc2,alpha=2,koalabear,16,single,176,131072,25,290248189
gmimc2,alpha=2,koalabear,24,single,264,65536,25,233024725
gmimc2,alpha=2,babybear,16,single,176,131072,25,290181173
gmimc2,alpha=2,babybear,24,single,264,65536,25,234996518
poseidon,,bls12_381,3,single,8+56,16384,25,254280068
poseidon,,bls12_381,4,single,8+56,16384,25,380248011
poseidon,,bn254,3,single,8+56,16384,25,245459538
poseidon,,bn254,4,single,8+56,16384,25,368559112
poseidon,,goldilocks,8,single,8+22,131072,25,324156081
poseidon,,goldilocks,12,single,8+22,65536,25,308777528
poseidon,,mersenne31,16,single,8+14,65536,25,324459397
poseidon,,mersenne31,24,single,8+22,16384,25,229163330
poseidon,,koalabear,16,single,8+20,32768,25,252323582
poseidon,,koalabear,24,single,8+23,16384,25,303148291
poseidon,,babybear,16,single,8+13,32768,25,201226664
poseidon,,babybear,24,single,8+21,16384,25,287746495
poseidon2,,bls12_381,3,single,8+56,65536,25,316407725
poseidon2,,bls12_381,4,single,8+56,32768,25,285411523
poseidon2,,bn254,3,single,8+56,65536,25,310139694
poseidon2,,bn254,4,single,8+56,32768,25,274597438
poseidon2,,goldilocks,8,single,8+22,524288,25,390617244
poseidon2,,goldilocks,12,single,8+22,262144,25,271822794
poseidon2,,mersenne31,16,single,8+14,262144,25,252924645
poseidon2,,mersenne31,24,single,8+22,131072,25,210610186
poseidon2,,koalabear,16,single,8+20,262144,25,279031823
poseidon2,,koalabear,24,single,8+23,131072,25,205780813
poseidon2,,babybear,16,single,8+13,262144,25,307186415
poseidon2,,babybear,24,single,8+21,131072,25,247789340
neptune,,bls12_381,4,single,6+69,32768,25,323912996
neptune,,bn254,4,single,6+69,32768,25,312231091
neptune,,goldilocks,8,single,6+38,262144,25,318321730
neptune,,goldilocks,12,single,6+42,131072,25,302986459
psquarehash,,mersenne31,16,single,52,262144,25,243854629
psquarehash,,mersenne31,24,single,52,262144,25,354792401
psquarehash,,koalabear,16,single,52,262144,25,311795668
psquarehash,,koalabear,24,single,52,131072,25,231900915
psquarehash,,babybear,16,single,52,262144,25,309257975
psquarehash,,babybear,24,single,52,131072,25,230774020
rescue_prime,,bls12_381,3,current,16,1024,25,344697891
rescue_prime,,bls12_381,3,original,14,1024,25,301717487
rescue_prime,,bls12_381,4,current,13,1024,25,374656594
rescue_prime,,bls12_381,4,original,11,1024,25,317072947
rescue_prime,,bn254,3,current,16,1024,25,337936829
rescue_prime,,bn254,3,original,14,1024,25,295646043
rescue_prime,,bn254,4,current,13,1024,25,367305920
rescue_prime,,bn254,4,original,11,1024,25,310912577
rescue_prime,,goldilocks,8,single,8,16384,25,252758825
rescue_prime,,goldilocks,12,single,8,16384,25,393726353
rescue_prime,,mersenne31,16,single,8,16384,25,327719258
rescue_prime,,mersenne31,24,single,8,8192,25,265030062
rescue_prime,,koalabear,16,single,8,8192,25,224826578
rescue_prime,,koalabear,24,single,8,8192,25,362470917
rescue_prime,,babybear,16,single,8,8192,25,245099675
rescue_prime,,babybear,24,single,8,8192,25,394114639
anemoi,,bls12_381,4,current,20,1024,25,287816776
anemoi,,bls12_381,4,original,14,1024,25,201419815
anemoi,,bn254,4,current,20,1024,25,282504832
anemoi,,bn254,4,original,14,2048,25,395439274
anemoi,,goldilocks,8,single,11,32768,25,346417163
anemoi,,goldilocks,12,single,10,16384,25,238281867
anemoi,,mersenne31,16,single,10,32768,25,340678861
anemoi,,mersenne31,24,single,9,16384,25,239582377
anemoi,,koalabear,16,single,10,16384,25,245831552
anemoi,,koalabear,24,single,9,16384,25,344887535
anemoi,,babybear,16,single,9,16384,25,239995599
anemoi,,babybear,24,single,9,16384,25,372994208
griffin,,bls12_381,3,current,20,2048,25,285195479
griffin,,bls12_381,3,original,14,4096,25,399357254
griffin,,bls12_381,4,current,20,2048,25,288262869
griffin,,bls12_381,4,original,11,4096,25,316243297
griffin,,bn254,3,current,20,2048,25,280630108
griffin,,bn254,3,original,14,4096,25,392682804
griffin,,bn254,4,current,20,2048,25,282347378
griffin,,bn254,4,original,11,4096,25,311222307
griffin,,goldilocks,8,single,8,131072,25,283213676
griffin,,goldilocks,12,single,8,131072,25,300714333
arion,,bls12_381,3,single,11,4096,25,341393076
arion,,bls12_381,4,single,10,4096,25,329713044
arion,,bn254,3,single,11,4096,25,332943489
arion,,bn254,4,single,10,4096,25,320601870
grendel,native,bls12_381,3,current,24,256,25,265461058
grendel,native,bls12_381,3,original,14,512,25,297697246
grendel,native,bls12_381,4,current,23,256,25,340404790
grendel,native,bls12_381,4,original,12,512,25,340095512
grendel,native,bn254,3,current,24,256,25,262962649
grendel,native,bn254,3,original,14,512,25,293498793
grendel,native,bn254,4,current,23,256,25,336542894
grendel,native,bn254,4,original,12,512,25,337162411
xhash,XHash8,goldilocks,12,single,6,32768,25,283412357
xhash,XHash12,goldilocks,12,single,6,32768,25,369920075
xhash,XHash16,mersenne31,24,single,6,32768,25,300692192
xhash,XHash24,mersenne31,24,single,6,32768,25,362343719
reinforced_concrete,,bls12_381,3,single,7,131072,25,242770954
reinforced_concrete,,bn254,3,single,7,131072,25,243032823
skyscraper,,bls12_381,4,single,18,262144,25,324813990
skyscraper,,bn254,4,single,18,262144,25,315471375
monolith,,goldilocks,8,single,6,1048576,25,266237498
monolith,,goldilocks,12,single,6,524288,25,204944310
monolith,,mersenne31,16,single,6,524288,25,215191596
monolith,,mersenne31,24,single,6,262144,25,218734746
polocolo,,bls12_381,3,single,6,1024,25,264284389
polocolo,,bls12_381,4,single,5,1024,25,292875328
polocolo,,bn254,3,single,6,1024,25,236733013
polocolo,,bn254,4,single,5,1024,25,263900091
tip4p,,goldilocks,12,single,5,262144,25,332158743
plain,sha256_compress,-,-,single,-,8388608,25,211412525
plain,keccak_f1600,-,-,single,-,524288,25,203370550
plain,blake2b_compress,-,-,single,-,2097152,25,240632368
plain,blake3_compress,-,-,single,-,4194304,25,273464661
gmimc,,bls12_381,3,single,228,16384,26,260678232
gmimc,,bls12_381,4,single,231,16384,26,265768322
gmimc,,bn254,3,single,228,16384,26,249580506
gmimc,,bn254,4,single,231,16384,26,253385286
gmimc,,goldilocks,8,single,68,524288,26,336951126
gmimc,,goldilocks,12,single,93,262144,26,236751758
gmimc,,mersenne31,16,single,158,262144,26,267197923
gmimc,,mersenne31,24,single,335,131072,26,312965262
gmimc,,koalabear,16,single,158,262144,26,305607947
gmimc,,koalabear,24,single,335,131072,26,341162295
gmimc,,babybear,16,single,158,131072,26,246196284
gmimc,,babybear,24,single,335,65536,26,259527852
gmimc2,alpha=8,bls12_381,3,single,63,32768,26,224983260
gmimc2,alpha=8,bls12_381,4,single,64,32768,26,231558175
gmimc2,alpha=8,bn254,3,single,63,32768,26,220513859
gmimc2,alpha=8,bn254,4,single,64,32768,26,224902911
gmimc2,alpha=4,goldilocks,8,single,88,262144,26,293555218
gmimc2,alpha=4,goldilocks,12,single,96,262144,26,360207018
gmimc2,alpha=2,mersenne31,16,single,176,65536,26,201620691
gmimc2,alpha=2,mersenne31,24,single,264,32768,26,223928720
gmimc2,alpha=2,koalabear,16,single,176,131072,26,290179911
gmimc2,alpha=2,koalabear,24,single,264,65536,26,234132253
gmimc2,alpha=2,babybear,16,single,176,131072,26,291130538
gmimc2,alpha=2,babybear,24,single,264,65536,26,236024199
poseidon,,bls12_381,3,single,8+56,16384,26,256304921
poseidon,,bls12_381,4,single,8+56,16384,26,382597331
poseidon,,bn254,3,single,8+56,16384,26,246321538
poseidon,,bn254,4,single,8+56,16384,26,368784493
poseidon,,goldilocks,8,single,8+22,131072,26,324507168
poseidon,,goldilocks,12,single,8+22,65536,26,309792845
poseidon,,mersenne31,16,single,8+14,65536,26,326118247
poseidon,,mersenne31,24,single,8+22,16384,26,226856981
poseidon,,koalabear,16,single,8+20,32768,26,253026095
poseidon,,koalabear,24,single,8+23,16384,26,303773389
poseidon,,babybear,16,single,8+13,32768,26,201033784
poseidon,,babybear,24,single,8+21,16384,26,288906652
poseidon2,,bls12_381,3,single,8+56,65536,26,319623221
poseidon2,,bls12_381,4,single,8+56,32768,26,286780490
poseidon2,,bn254,3,single,8+56,65536,26,310773407
poseidon2,,bn254,4,single,8+56,32768,26,274187993
poseidon2,,goldilocks,8,single,8+22,524288,26,391222656
poseidon2,,goldilocks,12,single,8+22,262144,26,272377489
poseidon2,,mersenne31,16,single,8+14,262144,26,253065999
poseidon2,,mersenne31,24,single,8+22,131072,26,210286672
poseidon2,,koalabear,16,single,8+20,262144,26,279462538
poseidon2,,koalabear,24,single,8+23,131072,26,203642518
poseidon2,,babybear,16,single,8+13,262144,26,306265755
poseidon2,,babybear,24,single,8+21,131072,26,248412765
neptune,,bls12_381,4,single,6+69,32768,26,324415005
neptune,,bn254,4,single,6+69,32768,26,312772132
neptune,,goldilocks,8,single,6+38,262144,26,318614778
neptune,,goldilocks,12,single,6+42,131072,26,303544501
psquarehash,,mersenne31,16,single,52,262144,26,244379669
psquarehash,,mersenne31,24,single,52,262144,26,354928515
psquarehash,,koalabear,16,single,52,262144,26,311542414
psquarehash,,koalabear,24,single,52,131072,26,231075904
psquarehash,,babybear,16,single,52,262144,26,310976016
psquarehash,,babybear,24,single,52,131072,26,232340496
rescue_prime,,bls12_381,3,current,16,1024,26,344853231
rescue_prime,,bls12_381,3,original,14,1024,26,301624083
rescue_prime,,bls12_381,4,current,13,1024,26,375215359
rescue_prime,,bls12_381,4,original,11,1024,26,317319257
rescue_prime,,bn254,3,current,16,1024,26,337883840
rescue_prime,,bn254,3,original,14,1024,26,295720613
rescue_prime,,bn254,4,current,13,1024,26,367529528
rescue_prime,,bn254,4,original,11,1024,26,311042200
rescue_prime,,goldilocks,8,single,8,16384,26,252800343
rescue_prime,,goldilocks,12,single,8,16384,26,394034499
rescue_prime,,mersenne31,16,single,8,16384,26,328254799
rescue_prime,,mersenne31,24,single,8,8192,26,265063414
rescue_prime,,koalabear,16,single,8,8192,26,224075074
rescue_prime,,koalabear,24,single,8,8192,26,363550084
rescue_prime,,babybear,16,single,8,8192,26,245050162
rescue_prime,,babybear,24,single,8,8192,26,394133354
anemoi,,bls12_381,4,current,20,1024,26,288451282
anemoi,,bls12_381,4,original,14,1024,26,201576638
anemoi,,bn254,4,current,20,1024,26,282905300
anemoi,,bn254,4,original,14,2048,26,395906778
anemoi,,goldilocks,8,single,11,32768,26,346427171
anemoi,,goldilocks,12,single,10,16384,26,238315740
anemoi,,mersenne31,16,single,10,32768,26,340983812
anemoi,,mersenne31,24,single,9,16384,26,239768494
anemoi,,koalabear,16,single,10,16384,26,248884978
anemoi,,koalabear,24,single,9,16384,26,344922551
anemoi,,babybear,16,single,9,16384,26,240491686
anemoi,,babybear,24,single,9,16384,26,373523317
griffin,,bls12_381,3,current,20,2048,26,285829494
griffin,,bls12_381,3,original,14,4096,26,400636214
griffin,,bls12_381,4,current,20,2048,26,287849887
griffin,,bls12_381,4,original,11,4096,26,316587530
griffin,,bn254,3,current,20,2048,26,280660375
griffin,,bn254,3,original,14,4096,26,392772882
griffin,,bn254,4,current,20,2048,26,282499722
griffin,,bn254,4,original,11,4096,26,311232645
griffin,,goldilocks,8,single,8,131072,26,283295218
griffin,,goldilocks,12,single,8,131072,26,301106526
arion,,bls12_381,3,single,11,4096,26,342282939
arion,,bls12_381,4,single,10,4096,26,329776783
arion,,bn254,3,single,11,4096,26,333051721
arion,,bn254,4,single,10,4096,26,320694434
grendel,native,bls12_381,3,current,24,256,26,264417317
grendel,native,bls12_381,3,original,14,512,26,297521087
grendel,native,bls12_381,4,current,23,256,26,339940071
grendel,native,bls12_381,4,original,12,512,26,339327176
grendel,native,bn254,3,current,24,256,26,262569255
grendel,native,bn254,3,original,14,512,26,293386132
grendel,native,bn254,4,current,23,256,26,337045443
grendel,native,bn254,4,original,12,512,26,336805285
xhash,XHash8,goldilocks,12,single,6,32768,26,283476787
xhash,XHash12,goldilocks,12,single,6,32768,26,369983704
xhash,XHash16,mersenne31,24,single,6,32768,26,301669177
xhash,XHash24,mersenne31,24,single,6,32768,26,363392139
reinforced_concrete,,bls12_381,3,single,7,131072,26,241659107
reinforced_concrete,,bn254,3,single,7,131072,26,243067629
skyscraper,,bls12_381,4,single,18,262144,26,325314556
skyscraper,,bn254,4,single,18,262144,26,316147117
monolith,,goldilocks,8,single,6,1048576,26,266023769
monolith,,goldilocks,12,single,6,524288,26,205712836
monolith,,mersenne31,16,single,6,524288,26,215085468
monolith,,mersenne31,24,single,6,262144,26,218329528
polocolo,,bls12_381,3,single,6,1024,26,264383385
polocolo,,bls12_381,4,single,5,1024,26,293112511
polocolo,,bn254,3,single,6,1024,26,236949989
polocolo,,bn254,4,single,5,1024,26,264081490
tip4p,,goldilocks,12,single,5,262144,26,332078193
plain,sha256_compress,-,-,single,-,8388608,26,211530335
plain,keccak_f1600,-,-,single,-,524288,26,203229657
plain,blake2b_compress,-,-,single,-,2097152,26,241609554
plain,blake3_compress,-,-,single,-,4194304,26,274116218
gmimc,,bls12_381,3,single,228,16384,27,260869539
gmimc,,bls12_381,4,single,231,16384,27,268824952
gmimc,,bn254,3,single,228,16384,27,250075462
gmimc,,bn254,4,single,231,16384,27,257042779
gmimc,,goldilocks,8,single,68,524288,27,337362576
gmimc,,goldilocks,12,single,93,262144,27,235674877
gmimc,,mersenne31,16,single,158,262144,27,268511657
gmimc,,mersenne31,24,single,335,131072,27,312111408
gmimc,,koalabear,16,single,158,262144,27,305965304
gmimc,,koalabear,24,single,335,131072,27,333049908
gmimc,,babybear,16,single,158,131072,27,246183520
gmimc,,babybear,24,single,335,65536,27,259609615
gmimc2,alpha=8,bls12_381,3,single,63,32768,27,225285685
gmimc2,alpha=8,bls12_381,4,single,64,32768,27,231880547
gmimc2,alpha=8,bn254,3,single,63,32768,27,220552071
gmimc2,alpha=8,bn254,4,single,64,32768,27,225006093
gmimc2,alpha=4,goldilocks,8,single,88,262144,27,293575025
gmimc2,alpha=4,goldilocks,12,single,96,262144,27,362047155
gmimc2,alpha=2,mersenne31,16,single,176,65536,27,201752748
gmimc2,alpha=2,mersenne31,24,single,264,32768,27,223914323
gmimc2,alpha=2,koalabear,16,single,176,131072,27,290586832
gmimc2,alpha=2,koalabear,24,single,264,65536,27,233188180
gmimc2,alpha=2,babybear,16,single,176,131072,27,290276762
gmimc2,alpha=2,babybear,24,single,264,65536,27,242988240
poseidon,,bls12_381,3,single,8+56,16384,27,256198652
poseidon,,bls12_381,4,single,8+56,16384,27,381628671
poseidon,,bn254,3,single,8+56,16384,27,245752175
poseidon,,bn254,4,single,8+56,16384,27,369692309
poseidon,,goldilocks,8,single,8+22,131072,27,324379248
poseidon,,goldilocks,12,single,8+22,65536,27,309460835
poseidon,,mersenne31,16,single,8+14,65536,27,322278604
poseidon,,mersenne31,24,single,8+22,16384,27,224961150
poseidon,,koalabear,16,single,8+20,32768,27,252287805
poseidon,,koalabear,24,single,8+23,16384,27,303314161
poseidon,,babybear,16,single,8+13,32768,27,201576248
poseidon,,babybear,24,single,8+21,16384,27,288213658
poseidon2,,bls12_381,3,single,8+56,65536,27,316567333
poseidon2,,bls12_381,4,single,8+56,32768,27,286468347
poseidon2,,bn254,3,single,8+56,65536,27,310277511
poseidon2,,bn254,4,single,8+56,32768,27,274233238
poseidon2,,goldilocks,8,single,8+22,524288,27,391180457
poseidon2,,goldilocks,12,single,8+22,262144,27,272025542
poseidon2,,mersenne31,16,single,8+14,262144,27,252803308
poseidon2,,mersenne31,24,single,8+22,131072,27,210488890
poseidon2,,koalabear,16,single,8+20,262144,27,279262744
poseidon2,,koalabear,24,single,8+23,131072,27,205300546
poseidon2,,babybear,16,single,8+13,262144,27,306732518
poseidon2,,babybear,24,single,8+21,131072,27,248061328
neptune,,bls12_381,4,single,6+69,32768,27,324228086
neptune,,bn254,4,single,6+69,32768,27,314644901
neptune,,goldilocks,8,single,6+38,262144,27,318461793
neptune,,goldilocks,12,single,6+42,131072,27,303779791
psquarehash,,mersenne31,16,single,52,262144,27,244256690
psquarehash,,mersenne31,24,single,52,262144,27,354868744
psquarehash,,koalabear,16,single,52,262144,27,312024175
psquarehash,,koalabear,24,single,52,131072,27,231101631
psquarehash,,babybear,16,single,52,262144,27,310747720
psquarehash,,babybear,24,single,52,131072,27,232473424
rescue_prime,,bls12_381,3,current,16,1024,27,344894809
rescue_prime,,bls12_381,3,original,14,1024,27,301511824
rescue_prime,,bls12_381,4,current,13,1024,27,375709402
rescue_prime,,bls12_381,4,original,11,1024,27,317783716
rescue_prime,,bn254,3,current,16,1024,27,337959191
rescue_prime,,bn254,3,original,14,1024,27,295672824
rescue_prime,,bn254,4,current,13,1024,27,366247483
rescue_prime,,bn254,4,original,11,1024,27,309903161
rescue_prime,,goldilocks,8,single,8,16384,27,252805703
rescue_prime,,goldilocks,12,single,8,16384,27,393952346
rescue_prime,,mersenne31,16,single,8,16384,27,328742401
rescue_prime,,mersenne31,24,single,8,8192,27,265228373
rescue_prime,,koalabear,16,single,8,8192,27,224066758
rescue_prime,,koalabear,24,single,8,8192,27,363726693
rescue_prime,,babybear,16,single,8,8192,27,244853526
rescue_prime,,babybear,24,single,8,8192,27,394245724
anemoi,,bls12_381,4,current,20,1024,27,287862722
anemoi,,bls12_381,4,original,14,1024,27,201573152
anemoi,,bn254,4,current,20,1024,27,282586324
anemoi,,bn254,4,original,14,2048,27,395614111
anemoi,,goldilocks,8,single,11,32768,27,347123252
anemoi,,goldilocks,12,single,10,16384,27,238270476
anemoi,,mersenne31,16,single,10,32768,27,342040456
anemoi,,mersenne31,24,single,9,16384,27,239570786
anemoi,,koalabear,16,single,10,16384,27,247065428
anemoi,,koalabear,24,single,9,16384,27,345053035
anemoi,,babybear,16,single,9,16384,27,241544283
anemoi,,babybear,24,single,9,16384,27,373449169
griffin,,bls12_381,3,current,20,2048,27,286315611
griffin,,bls12_381,3,original,14,4096,27,399821913
griffin,,bls12_381,4,current,20,2048,27,287704436
griffin,,bls12_381,4,original,11,4096,27,316652642
griffin,,bn254,3,current,20,2048,27,280706141
griffin,,bn254,3,original,14,4096,27,392860416
griffin,,bn254,4,current,20,2048,27,282427066
griffin,,bn254,4,original,11,4096,27,311161072
griffin,,goldilocks,8,single,8,131072,27,283794902
griffin,,goldilocks,12,single,8,131072,27,301608144
arion,,bls12_381,3,single,11,4096,27,341877802
arion,,bls12_381,4,single,10,4096,27,330111247
arion,,bn254,3,single,11,4096,27,333000076
arion,,bn254,4,single,10,4096,27,320710023
grendel,native,bls12_381,3,current,24,256,27,264379237
grendel,native,bls12_381,3,original,14,512,27,298137609
grendel,native,bls12_381,4,current,23,256,27,340777547
grendel,native,bls12_381,4,original,12,512,27,339593323
grendel,native,bn254,3,current,24,256,27,262404487
grendel,native,bn254,3,original,14,512,27,293803702
grendel,native,bn254,4,current,23,256,27,336902767
grendel,native,bn254,4,original,12,512,27,337849125
xhash,XHash8,goldilocks,12,single,6,32768,27,283617481
xhash,XHash12,goldilocks,12,single,6,32768,27,370383861
xhash,XHash16,mersenne31,24,single,6,32768,27,301445259
xhash,XHash24,mersenne31,24,single,6,32768,27,363484822
reinforced_concrete,,bls12_381,3,single,7,131072,27,241791825
reinforced_concrete,,bn254,3,single,7,131072,27,243643143
skyscraper,,bls12_381,4,single,18,262144,27,325098763
skyscraper,,bn254,4,single,18,262144,27,316069644
monolith,,goldilocks,8,single,6,1048576,27,266115690
monolith,,goldilocks,12,single,6,524288,27,205708058
monolith,,mersenne31,16,single,6,524288,27,214934195
monolith,,mersenne31,24,single,6,262144,27,218425659
polocolo,,bls12_381,3,single,6,1024,27,264109873
polocolo,,bls12_381,4,single,5,1024,27,293101971
polocolo,,bn254,3,single,6,1024,27,236997979
polocolo,,bn254,4,single,5,1024,27,264102339
tip4p,,goldilocks,12,single,5,262144,27,331911752
plain,sha256_compress,-,-,single,-,8388608,27,211482396
plain,keccak_f1600,-,-,single,-,524288,27,203224247
plain,blake2b_compress,-,-,single,-,2097152,27,240254172
plain,blake3_compress,-,-,single,-,4194304,27,272614042
gmimc,,bls12_381,3,single,228,16384,28,261020250
gmimc,,bls12_381,4,single,231,16384,28,266222601
gmimc,,bn254,3,single,228,16384,28,249916555
gmimc,,bn254,4,single,231,16384,28,253823905
gmimc,,goldilocks,8,single,68,524288,28,337086340
gmimc,,goldilocks,12,single,93,262144,28,236158059
gmimc,,mersenne31,16,single,158,262144,28,268426599
gmimc,,mersenne31,24,single,335,131072,28,318064339
gmimc,,koalabear,16,single,158,262144,28,305872060
gmimc,,koalabear,24,single,335,131072,28,330292356
gmimc,,babybear,16,single,158,131072,28,246342277
gmimc,,babybear,24,single,335,65536,28,259669417
gmimc2,alpha=8,bls12_381,3,single,63,32768,28,225539971
gmimc2,alpha=8,bls12_381,4,single,64,32768,28,230067239
gmimc2,alpha=8,bn254,3,single,63,32768,28,220580735
gmimc2,alpha=8,bn254,4,single,64,32768,28,223606298
gmimc2,alpha=4,goldilocks,8,single,88,262144,28,293598338
gmimc2,alpha=4,goldilocks,12,single,96,262144,28,361314457
gmimc2,alpha=2,mersenne31,16,single,176,65536,28,201672929
gmimc2,alpha=2,mersenne31,24,single,264,32768,28,223909845
gmimc2,alpha=2,koalabear,16,single,176,131072,28,290491243
gmimc2,alpha=2,koalabear,24,single,264,65536,28,235184680
gmimc2,alpha=2,babybear,16,single,176,131072,28,290326396
gmimc2,alpha=2,babybear,24,single,264,65536,28,234399684
poseidon,,bls12_381,3,single,8+56,16384,28,254558688
poseidon,,bls12_381,4,single,8+56,16384,28,380148776
poseidon,,bn254,3,single,8+56,16384,28,245690609
poseidon,,bn254,4,single,8+56,16384,28,368735962
poseidon,,goldilocks,8,single,8+22,131072,28,324281406
poseidon,,goldilocks,12,single,8+22,65536,28,309055127
poseidon,,mersenne31,16,single,8+14,65536,28,324950725
poseidon,,mersenne31,24,single,8+22,16384,28,227225560
poseidon,,koalabear,16,single,8+20,32768,28,252966794
poseidon,,koalabear,24,single,8+23,16384,28,303124597
poseidon,,babybear,16,single,8+13,32768,28,201403154
poseidon,,babybear,24,single,8+21,16384,28,288169696
poseidon2,,bls12_381,3,single,8+56,65536,28,316658713
poseidon2,,bls12_381,4,single,8+56,32768,28,285667370
poseidon2,,bn254,3,single,8+56,65536,28,310559578
poseidon2,,bn254,4,single,8+56,32768,28,274237906
poseidon2,,goldilocks,8,single,8+22,524288,28,391255778
poseidon2,,goldilocks,12,single,8+22,262144,28,271956884
poseidon2,,mersenne31,16,single,8+14,262144,28,253274208
poseidon2,,mersenne31,24,single,8+22,131072,28,210619454
poseidon2,,koalabear,16,single,8+20,262144,28,279169150
poseidon2,,koalabear,24,single,8+23,131072,28,202491477
poseidon2,,babybear,16,single,8+13,262144,28,306419283
poseidon2,,babybear,24,single,8+21,131072,28,247434397
neptune,,bls12_381,4,single,6+69,32768,28,323884845
neptune,,bn254,4,single,6+69,32768,28,312638553
neptune,,goldilocks,8,single,6+38,262144,28,318481128
neptune,,goldilocks,12,single,6+42,131072,28,303421292
psquarehash,,mersenne31,16,single,52,262144,28,244333414
psquarehash,,mersenne31,24,single,52,262144,28,354892488
psquarehash,,koalabear,16,single,52,262144,28,311760853
psquarehash,,koalabear,24,single,52,131072,28,231020811
psquarehash,,babybear,16,single,52,262144,28,311246191
psquarehash,,babybear,24,single,52,131072,28,231009460
rescue_prime,,bls12_381,3,current,16,1024,28,344827934
rescue_prime,,bls12_381,3,original,14,1024,28,301494642
rescue_prime,,bls12_381,4,current,13,1024,28,374929675
rescue_prime,,bls12_381,4,original,11,1024,28,317253945
rescue_prime,,bn254,3,current,16,1024,28,338045291
rescue_prime,,bn254,3,original,14,1024,28,295710635
rescue_prime,,bn254,4,current,13,1024,28,367511896
rescue_prime,,bn254,4,original,11,1024,28,310974554
rescue_prime,,goldilocks,8,single,8,16384,28,252860135
rescue_prime,,goldilocks,12,single,8,16384,28,396253986
rescue_prime,,mersenne31,16,single,8,16384,28,328450324
rescue_prime,,mersenne31,24,single,8,8192,28,265396968
rescue_prime,,koalabear,16,single,8,8192,28,224516439
rescue_prime,,koalabear,24,single,8,8192,28,361205353
rescue_prime,,babybear,16,single,8,8192,28,245006632
rescue_prime,,babybear,24,single,8,8192,28,393586072
anemoi,,bls12_381,4,current,20,1024,28,287861360
anemoi,,bls12_381,4,original,14,1024,28,201754571
anemoi,,bn254,4,current,20,1024,28,282620798
anemoi,,bn254,4,original,14,2048,28,395680064
anemoi,,goldilocks,8,single,11,32768,28,346551835
anemoi,,goldilocks,12,single,10,16384,28,238297367
anemoi,,mersenne31,16,single,10,32768,28,340259077
anemoi,,mersenne31,24,single,9,16384,28,239523928
anemoi,,koalabear,16,single,10,16384,28,245527875
anemoi,,koalabear,24,single,9,16384,28,344996699
anemoi,,babybear,16,single,9,16384,28,240659669
anemoi,,babybear,24,single,9,16384,28,373719945
griffin,,bls12_381,3,current,20,2048,28,285471174
griffin,,bls12_381,3,original,14,4096,28,399752192
griffin,,bls12_381,4,current,20,2048,28,288072264
griffin,,bls12_381,4,original,11,4096,28,316928948
griffin,,bn254,3,current,20,2048,28,280704028
griffin,,bn254,3,original,14,4096,28,392824739
griffin,,bn254,4,current,20,2048,28,282528025
griffin,,bn254,4,original,11,4096,28,311256049
griffin,,goldilocks,8,single,8,131072,28,284173640
griffin,,goldilocks,12,single,8,131072,28,301413379
arion,,bls12_381,3,single,11,4096,28,342048220
arion,,bls12_381,4,single,10,4096,28,329890696
arion,,bn254,3,single,11,4096,28,333098840
arion,,bn254,4,single,10,4096,28,320753795
grendel,native,bls12_381,3,current,24,256,28,265135941
grendel,native,bls12_381,3,original,14,512,28,297499287
grendel,native,bls12_381,4,current,23,256,28,340885127
grendel,native,bls12_381,4,original,12,512,28,339653527
grendel,native,bn254,3,current,24,256,28,262949906
grendel,native,bn254,3,original,14,512,28,294858864
grendel,native,bn254,4,current,23,256,28,336569945
grendel,native,bn254,4,original,12,512,28,337269602
xhash,XHash8,goldilocks,12,single,6,32768,28,283578748
xhash,XHash12,goldilocks,12,single,6,32768,28,370688230
xhash,XHash16,mersenne31,24,single,6,32768,28,301407529
xhash,XHash24,mersenne31,24,single,6,32768,28,363140138
reinforced_concrete,,bls12_381,3,single,7,131072,28,242021023
reinforced_concrete,,bn254,3,single,7,131072,28,243839471
skyscraper,,bls12_381,4,single,18,262144,28,325122136
skyscraper,,bn254,4,single,18,262144,28,316373270
monolith,,goldilocks,8,single,6,1048576,28,265895420
monolith,,goldilocks,12,single,6,524288,28,205047384
monolith,,mersenne31,16,single,6,524288,28,214938003
monolith,,mersenne31,24,single,6,262144,28,218169049
polocolo,,bls12_381,3,single,6,1024,28,263557592
polocolo,,bls12_381,4,single,5,1024,28,293127228
polocolo,,bn254,3,single,6,1024,28,236987058
polocolo,,bn254,4,single,5,1024,28,264148526
tip4p,,goldilocks,12,single,5,262144,28,331523006
plain,sha256_compress,-,-,single,-,8388608,28,211529985
plain,keccak_f1600,-,-,single,-,524288,28,203385688
plain,blake2b_compress,-,-,single,-,2097152,28,240702049
plain,blake3_compress,-,-,single,-,4194304,28,271933711
gmimc,,bls12_381,3,single,228,16384,29,260563377
gmimc,,bls12_381,4,single,231,16384,29,266313801
gmimc,,bn254,3,single,228,16384,29,250802641
gmimc,,bn254,4,single,231,16384,29,253752442
gmimc,,goldilocks,8,single,68,524288,29,337209069
gmimc,,goldilocks,12,single,93,262144,29,235924523
gmimc,,mersenne31,16,single,158,262144,29,267959315
gmimc,,mersenne31,24,single,335,131072,29,316887421
gmimc,,koalabear,16,single,158,262144,29,305849608
gmimc,,koalabear,24,single,335,131072,29,335563835
gmimc,,babybear,16,single,158,131072,29,246438597
gmimc,,babybear,24,single,335,65536,29,259730391
gmimc2,alpha=8,bls12_381,3,single,63,32768,29,225323667
gmimc2,alpha=8,bls12_381,4,single,64,32768,29,231654054
gmimc2,alpha=8,bn254,3,single,63,32768,29,220590453
gmimc2,alpha=8,bn254,4,single,64,32768,29,224845062
gmimc2,alpha=4,goldilocks,8,single,88,262144,29,293866169
gmimc2,alpha=4,goldilocks,12,single,96,262144,29,361111598
gmimc2,alpha=2,mersenne31,16,single,176,65536,29,201708224
gmimc2,alpha=2,mersenne31,24,single,264,32768,29,223932858
gmimc2,alpha=2,koalabear,16,single,176,131072,29,290854613
gmimc2,alpha=2,koalabear,24,single,264,65536,29,233444991
gmimc2,alpha=2,babybear,16,single,176,131072,29,291475723
gmimc2,alpha=2,babybear,24,single,264,65536,29,239146824
poseidon,,bls12_381,3,single,8+56,16384,29,254300316
poseidon,,bls12_381,4,single,8+56,16384,29,380188440
poseidon,,bn254,3,single,8+56,16384,29,245501005
poseidon,,bn254,4,single,8+56,16384,29,368381009
poseidon,,goldilocks,8,single,8+22,131072,29,324150461
poseidon,,goldilocks,12,single,8+22,65536,29,310383950
poseidon,,mersenne31,16,single,8+14,65536,29,324356246
poseidon,,mersenne31,24,single,8+22,16384,29,226016972
poseidon,,koalabear,16,single,8+20,32768,29,252989196
poseidon,,koalabear,24,single,8+23,16384,29,303517422
poseidon,,babybear,16,single,8+13,32768,29,201609540
poseidon,,babybear,24,single,8+21,16384,29,288070911
poseidon2,,bls12_381,3,single,8+56,65536,29,316611836
poseidon2,,bls12_381,4,single,8+56,32768,29,286278753
poseidon2,,bn254,3,single,8+56,65536,29,310562915
poseidon2,,bn254,4,single,8+56,32768,29,274208712
poseidon2,,goldilocks,8,single,8+22,524288,29,391061876
poseidon2,,goldilocks,12,single,8+22,262144,29,272197444
poseidon2,,mersenne31,16,single,8+14,262144,29,252992352
poseidon2,,mersenne31,24,single,8+22,131072,29,210391658
poseidon2,,koalabear,16,single,8+20,262144,29,279588252
poseidon2,,koalabear,24,single,8+23,131072,29,203363637
poseidon2,,babybear,16,single,8+13,262144,29,306122137
poseidon2,,babybear,24,single,8+21,131072,29,248150325
neptune,,bls12_381,4,single,6+69,32768,29,324089397
neptune,,bn254,4,single,6+69,32768,29,312622012
neptune,,goldilocks,8,single,6+38,262144,29,318456943
neptune,,goldilocks,12,single,6+42,131072,29,303106894
psquarehash,,mersenne31,16,single,52,262144,29,244209162
psquarehash,,mersenne31,24,single,52,262144,29,355023253
psquarehash,,koalabear,16,single,52,262144,29,311798984
psquarehash,,koalabear,24,single,52,131072,29,231282911
psquarehash,,babybear,16,single,52,262144,29,311481902
psquarehash,,babybear,24,single,52,131072,29,231003318
rescue_prime,,bls12_381,3,current,16,1024,29,344910608
rescue_prime,,bls12_381,3,original,14,1024,29,301580212
rescue_prime,,bls12_381,4,current,13,1024,29,375019844
rescue_prime,,bls12_381,4,original,11,1024,29,317430797
rescue_prime,,bn254,3,current,16,1024,29,338030805
rescue_prime,,bn254,3,original,14,1024,29,295736514
rescue_prime,,bn254,4,current,13,1024,29,367627803
rescue_prime,,bn254,4,original,11,1024,29,311120997
rescue_prime,,goldilocks,8,single,8,16384,29,252813087
rescue_prime,,goldilocks,12,single,8,16384,29,394210529
rescue_prime,,mersenne31,16,single,8,16384,29,328562474
rescue_prime,,mersenne31,24,single,8,8192,29,264904738
rescue_prime,,koalabear,16,single,8,8192,29,223923791
rescue_prime,,koalabear,24,single,8,8192,29,362131724
rescue_prime,,babybear,16,single,8,8192,29,245100157
rescue_prime,,babybear,24,single,8,8192,29,394495341
anemoi,,bls12_381,4,current,20,1024,29,287998666
anemoi,,bls12_381,4,original,14,1024,29,201645647
anemoi,,bn254,4,current,20,1024,29,282793251
anemoi,,bn254,4,original,14,2048,29,395979494
anemoi,,goldilocks,8,single,11,32768,29,346388911
anemoi,,goldilocks,12,single,10,16384,29,238232886
anemoi,,mersenne31,16,single,10,32768,29,340227578
anemoi,,mersenne31,24,single,9,16384,29,239739470
anemoi,,koalabear,16,single,10,16384,29,246195643
anemoi,,koalabear,24,single,9,16384,29,344753766
anemoi,,babybear,16,single,9,16384,29,240555045
anemoi,,babybear,24,single,9,16384,29,374012401
griffin,,bls12_381,3,current,20,2048,29,286120357
griffin,,bls12_381,3,original,14,4096,29,400863699
griffin,,bls12_381,4,current,20,2048,29,287696402
griffin,,bls12_381,4,original,11,4096,29,316510506
griffin,,bn254,3,current,20,2048,29,280699869
griffin,,bn254,3,original,14,4096,29,392900141
griffin,,bn254,4,current,20,2048,29,282531431
griffin,,bn254,4,original,11,4096,29,311263423
griffin,,goldilocks,8,single,8,131072,29,283629002
griffin,,goldilocks,12,single,8,131072,29,301522123
arion,,bls12_381,3,single,11,4096,29,342864015
arion,,bls12_381,4,single,10,4096,29,329939547
arion,,bn254,3,single,11,4096,29,333214857
arion,,bn254,4,single,10,4096,29,320804390
grendel,native,bls12_381,3,current,24,256,29,265608283
grendel,native,bls12_381,3,original,14,512,29,299192140
grendel,native,bls12_381,4,current,23,256,29,340067450
grendel,native,bls12_381,4,original,12,512,29,340202953
grendel,native,bn254,3,current,24,256,29,262960767
grendel,native,bn254,3,original,14,512,29,293852023
grendel,native,bn254,4,current,23,256,29,336902056
grendel,native,bn254,4,original,12,512,29,337309336
xhash,XHash8,goldilocks,12,single,6,32768,29,283770416
xhash,XHash12,goldilocks,12,single,6,32768,29,370682119
xhash,XHash16,mersenne31,24,single,6,32768,29,301749067
xhash,XHash24,mersenne31,24,single,6,32768,29,363032407
reinforced_concrete,,bls12_381,3,single,7,131072,29,242637725
reinforced_concrete,,bn254,3,single,7,131072,29,243509094
skyscraper,,bls12_381,4,single,18,262144,29,325191506
skyscraper,,bn254,4,single,18,262144,29,316554248
monolith,,goldilocks,8,single,6,1048576,29,265824337
monolith,,goldilocks,12,single,6,524288,29,205360688
monolith,,mersenne31,16,single,6,524288,29,214850990
monolith,,mersenne31,24,single,6,262144,29,218090733
polocolo,,bls12_381,3,single,6,1024,29,263573552
polocolo,,bls12_381,4,single,5,1024,29,293199283
polocolo,,bn254,3,single,6,1024,29,237027935
polocolo,,bn254,4,single,5,1024,29,264144598
tip4p,,goldilocks,12,single,5,262144,29,332599797
plain,sha256_compress,-,-,single,-,8388608,29,211529565
plain,keccak_f1600,-,-,single,-,524288,29,203306781
plain,blake2b_compress,-,-,single,-,2097152,29,241240806
plain,blake3_compress,-,-,single,-,4194304,29,272716814
gmimc,,bls12_381,3,single,228,16384,30,261173908
gmimc,,bls12_381,4,single,231,16384,30,269034414
gmimc,,bn254,3,single,228,16384,30,250186990
gmimc,,bn254,4,single,231,16384,30,257849617
gmimc,,goldilocks,8,single,68,524288,30,337354220
gmimc,,goldilocks,12,single,93,262144,30,237232668
gmimc,,mersenne31,16,single,158,262144,30,267488796
gmimc,,mersenne31,24,single,335,131072,30,318113332
gmimc,,koalabear,16,single,158,262144,30,305912395
gmimc,,koalabear,24,single,335,131072,30,327212332
gmimc,,babybear,16,single,158,131072,30,246641486
gmimc,,babybear,24,single,335,65536,30,259688482
gmimc2,alpha=8,bls12_381,3,single,63,32768,30,225328466
gmimc2,alpha=8,bls12_381,4,single,64,32768,30,231718274
gmimc2,alpha=8,bn254,3,single,63,32768,30,220590553
gmimc2,alpha=8,bn254,4,single,64,32768,30,224990073
gmimc2,alpha=4,goldilocks,8,single,88,262144,30,293759369
gmimc2,alpha=4,goldilocks,12,single,96,262144,30,360457566
gmimc2,alpha=2,mersenne31,16,single,176,65536,30,201778836
gmimc2,alpha=2,mersenne31,24,single,264,32768,30,223937026
gmimc2,alpha=2,koalabear,16,single,176,131072,30,290730661
gmimc2,alpha=2,koalabear,24,single,264,65536,30,237923508
gmimc2,alpha=2,babybear,16,single,176,131072,30,290567967
gmimc2,alpha=2,babybear,24,single,264,65536,30,238040947
poseidon,,bls12_381,3,single,8+56,16384,30,255703277
poseidon,,bls12_381,4,single,8+56,16384,30,381832101
poseidon,,bn254,3,single,8+56,16384,30,246196825
poseidon,,bn254,4,single,8+56,16384,30,369677001
poseidon,,goldilocks,8,single,8+22,131072,30,324016541
poseidon,,goldilocks,12,single,8+22,65536,30,308868008
poseidon,,mersenne31,16,single,8+14,65536,30,321878346
poseidon,,mersenne31,24,single,8+22,16384,30,224505538
poseidon,,koalabear,16,single,8+20,32768,30,253124719
poseidon,,koalabear,24,single,8+23,16384,30,303334670
poseidon,,babybear,16,single,8+13,32768,30,201031410
poseidon,,babybear,24,single,8+21,16384,30,287728161
poseidon2,,bls12_381,3,single,8+56,65536,30,316742370
poseidon2,,bls12_381,4,single,8+56,32768,30,286688529
poseidon2,,bn254,3,single,8+56,65536,30,310437961
poseidon2,,bn254,4,single,8+56,32768,30,274227788
poseidon2,,goldilocks,8,single,8+22,524288,30,391311553
poseidon2,,goldilocks,12,single,8+22,262144,30,272327618
poseidon2,,mersenne31,16,single,8+14,262144,30,253149716
poseidon2,,mersenne31,24,single,8+22,131072,30,210334681
poseidon2,,koalabear,16,single,8+20,262144,30,279689261
poseidon2,,koalabear,24,single,8+23,131072,30,203624956
poseidon2,,babybear,16,single,8+13,262144,30,305943484
poseidon2,,babybear,24,single,8+21,131072,30,248141148
neptune,,bls12_381,4,single,6+69,32768,30,324245379
neptune,,bn254,4,single,6+69,32768,30,314765727
neptune,,goldilocks,8,single,6+38,262144,30,318413302
neptune,,goldilocks,12,single,6+42,131072,30,303635812
psquarehash,,mersenne31,16,single,52,262144,30,244375873
psquarehash,,mersenne31,24,single,52,262144,30,355127157
psquarehash,,koalabear,16,single,52,262144,30,312480227
psquarehash,,koalabear,24,single,52,131072,30,232055314
psquarehash,,babybear,16,single,52,262144,30,311398195
psquarehash,,babybear,24,single,52,131072,30,230877754
rescue_prime,,bls12_381,3,current,16,1024,30,344664158
rescue_prime,,bls12_381,3,original,14,1024,30,301356674
rescue_prime,,bls12_381,4,current,13,1024,30,375670880
rescue_prime,,bls12_381,4,original,11,1024,30,317763057
rescue_prime,,bn254,3,current,16,1024,30,338071381
rescue_prime,,bn254,3,original,14,1024,30,295786537
rescue_prime,,bn254,4,current,13,1024,30,366273522
rescue_prime,,bn254,4,original,11,1024,30,309969597
rescue_prime,,goldilocks,8,single,8,16384,30,252765789
rescue_prime,,goldilocks,12,single,8,16384,30,393986971
rescue_prime,,mersenne31,16,single,8,16384,30,328904784
rescue_prime,,mersenne31,24,single,8,8192,30,265551226
rescue_prime,,koalabear,16,single,8,8192,30,224304382
rescue_prime,,koalabear,24,single,8,8192,30,363132834
rescue_prime,,babybear,16,single,8,8192,30,245129131
rescue_prime,,babybear,24,single,8,8192,30,394237450
anemoi,,bls12_381,4,current,20,1024,30,288515442
anemoi,,bls12_381,4,original,14,1024,30,202116447
anemoi,,bn254,4,current,20,1024,30,282600290
anemoi,,bn254,4,original,14,2048,30,395664896
anemoi,,goldilocks,8,single,11,32768,30,346948937
anemoi,,goldilocks,12,single,10,16384,30,238256600
anemoi,,mersenne31,16,single,10,32768,30,342537755
anemoi,,mersenne31,24,single,9,16384,30,239867470
anemoi,,koalabear,16,single,10,16384,30,246539736
anemoi,,koalabear,24,single,9,16384,30,344717828
anemoi,,babybear,16,single,9,16384,30,241186985
anemoi,,babybear,24,single,9,16384,30,373833286
griffin,,bls12_381,3,current,20,2048,30,285855322
griffin,,bls12_381,3,original,14,4096,30,399925106
griffin,,bls12_381,4,current,20,2048,30,288354511
griffin,,bls12_381,4,original,11,4096,30,316763059
griffin,,bn254,3,current,20,2048,30,280718404
griffin,,bn254,3,original,14,4096,30,392955063
griffin,,bn254,4,current,20,2048,30,282469065
griffin,,bn254,4,original,11,4096,30,311195186
griffin,,goldilocks,8,single,8,131072,30,283477259
griffin,,goldilocks,12,single,8,131072,30,301360902
arion,,bls12_381,3,single,11,4096,30,341854589
arion,,bls12_381,4,single,10,4096,30,330020388
arion,,bn254,3,single,11,4096,30,333051892
arion,,bn254,4,single,10,4096,30,320747453
grendel,native,bls12_381,3,current,24,256,30,264960102
grendel,native,bls12_381,3,original,14,512,30,298362791
grendel,native,bls12_381,4,current,23,256,30,340369714
grendel,native,bls12_381,4,original,12,512,30,340612999
grendel,native,bn254,3,current,24,256,30,263508330
grendel,native,bn254,3,original,14,512,30,294120895
grendel,native,bn254,4,current,23,256,30,337127618
grendel,native,bn254,4,original,12,512,30,337093703
xhash,XHash8,goldilocks,12,single,6,32768,30,283713811
xhash,XHash12,goldilocks,12,single,6,32768,30,371134193
xhash,XHash16,mersenne31,24,single,6,32768,30,301510372
xhash,XHash24,mersenne31,24,single,6,32768,30,363277685
reinforced_concrete,,bls12_381,3,single,7,131072,30,241714371
reinforced_concrete,,bn254,3,single,7,131072,30,243595796
skyscraper,,bls12_381,4,single,18,262144,30,324905232
skyscraper,,bn254,4,single,18,262144,30,316395513
monolith,,goldilocks,8,single,6,1048576,30,265861457
monolith,,goldilocks,12,single,6,524288,30,205350911
monolith,,mersenne31,16,single,6,524288,30,214925549
monolith,,mersenne31,24,single,6,262144,30,218116852
polocolo,,bls12_381,3,single,6,1024,30,263604660
polocolo,,bls12_381,4,single,5,1024,30,293197820
polocolo,,bn254,3,single,6,1024,30,237081695
polocolo,,bn254,4,single,5,1024,30,264194391
tip4p,,goldilocks,12,single,5,262144,30,332190784
plain,sha256_compress,-,-,single,-,8388608,30,211588745
plain,keccak_f1600,-,-,single,-,524288,30,203527854
plain,blake2b_compress,-,-,single,-,2097152,30,240587285
plain,blake3_compress,-,-,single,-,4194304,30,270774545
gmimc,,bls12_381,3,single,228,16384,31,261040769
gmimc,,bls12_381,4,single,231,16384,31,266199478
gmimc,,bn254,3,single,228,16384,31,249933907
gmimc,,bn254,4,single,231,16384,31,256020319
gmimc,,goldilocks,8,single,68,524288,31,337185025
gmimc,,goldilocks,12,single,93,262144,31,235784782
gmimc,,mersenne31,16,single,158,262144,31,269981995
gmimc,,mersenne31,24,single,335,131072,31,317103895
gmimc,,koalabear,16,single,158,262144,31,306085459
gmimc,,koalabear,24,single,335,131072,31,335066907
gmimc,,babybear,16,single,158,131072,31,246452233
gmimc,,babybear,24,single,335,65536,31,259653367
gmimc2,alpha=8,bls12_381,3,single,63,32768,31,225052350
gmimc2,alpha=8,bls12_381,4,single,64,32768,31,230196641
gmimc2,alpha=8,bn254,3,single,63,32768,31,220517056
gmimc2,alpha=8,bn254,4,single,64,32768,31,223904665
gmimc2,alpha=4,goldilocks,8,single,88,262144,31,294002574
gmimc2,alpha=4,goldilocks,12,single,96,262144,31,360627383
gmimc2,alpha=2,mersenne31,16,single,176,65536,31,201503472
gmimc2,alpha=2,mersenne31,24,single,264,32768,31,225007637
gmimc2,alpha=2,koalabear,16,single,176,131072,31,290528564
gmimc2,alpha=2,koalabear,24,single,264,65536,31,233164807
gmimc2,alpha=2,babybear,16,single,176,131072,31,290447131
gmimc2,alpha=2,babybear,24,single,264,65536,31,234801054
poseidon,,bls12_381,3,single,8+56,16384,31,255798615
poseidon,,bls12_381,4,single,8+56,16384,31,380574531
poseidon,,bn254,3,single,8+56,16384,31,245001182
poseidon,,bn254,4,single,8+56,16384,31,368281684
poseidon,,goldilocks,8,single,8+22,131072,31,324089307
poseidon,,goldilocks,12,single,8+22,65536,31,309560161
poseidon,,mersenne31,16,single,8+14,65536,31,324874835
poseidon,,mersenne31,24,single,8+22,16384,31,227534478
poseidon,,koalabear,16,single,8+20,32768,31,253304796
poseidon,,koalabear,24,single,8+23,16384,31,302900058
poseidon,,babybear,16,single,8+13,32768,31,201036569
poseidon,,babybear,24,single,8+21,16384,31,287587198
poseidon2,,bls12_381,3,single,8+56,65536,31,316705061
poseidon2,,bls12_381,4,single,8+56,32768,31,285651872
poseidon2,,bn254,3,single,8+56,65536,31,310468679
poseidon2,,bn254,4,single,8+56,32768,31,274192382
poseidon2,,goldilocks,8,single,8+22,524288,31,391502850
poseidon2,,goldilocks,12,single,8+22,262144,31,272398720
poseidon2,,mersenne31,16,single,8+14,262144,31,253075147
poseidon2,,mersenne31,24,single,8+22,131072,31,210585330
poseidon2,,koalabear,16,single,8+20,262144,31,279715220
poseidon2,,koalabear,24,single,8+23,131072,31,201947652
poseidon2,,babybear,16,single,8+13,262144,31,306345234
poseidon2,,babybear,24,single,8+21,131072,31,248205789
neptune,,bls12_381,4,single,6+69,32768,31,323991805
neptune,,bn254,4,single,6+69,32768,31,312642770
neptune,,goldilocks,8,single,6+38,262144,31,318617253
neptune,,goldilocks,12,single,6+42,131072,31,303289565
psquarehash,,mersenne31,16,single,52,262144,31,243915223
psquarehash,,mersenne31,24,single,52,262144,31,354894171
psquarehash,,koalabear,16,single,52,262144,31,309121121
psquarehash,,koalabear,24,single,52,131072,31,231266209
psquarehash,,babybear,16,single,52,262144,31,311066566
psquarehash,,babybear,24,single,52,131072,31,232471722
rescue_prime,,bls12_381,3,current,16,1024,31,345147833
rescue_prime,,bls12_381,3,original,14,1024,31,302072762
rescue_prime,,bls12_381,4,current,13,1024,31,377241585
rescue_prime,,bls12_381,4,original,11,1024,31,317377928
rescue_prime,,bn254,3,current,16,1024,31,338054599
rescue_prime,,bn254,3,original,14,1024,31,295782279
rescue_prime,,bn254,4,current,13,1024,31,367581747
rescue_prime,,bn254,4,original,11,1024,31,311047139
rescue_prime,,goldilocks,8,single,8,16384,31,252848222
rescue_prime,,goldilocks,12,single,8,16384,31,393986390
rescue_prime,,mersenne31,16,single,8,16384,31,328593122
rescue_prime,,mersenne31,24,single,8,8192,31,265249242
rescue_prime,,koalabear,16,single,8,8192,31,224172055
rescue_prime,,koalabear,24,single,8,8192,31,363244714
rescue_prime,,babybear,16,single,8,8192,31,245000390
rescue_prime,,babybear,24,single,8,8192,31,393531440
anemoi,,bls12_381,4,current,20,1024,31,287936410
anemoi,,bls12_381,4,original,14,1024,31,202400389
anemoi,,bn254,4,current,20,1024,31,282652438
anemoi,,bn254,4,original,14,2048,31,395751298
anemoi,,goldilocks,8,single,11,32768,31,346685806
anemoi,,goldilocks,12,single,10,16384,31,238374801
anemoi,,mersenne31,16,single,10,32768,31,339808516
anemoi,,mersenne31,24,single,9,16384,31,239477651
anemoi,,koalabear,16,single,10,16384,31,246042678
anemoi,,koalabear,24,single,9,16384,31,344901051
anemoi,,babybear,16,single,9,16384,31,240679807
anemoi,,babybear,24,single,9,16384,31,373782823
griffin,,bls12_381,3,current,20,2048,31,285467267
griffin,,bls12_381,3,original,14,4096,31,399951275
griffin,,bls12_381,4,current,20,2048,31,287764318
griffin,,bls12_381,4,original,11,4096,31,316845262
griffin,,bn254,3,current,20,2048,31,280744353
griffin,,bn254,3,original,14,4096,31,392844056
griffin,,bn254,4,current,20,2048,31,282536872
griffin,,bn254,4,original,11,4096,31,311337442
griffin,,goldilocks,8,single,8,131072,31,283438597
griffin,,goldilocks,12,single,8,131072,31,301669769
arion,,bls12_381,3,single,11,4096,31,343070531
arion,,bls12_381,4,single,10,4096,31,329923196
arion,,bn254,3,single,11,4096,31,333050070
arion,,bn254,4,single,10,4096,31,320729360
grendel,native,bls12_381,3,current,24,256,31,265133165
grendel,native,bls12_381,3,original,14,512,31,297869889
grendel,native,bls12_381,4,current,23,256,31,339942677
grendel,native,bls12_381,4,original,12,512,31,339923021
grendel,native,bn254,3,current,24,256,31,263498902
grendel,native,bn254,3,original,14,512,31,293149470
grendel,native,bn254,4,current,23,256,31,337363718
grendel,native,bn254,4,original,12,512,31,337449109
xhash,XHash8,goldilocks,12,single,6,32768,31,283568890
xhash,XHash12,goldilocks,12,single,6,32768,31,370827141
xhash,XHash16,mersenne31,24,single,6,32768,31,301433548
xhash,XHash24,mersenne31,24,single,6,32768,31,363174874
reinforced_concrete,,bls12_381,3,single,7,131072,31,242606818
reinforced_concrete,,bn254,3,single,7,131072,31,243257684
skyscraper,,bls12_381,4,single,18,262144,31,325128168
skyscraper,,bn254,4,single,18,262144,31,316532248
monolith,,goldilocks,8,single,6,1048576,31,266227460
monolith,,goldilocks,12,single,6,524288,31,205167057
monolith,,mersenne31,16,single,6,524288,31,214708283
monolith,,mersenne31,24,single,6,262144,31,218228591
polocolo,,bls12_381,3,single,6,1024,31,263586986
polocolo,,bls12_381,4,single,5,1024,31,293212849
polocolo,,bn254,3,single,6,1024,31,237094929
polocolo,,bn254,4,single,5,1024,31,264130192
tip4p,,goldilocks,12,single,5,262144,31,334002108
plain,sha256_compress,-,-,single,-,8388608,31,211522851
plain,keccak_f1600,-,-,single,-,524288,31,203382784
plain,blake2b_compress,-,-,single,-,2097152,31,239912624
plain,blake3_compress,-,-,single,-,4194304,31,274496790
gmimc,,bls12_381,3,single,228,16384,32,260818564
gmimc,,bls12_381,4,single,231,16384,32,266363614
gmimc,,bn254,3,single,228,16384,32,250980773
gmimc,,bn254,4,single,231,16384,32,253608594
gmimc,,goldilocks,8,single,68,524288,32,337247220
gmimc,,goldilocks,12,single,93,262144,32,234918644
gmimc,,mersenne31,16,single,158,262144,32,267874337
gmimc,,mersenne31,24,single,335,131072,32,313439509
gmimc,,koalabear,16,single,158,262144,32,306052498
gmimc,,koalabear,24,single,335,131072,32,328202292
gmimc,,babybear,16,single,158,131072,32,246492017
gmimc,,babybear,24,single,335,65536,32,259770155
gmimc2,alpha=8,bls12_381,3,single,63,32768,32,225063971
gmimc2,alpha=8,bls12_381,4,single,64,32768,32,231368942
gmimc2,alpha=8,bn254,3,single,63,32768,32,220450592
gmimc2,alpha=8,bn254,4,single,64,32768,32,224933277
gmimc2,alpha=4,goldilocks,8,single,88,262144,32,293753088
gmimc2,alpha=4,goldilocks,12,single,96,262144,32,360333304
gmimc2,alpha=2,mersenne31,16,single,176,65536,32,201597067
gmimc2,alpha=2,mersenne31,24,single,264,32768,32,223978844
gmimc2,alpha=2,koalabear,16,single,176,131072,32,290830758
gmimc2,alpha=2,koalabear,24,single,264,65536,32,234140961
gmimc2,alpha=2,babybear,16,single,176,131072,32,290533102
gmimc2,alpha=2,babybear,24,single,264,65536,32,237135516
poseidon,,bls12_381,3,single,8+56,16384,32,256055165
poseidon,,bls12_381,4,single,8+56,16384,32,381320045
poseidon,,bn254,3,single,8+56,16384,32,246155548
poseidon,,bn254,4,single,8+56,16384,32,368497618
poseidon,,goldilocks,8,single,8+22,131072,32,324424714
poseidon,,goldilocks,12,single,8+22,65536,32,309828473
poseidon,,mersenne31,16,single,8+14,65536,32,323281167
poseidon,,mersenne31,24,single,8+22,16384,32,227230650
poseidon,,koalabear,16,single,8+20,32768,32,253404642
poseidon,,koalabear,24,single,8+23,16384,32,303422844
poseidon,,babybear,16,single,8+13,32768,32,201704968
poseidon,,babybear,24,single,8+21,16384,32,287827227
poseidon2,,bls12_381,3,single,8+56,65536,32,316527459
poseidon2,,bls12_381,4,single,8+56,32768,32,286272952
poseidon2,,bn254,3,single,8+56,65536,32,310696334
poseidon2,,bn254,4,single,8+56,32768,32,274195778
poseidon2,,goldilocks,8,single,8+22,524288,32,391529260
poseidon2,,goldilocks,12,single,8+22,262144,32,272093590
poseidon2,,mersenne31,16,single,8+14,262144,32,253143314
poseidon2,,mersenne31,24,single,8+22,131072,32,210763523
poseidon2,,koalabear,16,single,8+20,262144,32,280362750
poseidon2,,koalabear,24,single,8+23,131072,32,202695459
poseidon2,,babybear,16,single,8+13,262144,32,307068406
poseidon2,,babybear,24,single,8+21,131072,32,247766018
neptune,,bls12_381,4,single,6+69,32768,32,324262441
neptune,,bn254,4,single,6+69,32768,32,313299237
neptune,,goldilocks,8,single,6+38,262144,32,318642581
neptune,,goldilocks,12,single,6+42,131072,32,303754163
psquarehash,,mersenne31,16,single,52,262144,32,244252653
psquarehash,,mersenne31,24,single,52,262144,32,354957771
psquarehash,,koalabear,16,single,52,262144,32,312441925
psquarehash,,koalabear,24,single,52,131072,32,231393648
psquarehash,,babybear,16,single,52,262144,32,310914092
psquarehash,,babybear,24,single,52,131072,32,232671265
rescue_prime,,bls12_381,3,current,16,1024,32,345339200
rescue_prime,,bls12_381,3,original,14,1024,32,301452783
rescue_prime,,bls12_381,4,current,13,1024,32,375366692
rescue_prime,,bls12_381,4,original,11,1024,32,317512900
rescue_prime,,bn254,3,current,16,1024,32,338036075
rescue_prime,,bn254,3,original,14,1024,32,295764547
rescue_prime,,bn254,4,current,13,1024,32,367681934
rescue_prime,,bn254,4,original,11,1024,32,311126669
rescue_prime,,goldilocks,8,single,8,16384,32,252835249
rescue_prime,,goldilocks,12,single,8,16384,32,394130078
rescue_prime,,mersenne31,16,single,8,16384,32,328102455
rescue_prime,,mersenne31,24,single,8,8192,32,265007491
rescue_prime,,koalabear,16,single,8,8192,32,224226937
rescue_prime,,koalabear,24,single,8,8192,32,362655974
rescue_prime,,babybear,16,single,8,8192,32,245050083
rescue_prime,,babybear,24,single,8,8192,32,393836781
anemoi,,bls12_381,4,current,20,1024,32,288063428
anemoi,,bls12_381,4,original,14,1024,32,203372564
anemoi,,bn254,4,current,20,1024,32,282847933
anemoi,,bn254,4,original,14,2048,32,396022344
anemoi,,goldilocks,8,single,11,32768,32,346526528
anemoi,,goldilocks,12,single,10,16384,32,238314057
anemoi,,mersenne31,16,single,10,32768,32,339883667
anemoi,,mersenne31,24,single,9,16384,32,239748729
anemoi,,koalabear,16,single,10,16384,32,245082664
anemoi,,koalabear,24,single,9,16384,32,344841009
anemoi,,babybear,16,single,9,16384,32,240365189
anemoi,,babybear,24,single,9,16384,32,373714906
griffin,,bls12_381,3,current,20,2048,32,285766426
griffin,,bls12_381,3,original,14,4096,32,400503677
griffin,,bls12_381,4,current,20,2048,32,287759760
griffin,,bls12_381,4,original,11,4096,32,316550672
griffin,,bn254,3,current,20,2048,32,280758981
griffin,,bn254,3,original,14,4096,32,392916301
griffin,,bn254,4,current,20,2048,32,282545528
griffin,,bn254,4,original,11,4096,32,311280125
griffin,,goldilocks,8,single,8,131072,32,282222424
griffin,,goldilocks,12,single,8,131072,32,301605118
arion,,bls12_381,3,single,11,4096,32,341828390
arion,,bls12_381,4,single,10,4096,32,329907368
arion,,bn254,3,single,11,4096,32,333080827
arion,,bn254,4,single,10,4096,32,320778341
grendel,native,bls12_381,3,current,24,256,32,264554203
grendel,native,bls12_381,3,original,14,512,32,297866593
grendel,native,bls12_381,4,current,23,256,32,340376448
grendel,native,bls12_381,4,original,12,512,32,339906299
grendel,native,bn254,3,current,24,256,32,263602546
grendel,native,bn254,3,original,14,512,32,294409916
grendel,native,bn254,4,current,23,256,32,338232742
grendel,native,bn254,4,original,12,512,32,337877960
xhash,XHash8,goldilocks,12,single,6,32768,32,283566135
xhash,XHash12,goldilocks,12,single,6,32768,32,370486724
xhash,XHash16,mersenne31,24,single,6,32768,32,301269622
xhash,XHash24,mersenne31,24,single,6,32768,32,362399746
reinforced_concrete,,bls12_381,3,single,7,131072,32,242731692
reinforced_concrete,,bn254,3,single,7,131072,32,243267522
skyscraper,,bls12_381,4,single,18,262144,32,324709976
skyscraper,,bn254,4,single,18,262144,32,316408226
monolith,,goldilocks,8,single,6,1048576,32,266508305
monolith,,goldilocks,12,single,6,524288,32,205838181
monolith,,mersenne31,16,single,6,524288,32,214547914
monolith,,mersenne31,24,single,6,262144,32,218459582
polocolo,,bls12_381,3,single,6,1024,32,263620089
polocolo,,bls12_381,4,single,5,1024,32,293194544
polocolo,,bn254,3,single,6,1024,32,237090902
polocolo,,bn254,4,single,5,1024,32,264228696
tip4p,,goldilocks,12,single,5,262144,32,332051283
plain,sha256_compress,-,-,single,-,8388608,32,211614783
plain,keccak_f1600,-,-,single,-,524288,32,203351736
plain,blake2b_compress,-,-,single,-,2097152,32,240558061
plain,blake3_compress,-,-,single,-,4194304,32,273851104
gmimc,,bls12_381,3,single,228,16384,33,260705052
gmimc,,bls12_381,4,single,231,16384,33,268997976
gmimc,,bn254,3,single,228,16384,33,250208501
gmimc,,bn254,4,single,231,16384,33,257257280
gmimc,,goldilocks,8,single,68,524288,33,337533616
gmimc,,goldilocks,12,single,93,262144,33,236239853
gmimc,,mersenne31,16,single,158,262144,33,269983608
gmimc,,mersenne31,24,single,335,131072,33,320495202
gmimc,,koalabear,16,single,158,262144,33,305784708
gmimc,,koalabear,24,single,335,131072,33,331885743
gmimc,,babybear,16,single,158,131072,33,246704374
gmimc,,babybear,24,single,335,65536,33,259737184
gmimc2,alpha=8,bls12_381,3,single,63,32768,33,225385822
gmimc2,alpha=8,bls12_381,4,single,64,32768,33,231561631
gmimc2,alpha=8,bn254,3,single,63,32768,33,220463887
gmimc2,alpha=8,bn254,4,single,64,32768,33,224935612
gmimc2,alpha=4,goldilocks,8,single,88,262144,33,293732459
gmimc2,alpha=4,goldilocks,12,single,96,262144,33,360238708
gmimc2,alpha=2,mersenne31,16,single,176,65536,33,201765202
gmimc2,alpha=2,mersenne31,24,single,264,32768,33,224106543
gmimc2,alpha=2,koalabear,16,single,176,131072,33,290880932
gmimc2,alpha=2,koalabear,24,single,264,65536,33,233587517
gmimc2,alpha=2,babybear,16,single,176,131072,33,290594326
gmimc2,alpha=2,babybear,24,single,264,65536,33,234915819
poseidon,,bls12_381,3,single,8+56,16384,33,255861593
poseidon,,bls12_381,4,single,8+56,16384,33,381052846
poseidon,,bn254,3,single,8+56,16384,33,245813098
poseidon,,bn254,4,single,8+56,16384,33,369718430
poseidon,,goldilocks,8,single,8+22,131072,33,324103483
poseidon,,goldilocks,12,single,8+22,65536,33,309331614
poseidon,,mersenne31,16,single,8+14,65536,33,326297093
poseidon,,mersenne31,24,single,8+22,16384,33,227970191
poseidon,,koalabear,16,single,8+20,32768,33,251848926
poseidon,,koalabear,24,single,8+23,16384,33,303834474
poseidon,,babybear,16,single,8+13,32768,33,202136645
poseidon,,babybear,24,single,8+21,16384,33,287491590
poseidon2,,bls12_381,3,single,8+56,65536,33,316460133
poseidon2,,bls12_381,4,single,8+56,32768,33,286528580
poseidon2,,bn254,3,single,8+56,65536,33,310744223
poseidon2,,bn254,4,single,8+56,32768,33,274303970
poseidon2,,goldilocks,8,single,8+22,524288,33,391276367
poseidon2,,goldilocks,12,single,8+22,262144,33,272664367
poseidon2,,mersenne31,16,single,8+14,262144,33,253346584
poseidon2,,mersenne31,24,single,8+22,131072,33,210771007
poseidon2,,koalabear,16,single,8+20,262144,33,279040830
poseidon2,,koalabear,24,single,8+23,131072,33,206172064
poseidon2,,babybear,16,single,8+13,262144,33,305624919
poseidon2,,babybear,24,single,8+21,131072,33,248491533
neptune,,bls12_381,4,single,6+69,32768,33,324402422
neptune,,bn254,4,single,6+69,32768,33,315062572
neptune,,goldilocks,8,single,6+38,262144,33,318578120
neptune,,goldilocks,12,single,6+42,131072,33,302840207
psquarehash,,mersenne31,16,single,52,262144,33,244247193
psquarehash,,mersenne31,24,single,52,262144,33,355014126
psquarehash,,koalabear,16,single,52,262144,33,311235481
psquarehash,,koalabear,24,single,52,131072,33,231461315
psquarehash,,babybear,16,single,52,262144,33,311546753
psquarehash,,babybear,24,single,52,131072,33,232173945
rescue_prime,,bls12_381,3,current,16,1024,33,345125050
rescue_prime,,bls12_381,3,original,14,1024,33,301741103
rescue_prime,,bls12_381,4,current,13,1024,33,375588968
rescue_prime,,bls12_381,4,original,11,1024,33,317957811
rescue_prime,,bn254,3,current,16,1024,33,338037478
rescue_prime,,bn254,3,original,14,1024,33,295768563
rescue_prime,,bn254,4,current,13,1024,33,366296465
rescue_prime,,bn254,4,original,11,1024,33,309967022
rescue_prime,,goldilocks,8,single,8,16384,33,254070516
rescue_prime,,goldilocks,12,single,8,16384,33,395135568
rescue_prime,,mersenne31,16,single,8,16384,33,328670446
rescue_prime,,mersenne31,24,single,8,8192,33,265086238
rescue_prime,,koalabear,16,single,8,8192,33,223869971
rescue_prime,,koalabear,24,single,8,8192,33,363289758
rescue_prime,,babybear,16,single,8,8192,33,245218327
rescue_prime,,babybear,24,single,8,8192,33,395305545
anemoi,,bls12_381,4,current,20,1024,33,287951849
anemoi,,bls12_381,4,original,14,1024,33,201681315
anemoi,,bn254,4,current,20,1024,33,282589049
anemoi,,bn254,4,original,14,2048,33,395659867
anemoi,,goldilocks,8,single,11,32768,33,346434336
anemoi,,goldilocks,12,single,10,16384,33,238351247
anemoi,,mersenne31,16,single,10,32768,33,340531788
anemoi,,mersenne31,24,single,9,16384,33,240592084
anemoi,,koalabear,16,single,10,16384,33,246075699
anemoi,,koalabear,24,single,9,16384,33,344885712
anemoi,,babybear,16,single,9,16384,33,240770898
anemoi,,babybear,24,single,9,16384,33,373701981
griffin,,bls12_381,3,current,20,2048,33,286440445
griffin,,bls12_381,3,original,14,4096,33,400411055
griffin,,bls12_381,4,current,20,2048,33,288607594
griffin,,bls12_381,4,original,11,4096,33,316529132
griffin,,bn254,3,current,20,2048,33,280735106
griffin,,bn254,3,original,14,4096,33,392916391
griffin,,bn254,4,current,20,2048,33,282471440
griffin,,bn254,4,original,11,4096,33,311216537
griffin,,goldilocks,8,single,8,131072,33,284032517
griffin,,goldilocks,12,single,8,131072,33,301851499
arion,,bls12_381,3,single,11,4096,33,341844590
arion,,bls12_381,4,single,10,4096,33,330021040
arion,,bn254,3,single,11,4096,33,333208906
arion,,bn254,4,single,10,4096,33,320742333
grendel,native,bls12_381,3,current,24,256,33,264850097
grendel,native,bls12_381,3,original,14,512,33,297575630
grendel,native,bls12_381,4,current,23,256,33,340010905
grendel,native,bls12_381,4,original,12,512,33,340897210
grendel,native,bn254,3,current,24,256,33,263243324
grendel,native,bn254,3,original,14,512,33,293023736
grendel,native,bn254,4,current,23,256,33,337257350
grendel,native,bn254,4,original,12,512,33,337036547
xhash,XHash8,goldilocks,12,single,6,32768,33,283833906
xhash,XHash12,goldilocks,12,single,6,32768,33,370544683
xhash,XHash16,mersenne31,24,single,6,32768,33,301204670
xhash,XHash24,mersenne31,24,single,6,32768,33,364049397
reinforced_concrete,,bls12_381,3,single,7,131072,33,242626395
reinforced_concrete,,bn254,3,single,7,131072,33,243404980
skyscraper,,bls12_381,4,single,18,262144,33,325085197
skyscraper,,bn254,4,single,18,262144,33,316415730
monolith,,goldilocks,8,single,6,1048576,33,265962686
monolith,,goldilocks,12,single,6,524288,33,204974377
monolith,,mersenne31,16,single,6,524288,33,215027129
monolith,,mersenne31,24,single,6,262144,33,218182845
polocolo,,bls12_381,3,single,6,1024,33,264119772
polocolo,,bls12_381,4,single,5,1024,33,293763387
polocolo,,bn254,3,single,6,1024,33,237101682
polocolo,,bn254,4,single,5,1024,33,264164206
tip4p,,goldilocks,12,single,5,262144,33,331858654
plain,sha256_compress,-,-,single,-,8388608,33,211592262
plain,keccak_f1600,-,-,single,-,524288,33,203389717
plain,blake2b_compress,-,-,single,-,2097152,33,240644833
plain,blake3_compress,-,-,single,-,4194304,33,273359135
gmimc,,bls12_381,3,single,228,16384,34,260912821
gmimc,,bls12_381,4,single,231,16384,34,266351652
gmimc,,bn254,3,single,228,16384,34,250415718
gmimc,,bn254,4,single,231,16384,34,253740019
gmimc,,goldilocks,8,single,68,524288,34,337260736
gmimc,,goldilocks,12,single,93,262144,34,234867278
gmimc,,mersenne31,16,single,158,262144,34,268261320
gmimc,,mersenne31,24,single,335,131072,34,321725260
gmimc,,koalabear,16,single,158,262144,34,305864737
gmimc,,koalabear,24,single,335,131072,34,340094321
gmimc,,babybear,16,single,158,131072,34,246551328
gmimc,,babybear,24,single,335,65536,34,259758705
gmimc2,alpha=8,bls12_381,3,single,63,32768,34,225310242
gmimc2,alpha=8,bls12_381,4,single,64,32768,34,229944591
gmimc2,alpha=8,bn254,3,single,63,32768,34,220441845
gmimc2,alpha=8,bn254,4,single,64,32768,34,223588916
gmimc2,alpha=4,goldilocks,8,single,88,262144,34,293777714
gmimc2,alpha=4,goldilocks,12,single,96,262144,34,360312786
gmimc2,alpha=2,mersenne31,16,single,176,65536,34,201595373
gmimc2,alpha=2,mersenne31,24,single,264,32768,34,224328648
gmimc2,alpha=2,koalabear,16,single,176,131072,34,290914865
gmimc2,alpha=2,koalabear,24,single,264,65536,34,235725090
gmimc2,alpha=2,babybear,16,single,176,131072,34,290619684
gmimc2,alpha=2,babybear,24,single,264,65536,34,234959691
poseidon,,bls12_381,3,single,8+56,16384,34,256511147
poseidon,,bls12_381,4,single,8+56,16384,34,381469484
poseidon,,bn254,3,single,8+56,16384,34,245908297
poseidon,,bn254,4,single,8+56,16384,34,368780466
poseidon,,goldilocks,8,single,8+22,131072,34,324002014
poseidon,,goldilocks,12,single,8+22,65536,34,309290768
poseidon,,mersenne31,16,single,8+14,65536,34,324298178
poseidon,,mersenne31,24,single,8+22,16384,34,226148728
poseidon,,koalabear,16,single,8+20,32768,34,251666014
poseidon,,koalabear,24,single,8+23,16384,34,303761748
poseidon,,babybear,16,single,8+13,32768,34,201910753
poseidon,,babybear,24,single,8+21,16384,34,287964513
poseidon2,,bls12_381,3,single,8+56,65536,34,316713196
poseidon2,,bls12_381,4,single,8+56,32768,34,285502954
poseidon2,,bn254,3,single,8+56,65536,34,310755905
poseidon2,,bn254,4,single,8+56,32768,34,274208953
poseidon2,,goldilocks,8,single,8+22,524288,34,391296044
poseidon2,,goldilocks,12,single,8+22,262144,34,272397809
poseidon2,,mersenne31,16,single,8+14,262144,34,253306008
poseidon2,,mersenne31,24,single,8+22,131072,34,210859082
poseidon2,,koalabear,16,single,8+20,262144,34,280278853
poseidon2,,koalabear,24,single,8+23,131072,34,201877521
poseidon2,,babybear,16,single,8+13,262144,34,307314946
poseidon2,,babybear,24,single,8+21,131072,34,248571191
neptune,,bls12_381,4,single,6+69,32768,34,323997727
neptune,,bn254,4,single,6+69,32768,34,312976835
neptune,,goldilocks,8,single,6+38,262144,34,318723642
neptune,,goldilocks,12,single,6+42,131072,34,303695284
psquarehash,,mersenne31,16,single,52,262144,34,244297166
psquarehash,,mersenne31,24,single,52,262144,34,354693527
psquarehash,,koalabear,16,single,52,262144,34,312565326
psquarehash,,koalabear,24,single,52,131072,34,231368421
psquarehash,,babybear,16,single,52,262144,34,311084459
psquarehash,,babybear,24,single,52,131072,34,232354183
rescue_prime,,bls12_381,3,current,16,1024,34,344849626
rescue_prime,,bls12_381,3,original,14,1024,34,301658689
rescue_prime,,bls12_381,4,current,13,1024,34,375095345
rescue_prime,,bls12_381,4,original,11,1024,34,317315601
rescue_prime,,bn254,3,current,16,1024,34,338046655
rescue_prime,,bn254,3,original,14,1024,34,295958779
rescue_prime,,bn254,4,current,13,1024,34,367534990
rescue_prime,,bn254,4,original,11,1024,34,310983090
rescue_prime,,goldilocks,8,single,8,16384,34,252845387
rescue_prime,,goldilocks,12,single,8,16384,34,393891804
rescue_prime,,mersenne31,16,single,8,16384,34,328602159
rescue_prime,,mersenne31,24,single,8,8192,34,265007461
rescue_prime,,koalabear,16,single,8,8192,34,224058423
rescue_prime,,koalabear,24,single,8,8192,34,362762423
rescue_prime,,babybear,16,single,8,8192,34,245115886
rescue_prime,,babybear,24,single,8,8192,34,394944471
anemoi,,bls12_381,4,current,20,1024,34,289815531
anemoi,,bls12_381,4,original,14,1024,34,202125615
anemoi,,bn254,4,current,20,1024,34,282615719
anemoi,,bn254,4,original,14,2048,34,395692909
anemoi,,goldilocks,8,single,11,32768,34,347171483
anemoi,,goldilocks,12,single,10,16384,34,238277179
anemoi,,mersenne31,16,single,10,32768,34,342891026
anemoi,,mersenne31,24,single,9,16384,34,239735223
anemoi,,koalabear,16,single,10,16384,34,246904458
anemoi,,koalabear,24,single,9,16384,34,344947368
anemoi,,babybear,16,single,9,16384,34,241688422
anemoi,,babybear,24,single,9,16384,34,377106783
griffin,,bls12_381,3,current,20,2048,34,285636142
griffin,,bls12_381,3,original,14,4096,34,401148893
griffin,,bls12_381,4,current,20,2048,34,289039933
griffin,,bls12_381,4,original,11,4096,34,316641933
griffin,,bn254,3,current,20,2048,34,280760714
griffin,,bn254,3,original,14,4096,34,392918215
griffin,,bn254,4,current,20,2048,34,282537463
griffin,,bn254,4,original,11,4096,34,311355356
griffin,,goldilocks,8,single,8,131072,34,282822637
griffin,,goldilocks,12,single,8,131072,34,301905440
arion,,bls12_381,3,single,11,4096,34,341856723
arion,,bls12_381,4,single,10,4096,34,329966869
arion,,bn254,3,single,11,4096,34,333071239
arion,,bn254,4,single,10,4096,34,320810712
grendel,native,bls12_381,3,current,24,256,34,265380017
grendel,native,bls12_381,3,original,14,512,34,297791614
grendel,native,bls12_381,4,current,23,256,34,340154453
grendel,native,bls12_381,4,original,12,512,34,339907070
grendel,native,bn254,3,current,24,256,34,263330348
grendel,native,bn254,3,original,14,512,34,293715418
grendel,native,bn254,4,current,23,256,34,336579614
grendel,native,bn254,4,original,12,512,34,337403534
xhash,XHash8,goldilocks,12,single,6,32768,34,283694254
xhash,XHash12,goldilocks,12,single,6,32768,34,370776947
xhash,XHash16,mersenne31,24,single,6,32768,34,301411377
xhash,XHash24,mersenne31,24,single,6,32768,34,363154366
reinforced_concrete,,bls12_381,3,single,7,131072,34,241721385
reinforced_concrete,,bn254,3,single,7,131072,34,243697776
skyscraper,,bls12_381,4,single,18,262144,34,325194663
skyscraper,,bn254,4,single,18,262144,34,316868206
monolith,,goldilocks,8,single,6,1048576,34,266208926
monolith,,goldilocks,12,single,6,524288,34,205874188
monolith,,mersenne31,16,single,6,524288,34,215072624
monolith,,mersenne31,24,single,6,262144,34,218436749
polocolo,,bls12_381,3,single,6,1024,34,263685271
polocolo,,bls12_381,4,single,5,1024,34,293274193
polocolo,,bn254,3,single,6,1024,34,237111471
polocolo,,bn254,4,single,5,1024,34,264195934
tip4p,,goldilocks,12,single,5,262144,34,332564683
plain,sha256_compress,-,-,single,-,8388608,34,211587052
plain,keccak_f1600,-,-,single,-,524288,34,203189803
plain,blake2b_compress,-,-,single,-,2097152,34,240997451
plain,blake3_compress,-,-,single,-,4194304,34,272201322
gmimc,,bls12_381,3,single,228,16384,35,260971701
gmimc,,bls12_381,4,single,231,16384,35,266456227
gmimc,,bn254,3,single,228,16384,35,250266810
gmimc,,bn254,4,single,231,16384,35,254008681
gmimc,,goldilocks,8,single,68,524288,35,337329895
gmimc,,goldilocks,12,single,93,262144,35,236215998
gmimc,,mersenne31,16,single,158,262144,35,267250141
gmimc,,mersenne31,24,single,335,131072,35,314540527
gmimc,,koalabear,16,single,158,262144,35,305857403
gmimc,,koalabear,24,single,335,131072,35,333322969
gmimc,,babybear,16,single,158,131072,35,246734922
gmimc,,babybear,24,single,335,65536,35,259819478
gmimc2,alpha=8,bls12_381,3,single,63,32768,35,225361067
gmimc2,alpha=8,bls12_381,4,single,64,32768,35,231595235
gmimc2,alpha=8,bn254,3,single,63,32768,35,220583932
gmimc2,alpha=8,bn254,4,single,64,32768,35,224799788
gmimc2,alpha=4,goldilocks,8,single,88,262144,35,293724746
gmimc2,alpha=4,goldilocks,12,single,96,262144,35,361741095
gmimc2,alpha=2,mersenne31,16,single,176,65536,35,201597438
gmimc2,alpha=2,mersenne31,24,single,264,32768,35,223912731
gmimc2,alpha=2,koalabear,16,single,176,131072,35,290832021
gmimc2,alpha=2,koalabear,24,single,264,65536,35,233573741
gmimc2,alpha=2,babybear,16,single,176,131072,35,290863089
gmimc2,alpha=2,babybear,24,single,264,65536,35,234897745
poseidon,,bls12_381,3,single,8+56,16384,35,254581331
poseidon,,bls12_381,4,single,8+56,16384,35,380518097
poseidon,,bn254,3,single,8+56,16384,35,245890393
poseidon,,bn254,4,single,8+56,16384,35,368377925
poseidon,,goldilocks,8,single,8+22,131072,35,324241152
poseidon,,goldilocks,12,single,8+22,65536,35,310412234
poseidon,,mersenne31,16,single,8+14,65536,35,323714487
poseidon,,mersenne31,24,single,8+22,16384,35,226865367
poseidon,,koalabear,16,single,8+20,32768,35,253368305
poseidon,,koalabear,24,single,8+23,16384,35,303629371
poseidon,,babybear,16,single,8+13,32768,35,200568816
poseidon,,babybear,24,single,8+21,16384,35,287633866
poseidon2,,bls12_381,3,single,8+56,65536,35,316574056
poseidon2,,bls12_381,4,single,8+56,32768,35,286298771
poseidon2,,bn254,3,single,8+56,65536,35,310792474
poseidon2,,bn254,4,single,8+56,32768,35,274098075
poseidon2,,goldilocks,8,single,8+22,524288,35,391842716
poseidon2,,goldilocks,12,single,8+22,262144,35,272518184
poseidon2,,mersenne31,16,single,8+14,262144,35,253634693
poseidon2,,mersenne31,24,single,8+22,131072,35,210771218
poseidon2,,koalabear,16,single,8+20,262144,35,279916777
poseidon2,,koalabear,24,single,8+23,131072,35,202303638
poseidon2,,babybear,16,single,8+13,262144,35,306974862
poseidon2,,babybear,24,single,8+21,131072,35,248730169
neptune,,bls12_381,4,single,6+69,32768,35,324196799
neptune,,bn254,4,single,6+69,32768,35,312966566
neptune,,goldilocks,8,single,6+38,262144,35,318792250
neptune,,goldilocks,12,single,6+42,131072,35,303887413
psquarehash,,mersenne31,16,single,52,262144,35,244005442
psquarehash,,mersenne31,24,single,52,262144,35,354963952
psquarehash,,koalabear,16,single,52,262144,35,312643312
psquarehash,,koalabear,24,single,52,131072,35,231337202
psquarehash,,babybear,16,single,52,262144,35,311314740
psquarehash,,babybear,24,single,52,131072,35,230799838
rescue_prime,,bls12_381,3,current,16,1024,35,345164193
rescue_prime,,bls12_381,3,original,14,1024,35,301679217
rescue_prime,,bls12_381,4,current,13,1024,35,375333962
rescue_prime,,bls12_381,4,original,11,1024,35,317455423
rescue_prime,,bn254,3,current,16,1024,35,338052867
rescue_prime,,bn254,3,original,14,1024,35,295778172
rescue_prime,,bn254,4,current,13,1024,35,367771542
rescue_prime,,bn254,4,original,11,1024,35,311150994
rescue_prime,,goldilocks,8,single,8,16384,35,252868451
rescue_prime,,goldilocks,12,single,8,16384,35,393924275
rescue_prime,,mersenne31,16,single,8,16384,35,328775743
rescue_prime,,mersenne31,24,single,8,8192,35,265293686
rescue_prime,,koalabear,16,single,8,8192,35,223426732
rescue_prime,,koalabear,24,single,8,8192,35,361933665
rescue_prime,,babybear,16,single,8,8192,35,245278671
rescue_prime,,babybear,24,single,8,8192,35,393362456
anemoi,,bls12_381,4,current,20,1024,35,288082925
anemoi,,bls12_381,4,original,14,1024,35,201757748
anemoi,,bn254,4,current,20,1024,35,282874173
anemoi,,bn254,4,original,14,2048,35,395992138
anemoi,,goldilocks,8,single,11,32768,35,346536838
anemoi,,goldilocks,12,single,10,16384,35,238285836
anemoi,,mersenne31,16,single,10,32768,35,339999373
anemoi,,mersenne31,24,single,9,16384,35,239901173
anemoi,,koalabear,16,single,10,16384,35,245771681
anemoi,,koalabear,24,single,9,16384,35,344927500
anemoi,,babybear,16,single,9,16384,35,240801776
anemoi,,babybear,24,single,9,16384,35,374164977
griffin,,bls12_381,3,current,20,2048,35,285592652
griffin,,bls12_381,3,original,14,4096,35,400135309
griffin,,bls12_381,4,current,20,2048,35,288149168
griffin,,bls12_381,4,original,11,4096,35,316916997
griffin,,bn254,3,current,20,2048,35,280740827
griffin,,bn254,3,original,14,4096,35,393017501
griffin,,bn254,4,current,20,2048,35,282591915
griffin,,bn254,4,original,11,4096,35,311354754
griffin,,goldilocks,8,single,8,131072,35,283173752
griffin,,goldilocks,12,single,8,131072,35,301562099
arion,,bls12_381,3,single,11,4096,35,341897469
arion,,bls12_381,4,single,10,4096,35,329997617
arion,,bn254,3,single,11,4096,35,333178269
arion,,bn254,4,single,10,4096,35,320836651
grendel,native,bls12_381,3,current,24,256,35,264602895
grendel,native,bls12_381,3,original,14,512,35,297863488
grendel,native,bls12_381,4,current,23,256,35,340004362
grendel,native,bls12_381,4,original,12,512,35,339595669
grendel,native,bn254,3,current,24,256,35,262773468
grendel,native,bn254,3,original,14,512,35,294636028
grendel,native,bn254,4,current,23,256,35,337116667
grendel,native,bn254,4,original,12,512,35,337623685
xhash,XHash8,goldilocks,12,single,6,32768,35,283730373
xhash,XHash12,goldilocks,12,single,6,32768,35,370812574
xhash,XHash16,mersenne31,24,single,6,32768,35,301710997
xhash,XHash24,mersenne31,24,single,6,32768,35,360784217
reinforced_concrete,,bls12_381,3,single,7,131072,35,241584588
reinforced_concrete,,bn254,3,single,7,131072,35,243670987
skyscraper,,bls12_381,4,single,18,262144,35,325251869
skyscraper,,bn254,4,single,18,262144,35,316537658
monolith,,goldilocks,8,single,6,1048576,35,265802406
monolith,,goldilocks,12,single,6,524288,35,205768922
monolith,,mersenne31,16,single,6,524288,35,214769047
monolith,,mersenne31,24,single,6,262144,35,218109608
polocolo,,bls12_381,3,single,6,1024,35,263588370
polocolo,,bls12_381,4,single,5,1024,35,293202320
polocolo,,bn254,3,single,6,1024,35,237119345
polocolo,,bn254,4,single,5,1024,35,264177190
tip4p,,goldilocks,12,single,5,262144,35,332501565
plain,sha256_compress,-,-,single,-,8388608,35,211618681
plain,keccak_f1600,-,-,single,-,524288,35,203009255
plain,blake2b_compress,-,-,single,-,2097152,35,240340795
plain,blake3_compress,-,-,single,-,4194304,35,273488556
gmimc,,bls12_381,3,single,228,16384,36,260896952
gmimc,,bls12_381,4,single,231,16384,36,269141104
gmimc,,bn254,3,single,228,16384,36,250101121
gmimc,,bn254,4,single,231,16384,36,256992086
gmimc,,goldilocks,8,single,68,524288,36,337507919
gmimc,,goldilocks,12,single,93,262144,36,235580751
gmimc,,mersenne31,16,single,158,262144,36,268302147
gmimc,,mersenne31,24,single,335,131072,36,324914589
gmimc,,koalabear,16,single,158,262144,36,305970535
gmimc,,koalabear,24,single,335,131072,36,335262443
gmimc,,babybear,16,single,158,131072,36,246639093
gmimc,,babybear,24,single,335,65536,36,259670530
gmimc2,alpha=8,bls12_381,3,single,63,32768,36,225258625
gmimc2,alpha=8,bls12_381,4,single,64,32768,36,231868195
gmimc2,alpha=8,bn254,3,single,63,32768,36,220613246
gmimc2,alpha=8,bn254,4,single,64,32768,36,224981999
gmimc2,alpha=4,goldilocks,8,single,88,262144,36,293838929
gmimc2,alpha=4,goldilocks,12,single,96,262144,36,361620570
gmimc2,alpha=2,mersenne31,16,single,176,65536,36,201608709
gmimc2,alpha=2,mersenne31,24,single,264,32768,36,223952446
gmimc2,alpha=2,koalabear,16,single,176,131072,36,290941526
gmimc2,alpha=2,koalabear,24,single,264,65536,36,233697913
gmimc2,alpha=2,babybear,16,single,176,131072,36,290630825
gmimc2,alpha=2,babybear,24,single,264,65536,36,236653605
poseidon,,bls12_381,3,single,8+56,16384,36,254857958
poseidon,,bls12_381,4,single,8+56,16384,36,381450880
poseidon,,bn254,3,single,8+56,16384,36,246244505
poseidon,,bn254,4,single,8+56,16384,36,369886884
poseidon,,goldilocks,8,single,8+22,131072,36,324183934
poseidon,,goldilocks,12,single,8+22,65536,36,310356830
poseidon,,mersenne31,16,single,8+14,65536,36,324363149
poseidon,,mersenne31,24,single,8+22,16384,36,226213270
poseidon,,koalabear,16,single,8+20,32768,36,252178743
poseidon,,koalabear,24,single,8+23,16384,36,303366349
poseidon,,babybear,16,single,8+13,32768,36,201872121
poseidon,,babybear,24,single,8+21,16384,36,288588098
poseidon2,,bls12_381,3,single,8+56,65536,36,317980644
poseidon2,,bls12_381,4,single,8+56,32768,36,286465933
poseidon2,,bn254,3,single,8+56,65536,36,311115578
poseidon2,,bn254,4,single,8+56,32768,36,274177014
poseidon2,,goldilocks,8,single,8+22,524288,36,391209403
poseidon2,,goldilocks,12,single,8+22,262144,36,272250032
poseidon2,,mersenne31,16,single,8+14,262144,36,253266525
poseidon2,,mersenne31,24,single,8+22,131072,36,210653168
poseidon2,,koalabear,16,single,8+20,262144,36,280491361
poseidon2,,koalabear,24,single,8+23,131072,36,202460240
poseidon2,,babybear,16,single,8+13,262144,36,307083514
poseidon2,,babybear,24,single,8+21,131072,36,248373523
neptune,,bls12_381,4,single,6+69,32768,36,324416940
neptune,,bn254,4,single,6+69,32768,36,315125821
neptune,,goldilocks,8,single,6+38,262144,36,319221723
neptune,,goldilocks,12,single,6+42,131072,36,304375315
psquarehash,,mersenne31,16,single,52,262144,36,244308819
psquarehash,,mersenne31,24,single,52,262144,36,355085730
psquarehash,,koalabear,16,single,52,262144,36,311836375
psquarehash,,koalabear,24,single,52,131072,36,231772296
psquarehash,,babybear,16,single,52,262144,36,311816237
psquarehash,,babybear,24,single,52,131072,36,231267933
rescue_prime,,bls12_381,3,current,16,1024,36,345113127
rescue_prime,,bls12_381,3,original,14,1024,36,301743648
rescue_prime,,bls12_381,4,current,13,1024,36,375947197
rescue_prime,,bls12_381,4,original,11,1024,36,318032853
rescue_prime,,bn254,3,current,16,1024,36,338080609
rescue_prime,,bn254,3,original,14,1024,36,295802477
rescue_prime,,bn254,4,current,13,1024,36,366378880
rescue_prime,,bn254,4,original,11,1024,36,310004552
rescue_prime,,goldilocks,8,single,8,16384,36,252904829
rescue_prime,,goldilocks,12,single,8,16384,36,394282003
rescue_prime,,mersenne31,16,single,8,16384,36,328360557
rescue_prime,,mersenne31,24,single,8,8192,36,265153023
rescue_prime,,koalabear,16,single,8,8192,36,224600275
rescue_prime,,koalabear,24,single,8,8192,36,362966915
rescue_prime,,babybear,16,single,8,8192,36,244964323
rescue_prime,,babybear,24,single,8,8192,36,393025595
anemoi,,bls12_381,4,current,20,1024,36,288088205
anemoi,,bls12_381,4,original,14,1024,36,202250318
anemoi,,bn254,4,current,20,1024,36,282646357
anemoi,,bn254,4,original,14,2048,36,395709200
anemoi,,goldilocks,8,single,11,32768,36,346629932
anemoi,,goldilocks,12,single,10,16384,36,238354544
anemoi,,mersenne31,16,single,10,32768,36,340252647
anemoi,,mersenne31,24,single,9,16384,36,239647629
anemoi,,koalabear,16,single,10,16384,36,245635888
anemoi,,koalabear,24,single,9,16384,36,344818678
anemoi,,babybear,16,single,9,16384,36,240785115
anemoi,,babybear,24,single,9,16384,36,373889293
griffin,,bls12_381,3,current,20,2048,36,285688801
griffin,,bls12_381,3,original,14,4096,36,400802416
griffin,,bls12_381,4,current,20,2048,36,287809043
griffin,,bls12_381,4,original,11,4096,36,316587181
griffin,,bn254,3,current,20,2048,36,280786081
griffin,,bn254,3,original,14,4096,36,392985231
griffin,,bn254,4,current,20,2048,36,282528708
griffin,,bn254,4,original,11,4096,36,311283812
griffin,,goldilocks,8,single,8,131072,36,283471428
griffin,,goldilocks,12,single,8,131072,36,301119862
arion,,bls12_381,3,single,11,4096,36,341871211
arion,,bls12_381,4,single,10,4096,36,330120046
arion,,bn254,3,single,11,4096,36,333138625
arion,,bn254,4,single,10,4096,36,320792818
grendel,native,bls12_381,3,current,24,256,36,264709164
grendel,native,bls12_381,3,original,14,512,36,297796443
grendel,native,bls12_381,4,current,23,256,36,339736192
grendel,native,bls12_381,4,original,12,512,36,339794671
grendel,native,bn254,3,current,24,256,36,262736779
grendel,native,bn254,3,original,14,512,36,294573442
grendel,native,bn254,4,current,23,256,36,337360844
grendel,native,bn254,4,original,12,512,36,337432888
xhash,XHash8,goldilocks,12,single,6,32768,36,283957237
xhash,XHash12,goldilocks,12,single,6,32768,36,370990826
xhash,XHash16,mersenne31,24,single,6,32768,36,301869463
xhash,XHash24,mersenne31,24,single,6,32768,36,363556647
reinforced_concrete,,bls12_381,3,single,7,131072,36,242139766
reinforced_concrete,,bn254,3,single,7,131072,36,244240491
skyscraper,,bls12_381,4,single,18,262144,36,325104204
skyscraper,,bn254,4,single,18,262144,36,316868266
monolith,,goldilocks,8,single,6,1048576,36,265753485
monolith,,goldilocks,12,single,6,524288,36,205211239
monolith,,mersenne31,16,single,6,524288,36,214983598
monolith,,mersenne31,24,single,6,262144,36,218222520
polocolo,,bls12_381,3,single,6,1024,36,264624656
polocolo,,bls12_381,4,single,5,1024,36,293311593
polocolo,,bn254,3,single,6,1024,36,237109177
polocolo,,bn254,4,single,5,1024,36,264234447
tip4p,,goldilocks,12,single,5,262144,36,331621550
plain,sha256_compress,-,-,single,-,8388608,36,211635142
plain,keccak_f1600,-,-,single,-,524288,36,203404634
plain,blake2b_compress,-,-,single,-,2097152,36,240790725
plain,blake3_compress,-,-,single,-,4194304,36,272995666
gmimc,,bls12_381,3,single,228,16384,37,260994774
gmimc,,bls12_381,4,single,231,16384,37,266456579
gmimc,,bn254,3,single,228,16384,37,251359772
gmimc,,bn254,4,single,231,16384,37,254755126
gmimc,,goldilocks,8,single,68,524288,37,337350134
gmimc,,goldilocks,12,single,93,262144,37,236604194
gmimc,,mersenne31,16,single,158,262144,37,268398735
gmimc,,mersenne31,24,single,335,131072,37,329509132
gmimc,,koalabear,16,single,158,262144,37,305771007
gmimc,,koalabear,24,single,335,131072,37,332592032
gmimc,,babybear,16,single,158,131072,37,246788539
gmimc,,babybear,24,single,335,65536,37,259985057
gmimc2,alpha=8,bls12_381,3,single,63,32768,37,225377955
gmimc2,alpha=8,bls12_381,4,single,64,32768,37,229940891
gmimc2,alpha=8,bn254,3,single,63,32768,37,220751049
gmimc2,alpha=8,bn254,4,single,64,32768,37,223907367
gmimc2,alpha=4,goldilocks,8,single,88,262144,37,293986317
gmimc2,alpha=4,goldilocks,12,single,96,262144,37,361577991
gmimc2,alpha=2,mersenne31,16,single,176,65536,37,201720400
gmimc2,alpha=2,mersenne31,24,single,264,32768,37,223949065
gmimc2,alpha=2,koalabear,16,single,176,131072,37,291145880
gmimc2,alpha=2,koalabear,24,single,264,65536,37,233797656
gmimc2,alpha=2,babybear,16,single,176,131072,37,290653040
gmimc2,alpha=2,babybear,24,single,264,65536,37,235831767
poseidon,,bls12_381,3,single,8+56,16384,37,256341199
poseidon,,bls12_381,4,single,8+56,16384,37,381091000
poseidon,,bn254,3,single,8+56,16384,37,245841911
poseidon,,bn254,4,single,8+56,16384,37,368805946
poseidon,,goldilocks,8,single,8+22,131072,37,324051304
poseidon,,goldilocks,12,single,8+22,65536,37,309764098
poseidon,,mersenne31,16,single,8+14,65536,37,324366763
poseidon,,mersenne31,24,single,8+22,16384,37,228323979
poseidon,,koalabear,16,single,8+20,32768,37,252890351
poseidon,,koalabear,24,single,8+23,16384,37,303550167
poseidon,,babybear,16,single,8+13,32768,37,201733324
poseidon,,babybear,24,single,8+21,16384,37,288566912
poseidon2,,bls12_381,3,single,8+56,65536,37,317173773
poseidon2,,bls12_381,4,single,8+56,32768,37,285549864
poseidon2,,bn254,3,single,8+56,65536,37,311036585
poseidon2,,bn254,4,single,8+56,32768,37,274034548
poseidon2,,goldilocks,8,single,8+22,524288,37,391434027
poseidon2,,goldilocks,12,single,8+22,262144,37,272545515
poseidon2,,mersenne31,16,single,8+14,262144,37,253341394
poseidon2,,mersenne31,24,single,8+22,131072,37,211107189
poseidon2,,koalabear,16,single,8+20,262144,37,279794170
poseidon2,,koalabear,24,single,8+23,131072,37,202418795
poseidon2,,babybear,16,single,8+13,262144,37,306669185
poseidon2,,babybear,24,single,8+21,131072,37,247660509
neptune,,bls12_381,4,single,6+69,32768,37,324131854
neptune,,bn254,4,single,6+69,32768,37,313036522
neptune,,goldilocks,8,single,6+38,262144,37,319498838
neptune,,goldilocks,12,single,6+42,131072,37,303803260
psquarehash,,mersenne31,16,single,52,262144,37,244266357
psquarehash,,mersenne31,24,single,52,262144,37,355161903
psquarehash,,koalabear,16,single,52,262144,37,312491564
psquarehash,,koalabear,24,single,52,131072,37,231500714
psquarehash,,babybear,16,single,52,262144,37,311219958
psquarehash,,babybear,24,single,52,131072,37,233697239
rescue_prime,,bls12_381,3,current,16,1024,37,344951404
rescue_prime,,bls12_381,3,original,14,1024,37,301853057
rescue_prime,,bls12_381,4,current,13,1024,37,375372076
rescue_prime,,bls12_381,4,original,11,1024,37,317649763
rescue_prime,,bn254,3,current,16,1024,37,338092960
rescue_prime,,bn254,3,original,14,1024,37,295812951
rescue_prime,,bn254,4,current,13,1024,37,367596257
rescue_prime,,bn254,4,original,11,1024,37,311041295
rescue_prime,,goldilocks,8,single,8,16384,37,252906240
rescue_prime,,goldilocks,12,single,8,16384,37,394090560
rescue_prime,,mersenne31,16,single,8,16384,37,328319438
rescue_prime,,mersenne31,24,single,8,8192,37,265396358
rescue_prime,,koalabear,16,single,8,8192,37,224859325
rescue_prime,,koalabear,24,single,8,8192,37,364550165
rescue_prime,,babybear,16,single,8,8192,37,245011639
rescue_prime,,babybear,24,single,8,8192,37,393885166
anemoi,,bls12_381,4,current,20,1024,37,288018817
anemoi,,bls12_381,4,original,14,1024,37,201648026
anemoi,,bn254,4,current,20,1024,37,282686444
anemoi,,bn254,4,original,14,2048,37,395764157
anemoi,,goldilocks,8,single,11,32768,37,347017966
anemoi,,goldilocks,12,single,10,16384,37,238283708
anemoi,,mersenne31,16,single,10,32768,37,342780208
anemoi,,mersenne31,24,single,9,16384,37,240151549
anemoi,,koalabear,16,single,10,16384,37,246868409
anemoi,,koalabear,24,single,9,16384,37,345123787
anemoi,,babybear,16,single,9,16384,37,241499637
anemoi,,babybear,24,single,9,16384,37,373808173
griffin,,bls12_381,3,current,20,2048,37,286614643
griffin,,bls12_381,3,original,14,4096,37,400025660
griffin,,bls12_381,4,current,20,2048,37,288246362
griffin,,bls12_381,4,original,11,4096,37,317073385
griffin,,bn254,3,current,20,2048,37,280793487
griffin,,bn254,3,original,14,4096,37,392925343
griffin,,bn254,4,current,20,2048,37,282582139
griffin,,bn254,4,original,11,4096,37,311319434
griffin,,goldilocks,8,single,8,131072,37,283463806
griffin,,goldilocks,12,single,8,131072,37,301633917
arion,,bls12_381,3,single,11,4096,37,342635558
arion,,bls12_381,4,single,10,4096,37,329997163
arion,,bn254,3,single,11,4096,37,333045238
arion,,bn254,4,single,10,4096,37,320773769
grendel,native,bls12_381,3,current,24,256,37,264899540
grendel,native,bls12_381,3,original,14,512,37,298266625
grendel,native,bls12_381,4,current,23,256,37,341321372
grendel,native,bls12_381,4,original,12,512,37,340343465
grendel,native,bn254,3,current,24,256,37,262534009
grendel,native,bn254,3,original,14,512,37,293549231
grendel,native,bn254,4,current,23,256,37,337251538
grendel,native,bn254,4,original,12,512,37,337990499
xhash,XHash8,goldilocks,12,single,6,32768,37,283816976
xhash,XHash12,goldilocks,12,single,6,32768,37,371423407
xhash,XHash16,mersenne31,24,single,6,32768,37,303310549
xhash,XHash24,mersenne31,24,single,6,32768,37,364088281
reinforced_concrete,,bls12_381,3,single,7,131072,37,242264797
reinforced_concrete,,bn254,3,single,7,131072,37,243636319
skyscraper,,bls12_381,4,single,18,262144,37,325204408
skyscraper,,bn254,4,single,18,262144,37,316915149
monolith,,goldilocks,8,single,6,1048576,37,265699754
monolith,,goldilocks,12,single,6,524288,37,205889440
monolith,,mersenne31,16,single,6,524288,37,214745087
monolith,,mersenne31,24,single,6,262144,37,218539827
polocolo,,bls12_381,3,single,6,1024,37,263778093
polocolo,,bls12_381,4,single,5,1024,37,293287181
polocolo,,bn254,3,single,6,1024,37,237155209
polocolo,,bn254,4,single,5,1024,37,264264973
tip4p,,goldilocks,12,single,5,262144,37,332281862
plain,sha256_compress,-,-,single,-,8388608,37,211629104
plain,keccak_f1600,-,-,single,-,524288,37,203361747
plain,blake2b_compress,-,-,single,-,2097152,37,240956061
plain,blake3_compress,-,-,single,-,4194304,37,274072268
gmimc,,bls12_381,3,single,228,16384,38,261572283
gmimc,,bls12_381,4,single,231,16384,38,266546146
gmimc,,bn254,3,single,228,16384,38,250647971
gmimc,,bn254,4,single,231,16384,38,253900298
gmimc,,goldilocks,8,single,68,524288,38,337240076
gmimc,,goldilocks,12,single,93,262144,38,235121229
gmimc,,mersenne31,16,single,158,262144,38,269213009
gmimc,,mersenne31,24,single,335,131072,38,328498172
gmimc,,koalabear,16,single,158,262144,38,305811522
gmimc,,koalabear,24,single,335,131072,38,338675829
gmimc,,babybear,16,single,158,131072,38,246597332
gmimc,,babybear,24,single,335,65536,38,259711155
gmimc2,alpha=8,bls12_381,3,single,63,32768,38,225352026
gmimc2,alpha=8,bls12_381,4,single,64,32768,38,231659210
gmimc2,alpha=8,bn254,3,single,63,32768,38,220305336
gmimc2,alpha=8,bn254,4,single,64,32768,38,224904199
gmimc2,alpha=4,goldilocks,8,single,88,262144,38,294071918
gmimc2,alpha=4,goldilocks,12,single,96,262144,38,361746296
gmimc2,alpha=2,mersenne31,16,single,176,65536,38,201698038
gmimc2,alpha=2,mersenne31,24,single,264,32768,38,223961818
gmimc2,alpha=2,koalabear,16,single,176,131072,38,291121204
gmimc2,alpha=2,koalabear,24,single,264,65536,38,233384244
gmimc2,alpha=2,babybear,16,single,176,131072,38,291756231
gmimc2,alpha=2,babybear,24,single,264,65536,38,235057430
poseidon,,bls12_381,3,single,8+56,16384,38,256347290
poseidon,,bls12_381,4,single,8+56,16384,38,381263263
poseidon,,bn254,3,single,8+56,16384,38,245322490
poseidon,,bn254,4,single,8+56,16384,38,368438990
poseidon,,goldilocks,8,single,8+22,131072,38,324568389
poseidon,,goldilocks,12,single,8+22,65536,38,309307174
poseidon,,mersenne31,16,single,8+14,65536,38,326159122
poseidon,,mersenne31,24,single,8+22,16384,38,226268338
poseidon,,koalabear,16,single,8+20,32768,38,252124089
poseidon,,koalabear,24,single,8+23,16384,38,303518829
poseidon,,babybear,16,single,8+13,32768,38,201110731
poseidon,,babybear,24,single,8+21,16384,38,287940521
poseidon2,,bls12_381,3,single,8+56,65536,38,316742066
poseidon2,,bls12_381,4,single,8+56,32768,38,286561163
poseidon2,,bn254,3,single,8+56,65536,38,310691481
poseidon2,,bn254,4,single,8+56,32768,38,274235964
poseidon2,,goldilocks,8,single,8+22,524288,38,391726462
poseidon2,,goldilocks,12,single,8+22,262144,38,272515951
poseidon2,,mersenne31,16,single,8+14,262144,38,253243019
poseidon2,,mersenne31,24,single,8+22,131072,38,210479496
poseidon2,,koalabear,16,single,8+20,262144,38,280132432
poseidon2,,koalabear,24,single,8+23,131072,38,206147973
poseidon2,,babybear,16,single,8+13,262144,38,306509306
poseidon2,,babybear,24,single,8+21,131072,38,248489477
neptune,,bls12_381,4,single,6+69,32768,38,324562478
neptune,,bn254,4,single,6+69,32768,38,313984033
neptune,,goldilocks,8,single,6+38,262144,38,319202774
neptune,,goldilocks,12,single,6+42,131072,38,304256537
psquarehash,,mersenne31,16,single,52,262144,38,244007573
psquarehash,,mersenne31,24,single,52,262144,38,355242152
psquarehash,,koalabear,16,single,52,262144,38,313036542
psquarehash,,koalabear,24,single,52,131072,38,231497658
psquarehash,,babybear,16,single,52,262144,38,311598375
psquarehash,,babybear,24,single,52,131072,38,232483150
rescue_prime,,bls12_381,3,current,16,1024,38,345265862
rescue_prime,,bls12_381,3,original,14,1024,38,301543218
rescue_prime,,bls12_381,4,current,13,1024,38,375534919
rescue_prime,,bls12_381,4,original,11,1024,38,317608865
rescue_prime,,bn254,3,current,16,1024,38,338104882
rescue_prime,,bn254,3,original,14,1024,38,295810266
rescue_prime,,bn254,4,current,13,1024,38,367742540
rescue_prime,,bn254,4,original,11,1024,38,311161449
rescue_prime,,goldilocks,8,single,8,16384,38,252976932
rescue_prime,,goldilocks,12,single,8,16384,38,394142076
rescue_prime,,mersenne31,16,single,8,16384,38,328597568
rescue_prime,,mersenne31,24,single,8,8192,38,265561396
rescue_prime,,koalabear,16,single,8,8192,38,224074789
rescue_prime,,koalabear,24,single,8,8192,38,364287333
rescue_prime,,babybear,16,single,8,8192,38,244959372
rescue_prime,,babybear,24,single,8,8192,38,393655638
anemoi,,bls12_381,4,current,20,1024,38,288160713
anemoi,,bls12_381,4,original,14,1024,38,202175150
anemoi,,bn254,4,current,20,1024,38,282926092
anemoi,,bn254,4,original,14,2048,38,396012601
anemoi,,goldilocks,8,single,11,32768,38,346524264
anemoi,,goldilocks,12,single,10,16384,38,238302192
anemoi,,mersenne31,16,single,10,32768,38,340847467
anemoi,,mersenne31,24,single,9,16384,38,240158371
anemoi,,koalabear,16,single,10,16384,38,245924775
anemoi,,koalabear,24,single,9,16384,38,345329881
anemoi,,babybear,16,single,9,16384,38,241019430
anemoi,,babybear,24,single,9,16384,38,374087374
griffin,,bls12_381,3,current,20,2048,38,285718669
griffin,,bls12_381,3,original,14,4096,38,399898643
griffin,,bls12_381,4,current,20,2048,38,287942555
griffin,,bls12_381,4,original,11,4096,38,316633453
griffin,,bn254,3,current,20,2048,38,280773279
griffin,,bn254,3,original,14,4096,38,393003889
griffin,,bn254,4,current,20,2048,38,282595685
griffin,,bn254,4,original,11,4096,38,311372172
griffin,,goldilocks,8,single,8,131072,38,283809812
griffin,,goldilocks,12,single,8,131072,38,302636751
arion,,bls12_381,3,single,11,4096,38,342296364
arion,,bls12_381,4,single,10,4096,38,330038079
arion,,bn254,3,single,11,4096,38,333143632
arion,,bn254,4,single,10,4096,38,320839922
grendel,native,bls12_381,3,current,24,256,38,264843274
grendel,native,bls12_381,3,original,14,512,38,297836792
grendel,native,bls12_381,4,current,23,256,38,340293211
grendel,native,bls12_381,4,original,12,512,38,339905897
grendel,native,bn254,3,current,24,256,38,262540662
grendel,native,bn254,3,original,14,512,38,293557285
grendel,native,bn254,4,current,23,256,38,337485906
grendel,native,bn254,4,original,12,512,38,337346135
xhash,XHash8,goldilocks,12,single,6,32768,38,283644013
xhash,XHash12,goldilocks,12,single,6,32768,38,371174672
xhash,XHash16,mersenne31,24,single,6,32768,38,301307337
xhash,XHash24,mersenne31,24,single,6,32768,38,363534758
reinforced_concrete,,bls12_381,3,single,7,131072,38,242680243
reinforced_concrete,,bn254,3,single,7,131072,38,243761633
skyscraper,,bls12_381,4,single,18,262144,38,325216621
skyscraper,,bn254,4,single,18,262144,38,317032458
monolith,,goldilocks,8,single,6,1048576,38,266808166
monolith,,goldilocks,12,single,6,524288,38,205798441
monolith,,mersenne31,16,single,6,524288,38,214705253
monolith,,mersenne31,24,single,6,262144,38,218385629
polocolo,,bls12_381,3,single,6,1024,38,264264523
polocolo,,bls12_381,4,single,5,1024,38,293611427
polocolo,,bn254,3,single,6,1024,38,237109625
polocolo,,bn254,4,single,5,1024,38,264279410
tip4p,,goldilocks,12,single,5,262144,38,332828072
plain,sha256_compress,-,-,single,-,8388608,38,211667656
plain,keccak_f1600,-,-,single,-,524288,38,203321061
plain,blake2b_compress,-,-,single,-,2097152,38,239845366
plain,blake3_compress,-,-,single,-,4194304,38,273547127
gmimc,,bls12_381,3,single,228,16384,39,261110128
gmimc,,bls12_381,4,single,231,16384,39,268996885
gmimc,,bn254,3,single,228,16384,39,250598428
gmimc,,bn254,4,single,231,16384,39,257599900
gmimc,,goldilocks,8,single,68,524288,39,337602172
gmimc,,goldilocks,12,single,93,262144,39,235498534
gmimc,,mersenne31,16,single,158,262144,39,268780270
gmimc,,mersenne31,24,single,335,131072,39,317965842
gmimc,,koalabear,16,single,158,262144,39,305748805
gmimc,,koalabear,24,single,335,131072,39,331784793
gmimc,,babybear,16,single,158,131072,39,246623882
gmimc,,babybear,24,single,335,65536,39,259740710
gmimc2,alpha=8,bls12_381,3,single,63,32768,39,225437405
gmimc2,alpha=8,bls12_381,4,single,64,32768,39,231643401
gmimc2,alpha=8,bn254,3,single,63,32768,39,220540045
gmimc2,alpha=8,bn254,4,single,64,32768,39,225071791
gmimc2,alpha=4,goldilocks,8,single,88,262144,39,293806260
gmimc2,alpha=4,goldilocks,12,single,96,262144,39,360785961
gmimc2,alpha=2,mersenne31,16,single,176,65536,39,201954858
gmimc2,alpha=2,mersenne31,24,single,264,32768,39,225048378
gmimc2,alpha=2,koalabear,16,single,176,131072,39,291021096
gmimc2,alpha=2,koalabear,24,single,264,65536,39,233809769
gmimc2,alpha=2,babybear,16,single,176,131072,39,290756002
gmimc2,alpha=2,babybear,24,single,264,65536,39,235337794
poseidon,,bls12_381,3,single,8+56,16384,39,255945398
poseidon,,bls12_381,4,single,8+56,16384,39,381879293
poseidon,,bn254,3,single,8+56,16384,39,245820591
poseidon,,bn254,4,single,8+56,16384,39,369789363
poseidon,,goldilocks,8,single,8+22,131072,39,324100004
poseidon,,goldilocks,12,single,8+22,65536,39,309619046
poseidon,,mersenne31,16,single,8+14,65536,39,326350138
poseidon,,mersenne31,24,single,8+22,16384,39,227647264
poseidon,,koalabear,16,single,8+20,32768,39,253408889
poseidon,,koalabear,24,single,8+23,16384,39,303796457
poseidon,,babybear,16,single,8+13,32768,39,201207512
poseidon,,babybear,24,single,8+21,16384,39,288018837
poseidon2,,bls12_381,3,single,8+56,65536,39,317003544
poseidon2,,bls12_381,4,single,8+56,32768,39,286377390
poseidon2,,bn254,3,single,8+56,65536,39,310765378
poseidon2,,bn254,4,single,8+56,32768,39,274330391
poseidon2,,goldilocks,8,single,8+22,524288,39,391641012
poseidon2,,goldilocks,12,single,8+22,262144,39,272624383
poseidon2,,mersenne31,16,single,8+14,262144,39,253396175
poseidon2,,mersenne31,24,single,8+22,131072,39,210853255
poseidon2,,koalabear,16,single,8+20,262144,39,280352332
poseidon2,,koalabear,24,single,8+23,131072,39,202413715
poseidon2,,babybear,16,single,8+13,262144,39,307165762
poseidon2,,babybear,24,single,8+21,131072,39,248251643
neptune,,bls12_381,4,single,6+69,32768,39,324638700
neptune,,bn254,4,single,6+69,32768,39,315210384
neptune,,goldilocks,8,single,6+38,262144,39,319175633
neptune,,goldilocks,12,single,6+42,131072,39,304290421
psquarehash,,mersenne31,16,single,52,262144,39,244354571
psquarehash,,mersenne31,24,single,52,262144,39,355389808
psquarehash,,koalabear,16,single,52,262144,39,312084172
psquarehash,,koalabear,24,single,52,131072,39,234329700
psquarehash,,babybear,16,single,52,262144,39,311739719
psquarehash,,babybear,24,single,52,131072,39,231637490
rescue_prime,,bls12_381,3,current,16,1024,39,345140427
rescue_prime,,bls12_381,3,original,14,1024,39,301893922
rescue_prime,,bls12_381,4,current,13,1024,39,375719093
rescue_prime,,bls12_381,4,original,11,1024,39,318153904
rescue_prime,,bn254,3,current,16,1024,39,340905665
rescue_prime,,bn254,3,original,14,1024,39,295910211
rescue_prime,,bn254,4,current,13,1024,39,366385123
rescue_prime,,bn254,4,original,11,1024,39,310045974
rescue_prime,,goldilocks,8,single,8,16384,39,252846448
rescue_prime,,goldilocks,12,single,8,16384,39,393809224
rescue_prime,,mersenne31,16,single,8,16384,39,329467132
rescue_prime,,mersenne31,24,single,8,8192,39,265596081
rescue_prime,,koalabear,16,single,8,8192,39,223872120
rescue_prime,,koalabear,24,single,8,8192,39,362508479
rescue_prime,,babybear,16,single,8,8192,39,245217644
rescue_prime,,babybear,24,single,8,8192,39,392919211
anemoi,,bls12_381,4,current,20,1024,39,288319639
anemoi,,bls12_381,4,original,14,1024,39,201716764
anemoi,,bn254,4,current,20,1024,39,282650897
anemoi,,bn254,4,original,14,2048,39,395731526
anemoi,,goldilocks,8,single,11,32768,39,346252055
anemoi,,goldilocks,12,single,10,16384,39,238300409
anemoi,,mersenne31,16,single,10,32768,39,340767687
anemoi,,mersenne31,24,single,9,16384,39,240263046
anemoi,,koalabear,16,single,10,16384,39,245742545
anemoi,,koalabear,24,single,9,16384,39,344877185
anemoi,,babybear,16,single,9,16384,39,240664105
anemoi,,babybear,24,single,9,16384,39,373910584
griffin,,bls12_381,3,current,20,2048,39,286437973
griffin,,bls12_381,3,original,14,4096,39,400405559
griffin,,bls12_381,4,current,20,2048,39,288066175
griffin,,bls12_381,4,original,11,4096,39,317587866
griffin,,bn254,3,current,20,2048,39,280819295
griffin,,bn254,3,original,14,4096,39,392941513
griffin,,bn254,4,current,20,2048,39,282554888
griffin,,bn254,4,original,11,4096,39,311301259
griffin,,goldilocks,8,single,8,131072,39,283432548
griffin,,goldilocks,12,single,8,131072,39,301557795
arion,,bls12_381,3,single,11,4096,39,341938495
arion,,bls12_381,4,single,10,4096,39,330116185
arion,,bn254,3,single,11,4096,39,333121109
arion,,bn254,4,single,10,4096,39,320804877
grendel,native,bls12_381,3,current,24,256,39,265360300
grendel,native,bls12_381,3,original,14,512,39,297467341
grendel,native,bls12_381,4,current,23,256,39,340481733
grendel,native,bls12_381,4,original,12,512,39,339348005
grendel,native,bn254,3,current,24,256,39,262590735
grendel,native,bn254,3,original,14,512,39,293475322
grendel,native,bn254,4,current,23,256,39,337188780
grendel,native,bn254,4,original,12,512,39,337146381
xhash,XHash8,goldilocks,12,single,6,32768,39,283892296
xhash,XHash12,goldilocks,12,single,6,32768,39,370852561
xhash,XHash16,mersenne31,24,single,6,32768,39,301565849
xhash,XHash24,mersenne31,24,single,6,32768,39,363382763
reinforced_concrete,,bls12_381,3,single,7,131072,39,242262943
reinforced_concrete,,bn254,3,single,7,131072,39,244127878
skyscraper,,bls12_381,4,single,18,262144,39,325392899
skyscraper,,bn254,4,single,18,262144,39,316807017
monolith,,goldilocks,8,single,6,1048576,39,265603735
monolith,,goldilocks,12,single,6,524288,39,205329924
monolith,,mersenne31,16,single,6,524288,39,214879097
monolith,,mersenne31,24,single,6,262144,39,218388855
polocolo,,bls12_381,3,single,6,1024,39,263739020
polocolo,,bls12_381,4,single,5,1024,39,294210306
polocolo,,bn254,3,single,6,1024,39,237133920
polocolo,,bn254,4,single,5,1024,39,264260685
tip4p,,goldilocks,12,single,5,262144,39,332862927
plain,sha256_compress,-,-,single,-,8388608,39,211680150
plain,keccak_f1600,-,-,single,-,524288,39,203252082
plain,blake2b_compress,-,-,single,-,2097152,39,240739697
plain,blake3_compress,-,-,single,-,4194304,39,270271327
gmimc,,bls12_381,3,single,228,16384,40,261236654
gmimc,,bls12_381,4,single,231,16384,40,266451719
gmimc,,bn254,3,single,228,16384,40,250491047
gmimc,,bn254,4,single,231,16384,40,253855153
gmimc,,goldilocks,8,single,68,524288,40,337405555
gmimc,,goldilocks,12,single,93,262144,40,234958625
gmimc,,mersenne31,16,single,158,262144,40,267837278
gmimc,,mersenne31,24,single,335,131072,40,321758759
gmimc,,koalabear,16,single,158,262144,40,305842500
gmimc,,koalabear,24,single,335,131072,40,333683120
gmimc,,babybear,16,single,158,131072,40,246675788
gmimc,,babybear,24,single,335,65536,40,259733466
gmimc2,alpha=8,bls12_381,3,single,63,32768,40,225365701
gmimc2,alpha=8,bls12_381,4,single,64,32768,40,229915822
gmimc2,alpha=8,bn254,3,single,63,32768,40,220703800
gmimc2,alpha=8,bn254,4,single,64,32768,40,223674351
gmimc2,alpha=4,goldilocks,8,single,88,262144,40,293821920
gmimc2,alpha=4,goldilocks,12,single,96,262144,40,361549177
gmimc2,alpha=2,mersenne31,16,single,176,65536,40,202025340
gmimc2,alpha=2,mersenne31,24,single,264,32768,40,223976465
gmimc2,alpha=2,koalabear,16,single,176,131072,40,291149977
gmimc2,alpha=2,koalabear,24,single,264,65536,40,233396156
gmimc2,alpha=2,babybear,16,single,176,131072,40,290730674
gmimc2,alpha=2,babybear,24,single,264,65536,40,237196677
poseidon,,bls12_381,3,single,8+56,16384,40,256135844
poseidon,,bls12_381,4,single,8+56,16384,40,381269093
poseidon,,bn254,3,single,8+56,16384,40,245762492
poseidon,,bn254,4,single,8+56,16384,40,368733961
poseidon,,goldilocks,8,single,8+22,131072,40,324217944
poseidon,,goldilocks,12,single,8+22,65536,40,309728521
poseidon,,mersenne31,16,single,8+14,65536,40,325281441
poseidon,,mersenne31,24,single,8+22,16384,40,228855742
poseidon,,koalabear,16,single,8+20,32768,40,253780794
poseidon,,koalabear,24,single,8+23,16384,40,303924476
poseidon,,babybear,16,single,8+13,32768,40,201156738
poseidon,,babybear,24,single,8+21,16384,40,288659464
poseidon2,,bls12_381,3,single,8+56,65536,40,317065610
poseidon2,,bls12_381,4,single,8+56,32768,40,285671481
poseidon2,,bn254,3,single,8+56,65536,40,310929525
poseidon2,,bn254,4,single,8+56,32768,40,274615092
poseidon2,,goldilocks,8,single,8+22,524288,40,391415562
poseidon2,,goldilocks,12,single,8+22,262144,40,272787107
poseidon2,,mersenne31,16,single,8+14,262144,40,253638187
poseidon2,,mersenne31,24,single,8+22,131072,40,210779958
poseidon2,,koalabear,16,single,8+20,262144,40,281784828
poseidon2,,koalabear,24,single,8+23,131072,40,202839722
poseidon2,,babybear,16,single,8+13,262144,40,307167406
poseidon2,,babybear,24,single,8+21,131072,40,248700782
neptune,,bls12_381,4,single,6+69,32768,40,324205701
neptune,,bn254,4,single,6+69,32768,40,313352122
neptune,,goldilocks,8,single,6+38,262144,40,319035631
neptune,,goldilocks,12,single,6+42,131072,40,303827645
psquarehash,,mersenne31,16,single,52,262144,40,243851120
psquarehash,,mersenne31,24,single,52,262144,40,355463396
psquarehash,,koalabear,16,single,52,262144,40,312688501
psquarehash,,koalabear,24,single,52,131072,40,231573650
psquarehash,,babybear,16,single,52,262144,40,311896612
psquarehash,,babybear,24,single,52,131072,40,231697121
rescue_prime,,bls12_381,3,current,16,1024,40,344892875
rescue_prime,,bls12_381,3,original,14,1024,40,302362207
rescue_prime,,bls12_381,4,current,13,1024,40,375088865
rescue_prime,,bls12_381,4,original,11,1024,40,317455278
rescue_prime,,bn254,3,current,16,1024,40,338081839
rescue_prime,,bn254,3,original,14,1024,40,295803401
rescue_prime,,bn254,4,current,13,1024,40,367585676
rescue_prime,,bn254,4,original,11,1024,40,311055259
rescue_prime,,goldilocks,8,single,8,16384,40,252911059
rescue_prime,,goldilocks,12,single,8,16384,40,394403003
rescue_prime,,mersenne31,16,single,8,16384,40,328644094
rescue_prime,,mersenne31,24,single,8,8192,40,265397579
rescue_prime,,koalabear,16,single,8,8192,40,223868944
rescue_prime,,koalabear,24,single,8,8192,40,363614716
rescue_prime,,babybear,16,single,8,8192,40,244995278
rescue_prime,,babybear,24,single,8,8192,40,393474378
anemoi,,bls12_381,4,current,20,1024,40,288093857
anemoi,,bls12_381,4,original,14,1024,40,201681157
anemoi,,bn254,4,current,20,1024,40,282685672
anemoi,,bn254,4,original,14,2048,40,395778714
anemoi,,goldilocks,8,single,11,32768,40,346690002
anemoi,,goldilocks,12,single,10,16384,40,238264502
anemoi,,mersenne31,16,single,10,32768,40,341555919
anemoi,,mersenne31,24,single,9,16384,40,239971772
anemoi,,koalabear,16,single,10,16384,40,245794671
anemoi,,koalabear,24,single,9,16384,40,344900008
anemoi,,babybear,16,single,9,16384,40,241005914
anemoi,,babybear,24,single,9,16384,40,373868845
griffin,,bls12_381,3,current,20,2048,40,285568098
griffin,,bls12_381,3,original,14,4096,40,400679441
griffin,,bls12_381,4,current,20,2048,40,288810395
griffin,,bls12_381,4,original,11,4096,40,316614086
griffin,,bn254,3,current,20,2048,40,280799197
griffin,,bn254,3,original,14,4096,40,392925032
griffin,,bn254,4,current,20,2048,40,282584734
griffin,,bn254,4,original,11,4096,40,311355431
griffin,,goldilocks,8,single,8,131072,40,283604669
griffin,,goldilocks,12,single,8,131072,40,301591387
arion,,bls12_381,3,single,11,4096,40,341907226
arion,,bls12_381,4,single,10,4096,40,330833645
arion,,bn254,3,single,11,4096,40,333130026
arion,,bn254,4,single,10,4096,40,320850963
grendel,native,bls12_381,3,current,24,256,40,265499951
grendel,native,bls12_381,3,original,14,512,40,298372713
grendel,native,bls12_381,4,current,23,256,40,339748011
grendel,native,bls12_381,4,original,12,512,40,339741299
grendel,native,bn254,3,current,24,256,40,262625340
grendel,native,bn254,3,original,14,512,40,293452720
grendel,native,bn254,4,current,23,256,40,337286392
grendel,native,bn254,4,original,12,512,40,337423910
xhash,XHash8,goldilocks,12,single,6,32768,40,283784705
xhash,XHash12,goldilocks,12,single,6,32768,40,371287923
xhash,XHash16,mersenne31,24,single,6,32768,40,301428502
xhash,XHash24,mersenne31,24,single,6,32768,40,363857439
reinforced_concrete,,bls12_381,3,single,7,131072,40,241869738
reinforced_concrete,,bn254,3,single,7,131072,40,243364822
skyscraper,,bls12_381,4,single,18,262144,40,325645461
skyscraper,,bn254,4,single,18,262144,40,316829800
monolith,,goldilocks,8,single,6,1048576,40,266192886
monolith,,goldilocks,12,single,6,524288,40,205635315
monolith,,mersenne31,16,single,6,524288,40,214933949
monolith,,mersenne31,24,single,6,262144,40,218592725
polocolo,,bls12_381,3,single,6,1024,40,263740934
polocolo,,bls12_381,4,single,5,1024,40,294040668
polocolo,,bn254,3,single,6,1024,40,237150190
polocolo,,bn254,4,single,5,1024,40,264263871
tip4p,,goldilocks,12,single,5,262144,40,332271362
plain,sha256_compress,-,-,single,-,8388608,40,211678927
plain,keccak_f1600,-,-,single,-,524288,40,203413904
plain,blake2b_compress,-,-,single,-,2097152,40,240751899
plain,blake3_compress,-,-,single,-,4194304,40,273734447
gmimc,,bls12_381,3,single,228,16384,41,261028596
gmimc,,bls12_381,4,single,231,16384,41,266589657
gmimc,,bn254,3,single,228,16384,41,250276937
gmimc,,bn254,4,single,231,16384,41,253685866
gmimc,,goldilocks,8,single,68,524288,41,337429840
gmimc,,goldilocks,12,single,93,262144,41,235763309
gmimc,,mersenne31,16,single,158,262144,41,268234571
gmimc,,mersenne31,24,single,335,131072,41,333849931
gmimc,,koalabear,16,single,158,262144,41,306086987
gmimc,,koalabear,24,single,335,131072,41,332542919
gmimc,,babybear,16,single,158,131072,41,246938439
gmimc,,babybear,24,single,335,65536,41,259732094
gmimc2,alpha=8,bls12_381,3,single,63,32768,41,225507216
gmimc2,alpha=8,bls12_381,4,single,64,32768,41,231593096
gmimc2,alpha=8,bn254,3,single,63,32768,41,220719699
gmimc2,alpha=8,bn254,4,single,64,32768,41,224765860
gmimc2,alpha=4,goldilocks,8,single,88,262144,41,293960960
gmimc2,alpha=4,goldilocks,12,single,96,262144,41,361502670
gmimc2,alpha=2,mersenne31,16,single,176,65536,41,202070364
gmimc2,alpha=2,mersenne31,24,single,264,32768,41,224171840
gmimc2,alpha=2,koalabear,16,single,176,131072,41,291208206
gmimc2,alpha=2,koalabear,24,single,264,65536,41,234323448
gmimc2,alpha=2,babybear,16,single,176,131072,41,290839818
gmimc2,alpha=2,babybear,24,single,264,65536,41,238832513
poseidon,,bls12_381,3,single,8+56,16384,41,256022122
poseidon,,bls12_381,4,single,8+56,16384,41,381539418
poseidon,,bn254,3,single,8+56,16384,41,245397018
poseidon,,bn254,4,single,8+56,16384,41,368409665
poseidon,,goldilocks,8,single,8+22,131072,41,324671942
poseidon,,goldilocks,12,single,8+22,65536,41,309490205
poseidon,,mersenne31,16,single,8+14,65536,41,324726254
poseidon,,mersenne31,24,single,8+22,16384,41,229629187
poseidon,,koalabear,16,single,8+20,32768,41,253510038
poseidon,,koalabear,24,single,8+23,16384,41,304045623
poseidon,,babybear,16,single,8+13,32768,41,201856975
poseidon,,babybear,24,single,8+21,16384,41,288465781
poseidon2,,bls12_381,3,single,8+56,65536,41,317335735
poseidon2,,bls12_381,4,single,8+56,32768,41,286538400
poseidon2,,bn254,3,single,8+56,65536,41,311283777
poseidon2,,bn254,4,single,8+56,32768,41,274484388
poseidon2,,goldilocks,8,single,8+22,524288,41,391469642
poseidon2,,goldilocks,12,single,8+22,262144,41,272408108
poseidon2,,mersenne31,16,single,8+14,262144,41,253339960
poseidon2,,mersenne31,24,single,8+22,131072,41,210887037
poseidon2,,koalabear,16,single,8+20,262144,41,279219475
poseidon2,,koalabear,24,single,8+23,131072,41,202520064
poseidon2,,babybear,16,single,8+13,262144,41,307233278
poseidon2,,babybear,24,single,8+21,131072,41,248605674
neptune,,bls12_381,4,single,6+69,32768,41,324644591
neptune,,bn254,4,single,6+69,32768,41,313557244
neptune,,goldilocks,8,single,6+38,262144,41,318692760
neptune,,goldilocks,12,single,6+42,131072,41,304446842
psquarehash,,mersenne31,16,single,52,262144,41,244327340
psquarehash,,mersenne31,24,single,52,262144,41,355452786
psquarehash,,koalabear,16,single,52,262144,41,312184389
psquarehash,,koalabear,24,single,52,131072,41,231790445
psquarehash,,babybear,16,single,52,262144,41,311543952
psquarehash,,babybear,24,single,52,131072,41,233041944
rescue_prime,,bls12_381,3,current,16,1024,41,344847640
rescue_prime,,bls12_381,3,original,14,1024,41,301683720
rescue_prime,,bls12_381,4,current,13,1024,41,375782772
rescue_prime,,bls12_381,4,original,11,1024,41,317878999
rescue_prime,,bn254,3,current,16,1024,41,338123797
rescue_prime,,bn254,3,original,14,1024,41,295839289
rescue_prime,,bn254,4,current,13,1024,41,367764961
rescue_prime,,bn254,4,original,11,1024,41,311171226
rescue_prime,,goldilocks,8,single,8,16384,41,252947738
rescue_prime,,goldilocks,12,single,8,16384,41,395146883
rescue_prime,,mersenne31,16,single,8,16384,41,329197438
rescue_prime,,mersenne31,24,single,8,8192,41,265926728
rescue_prime,,koalabear,16,single,8,8192,41,223849177
rescue_prime,,koalabear,24,single,8,8192,41,362454297
rescue_prime,,babybear,16,single,8,8192,41,244939614
rescue_prime,,babybear,24,single,8,8192,41,392338415
anemoi,,bls12_381,4,current,20,1024,41,288158738
anemoi,,bls12_381,4,original,14,1024,41,202017295
anemoi,,bn254,4,current,20,1024,41,282886126
anemoi,,bn254,4,original,14,2048,41,396010086
anemoi,,goldilocks,8,single,11,32768,41,347042591
anemoi,,goldilocks,12,single,10,16384,41,238300449
anemoi,,mersenne31,16,single,10,32768,41,342859416
anemoi,,mersenne31,24,single,9,16384,41,240129617
anemoi,,koalabear,16,single,10,16384,41,247186372
anemoi,,koalabear,24,single,9,16384,41,345054155
anemoi,,babybear,16,single,9,16384,41,242172794
anemoi,,babybear,24,single,9,16384,41,373958564
griffin,,bls12_381,3,current,20,2048,41,285592233
griffin,,bls12_381,3,original,14,4096,41,401040615
griffin,,bls12_381,4,current,20,2048,41,287827058
griffin,,bls12_381,4,original,11,4096,41,316660333
griffin,,bn254,3,current,20,2048,41,280769311
griffin,,bn254,3,original,14,4096,41,392975496
griffin,,bn254,4,current,20,2048,41,282612104
griffin,,bn254,4,original,11,4096,41,311307692
griffin,,goldilocks,8,single,8,131072,41,283667997
griffin,,goldilocks,12,single,8,131072,41,301770751
arion,,bls12_381,3,single,11,4096,41,343062795
arion,,bls12_381,4,single,10,4096,41,330699173
arion,,bn254,3,single,11,4096,41,333125407
arion,,bn254,4,single,10,4096,41,320855441
grendel,native,bls12_381,3,current,24,256,41,265190242
grendel,native,bls12_381,3,original,14,512,41,298283686
grendel,native,bls12_381,4,current,23,256,41,340175531
grendel,native,bls12_381,4,original,12,512,41,339839182
grendel,native,bn254,3,current,24,256,41,262873974
grendel,native,bn254,3,original,14,512,41,293930963
grendel,native,bn254,4,current,23,256,41,337586222
grendel,native,bn254,4,original,12,512,41,337347486
xhash,XHash8,goldilocks,12,single,6,32768,41,283740442
xhash,XHash12,goldilocks,12,single,6,32768,41,370897584
xhash,XHash16,mersenne31,24,single,6,32768,41,302315089
xhash,XHash24,mersenne31,24,single,6,32768,41,363809339
reinforced_concrete,,bls12_381,3,single,7,131072,41,242649535
reinforced_concrete,,bn254,3,single,7,131072,41,243668178
skyscraper,,bls12_381,4,single,18,262144,41,325232921
skyscraper,,bn254,4,single,18,262144,41,316791438
monolith,,goldilocks,8,single,6,1048576,41,266321195
monolith,,goldilocks,12,single,6,524288,41,206479392
monolith,,mersenne31,16,single,6,524288,41,214885328
monolith,,mersenne31,24,single,6,262144,41,218115043
polocolo,,bls12_381,3,single,6,1024,41,264128318
polocolo,,bls12_381,4,single,5,1024,41,293864980
polocolo,,bn254,3,single,6,1024,41,237174696
polocolo,,bn254,4,single,5,1024,41,264312252
tip4p,,goldilocks,12,single,5,262144,41,332076076
plain,sha256_compress,-,-,single,-,8388608,41,211766350
plain,keccak_f1600,-,-,single,-,524288,41,203303227
plain,blake2b_compress,-,-,single,-,2097152,41,240684974
plain,blake3_compress,-,-,single,-,4194304,41,273301107
gmimc,,bls12_381,3,single,228,16384,42,261140986
gmimc,,bls12_381,4,single,231,16384,42,269274764
gmimc,,bn254,3,single,228,16384,42,251255926
gmimc,,bn254,4,single,231,16384,42,257234006
gmimc,,goldilocks,8,single,68,524288,42,337335353
gmimc,,goldilocks,12,single,93,262144,42,236680792
gmimc,,mersenne31,16,single,158,262144,42,269217537
gmimc,,mersenne31,24,single,335,131072,42,332077419
gmimc,,koalabear,16,single,158,262144,42,305800771
gmimc,,koalabear,24,single,335,131072,42,341838928
gmimc,,babybear,16,single,158,131072,42,246697639
gmimc,,babybear,24,single,335,65536,42,259718568
gmimc2,alpha=8,bls12_381,3,single,63,32768,42,225468312
gmimc2,alpha=8,bls12_381,4,single,64,32768,42,231523406
gmimc2,alpha=8,bn254,3,single,63,32768,42,220619612
gmimc2,alpha=8,bn254,4,single,64,32768,42,224987915
gmimc2,alpha=4,goldilocks,8,single,88,262144,42,293875960
gmimc2,alpha=4,goldilocks,12,single,96,262144,42,361456763
gmimc2,alpha=2,mersenne31,16,single,176,65536,42,201992619
gmimc2,alpha=2,mersenne31,24,single,264,32768,42,224838676
gmimc2,alpha=2,koalabear,16,single,176,131072,42,291622439
gmimc2,alpha=2,koalabear,24,single,264,65536,42,235141717
gmimc2,alpha=2,babybear,16,single,176,131072,42,290902424
gmimc2,alpha=2,babybear,24,single,264,65536,42,235397324
poseidon,,bls12_381,3,single,8+56,16384,42,254636362
poseidon,,bls12_381,4,single,8+56,16384,42,382111346
poseidon,,bn254,3,single,8+56,16384,42,245338519
poseidon,,bn254,4,single,8+56,16384,42,369835739
poseidon,,goldilocks,8,single,8+22,131072,42,324412958
poseidon,,goldilocks,12,single,8+22,65536,42,309427929
poseidon,,mersenne31,16,single,8+14,65536,42,326470692
poseidon,,mersenne31,24,single,8+22,16384,42,228647903
poseidon,,koalabear,16,single,8+20,32768,42,253360739
poseidon,,koalabear,24,single,8+23,16384,42,303342839
poseidon,,babybear,16,single,8+13,32768,42,201608441
poseidon,,babybear,24,single,8+21,16384,42,287978070
poseidon2,,bls12_381,3,single,8+56,65536,42,317017199
poseidon2,,bls12_381,4,single,8+56,32768,42,286740127
poseidon2,,bn254,3,single,8+56,65536,42,311015735
poseidon2,,bn254,4,single,8+56,32768,42,274288682
poseidon2,,goldilocks,8,single,8+22,524288,42,391485171
poseidon2,,goldilocks,12,single,8+22,262144,42,272833964
poseidon2,,mersenne31,16,single,8+14,262144,42,253600617
poseidon2,,mersenne31,24,single,8+22,131072,42,210949754
poseidon2,,koalabear,16,single,8+20,262144,42,279416173
poseidon2,,koalabear,24,single,8+23,131072,42,202701523
poseidon2,,babybear,16,single,8+13,262144,42,307020481
poseidon2,,babybear,24,single,8+21,131072,42,248337523
neptune,,bls12_381,4,single,6+69,32768,42,324586713
neptune,,bn254,4,single,6+69,32768,42,315554586
neptune,,goldilocks,8,single,6+38,262144,42,318246777
neptune,,goldilocks,12,single,6+42,131072,42,303969660
psquarehash,,mersenne31,16,single,52,262144,42,244419893
psquarehash,,mersenne31,24,single,52,262144,42,355474375
psquarehash,,koalabear,16,single,52,262144,42,312505870
psquarehash,,koalabear,24,single,52,131072,42,231548533
psquarehash,,babybear,16,single,52,262144,42,311090696
psquarehash,,babybear,24,single,52,131072,42,232632769
rescue_prime,,bls12_381,3,current,16,1024,42,344647636
rescue_prime,,bls12_381,3,original,14,1024,42,301630791
rescue_prime,,bls12_381,4,current,13,1024,42,375676292
rescue_prime,,bls12_381,4,original,11,1024,42,318022828
rescue_prime,,bn254,3,current,16,1024,42,338066229
rescue_prime,,bn254,3,original,14,1024,42,295768837
rescue_prime,,bn254,4,current,13,1024,42,366413756
rescue_prime,,bn254,4,original,11,1024,42,309982375
rescue_prime,,goldilocks,8,single,8,16384,42,252865503
rescue_prime,,goldilocks,12,single,8,16384,42,394093274
rescue_prime,,mersenne31,16,single,8,16384,42,328093796
rescue_prime,,mersenne31,24,single,8,8192,42,264997351
rescue_prime,,koalabear,16,single,8,8192,42,224757905
rescue_prime,,koalabear,24,single,8,8192,42,362338200
rescue_prime,,babybear,16,single,8,8192,42,245362203
rescue_prime,,babybear,24,single,8,8192,42,394368809
anemoi,,bls12_381,4,current,20,1024,42,288043463
anemoi,,bls12_381,4,original,14,1024,42,201679744
anemoi,,bn254,4,current,20,1024,42,282719806
anemoi,,bn254,4,original,14,2048,42,395737045
anemoi,,goldilocks,8,single,11,32768,42,346391645
anemoi,,goldilocks,12,single,10,16384,42,238331026
anemoi,,mersenne31,16,single,10,32768,42,340588392
anemoi,,mersenne31,24,single,9,16384,42,240471947
anemoi,,koalabear,16,single,10,16384,42,245718520
anemoi,,koalabear,24,single,9,16384,42,344899497
anemoi,,babybear,16,single,9,16384,42,240874368
anemoi,,babybear,24,single,9,16384,42,373800347
griffin,,bls12_381,3,current,20,2048,42,286430117
griffin,,bls12_381,3,original,14,4096,42,402542562
griffin,,bls12_381,4,current,20,2048,42,288100639
griffin,,bls12_381,4,original,11,4096,42,316633472
griffin,,bn254,3,current,20,2048,42,280785642
griffin,,bn254,3,original,14,4096,42,393001715
griffin,,bn254,4,current,20,2048,42,282507038
griffin,,bn254,4,original,11,4096,42,311262747
griffin,,goldilocks,8,single,8,131072,42,283166811
griffin,,goldilocks,12,single,8,131072,42,301299000
arion,,bls12_381,3,single,11,4096,42,341907185
arion,,bls12_381,4,single,10,4096,42,330118228
arion,,bn254,3,single,11,4096,42,333141097
arion,,bn254,4,single,10,4096,42,320826657
grendel,native,bls12_381,3,current,24,256,42,265250364
grendel,native,bls12_381,3,original,14,512,42,298598605
grendel,native,bls12_381,4,current,23,256,42,340071456
grendel,native,bls12_381,4,original,12,512,42,340094579
grendel,native,bn254,3,current,24,256,42,263002624
grendel,native,bn254,3,original,14,512,42,293804647
grendel,native,bn254,4,current,23,256,42,337482708
grendel,native,bn254,4,original,12,512,42,337087129
xhash,XHash8,goldilocks,12,single,6,32768,42,283841040
xhash,XHash12,goldilocks,12,single,6,32768,42,370967454
xhash,XHash16,mersenne31,24,single,6,32768,42,301607246
xhash,XHash24,mersenne31,24,single,6,32768,42,362391500
reinforced_concrete,,bls12_381,3,single,7,131072,42,242676245
reinforced_concrete,,bn254,3,single,7,131072,42,244444048
skyscraper,,bls12_381,4,single,18,262144,42,325204317
skyscraper,,bn254,4,single,18,262144,42,316958830
monolith,,goldilocks,8,single,6,1048576,42,265900919
monolith,,goldilocks,12,single,6,524288,42,206003603
monolith,,mersenne31,16,single,6,524288,42,214954418
monolith,,mersenne31,24,single,6,262144,42,218444940
polocolo,,bls12_381,3,single,6,1024,42,265323281
polocolo,,bls12_381,4,single,5,1024,42,293343876
polocolo,,bn254,3,single,6,1024,42,237175858
polocolo,,bn254,4,single,5,1024,42,264278949
tip4p,,goldilocks,12,single,5,262144,42,332637465
plain,sha256_compress,-,-,single,-,8388608,42,211717820
plain,keccak_f1600,-,-,single,-,524288,42,203435835
plain,blake2b_compress,-,-,single,-,2097152,42,240947394
plain,blake3_compress,-,-,single,-,4194304,42,272313652
gmimc,,bls12_381,3,single,228,16384,43,261229881
gmimc,,bls12_381,4,single,231,16384,43,266480963
gmimc,,bn254,3,single,228,16384,43,250884552
gmimc,,bn254,4,single,231,16384,43,253709480
gmimc,,goldilocks,8,single,68,524288,43,337401747
gmimc,,goldilocks,12,single,93,262144,43,235238026
gmimc,,mersenne31,16,single,158,262144,43,268764751
gmimc,,mersenne31,24,single,335,131072,43,321708595
gmimc,,koalabear,16,single,158,262144,43,305998410
gmimc,,koalabear,24,single,335,131072,43,329922302
gmimc,,babybear,16,single,158,131072,43,246793087
gmimc,,babybear,24,single,335,65536,43,259958055
gmimc2,alpha=8,bls12_381,3,single,63,32768,43,225420944
gmimc2,alpha=8,bls12_381,4,single,64,32768,43,229866760
gmimc2,alpha=8,bn254,3,single,63,32768,43,220525927
gmimc2,alpha=8,bn254,4,single,64,32768,43,223508019
gmimc2,alpha=4,goldilocks,8,single,88,262144,43,293885699
gmimc2,alpha=4,goldilocks,12,single,96,262144,43,360636601
gmimc2,alpha=2,mersenne31,16,single,176,65536,43,201729948
gmimc2,alpha=2,mersenne31,24,single,264,32768,43,223934296
gmimc2,alpha=2,koalabear,16,single,176,131072,43,291000377
gmimc2,alpha=2,koalabear,24,single,264,65536,43,233289265
gmimc2,alpha=2,babybear,16,single,176,131072,43,290708912
gmimc2,alpha=2,babybear,24,single,264,65536,43,238788180
poseidon,,bls12_381,3,single,8+56,16384,43,256167432
poseidon,,bls12_381,4,single,8+56,16384,43,380954344
poseidon,,bn254,3,single,8+56,16384,43,245665470
poseidon,,bn254,4,single,8+56,16384,43,368720255
poseidon,,goldilocks,8,single,8+22,131072,43,324691088
poseidon,,goldilocks,12,single,8+22,65536,43,309740884
poseidon,,mersenne31,16,single,8+14,65536,43,326082287
poseidon,,mersenne31,24,single,8+22,16384,43,227103187
poseidon,,koalabear,16,single,8+20,32768,43,252321557
poseidon,,koalabear,24,single,8+23,16384,43,303883389
poseidon,,babybear,16,single,8+13,32768,43,201618429
poseidon,,babybear,24,single,8+21,16384,43,288573092
poseidon2,,bls12_381,3,single,8+56,65536,43,317072242
poseidon2,,bls12_381,4,single,8+56,32768,43,285691388
poseidon2,,bn254,3,single,8+56,65536,43,311157360
poseidon2,,bn254,4,single,8+56,32768,43,274172835
poseidon2,,goldilocks,8,single,8+22,524288,43,391489909
poseidon2,,goldilocks,12,single,8+22,262144,43,272673825
poseidon2,,mersenne31,16,single,8+14,262144,43,253499648
poseidon2,,mersenne31,24,single,8+22,131072,43,210765050
poseidon2,,koalabear,16,single,8+20,262144,43,279242027
poseidon2,,koalabear,24,single,8+23,131072,43,205783271
poseidon2,,babybear,16,single,8+13,262144,43,307528781
poseidon2,,babybear,24,single,8+21,131072,43,248775932
neptune,,bls12_381,4,single,6+69,32768,43,324226640
neptune,,bn254,4,single,6+69,32768,43,313079732
neptune,,goldilocks,8,single,6+38,262144,43,319036311
neptune,,goldilocks,12,single,6+42,131072,43,304427726
psquarehash,,mersenne31,16,single,52,262144,43,244155559
psquarehash,,mersenne31,24,single,52,262144,43,355279240
psquarehash,,koalabear,16,single,52,262144,43,312162819
psquarehash,,koalabear,24,single,52,131072,43,231527844
psquarehash,,babybear,16,single,52,262144,43,311850635
psquarehash,,babybear,24,single,52,131072,43,232853481
rescue_prime,,bls12_381,3,current,16,1024,43,345065447
rescue_prime,,bls12_381,3,original,14,1024,43,301899703
rescue_prime,,bls12_381,4,current,13,1024,43,375249274
rescue_prime,,bls12_381,4,original,11,1024,43,317504329
rescue_prime,,bn254,3,current,16,1024,43,338067171
rescue_prime,,bn254,3,original,14,1024,43,295796989
rescue_prime,,bn254,4,current,13,1024,43,367583551
rescue_prime,,bn254,4,original,11,1024,43,311104251
rescue_prime,,goldilocks,8,single,8,16384,43,253703459
rescue_prime,,goldilocks,12,single,8,16384,43,394084327
rescue_prime,,mersenne31,16,single,8,16384,43,327434553
rescue_prime,,mersenne31,24,single,8,8192,43,265345502
rescue_prime,,koalabear,16,single,8,8192,43,223494014
rescue_prime,,koalabear,24,single,8,8192,43,362730343
rescue_prime,,babybear,16,single,8,8192,43,244974880
rescue_prime,,babybear,24,single,8,8192,43,392917166
anemoi,,bls12_381,4,current,20,1024,43,288011483
anemoi,,bls12_381,4,original,14,1024,43,201686837
anemoi,,bn254,4,current,20,1024,43,282666897
anemoi,,bn254,4,original,14,2048,43,395742505
anemoi,,goldilocks,8,single,11,32768,43,346532828
anemoi,,goldilocks,12,single,10,16384,43,238259282
anemoi,,mersenne31,16,single,10,32768,43,340772275
anemoi,,mersenne31,24,single,9,16384,43,240097206
anemoi,,koalabear,16,single,10,16384,43,246131781
anemoi,,koalabear,24,single,9,16384,43,344884798
anemoi,,babybear,16,single,9,16384,43,241048654
anemoi,,babybear,24,single,9,16384,43,373994109
griffin,,bls12_381,3,current,20,2048,43,286964557
griffin,,bls12_381,3,original,14,4096,43,399898501
griffin,,bls12_381,4,current,20,2048,43,287832768
griffin,,bls12_381,4,original,11,4096,43,317392000
griffin,,bn254,3,current,20,2048,43,280814465
griffin,,bn254,3,original,14,4096,43,393019998
griffin,,bn254,4,current,20,2048,43,282570857
griffin,,bn254,4,original,11,4096,43,311345171
griffin,,goldilocks,8,single,8,131072,43,282596185
griffin,,goldilocks,12,single,8,131072,43,301465461
arion,,bls12_381,3,single,11,4096,43,341879754
arion,,bls12_381,4,single,10,4096,43,330717547
arion,,bn254,3,single,11,4096,43,333115158
arion,,bn254,4,single,10,4096,43,320820685
grendel,native,bls12_381,3,current,24,256,43,265330424
grendel,native,bls12_381,3,original,14,512,43,298110803
grendel,native,bls12_381,4,current,23,256,43,340836144
grendel,native,bls12_381,4,original,12,512,43,339539341
grendel,native,bn254,3,current,24,256,43,263295621
grendel,native,bn254,3,original,14,512,43,294629568
grendel,native,bn254,4,current,23,256,43,337194179
grendel,native,bn254,4,original,12,512,43,338163681
xhash,XHash8,goldilocks,12,single,6,32768,43,283680059
xhash,XHash12,goldilocks,12,single,6,32768,43,371176043
xhash,XHash16,mersenne31,24,single,6,32768,43,301703917
xhash,XHash24,mersenne31,24,single,6,32768,43,363570161
reinforced_concrete,,bls12_381,3,single,7,131072,43,242494986
reinforced_concrete,,bn254,3,single,7,131072,43,243382805
skyscraper,,bls12_381,4,single,18,262144,43,325122834
skyscraper,,bn254,4,single,18,262144,43,316662225
monolith,,goldilocks,8,single,6,1048576,43,266141369
monolith,,goldilocks,12,single,6,524288,43,205713501
monolith,,mersenne31,16,single,6,524288,43,214786122
monolith,,mersenne31,24,single,6,262144,43,218348870
polocolo,,bls12_381,3,single,6,1024,43,263701459
polocolo,,bls12_381,4,single,5,1024,43,293265129
polocolo,,bn254,3,single,6,1024,43,237127226
polocolo,,bn254,4,single,5,1024,43,264279109
tip4p,,goldilocks,12,single,5,262144,43,333219052
plain,sha256_compress,-,-,single,-,8388608,43,211646286
plain,keccak_f1600,-,-,single,-,524288,43,203344194
plain,blake2b_compress,-,-,single,-,2097152,43,240985095
plain,blake3_compress,-,-,single,-,4194304,43,272341393
gmimc,,bls12_381,3,single,228,16384,44,261092004
gmimc,,bls12_381,4,single,231,16384,44,266506411
gmimc,,bn254,3,single,228,16384,44,250936188
gmimc,,bn254,4,single,231,16384,44,254427612
gmimc,,goldilocks,8,single,68,524288,44,337388692
gmimc,,goldilocks,12,single,93,262144,44,234952813
gmimc,,mersenne31,16,single,158,262144,44,271098782
gmimc,,mersenne31,24,single,335,131072,44,323327920
gmimc,,koalabear,16,single,158,262144,44,306073651
gmimc,,koalabear,24,single,335,131072,44,341948202
gmimc,,babybear,16,single,158,131072,44,246703058
gmimc,,babybear,24,single,335,65536,44,259738044
gmimc2,alpha=8,bls12_381,3,single,63,32768,44,225344941
gmimc2,alpha=8,bls12_381,4,single,64,32768,44,231737065
gmimc2,alpha=8,bn254,3,single,63,32768,44,220618089
gmimc2,alpha=8,bn254,4,single,64,32768,44,224636127
gmimc2,alpha=4,goldilocks,8,single,88,262144,44,293969014
gmimc2,alpha=4,goldilocks,12,single,96,262144,44,360484666
gmimc2,alpha=2,mersenne31,16,single,176,65536,44,201999551
gmimc2,alpha=2,mersenne31,24,single,264,32768,44,223918476
gmimc2,alpha=2,koalabear,16,single,176,131072,44,291367874
gmimc2,alpha=2,koalabear,24,single,264,65536,44,234849812
gmimc2,alpha=2,babybear,16,single,176,131072,44,290590371
gmimc2,alpha=2,babybear,24,single,264,65536,44,245014894
poseidon,,bls12_381,3,single,8+56,16384,44,256356937
poseidon,,bls12_381,4,single,8+56,16384,44,381287496
poseidon,,bn254,3,single,8+56,16384,44,246121162
poseidon,,bn254,4,single,8+56,16384,44,368668849
poseidon,,goldilocks,8,single,8+22,131072,44,324279248
poseidon,,goldilocks,12,single,8+22,65536,44,309654311
poseidon,,mersenne31,16,single,8+14,65536,44,324290459
poseidon,,mersenne31,24,single,8+22,16384,44,227975778
poseidon,,koalabear,16,single,8+20,32768,44,253304734
poseidon,,koalabear,24,single,8+23,16384,44,304086779
poseidon,,babybear,16,single,8+13,32768,44,201735437
poseidon,,babybear,24,single,8+21,16384,44,288785669
poseidon2,,bls12_381,3,single,8+56,65536,44,317376320
poseidon2,,bls12_381,4,single,8+56,32768,44,286825347
poseidon2,,bn254,3,single,8+56,65536,44,312288834
poseidon2,,bn254,4,single,8+56,32768,44,274513692
poseidon2,,goldilocks,8,single,8+22,524288,44,391635241
poseidon2,,goldilocks,12,single,8+22,262144,44,272949439
poseidon2,,mersenne31,16,single,8+14,262144,44,253231857
poseidon2,,mersenne31,24,single,8+22,131072,44,210869775
poseidon2,,koalabear,16,single,8+20,262144,44,279582112
poseidon2,,koalabear,24,single,8+23,131072,44,203659182
poseidon2,,babybear,16,single,8+13,262144,44,306342353
poseidon2,,babybear,24,single,8+21,131072,44,250603516
neptune,,bls12_381,4,single,6+69,32768,44,324665771
neptune,,bn254,4,single,6+69,32768,44,313921114
neptune,,goldilocks,8,single,6+38,262144,44,319378230
neptune,,goldilocks,12,single,6+42,131072,44,304093011
psquarehash,,mersenne31,16,single,52,262144,44,244371352
psquarehash,,mersenne31,24,single,52,262144,44,355481318
psquarehash,,koalabear,16,single,52,262144,44,311832852
psquarehash,,koalabear,24,single,52,131072,44,231292164
psquarehash,,babybear,16,single,52,262144,44,311979326
psquarehash,,babybear,24,single,52,131072,44,231143916
rescue_prime,,bls12_381,3,current,16,1024,44,344868037
rescue_prime,,bls12_381,3,original,14,1024,44,301732070
rescue_prime,,bls12_381,4,current,13,1024,44,375087161
rescue_prime,,bls12_381,4,original,11,1024,44,317446872
rescue_prime,,bn254,3,current,16,1024,44,338097748
rescue_prime,,bn254,3,original,14,1024,44,295815283
rescue_prime,,bn254,4,current,13,1024,44,367732259
rescue_prime,,bn254,4,original,11,1024,44,311146890
rescue_prime,,goldilocks,8,single,8,16384,44,252998411
rescue_prime,,goldilocks,12,single,8,16384,44,394499333
rescue_prime,,mersenne31,16,single,8,16384,44,328787180
rescue_prime,,mersenne31,24,single,8,8192,44,265443064
rescue_prime,,koalabear,16,single,8,8192,44,224687043
rescue_prime,,koalabear,24,single,8,8192,44,364216971
rescue_prime,,babybear,16,single,8,8192,44,245132665
rescue_prime,,babybear,24,single,8,8192,44,394012091
anemoi,,bls12_381,4,current,20,1024,44,288132970
anemoi,,bls12_381,4,original,14,1024,44,201896488
anemoi,,bn254,4,current,20,1024,44,282902486
anemoi,,bn254,4,original,14,2048,44,396020675
anemoi,,goldilocks,8,single,11,32768,44,347113834
anemoi,,goldilocks,12,single,10,16384,44,238308243
anemoi,,mersenne31,16,single,10,32768,44,342837052
anemoi,,mersenne31,24,single,9,16384,44,240077299
anemoi,,koalabear,16,single,10,16384,44,246662684
anemoi,,koalabear,24,single,9,16384,44,345080965
anemoi,,babybear,16,single,9,16384,44,241721982
anemoi,,babybear,24,single,9,16384,44,373842796
griffin,,bls12_381,3,current,20,2048,44,286063543
griffin,,bls12_381,3,original,14,4096,44,401276014
griffin,,bls12_381,4,current,20,2048,44,287895345
griffin,,bls12_381,4,original,11,4096,44,316699175
griffin,,bn254,3,current,20,2048,44,280852757
griffin,,bn254,3,original,14,4096,44,392974142
griffin,,bn254,4,current,20,2048,44,282605020
griffin,,bn254,4,original,11,4096,44,311334762
griffin,,goldilocks,8,single,8,131072,44,284144387
griffin,,goldilocks,12,single,8,131072,44,301449280
arion,,bls12_381,3,single,11,4096,44,342286423
arion,,bls12_381,4,single,10,4096,44,330050021
arion,,bn254,3,single,11,4096,44,333086594
arion,,bn254,4,single,10,4096,44,320792483
grendel,native,bls12_381,3,current,24,256,44,265122284
grendel,native,bls12_381,3,original,14,512,44,298219767
grendel,native,bls12_381,4,current,23,256,44,340455302
grendel,native,bls12_381,4,original,12,512,44,339990113
grendel,native,bn254,3,current,24,256,44,264084084
grendel,native,bn254,3,original,14,512,44,293362019
grendel,native,bn254,4,current,23,256,44,337452181
grendel,native,bn254,4,original,12,512,44,337543001
xhash,XHash8,goldilocks,12,single,6,32768,44,284194541
xhash,XHash12,goldilocks,12,single,6,32768,44,371550954
xhash,XHash16,mersenne31,24,single,6,32768,44,301413965
xhash,XHash24,mersenne31,24,single,6,32768,44,363546057
reinforced_concrete,,bls12_381,3,single,7,131072,44,242235982
reinforced_concrete,,bn254,3,single,7,131072,44,243890513
skyscraper,,bls12_381,4,single,18,262144,44,324993483
skyscraper,,bn254,4,single,18,262144,44,317062924
monolith,,goldilocks,8,single,6,1048576,44,266232950
monolith,,goldilocks,12,single,6,524288,44,205932630
monolith,,mersenne31,16,single,6,524288,44,214830575
monolith,,mersenne31,24,single,6,262144,44,218921800
polocolo,,bls12_381,3,single,6,1024,44,263718260
polocolo,,bls12_381,4,single,5,1024,44,293290246
polocolo,,bn254,3,single,6,1024,44,237186387
polocolo,,bn254,4,single,5,1024,44,264312241
tip4p,,goldilocks,12,single,5,262144,44,332520467
plain,sha256_compress,-,-,single,-,8388608,44,211721607
plain,keccak_f1600,-,-,single,-,524288,44,203388327
plain,blake2b_compress,-,-,single,-,2097152,44,240175822
plain,blake3_compress,-,-,single,-,4194304,44,274110959
gmimc,,bls12_381,3,single,228,16384,45,261217409
gmimc,,bls12_381,4,single,231,16384,45,269136455
gmimc,,bn254,3,single,228,16384,45,250368177
gmimc,,bn254,4,single,231,16384,45,257568751
gmimc,,goldilocks,8,single,68,524288,45,337409141
gmimc,,goldilocks,12,single,93,262144,45,235332033
gmimc,,mersenne31,16,single,158,262144,45,268248175
gmimc,,mersenne31,24,single,335,131072,45,321695560
gmimc,,koalabear,16,single,158,262144,45,305850935
gmimc,,koalabear,24,single,335,131072,45,330673134
gmimc,,babybear,16,single,158,131072,45,246702908
gmimc,,babybear,24,single,335,65536,45,259752852
gmimc2,alpha=8,bls12_381,3,single,63,32768,45,225502156
gmimc2,alpha=8,bls12_381,4,single,64,32768,45,231645705
gmimc2,alpha=8,bn254,3,single,63,32768,45,220684383
gmimc2,alpha=8,bn254,4,single,64,32768,45,224914537
gmimc2,alpha=4,goldilocks,8,single,88,262144,45,293878515
gmimc2,alpha=4,goldilocks,12,single,96,262144,45,361205284
gmimc2,alpha=2,mersenne31,16,single,176,65536,45,201849541
gmimc2,alpha=2,mersenne31,24,single,264,32768,45,223954984
gmimc2,alpha=2,koalabear,16,single,176,131072,45,291153142
gmimc2,alpha=2,koalabear,24,single,264,65536,45,233579548
gmimc2,alpha=2,babybear,16,single,176,131072,45,290656785
gmimc2,alpha=2,babybear,24,single,264,65536,45,238323532
poseidon,,bls12_381,3,single,8+56,16384,45,256297165
poseidon,,bls12_381,4,single,8+56,16384,45,382476659
poseidon,,bn254,3,single,8+56,16384,45,245194019
poseidon,,bn254,4,single,8+56,16384,45,369891383
poseidon,,goldilocks,8,single,8+22,131072,45,324136000
poseidon,,goldilocks,12,single,8+22,65536,45,309331588
poseidon,,mersenne31,16,single,8+14,65536,45,323986531
poseidon,,mersenne31,24,single,8+22,16384,45,226843652
poseidon,,koalabear,16,single,8+20,32768,45,252611538
poseidon,,koalabear,24,single,8+23,16384,45,303892946
poseidon,,babybear,16,single,8+13,32768,45,201497243
poseidon,,babybear,24,single,8+21,16384,45,288049363
poseidon2,,bls12_381,3,single,8+56,65536,45,317181466
poseidon2,,bls12_381,4,single,8+56,32768,45,286665858
poseidon2,,bn254,3,single,8+56,65536,45,311133885
poseidon2,,bn254,4,single,8+56,32768,45,274311795
poseidon2,,goldilocks,8,single,8+22,524288,45,391932766
poseidon2,,goldilocks,12,single,8+22,262144,45,272837550
poseidon2,,mersenne31,16,single,8+14,262144,45,254297198
poseidon2,,mersenne31,24,single,8+22,131072,45,210735785
poseidon2,,koalabear,16,single,8+20,262144,45,280263376
poseidon2,,koalabear,24,single,8+23,131072,45,205404754
poseidon2,,babybear,16,single,8+13,262144,45,307076054
poseidon2,,babybear,24,single,8+21,131072,45,248213621
neptune,,bls12_381,4,single,6+69,32768,45,324773601
neptune,,bn254,4,single,6+69,32768,45,315862160
neptune,,goldilocks,8,single,6+38,262144,45,319047722
neptune,,goldilocks,12,single,6+42,131072,45,304422596
psquarehash,,mersenne31,16,single,52,262144,45,244184022
psquarehash,,mersenne31,24,single,52,262144,45,355538655
psquarehash,,koalabear,16,single,52,262144,45,311613662
psquarehash,,koalabear,24,single,52,131072,45,231675320
psquarehash,,babybear,16,single,52,262144,45,311598954
psquarehash,,babybear,24,single,52,131072,45,232403871
rescue_prime,,bls12_381,3,current,16,1024,45,344700824
rescue_prime,,bls12_381,3,original,14,1024,45,302016370
rescue_prime,,bls12_381,4,current,13,1024,45,375751532
rescue_prime,,bls12_381,4,original,11,1024,45,318095093
rescue_prime,,bn254,3,current,16,1024,45,338090704
rescue_prime,,bn254,3,original,14,1024,45,295846291
rescue_prime,,bn254,4,current,13,1024,45,366351719
rescue_prime,,bn254,4,original,11,1024,45,310022119
rescue_prime,,goldilocks,8,single,8,16384,45,252872365
rescue_prime,,goldilocks,12,single,8,16384,45,394131996
rescue_prime,,mersenne31,16,single,8,16384,45,328960755
rescue_prime,,mersenne31,24,single,8,8192,45,265352143
rescue_prime,,koalabear,16,single,8,8192,45,224748838
rescue_prime,,koalabear,24,single,8,8192,45,363663276
rescue_prime,,babybear,16,single,8,8192,45,245100193
rescue_prime,,babybear,24,single,8,8192,45,394208639
anemoi,,bls12_381,4,current,20,1024,45,288958201
anemoi,,bls12_381,4,original,14,1024,45,202368049
anemoi,,bn254,4,current,20,1024,45,282690290
anemoi,,bn254,4,original,14,2048,45,395751441
anemoi,,goldilocks,8,single,11,32768,45,349258230
anemoi,,goldilocks,12,single,10,16384,45,238304826
anemoi,,mersenne31,16,single,10,32768,45,340292048
anemoi,,mersenne31,24,single,9,16384,45,240446719
anemoi,,koalabear,16,single,10,16384,45,246008550
anemoi,,koalabear,24,single,9,16384,45,344954539
anemoi,,babybear,16,single,9,16384,45,241067057
anemoi,,babybear,24,single,9,16384,45,373843597
griffin,,bls12_381,3,current,20,2048,45,285601139
griffin,,bls12_381,3,original,14,4096,45,400142576
griffin,,bls12_381,4,current,20,2048,45,288395850
griffin,,bls12_381,4,original,11,4096,45,316629975
griffin,,bn254,3,current,20,2048,45,280763148
griffin,,bn254,3,original,14,4096,45,392930401
griffin,,bn254,4,current,20,2048,45,282507819
griffin,,bn254,4,original,11,4096,45,311293243
griffin,,goldilocks,8,single,8,131072,45,283388464
griffin,,goldilocks,12,single,8,131072,45,301840261
arion,,bls12_381,3,single,11,4096,45,342534027
arion,,bls12_381,4,single,10,4096,45,330875944
arion,,bn254,3,single,11,4096,45,333101562
arion,,bn254,4,single,10,4096,45,320789677
grendel,native,bls12_381,3,current,24,256,45,265065508
grendel,native,bls12_381,3,original,14,512,45,298164082
grendel,native,bls12_381,4,current,23,256,45,340079860
grendel,native,bls12_381,4,original,12,512,45,340072477
grendel,native,bn254,3,current,24,256,45,263638231
grendel,native,bn254,3,original,14,512,45,293329158
grendel,native,bn254,4,current,23,256,45,336673045
grendel,native,bn254,4,original,12,512,45,338264409
xhash,XHash8,goldilocks,12,single,6,32768,45,283732136
xhash,XHash12,goldilocks,12,single,6,32768,45,371322406
xhash,XHash16,mersenne31,24,single,6,32768,45,301649785
xhash,XHash24,mersenne31,24,single,6,32768,45,365293872
reinforced_concrete,,bls12_381,3,single,7,131072,45,243032821
reinforced_concrete,,bn254,3,single,7,131072,45,244940165
skyscraper,,bls12_381,4,single,18,262144,45,325635241
skyscraper,,bn254,4,single,18,262144,45,317009925
monolith,,goldilocks,8,single,6,1048576,45,266542919
monolith,,goldilocks,12,single,6,524288,45,205939463
monolith,,mersenne31,16,single,6,524288,45,214904984
monolith,,mersenne31,24,single,6,262144,45,218368486
polocolo,,bls12_381,3,single,6,1024,45,263731275
polocolo,,bls12_381,4,single,5,1024,45,293918119
polocolo,,bn254,3,single,6,1024,45,237153896
polocolo,,bn254,4,single,5,1024,45,264282475
tip4p,,goldilocks,12,single,5,262144,45,333132961
plain,sha256_compress,-,-,single,-,8388608,45,211640585
plain,keccak_f1600,-,-,single,-,524288,45,203279092
plain,blake2b_compress,-,-,single,-,2097152,45,240700022
plain,blake3_compress,-,-,single,-,4194304,45,272732303
gmimc,,bls12_381,3,single,228,16384,46,261701873
gmimc,,bls12_381,4,single,231,16384,46,266908301
gmimc,,bn254,3,single,228,16384,46,250664720
gmimc,,bn254,4,single,231,16384,46,254061157
gmimc,,goldilocks,8,single,68,524288,46,337430300
gmimc,,goldilocks,12,single,93,262144,46,236466793
gmimc,,mersenne31,16,single,158,262144,46,269644784
gmimc,,mersenne31,24,single,335,131072,46,313402514
gmimc,,koalabear,16,single,158,262144,46,305751048
gmimc,,koalabear,24,single,335,131072,46,340509413
gmimc,,babybear,16,single,158,131072,46,246685926
gmimc,,babybear,24,single,335,65536,46,259849883
gmimc2,alpha=8,bls12_381,3,single,63,32768,46,225368174
gmimc2,alpha=8,bls12_381,4,single,64,32768,46,229901956
gmimc2,alpha=8,bn254,3,single,63,32768,46,220434626
gmimc2,alpha=8,bn254,4,single,64,32768,46,223916563
gmimc2,alpha=4,goldilocks,8,single,88,262144,46,294020540
gmimc2,alpha=4,goldilocks,12,single,96,262144,46,360951970
gmimc2,alpha=2,mersenne31,16,single,176,65536,46,201954446
gmimc2,alpha=2,mersenne31,24,single,264,32768,46,223924557
gmimc2,alpha=2,koalabear,16,single,176,131072,46,291102097
gmimc2,alpha=2,koalabear,24,single,264,65536,46,236289832
gmimc2,alpha=2,babybear,16,single,176,131072,46,290873229
gmimc2,alpha=2,babybear,24,single,264,65536,46,237520261
poseidon,,bls12_381,3,single,8+56,16384,46,256117689
poseidon,,bls12_381,4,single,8+56,16384,46,381156862
poseidon,,bn254,3,single,8+56,16384,46,245802075
poseidon,,bn254,4,single,8+56,16384,46,368864113
poseidon,,goldilocks,8,single,8+22,131072,46,324049358
poseidon,,goldilocks,12,single,8+22,65536,46,309907354
poseidon,,mersenne31,16,single,8+14,65536,46,323821342
poseidon,,mersenne31,24,single,8+22,16384,46,225375128
poseidon,,koalabear,16,single,8+20,32768,46,252771838
poseidon,,koalabear,24,single,8+23,16384,46,303346105
poseidon,,babybear,16,single,8+13,32768,46,201963574
poseidon,,babybear,24,single,8+21,16384,46,288632041
poseidon2,,bls12_381,3,single,8+56,65536,46,317350431
poseidon2,,bls12_381,4,single,8+56,32768,46,285802645
poseidon2,,bn254,3,single,8+56,65536,46,311246085
poseidon2,,bn254,4,single,8+56,32768,46,274000212
poseidon2,,goldilocks,8,single,8+22,524288,46,391737441
poseidon2,,goldilocks,12,single,8+22,262144,46,272691487
poseidon2,,mersenne31,16,single,8+14,262144,46,253772918
poseidon2,,mersenne31,24,single,8+22,131072,46,210867360
poseidon2,,koalabear,16,single,8+20,262144,46,278917610
poseidon2,,koalabear,24,single,8+23,131072,46,204498861
poseidon2,,babybear,16,single,8+13,262144,46,307790709
poseidon2,,babybear,24,single,8+21,131072,46,249025889
neptune,,bls12_381,4,single,6+69,32768,46,324610747
neptune,,bn254,4,single,6+69,32768,46,313468017
neptune,,goldilocks,8,single,6+38,262144,46,319429836
neptune,,goldilocks,12,single,6+42,131072,46,305210107
psquarehash,,mersenne31,16,single,52,262144,46,244443547
psquarehash,,mersenne31,24,single,52,262144,46,355802719
psquarehash,,koalabear,16,single,52,262144,46,312732433
psquarehash,,koalabear,24,single,52,131072,46,233080515
psquarehash,,babybear,16,single,52,262144,46,311730621
psquarehash,,babybear,24,single,52,131072,46,232801644
rescue_prime,,bls12_381,3,current,16,1024,46,345277883
rescue_prime,,bls12_381,3,original,14,1024,46,302081441
rescue_prime,,bls12_381,4,current,13,1024,46,375114782
rescue_prime,,bls12_381,4,original,11,1024,46,317490743
rescue_prime,,bn254,3,current,16,1024,46,338119457
rescue_prime,,bn254,3,original,14,1024,46,295810895
rescue_prime,,bn254,4,current,13,1024,46,367597597
rescue_prime,,bn254,4,original,11,1024,46,311071008
rescue_prime,,goldilocks,8,single,8,16384,46,252823234
rescue_prime,,goldilocks,12,single,8,16384,46,393908357
rescue_prime,,mersenne31,16,single,8,16384,46,329085107
rescue_prime,,mersenne31,24,single,8,8192,46,265445549
rescue_prime,,koalabear,16,single,8,8192,46,224724682
rescue_prime,,koalabear,24,single,8,8192,46,362872167
rescue_prime,,babybear,16,single,8,8192,46,245148173
rescue_prime,,babybear,24,single,8,8192,46,395180455
anemoi,,bls12_381,4,current,20,1024,46,288092874
anemoi,,bls12_381,4,original,14,1024,46,201698247
anemoi,,bn254,4,current,20,1024,46,282764418
anemoi,,bn254,4,original,14,2048,46,395778652
anemoi,,goldilocks,8,single,11,32768,46,346414386
anemoi,,goldilocks,12,single,10,16384,46,238267226
anemoi,,mersenne31,16,single,10,32768,46,339465162
anemoi,,mersenne31,24,single,9,16384,46,240514104
anemoi,,koalabear,16,single,10,16384,46,245940043
anemoi,,koalabear,24,single,9,16384,46,345116832
anemoi,,babybear,16,single,9,16384,46,240863998
anemoi,,babybear,24,single,9,16384,46,373954404
griffin,,bls12_381,3,current,20,2048,46,286303881
griffin,,bls12_381,3,original,14,4096,46,400190736
griffin,,bls12_381,4,current,20,2048,46,287851513
griffin,,bls12_381,4,original,11,4096,46,316640605
griffin,,bn254,3,current,20,2048,46,280792995
griffin,,bn254,3,original,14,4096,46,393027341
griffin,,bn254,4,current,20,2048,46,282572510
griffin,,bn254,4,original,11,4096,46,311317309
griffin,,goldilocks,8,single,8,131072,46,283569022
griffin,,goldilocks,12,single,8,131072,46,301350926
arion,,bls12_381,3,single,11,4096,46,341951768
arion,,bls12_381,4,single,10,4096,46,330401396
arion,,bn254,3,single,11,4096,46,333160341
arion,,bn254,4,single,10,4096,46,320849689
grendel,native,bls12_381,3,current,24,256,46,265059206
grendel,native,bls12_381,3,original,14,512,46,299058824
grendel,native,bls12_381,4,current,23,256,46,340109345
grendel,native,bls12_381,4,original,12,512,46,339529603
grendel,native,bn254,3,current,24,256,46,262532114
grendel,native,bn254,3,original,14,512,46,294947462
grendel,native,bn254,4,current,23,256,46,336838484
grendel,native,bn254,4,original,12,512,46,337102588
xhash,XHash8,goldilocks,12,single,6,32768,46,283809801
xhash,XHash12,goldilocks,12,single,6,32768,46,371130347
xhash,XHash16,mersenne31,24,single,6,32768,46,301591837
xhash,XHash24,mersenne31,24,single,6,32768,46,364140948
reinforced_concrete,,bls12_381,3,single,7,131072,46,242475299
reinforced_concrete,,bn254,3,single,7,131072,46,243230750
skyscraper,,bls12_381,4,single,18,262144,46,325520456
skyscraper,,bn254,4,single,18,262144,46,316622200
monolith,,goldilocks,8,single,6,1048576,46,265308623
monolith,,goldilocks,12,single,6,524288,46,205646204
monolith,,mersenne31,16,single,6,524288,46,214974505
monolith,,mersenne31,24,single,6,262144,46,219320876
polocolo,,bls12_381,3,single,6,1024,46,264059288
polocolo,,bls12_381,4,single,5,1024,46,294565367
polocolo,,bn254,3,single,6,1024,46,237160989
polocolo,,bn254,4,single,5,1024,46,264296401
tip4p,,goldilocks,12,single,5,262144,46,333261831
plain,sha256_compress,-,-,single,-,8388608,46,211725914
plain,keccak_f1600,-,-,single,-,524288,46,203244106
plain,blake2b_compress,-,-,single,-,2097152,46,241190358
plain,blake3_compress,-,-,single,-,4194304,46,274019739
gmimc,,bls12_381,3,single,228,16384,47,261287398
gmimc,,bls12_381,4,single,231,16384,47,266488467
gmimc,,bn254,3,single,228,16384,47,250248021
gmimc,,bn254,4,single,231,16384,47,254091063
gmimc,,goldilocks,8,single,68,524288,47,337445549
gmimc,,goldilocks,12,single,93,262144,47,235230613
gmimc,,mersenne31,16,single,158,262144,47,268621792
gmimc,,mersenne31,24,single,335,131072,47,317047876
gmimc,,koalabear,16,single,158,262144,47,305955860
gmimc,,koalabear,24,single,335,131072,47,337457230
gmimc,,babybear,16,single,158,131072,47,246876954
gmimc,,babybear,24,single,335,65536,47,259819947
gmimc2,alpha=8,bls12_381,3,single,63,32768,47,225401877
gmimc2,alpha=8,bls12_381,4,single,64,32768,47,231577527
gmimc2,alpha=8,bn254,3,single,63,32768,47,220696506
gmimc2,alpha=8,bn254,4,single,64,32768,47,224665952
gmimc2,alpha=4,goldilocks,8,single,88,262144,47,293823943
gmimc2,alpha=4,goldilocks,12,single,96,262144,47,360650376
gmimc2,alpha=2,mersenne31,16,single,176,65536,47,202044235
gmimc2,alpha=2,mersenne31,24,single,264,32768,47,223951146
gmimc2,alpha=2,koalabear,16,single,176,131072,47,291059708
gmimc2,alpha=2,koalabear,24,single,264,65536,47,233757540
gmimc2,alpha=2,babybear,16,single,176,131072,47,290923313
gmimc2,alpha=2,babybear,24,single,264,65536,47,235318707
poseidon,,bls12_381,3,single,8+56,16384,47,254865720
poseidon,,bls12_381,4,single,8+56,16384,47,380831563
poseidon,,bn254,3,single,8+56,16384,47,245738486
poseidon,,bn254,4,single,8+56,16384,47,368584030
poseidon,,goldilocks,8,single,8+22,131072,47,324811712
poseidon,,goldilocks,12,single,8+22,65536,47,309854184
poseidon,,mersenne31,16,single,8+14,65536,47,326460513
poseidon,,mersenne31,24,single,8+22,16384,47,226017357
poseidon,,koalabear,16,single,8+20,32768,47,253443112
poseidon,,koalabear,24,single,8+23,16384,47,303900771
poseidon,,babybear,16,single,8+13,32768,47,201839592
poseidon,,babybear,24,single,8+21,16384,47,288240900
poseidon2,,bls12_381,3,single,8+56,65536,47,317329662
poseidon2,,bls12_381,4,single,8+56,32768,47,286210867
poseidon2,,bn254,3,single,8+56,65536,47,311213705
poseidon2,,bn254,4,single,8+56,32768,47,274565088
poseidon2,,goldilocks,8,single,8+22,524288,47,391639899
poseidon2,,goldilocks,12,single,8+22,262144,47,272786935
poseidon2,,mersenne31,16,single,8+14,262144,47,253733625
poseidon2,,mersenne31,24,single,8+22,131072,47,210918145
poseidon2,,koalabear,16,single,8+20,262144,47,279930402
poseidon2,,koalabear,24,single,8+23,131072,47,202530543
poseidon2,,babybear,16,single,8+13,262144,47,306635050
poseidon2,,babybear,24,single,8+21,131072,47,248556501
neptune,,bls12_381,4,single,6+69,32768,47,324569399
neptune,,bn254,4,single,6+69,32768,47,314185908
neptune,,goldilocks,8,single,6+38,262144,47,318794669
neptune,,goldilocks,12,single,6+42,131072,47,303905610
psquarehash,,mersenne31,16,single,52,262144,47,244251317
psquarehash,,mersenne31,24,single,52,262144,47,355659179
psquarehash,,koalabear,16,single,52,262144,47,311692980
psquarehash,,koalabear,24,single,52,131072,47,231744318
psquarehash,,babybear,16,single,52,262144,47,311527310
psquarehash,,babybear,24,single,52,131072,47,231609256
rescue_prime,,bls12_381,3,current,16,1024,47,344914623
rescue_prime,,bls12_381,3,original,14,1024,47,301748930
rescue_prime,,bls12_381,4,current,13,1024,47,375385097
rescue_prime,,bls12_381,4,original,11,1024,47,317543051
rescue_prime,,bn254,3,current,16,1024,47,338112385
rescue_prime,,bn254,3,original,14,1024,47,295839649
rescue_prime,,bn254,4,current,13,1024,47,370593324
rescue_prime,,bn254,4,original,11,1024,47,311175684
rescue_prime,,goldilocks,8,single,8,16384,47,252905347
rescue_prime,,goldilocks,12,single,8,16384,47,393916853
rescue_prime,,mersenne31,16,single,8,16384,47,329472410
rescue_prime,,mersenne31,24,single,8,8192,47,265698571
rescue_prime,,koalabear,16,single,8,8192,47,224116696
rescue_prime,,koalabear,24,single,8,8192,47,365148260
rescue_prime,,babybear,16,single,8,8192,47,245170836
rescue_prime,,babybear,24,single,8,8192,47,394484634
anemoi,,bls12_381,4,current,20,1024,47,288856711
anemoi,,bls12_381,4,original,14,1024,47,201777586
anemoi,,bn254,4,current,20,1024,47,282876427
anemoi,,bn254,4,original,14,2048,47,396028719
anemoi,,goldilocks,8,single,11,32768,47,346462636
anemoi,,goldilocks,12,single,10,16384,47,238237050
anemoi,,mersenne31,16,single,10,32768,47,340800597
anemoi,,mersenne31,24,single,9,16384,47,240691195
anemoi,,koalabear,16,single,10,16384,47,246198916
anemoi,,koalabear,24,single,9,16384,47,345041911
anemoi,,babybear,16,single,9,16384,47,240911677
anemoi,,babybear,24,single,9,16384,47,373893861
griffin,,bls12_381,3,current,20,2048,47,285654097
griffin,,bls12_381,3,original,14,4096,47,400604379
griffin,,bls12_381,4,current,20,2048,47,287858907
griffin,,bls12_381,4,original,11,4096,47,316690498
griffin,,bn254,3,current,20,2048,47,280914250
griffin,,bn254,3,original,14,4096,47,392987126
griffin,,bn254,4,current,20,2048,47,282603117
griffin,,bn254,4,original,11,4096,47,311373854
griffin,,goldilocks,8,single,8,131072,47,283443557
griffin,,goldilocks,12,single,8,131072,47,301792711
arion,,bls12_381,3,single,11,4096,47,342171879
arion,,bls12_381,4,single,10,4096,47,330441962
arion,,bn254,3,single,11,4096,47,333152817
arion,,bn254,4,single,10,4096,47,320845101
grendel,native,bls12_381,3,current,24,256,47,265701396
grendel,native,bls12_381,3,original,14,512,47,297905519
grendel,native,bls12_381,4,current,23,256,47,340339966
grendel,native,bls12_381,4,original,12,512,47,339239019
grendel,native,bn254,3,current,24,256,47,262496829
grendel,native,bn254,3,original,14,512,47,293715699
grendel,native,bn254,4,current,23,256,47,337117826
grendel,native,bn254,4,original,12,512,47,336948660
xhash,XHash8,goldilocks,12,single,6,32768,47,283823717
xhash,XHash12,goldilocks,12,single,6,32768,47,371059194
xhash,XHash16,mersenne31,24,single,6,32768,47,301319878
xhash,XHash24,mersenne31,24,single,6,32768,47,363543661
reinforced_concrete,,bls12_381,3,single,7,131072,47,242143018
reinforced_concrete,,bn254,3,single,7,131072,47,243711869
skyscraper,,bls12_381,4,single,18,262144,47,325525706
skyscraper,,bn254,4,single,18,262144,47,317074004
monolith,,goldilocks,8,single,6,1048576,47,266091525
monolith,,goldilocks,12,single,6,524288,47,205355933
monolith,,mersenne31,16,single,6,524288,47,215042952
monolith,,mersenne31,24,single,6,262144,47,218581614
polocolo,,bls12_381,3,single,6,1024,47,265270040
polocolo,,bls12_381,4,single,5,1024,47,293322074
polocolo,,bn254,3,single,6,1024,47,237187929
polocolo,,bn254,4,single,5,1024,47,264286772
tip4p,,goldilocks,12,single,5,262144,47,332611236
plain,sha256_compress,-,-,single,-,8388608,47,211802888
plain,keccak_f1600,-,-,single,-,524288,47,203346658
plain,blake2b_compress,-,-,single,-,2097152,47,240668213
plain,blake3_compress,-,-,single,-,4194304,47,273022515
gmimc,,bls12_381,3,single,228,16384,48,261432860
gmimc,,bls12_381,4,single,231,16384,48,269786910
gmimc,,bn254,3,single,228,16384,48,250751883
gmimc,,bn254,4,single,231,16384,48,257087662
gmimc,,goldilocks,8,single,68,524288,48,337506902
gmimc,,goldilocks,12,single,93,262144,48,235190467
gmimc,,mersenne31,16,single,158,262144,48,268781722
gmimc,,mersenne31,24,single,335,131072,48,318971830
gmimc,,koalabear,16,single,158,262144,48,305742281
gmimc,,koalabear,24,single,335,131072,48,331078942
gmimc,,babybear,16,single,158,131072,48,246828021
gmimc,,babybear,24,single,335,65536,48,259694623
gmimc2,alpha=8,bls12_381,3,single,63,32768,48,225575222
gmimc2,alpha=8,bls12_381,4,single,64,32768,48,231706507
gmimc2,alpha=8,bn254,3,single,63,32768,48,220576972
gmimc2,alpha=8,bn254,4,single,64,32768,48,225075858
gmimc2,alpha=4,goldilocks,8,single,88,262144,48,293894904
gmimc2,alpha=4,goldilocks,12,single,96,262144,48,361166560
gmimc2,alpha=2,mersenne31,16,single,176,65536,48,201937926
gmimc2,alpha=2,mersenne31,24,single,264,32768,48,223923986
gmimc2,alpha=2,koalabear,16,single,176,131072,48,291230065
gmimc2,alpha=2,koalabear,24,single,264,65536,48,233647123
gmimc2,alpha=2,babybear,16,single,176,131072,48,290920918
gmimc2,alpha=2,babybear,24,single,264,65536,48,235323756
poseidon,,bls12_381,3,single,8+56,16384,48,254980574
poseidon,,bls12_381,4,single,8+56,16384,48,381717699
poseidon,,bn254,3,single,8+56,16384,48,245970149
poseidon,,bn254,4,single,8+56,16384,48,369832192
poseidon,,goldilocks,8,single,8+22,131072,48,324198927
poseidon,,goldilocks,12,single,8+22,65536,48,310556186
poseidon,,mersenne31,16,single,8+14,65536,48,324902321
poseidon,,mersenne31,24,single,8+22,16384,48,228139583
poseidon,,koalabear,16,single,8+20,32768,48,254082596
poseidon,,koalabear,24,single,8+23,16384,48,303981131
poseidon,,babybear,16,single,8+13,32768,48,201755875
poseidon,,babybear,24,single,8+21,16384,48,288555528
poseidon2,,bls12_381,3,single,8+56,65536,48,317256155
poseidon2,,bls12_381,4,single,8+56,32768,48,286584435
poseidon2,,bn254,3,single,8+56,65536,48,311374535
poseidon2,,bn254,4,single,8+56,32768,48,274374501
poseidon2,,goldilocks,8,single,8+22,524288,48,391493665
poseidon2,,goldilocks,12,single,8+22,262144,48,272580169
poseidon2,,mersenne31,16,single,8+14,262144,48,253883254
poseidon2,,mersenne31,24,single,8+22,131072,48,210858774
poseidon2,,koalabear,16,single,8+20,262144,48,280139663
poseidon2,,koalabear,24,single,8+23,131072,48,204696981
poseidon2,,babybear,16,single,8+13,262144,48,307851642
poseidon2,,babybear,24,single,8+21,131072,48,247771494
neptune,,bls12_381,4,single,6+69,32768,48,324783259
neptune,,bn254,4,single,6+69,32768,48,315647760
neptune,,goldilocks,8,single,6+38,262144,48,318390474
neptune,,goldilocks,12,single,6+42,131072,48,303998222
psquarehash,,mersenne31,16,single,52,262144,48,244260645
psquarehash,,mersenne31,24,single,52,262144,48,355544375
psquarehash,,koalabear,16,single,52,262144,48,312726872
psquarehash,,koalabear,24,single,52,131072,48,231856567
psquarehash,,babybear,16,single,52,262144,48,311846877
psquarehash,,babybear,24,single,52,131072,48,231061562
rescue_prime,,bls12_381,3,current,16,1024,48,345147479
rescue_prime,,bls12_381,3,original,14,1024,48,301891205
rescue_prime,,bls12_381,4,current,13,1024,48,375823185
rescue_prime,,bls12_381,4,original,11,1024,48,318102216
rescue_prime,,bn254,3,current,16,1024,48,338100591
rescue_prime,,bn254,3,original,14,1024,48,295822737
rescue_prime,,bn254,4,current,13,1024,48,366369782
rescue_prime,,bn254,4,original,11,1024,48,310021456
rescue_prime,,goldilocks,8,single,8,16384,48,252921327
rescue_prime,,goldilocks,12,single,8,16384,48,394769015
rescue_prime,,mersenne31,16,single,8,16384,48,329176097
rescue_prime,,mersenne31,24,single,8,8192,48,265489490
rescue_prime,,koalabear,16,single,8,8192,48,224013213
rescue_prime,,koalabear,24,single,8,8192,48,362630536
rescue_prime,,babybear,16,single,8,8192,48,244937820
rescue_prime,,babybear,24,single,8,8192,48,393997874
anemoi,,bls12_381,4,current,20,1024,48,288965425
anemoi,,bls12_381,4,original,14,1024,48,201742279
anemoi,,bn254,4,current,20,1024,48,282681693
anemoi,,bn254,4,original,14,2048,48,395752412
anemoi,,goldilocks,8,single,11,32768,48,347036989
anemoi,,goldilocks,12,single,10,16384,48,238262737
anemoi,,mersenne31,16,single,10,32768,48,342420494
anemoi,,mersenne31,24,single,9,16384,48,240058824
anemoi,,koalabear,16,single,10,16384,48,247124596
anemoi,,koalabear,24,single,9,16384,48,344884948
anemoi,,babybear,16,single,9,16384,48,242172984
anemoi,,babybear,24,single,9,16384,48,373992314
griffin,,bls12_381,3,current,20,2048,48,285603823
griffin,,bls12_381,3,original,14,4096,48,400019776
griffin,,bls12_381,4,current,20,2048,48,287845311
griffin,,bls12_381,4,original,11,4096,48,317534074
griffin,,bn254,3,current,20,2048,48,280824332
griffin,,bn254,3,original,14,4096,48,392968070
griffin,,bn254,4,current,20,2048,48,282541190
griffin,,bn254,4,original,11,4096,48,311273306
griffin,,goldilocks,8,single,8,131072,48,283034773
griffin,,goldilocks,12,single,8,131072,48,301265145
arion,,bls12_381,3,single,11,4096,48,341943703
arion,,bls12_381,4,single,10,4096,48,330471606
arion,,bn254,3,single,11,4096,48,333135975
arion,,bn254,4,single,10,4096,48,320913127
grendel,native,bls12_381,3,current,24,256,48,264689726
grendel,native,bls12_381,3,original,14,512,48,298324340
grendel,native,bls12_381,4,current,23,256,48,341037450
grendel,native,bls12_381,4,original,12,512,48,339408956
grendel,native,bn254,3,current,24,256,48,262529560
grendel,native,bn254,3,original,14,512,48,293844590
grendel,native,bn254,4,current,23,256,48,338060627
grendel,native,bn254,4,original,12,512,48,336951164
xhash,XHash8,goldilocks,12,single,6,32768,48,283717648
xhash,XHash12,goldilocks,12,single,6,32768,48,371113555
xhash,XHash16,mersenne31,24,single,6,32768,48,301239337
xhash,XHash24,mersenne31,24,single,6,32768,48,363724139
reinforced_concrete,,bls12_381,3,single,7,131072,48,242413803
reinforced_concrete,,bn254,3,single,7,131072,48,244301230
skyscraper,,bls12_381,4,single,18,262144,48,325473809
skyscraper,,bn254,4,single,18,262144,48,317025503
monolith,,goldilocks,8,single,6,1048576,48,266922107
monolith,,goldilocks,12,single,6,524288,48,206268887
monolith,,mersenne31,16,single,6,524288,48,214816840
monolith,,mersenne31,24,single,6,262144,48,218552068
polocolo,,bls12_381,3,single,6,1024,48,263723350
polocolo,,bls12_381,4,single,5,1024,48,293279866
polocolo,,bn254,3,single,6,1024,48,237185395
polocolo,,bn254,4,single,5,1024,48,264283948
tip4p,,goldilocks,12,single,5,262144,48,331896931
plain,sha256_compress,-,-,single,-,8388608,48,211642417
plain,keccak_f1600,-,-,single,-,524288,48,203543796
plain,blake2b_compress,-,-,single,-,2097152,48,242356707
plain,blake3_compress,-,-,single,-,4194304,48,274185428
gmimc,,bls12_381,3,single,228,16384,49,261401190
gmimc,,bls12_381,4,single,231,16384,49,266608872
gmimc,,bn254,3,single,228,16384,49,250435823
gmimc,,bn254,4,single,231,16384,49,253763600
gmimc,,goldilocks,8,single,68,524288,49,337411384
gmimc,,goldilocks,12,single,93,262144,49,236329044
gmimc,,mersenne31,16,single,158,262144,49,267391844
gmimc,,mersenne31,24,single,335,131072,49,319581950
gmimc,,koalabear,16,single,158,262144,49,306142709
gmimc,,koalabear,24,single,335,131072,49,331313049
gmimc,,babybear,16,single,158,131072,49,246712074
gmimc,,babybear,24,single,335,65536,49,260493425
gmimc2,alpha=8,bls12_381,3,single,63,32768,49,227860942
gmimc2,alpha=8,bls12_381,4,single,64,32768,49,229871969
gmimc2,alpha=8,bn254,3,single,63,32768,49,220565181
gmimc2,alpha=8,bn254,4,single,64,32768,49,223794324
gmimc2,alpha=4,goldilocks,8,single,88,262144,49,293952081
gmimc2,alpha=4,goldilocks,12,single,96,262144,49,361904609
gmimc2,alpha=2,mersenne31,16,single,176,65536,49,202049524
gmimc2,alpha=2,mersenne31,24,single,264,32768,49,223969762
gmimc2,alpha=2,koalabear,16,single,176,131072,49,291117035
gmimc2,alpha=2,koalabear,24,single,264,65536,49,234422633
gmimc2,alpha=2,babybear,16,single,176,131072,49,292050268
gmimc2,alpha=2,babybear,24,single,264,65536,49,235232125
poseidon,,bls12_381,3,single,8+56,16384,49,256280653
poseidon,,bls12_381,4,single,8+56,16384,49,381187799
poseidon,,bn254,3,single,8+56,16384,49,245926728
poseidon,,bn254,4,single,8+56,16384,49,368881895
poseidon,,goldilocks,8,single,8+22,131072,49,324210108
poseidon,,goldilocks,12,single,8+22,65536,49,309375400
poseidon,,mersenne31,16,single,8+14,65536,49,323210229
poseidon,,mersenne31,24,single,8+22,16384,49,226437623
poseidon,,koalabear,16,single,8+20,32768,49,253560270
poseidon,,koalabear,24,single,8+23,16384,49,304220778
poseidon,,babybear,16,single,8+13,32768,49,201621685
poseidon,,babybear,24,single,8+21,16384,49,288189303
poseidon2,,bls12_381,3,single,8+56,65536,49,317342175
poseidon2,,bls12_381,4,single,8+56,32768,49,285661170
poseidon2,,bn254,3,single,8+56,65536,49,311007449
poseidon2,,bn254,4,single,8+56,32768,49,274263033
poseidon2,,goldilocks,8,single,8+22,524288,49,391591949
poseidon2,,goldilocks,12,single,8+22,262144,49,272718637
poseidon2,,mersenne31,16,single,8+14,262144,49,253509666
poseidon2,,mersenne31,24,single,8+22,131072,49,210748227
poseidon2,,koalabear,16,single,8+20,262144,49,279354125
poseidon2,,koalabear,24,single,8+23,131072,49,203901485
poseidon2,,babybear,16,single,8+13,262144,49,307779578
poseidon2,,babybear,24,single,8+21,131072,49,248695190
neptune,,bls12_381,4,single,6+69,32768,49,324450157
neptune,,bn254,4,single,6+69,32768,49,313568965
neptune,,goldilocks,8,single,6+38,262144,49,320025228
neptune,,goldilocks,12,single,6+42,131072,49,304702137
psquarehash,,mersenne31,16,single,52,262144,49,244505492
psquarehash,,mersenne31,24,single,52,262144,49,355649251
psquarehash,,koalabear,16,single,52,262144,49,313033094
psquarehash,,koalabear,24,single,52,131072,49,232301960
psquarehash,,babybear,16,single,52,262144,49,312139574
psquarehash,,babybear,24,single,52,131072,49,231162100
rescue_prime,,bls12_381,3,current,16,1024,49,345102304
rescue_prime,,bls12_381,3,original,14,1024,49,301614639
rescue_prime,,bls12_381,4,current,13,1024,49,375149125
rescue_prime,,bls12_381,4,original,11,1024,49,317481927
rescue_prime,,bn254,3,current,16,1024,49,338126860
rescue_prime,,bn254,3,original,14,1024,49,295866768
rescue_prime,,bn254,4,current,13,1024,49,367642089
rescue_prime,,bn254,4,original,11,1024,49,311164132
rescue_prime,,goldilocks,8,single,8,16384,49,252860362
rescue_prime,,goldilocks,12,single,8,16384,49,394095747
rescue_prime,,mersenne31,16,single,8,16384,49,328840950
rescue_prime,,mersenne31,24,single,8,8192,49,265356201
rescue_prime,,koalabear,16,single,8,8192,49,224523225
rescue_prime,,koalabear,24,single,8,8192,49,364306367
rescue_prime,,babybear,16,single,8,8192,49,245012990
rescue_prime,,babybear,24,single,8,8192,49,394025235
anemoi,,bls12_381,4,current,20,1024,49,288815203
anemoi,,bls12_381,4,original,14,1024,49,202090660
anemoi,,bn254,4,current,20,1024,49,282744590
anemoi,,bn254,4,original,14,2048,49,395812635
anemoi,,goldilocks,8,single,11,32768,49,346369632
anemoi,,goldilocks,12,single,10,16384,49,238323952
anemoi,,mersenne31,16,single,10,32768,49,340737378
anemoi,,mersenne31,24,single,9,16384,49,239988562
anemoi,,koalabear,16,single,10,16384,49,245988693
anemoi,,koalabear,24,single,9,16384,49,345062209
anemoi,,babybear,16,single,9,16384,49,241052600
anemoi,,babybear,24,single,9,16384,49,373976695
griffin,,bls12_381,3,current,20,2048,49,286022085
griffin,,bls12_381,3,original,14,4096,49,400341827
griffin,,bls12_381,4,current,20,2048,49,287868064
griffin,,bls12_381,4,original,11,4096,49,316608074
griffin,,bn254,3,current,20,2048,49,280764581
griffin,,bn254,3,original,14,4096,49,392969302
griffin,,bn254,4,current,20,2048,49,282594661
griffin,,bn254,4,original,11,4096,49,311353896
griffin,,goldilocks,8,single,8,131072,49,283538674
griffin,,goldilocks,12,single,8,131072,49,301264314
arion,,bls12_381,3,single,11,4096,49,343026886
arion,,bls12_381,4,single,10,4096,49,330111334
arion,,bn254,3,single,11,4096,49,333147326
arion,,bn254,4,single,10,4096,49,320855700
grendel,native,bls12_381,3,current,24,256,49,265125930
grendel,native,bls12_381,3,original,14,512,49,298722004
grendel,native,bls12_381,4,current,23,256,49,340053771
grendel,native,bls12_381,4,original,12,512,49,340019006
grendel,native,bn254,3,current,24,256,49,262474476
grendel,native,bn254,3,original,14,512,49,294287869
grendel,native,bn254,4,current,23,256,49,337420982
grendel,native,bn254,4,original,12,512,49,337019502
xhash,XHash8,goldilocks,12,single,6,32768,49,284010677
xhash,XHash12,goldilocks,12,single,6,32768,49,370826459
xhash,XHash16,mersenne31,24,single,6,32768,49,302116817
xhash,XHash24,mersenne31,24,single,6,32768,49,363731953
reinforced_concrete,,bls12_381,3,single,7,131072,49,242170248
reinforced_concrete,,bn254,3,single,7,131072,49,243318143
skyscraper,,bls12_381,4,single,18,262144,49,325414287
skyscraper,,bn254,4,single,18,262144,49,317114139
monolith,,goldilocks,8,single,6,1048576,49,266521989
monolith,,goldilocks,12,single,6,524288,49,205353157
monolith,,mersenne31,16,single,6,524288,49,215034055
monolith,,mersenne31,24,single,6,262144,49,217992242
polocolo,,bls12_381,3,single,6,1024,49,264834817
polocolo,,bls12_381,4,single,5,1024,49,295069259
polocolo,,bn254,3,single,6,1024,49,237171038
polocolo,,bn254,4,single,5,1024,49,264297652
tip4p,,goldilocks,12,single,5,262144,49,332629940
plain,sha256_compress,-,-,single,-,8388608,49,211799401
plain,keccak_f1600,-,-,single,-,524288,49,203381082
plain,blake2b_compress,-,-,single,-,2097152,49,240435717
plain,blake3_compress,-,-,single,-,4194304,49,272874388
gmimc,,bls12_381,3,single,228,16384,50,261471923
gmimc,,bls12_381,4,single,231,16384,50,266535424
gmimc,,bn254,3,single,228,16384,50,250530289
gmimc,,bn254,4,single,231,16384,50,254136958
gmimc,,goldilocks,8,single,68,524288,50,337440889
gmimc,,goldilocks,12,single,93,262144,50,235710919
gmimc,,mersenne31,16,single,158,262144,50,267570388
gmimc,,mersenne31,24,single,335,131072,50,313136887
gmimc,,koalabear,16,single,158,262144,50,306086965
gmimc,,koalabear,24,single,335,131072,50,331410100
gmimc,,babybear,16,single,158,131072,50,246741580
gmimc,,babybear,24,single,335,65536,50,259728044
gmimc2,alpha=8,bls12_381,3,single,63,32768,50,225451209
gmimc2,alpha=8,bls12_381,4,single,64,32768,50,231570373
gmimc2,alpha=8,bn254,3,single,63,32768,50,220724378
gmimc2,alpha=8,bn254,4,single,64,32768,50,224842623
gmimc2,alpha=4,goldilocks,8,single,88,262144,50,293798455
gmimc2,alpha=4,goldilocks,12,single,96,262144,50,361046365
gmimc2,alpha=2,mersenne31,16,single,176,65536,50,201948626
gmimc2,alpha=2,mersenne31,24,single,264,32768,50,223927573
gmimc2,alpha=2,koalabear,16,single,176,131072,50,291394262
gmimc2,alpha=2,koalabear,24,single,264,65536,50,238657194
gmimc2,alpha=2,babybear,16,single,176,131072,50,290730021
gmimc2,alpha=2,babybear,24,single,264,65536,50,239549271
poseidon,,bls12_381,3,single,8+56,16384,50,256169325
poseidon,,bls12_381,4,single,8+56,16384,50,380937421
poseidon,,bn254,3,single,8+56,16384,50,245070387
poseidon,,bn254,4,single,8+56,16384,50,368655844
poseidon,,goldilocks,8,single,8+22,131072,50,324259479
poseidon,,goldilocks,12,single,8+22,65536,50,309440622
poseidon,,mersenne31,16,single,8+14,65536,50,322496606
poseidon,,mersenne31,24,single,8+22,16384,50,227745777
poseidon,,koalabear,16,single,8+20,32768,50,253398918
poseidon,,koalabear,24,single,8+23,16384,50,304223213
poseidon,,babybear,16,single,8+13,32768,50,201765594
poseidon,,babybear,24,single,8+21,16384,50,288741215
poseidon2,,bls12_381,3,single,8+56,65536,50,317315365
poseidon2,,bls12_381,4,single,8+56,32768,50,286700613
poseidon2,,bn254,3,single,8+56,65536,50,311400533
poseidon2,,bn254,4,single,8+56,32768,50,274607006
poseidon2,,goldilocks,8,single,8+22,524288,50,392381123
poseidon2,,goldilocks,12,single,8+22,262144,50,272800190
poseidon2,,mersenne31,16,single,8+14,262144,50,253812261
poseidon2,,mersenne31,24,single,8+22,131072,50,210995659
poseidon2,,koalabear,16,single,8+20,262144,50,279340790
poseidon2,,koalabear,24,single,8+23,131072,50,204376742
poseidon2,,babybear,16,single,8+13,262144,50,307525443
poseidon2,,babybear,24,single,8+21,131072,50,248664302
neptune,,bls12_381,4,single,6+69,32768,50,324979876
neptune,,bn254,4,single,6+69,32768,50,313780640
neptune,,goldilocks,8,single,6+38,262144,50,319542817
neptune,,goldilocks,12,single,6+42,131072,50,304759264
psquarehash,,mersenne31,16,single,52,262144,50,244495924
psquarehash,,mersenne31,24,single,52,262144,50,355797097
psquarehash,,koalabear,16,single,52,262144,50,308879923
psquarehash,,koalabear,24,single,52,131072,50,233208704
psquarehash,,babybear,16,single,52,262144,50,309678435
psquarehash,,babybear,24,single,52,131072,50,231574330
rescue_prime,,bls12_381,3,current,16,1024,50,344820647
rescue_prime,,bls12_381,3,original,14,1024,50,301923346
rescue_prime,,bls12_381,4,current,13,1024,50,375420212
rescue_prime,,bls12_381,4,original,11,1024,50,317659808
rescue_prime,,bn254,3,current,16,1024,50,338108386
rescue_prime,,bn254,3,original,14,1024,50,295814522
rescue_prime,,bn254,4,current,13,1024,50,367739992
rescue_prime,,bn254,4,original,11,1024,50,311173269
rescue_prime,,goldilocks,8,single,8,16384,50,252863668
rescue_prime,,goldilocks,12,single,8,16384,50,394008413
rescue_prime,,mersenne31,16,single,8,16384,50,329149597
rescue_prime,,mersenne31,24,single,8,8192,50,264830137
rescue_prime,,koalabear,16,single,8,8192,50,223988566
rescue_prime,,koalabear,24,single,8,8192,50,363490872
rescue_prime,,babybear,16,single,8,8192,50,245284207
rescue_prime,,babybear,24,single,8,8192,50,393724073
anemoi,,bls12_381,4,current,20,1024,50,288198661
anemoi,,bls12_381,4,original,14,1024,50,201791773
anemoi,,bn254,4,current,20,1024,50,282902375
anemoi,,bn254,4,original,14,2048,50,396060959
anemoi,,goldilocks,8,single,11,32768,50,346361887
anemoi,,goldilocks,12,single,10,16384,50,238355019
anemoi,,mersenne31,16,single,10,32768,50,340692154
anemoi,,mersenne31,24,single,9,16384,50,239949529
anemoi,,koalabear,16,single,10,16384,50,246215096
anemoi,,koalabear,24,single,9,16384,50,345022986
anemoi,,babybear,16,single,9,16384,50,241115457
anemoi,,babybear,24,single,9,16384,50,374249644
griffin,,bls12_381,3,current,20,2048,50,285620073
griffin,,bls12_381,3,original,14,4096,50,400008935
griffin,,bls12_381,4,current,20,2048,50,287868304
griffin,,bls12_381,4,original,11,4096,50,319839632
griffin,,bn254,3,current,20,2048,50,280780049
griffin,,bn254,3,original,14,4096,50,393015348
griffin,,bn254,4,current,20,2048,50,282659972
griffin,,bn254,4,original,11,4096,50,311377229
griffin,,goldilocks,8,single,8,131072,50,283702410
griffin,,goldilocks,12,single,8,131072,50,301745172
arion,,bls12_381,3,single,11,4096,50,342490234
arion,,bls12_381,4,single,10,4096,50,330106976
arion,,bn254,3,single,11,4096,50,333152276
arion,,bn254,4,single,10,4096,50,320847464
grendel,native,bls12_381,3,current,24,256,50,265026765
grendel,native,bls12_381,3,original,14,512,50,297897823
grendel,native,bls12_381,4,current,23,256,50,340489926
grendel,native,bls12_381,4,original,12,512,50,339506578
grendel,native,bn254,3,current,24,256,50,262834830
grendel,native,bn254,3,original,14,512,50,294078497
grendel,native,bn254,4,current,23,256,50,337355118
grendel,native,bn254,4,original,12,512,50,337840085
xhash,XHash8,goldilocks,12,single,6,32768,50,283776298
xhash,XHash12,goldilocks,12,single,6,32768,50,371347732
xhash,XHash16,mersenne31,24,single,6,32768,50,301383887
xhash,XHash24,mersenne31,24,single,6,32768,50,362744869
reinforced_concrete,,bls12_381,3,single,7,131072,50,242105637
reinforced_concrete,,bn254,3,single,7,131072,50,243081581
skyscraper,,bls12_381,4,single,18,262144,50,325536245
skyscraper,,bn254,4,single,18,262144,50,317052753
monolith,,goldilocks,8,single,6,1048576,50,266303320
monolith,,goldilocks,12,single,6,524288,50,206116442
monolith,,mersenne31,16,single,6,524288,50,214871612
monolith,,mersenne31,24,single,6,262144,50,218531110
polocolo,,bls12_381,3,single,6,1024,50,264379336
polocolo,,bls12_381,4,single,5,1024,50,293855421
polocolo,,bn254,3,single,6,1024,50,237176087
polocolo,,bn254,4,single,5,1024,50,264286792
tip4p,,goldilocks,12,single,5,262144,50,332375234
plain,sha256_compress,-,-,single,-,8388608,50,211757743
plain,keccak_f1600,-,-,single,-,524288,50,203695950
plain,blake2b_compress,-,-,single,-,2097152,50,240964094
plain,blake3_compress,-,-,single,-,4194304,50,272721353
gmimc,,bls12_381,3,single,228,16384,51,261249366
gmimc,,bls12_381,4,single,231,16384,51,269455590
gmimc,,bn254,3,single,228,16384,51,250479985
gmimc,,bn254,4,single,231,16384,51,260019650
gmimc,,goldilocks,8,single,68,524288,51,337458662
gmimc,,goldilocks,12,single,93,262144,51,235648392
gmimc,,mersenne31,16,single,158,262144,51,270252499
gmimc,,mersenne31,24,single,335,131072,51,320667538
gmimc,,koalabear,16,single,158,262144,51,305733534
gmimc,,koalabear,24,single,335,131072,51,332558456
gmimc,,babybear,16,single,158,131072,51,246803786
gmimc,,babybear,24,single,335,65536,51,259753783
gmimc2,alpha=8,bls12_381,3,single,63,32768,51,225498658
gmimc2,alpha=8,bls12_381,4,single,64,32768,51,231527202
gmimc2,alpha=8,bn254,3,single,63,32768,51,220759072
gmimc2,alpha=8,bn254,4,single,64,32768,51,224947308
gmimc2,alpha=4,goldilocks,8,single,88,262144,51,293836825
gmimc2,alpha=4,goldilocks,12,single,96,262144,51,361105806
gmimc2,alpha=2,mersenne31,16,single,176,65536,51,202122740
gmimc2,alpha=2,mersenne31,24,single,264,32768,51,224679066
gmimc2,alpha=2,koalabear,16,single,176,131072,51,291335823
gmimc2,alpha=2,koalabear,24,single,264,65536,51,235154830
gmimc2,alpha=2,babybear,16,single,176,131072,51,290830960
gmimc2,alpha=2,babybear,24,single,264,65536,51,235260849
poseidon,,bls12_381,3,single,8+56,16384,51,256334784
poseidon,,bls12_381,4,single,8+56,16384,51,382581092
poseidon,,bn254,3,single,8+56,16384,51,245620094
poseidon,,bn254,4,single,8+56,16384,51,370025552
poseidon,,goldilocks,8,single,8+22,131072,51,324611578
poseidon,,goldilocks,12,single,8+22,65536,51,309737877
poseidon,,mersenne31,16,single,8+14,65536,51,323391598
poseidon,,mersenne31,24,single,8+22,16384,51,225856537
poseidon,,koalabear,16,single,8+20,32768,51,252842389
poseidon,,koalabear,24,single,8+23,16384,51,303448134
poseidon,,babybear,16,single,8+13,32768,51,202352539
poseidon,,babybear,24,single,8+21,16384,51,288657398
poseidon2,,bls12_381,3,single,8+56,65536,51,317623321
poseidon2,,bls12_381,4,single,8+56,32768,51,286541214
poseidon2,,bn254,3,single,8+56,65536,51,311331965
poseidon2,,bn254,4,single,8+56,32768,51,274517448
poseidon2,,goldilocks,8,single,8+22,524288,51,391944968
poseidon2,,goldilocks,12,single,8+22,262144,51,273018647
poseidon2,,mersenne31,16,single,8+14,262144,51,253476303
poseidon2,,mersenne31,24,single,8+22,131072,51,211331858
poseidon2,,koalabear,16,single,8+20,262144,51,280577120
poseidon2,,koalabear,24,single,8+23,131072,51,202441536
poseidon2,,babybear,16,single,8+13,262144,51,307329246
poseidon2,,babybear,24,single,8+21,131072,51,248453207
neptune,,bls12_381,4,single,6+69,32768,51,325113325
neptune,,bn254,4,single,6+69,32768,51,315643230
neptune,,goldilocks,8,single,6+38,262144,51,319706813
neptune,,goldilocks,12,single,6+42,131072,51,304070417
psquarehash,,mersenne31,16,single,52,262144,51,244509629
psquarehash,,mersenne31,24,single,52,262144,51,355879661
psquarehash,,koalabear,16,single,52,262144,51,312917527
psquarehash,,koalabear,24,single,52,131072,51,231789642
psquarehash,,babybear,16,single,52,262144,51,312021433
psquarehash,,babybear,24,single,52,131072,51,232201512
rescue_prime,,bls12_381,3,current,16,1024,51,345136627
rescue_prime,,bls12_381,3,original,14,1024,51,302073065
rescue_prime,,bls12_381,4,current,13,1024,51,376120480
rescue_prime,,bls12_381,4,original,11,1024,51,318071247
rescue_prime,,bn254,3,current,16,1024,51,338084361
rescue_prime,,bn254,3,original,14,1024,51,295802318
rescue_prime,,bn254,4,current,13,1024,51,366373959
rescue_prime,,bn254,4,original,11,1024,51,310004364
rescue_prime,,goldilocks,8,single,8,16384,51,252828813
rescue_prime,,goldilocks,12,single,8,16384,51,393895121
rescue_prime,,mersenne31,16,single,8,16384,51,329549955
rescue_prime,,mersenne31,24,single,8,8192,51,265413839
rescue_prime,,koalabear,16,single,8,8192,51,224440401
rescue_prime,,koalabear,24,single,8,8192,51,363548570
rescue_prime,,babybear,16,single,8,8192,51,245284037
rescue_prime,,babybear,24,single,8,8192,51,393029274
anemoi,,bls12_381,4,current,20,1024,51,288608927
anemoi,,bls12_381,4,original,14,1024,51,201864257
anemoi,,bn254,4,current,20,1024,51,282669129
anemoi,,bn254,4,original,14,2048,51,395751370
anemoi,,goldilocks,8,single,11,32768,51,346726659
anemoi,,goldilocks,12,single,10,16384,51,238247569
anemoi,,mersenne31,16,single,10,32768,51,342632549
anemoi,,mersenne31,24,single,9,16384,51,240453510
anemoi,,koalabear,16,single,10,16384,51,247020541
anemoi,,koalabear,24,single,9,16384,51,345071286
anemoi,,babybear,16,single,9,16384,51,241558806
anemoi,,babybear,24,single,9,16384,51,373989629
griffin,,bls12_381,3,current,20,2048,51,286060956
griffin,,bls12_381,3,original,14,4096,51,401692712
griffin,,bls12_381,4,current,20,2048,51,288191558
griffin,,bls12_381,4,original,11,4096,51,317259370
griffin,,bn254,3,current,20,2048,51,280791932
griffin,,bn254,3,original,14,4096,51,392986564
griffin,,bn254,4,current,20,2048,51,282568571
griffin,,bn254,4,original,11,4096,51,311328027
griffin,,goldilocks,8,single,8,131072,51,284923742
griffin,,goldilocks,12,single,8,131072,51,301835180
arion,,bls12_381,3,single,11,4096,51,342714182
arion,,bls12_381,4,single,10,4096,51,330877735
arion,,bn254,3,single,11,4096,51,333113683
arion,,bn254,4,single,10,4096,51,320825553
grendel,native,bls12_381,3,current,24,256,51,266141909
grendel,native,bls12_381,3,original,14,512,51,298599495
grendel,native,bls12_381,4,current,23,256,51,340794665
grendel,native,bls12_381,4,original,12,512,51,339715198
grendel,native,bn254,3,current,24,256,51,262754208
grendel,native,bn254,3,original,14,512,51,293780410
grendel,native,bn254,4,current,23,256,51,337382429
grendel,native,bn254,4,original,12,512,51,337338026
xhash,XHash8,goldilocks,12,single,6,32768,51,283951335
xhash,XHash12,goldilocks,12,single,6,32768,51,371330440
xhash,XHash16,mersenne31,24,single,6,32768,51,302747375
xhash,XHash24,mersenne31,24,single,6,32768,51,364142400
reinforced_concrete,,bls12_381,3,single,7,131072,51,242376043
reinforced_concrete,,bn254,3,single,7,131072,51,243993986
skyscraper,,bls12_381,4,single,18,262144,51,325762769
skyscraper,,bn254,4,single,18,262144,51,317176235
monolith,,goldilocks,8,single,6,1048576,51,266221087
monolith,,goldilocks,12,single,6,524288,51,205656783
monolith,,mersenne31,16,single,6,524288,51,214758691
monolith,,mersenne31,24,single,6,262144,51,218828695
polocolo,,bls12_381,3,single,6,1024,51,263743267
polocolo,,bls12_381,4,single,5,1024,51,293664404
polocolo,,bn254,3,single,6,1024,51,237149337
polocolo,,bn254,4,single,5,1024,51,264308002
tip4p,,goldilocks,12,single,5,262144,51,332591898
plain,sha256_compress,-,-,single,-,8388608,51,211697190
plain,keccak_f1600,-,-,single,-,524288,51,203618225
plain,blake2b_compress,-,-,single,-,2097152,51,241085331
plain,blake3_compress,-,-,single,-,4194304,51,272148422
gmimc,,bls12_381,3,single,228,16384,52,261853024
gmimc,,bls12_381,4,single,231,16384,52,266508974
gmimc,,bn254,3,single,228,16384,52,250458845
gmimc,,bn254,4,single,231,16384,52,253924270
gmimc,,goldilocks,8,single,68,524288,52,337431380
gmimc,,goldilocks,12,single,93,262144,52,236525851
gmimc,,mersenne31,16,single,158,262144,52,269347288
gmimc,,mersenne31,24,single,335,131072,52,324085173
gmimc,,koalabear,16,single,158,262144,52,306032903
gmimc,,koalabear,24,single,335,131072,52,331245823
gmimc,,babybear,16,single,158,131072,52,246924120
gmimc,,babybear,24,single,335,65536,52,260186481
gmimc2,alpha=8,bls12_381,3,single,63,32768,52,225415623
gmimc2,alpha=8,bls12_381,4,single,64,32768,52,230148986
gmimc2,alpha=8,bn254,3,single,63,32768,52,220526868
gmimc2,alpha=8,bn254,4,single,64,32768,52,223918435
gmimc2,alpha=4,goldilocks,8,single,88,262144,52,294188032
gmimc2,alpha=4,goldilocks,12,single,96,262144,52,365724525
gmimc2,alpha=2,mersenne31,16,single,176,65536,52,202079811
gmimc2,alpha=2,mersenne31,24,single,264,32768,52,224005157
gmimc2,alpha=2,koalabear,16,single,176,131072,52,291278665
gmimc2,alpha=2,koalabear,24,single,264,65536,52,234423383
gmimc2,alpha=2,babybear,16,single,176,131072,52,291085805
gmimc2,alpha=2,babybear,24,single,264,65536,52,239543911
poseidon,,bls12_381,3,single,8+56,16384,52,256823377
poseidon,,bls12_381,4,single,8+56,16384,52,381206754
poseidon,,bn254,3,single,8+56,16384,52,245875571
poseidon,,bn254,4,single,8+56,16384,52,368812134
poseidon,,goldilocks,8,single,8+22,131072,52,324319131
poseidon,,goldilocks,12,single,8+22,65536,52,310374265
poseidon,,mersenne31,16,single,8+14,65536,52,323952265
poseidon,,mersenne31,24,single,8+22,16384,52,228418774
poseidon,,koalabear,16,single,8+20,32768,52,253290435
poseidon,,koalabear,24,single,8+23,16384,52,303910268
poseidon,,babybear,16,single,8+13,32768,52,201622626
poseidon,,babybear,24,single,8+21,16384,52,288773174
poseidon2,,bls12_381,3,single,8+56,65536,52,317483088
poseidon2,,bls12_381,4,single,8+56,32768,52,285759753
poseidon2,,bn254,3,single,8+56,65536,52,311506931
poseidon2,,bn254,4,single,8+56,32768,52,274763849
poseidon2,,goldilocks,8,single,8+22,524288,52,391755383
poseidon2,,goldilocks,12,single,8+22,262144,52,273026892
poseidon2,,mersenne31,16,single,8+14,262144,52,253755385
poseidon2,,mersenne31,24,single,8+22,131072,52,211095515
poseidon2,,koalabear,16,single,8+20,262144,52,280129373
poseidon2,,koalabear,24,single,8+23,131072,52,202678769
poseidon2,,babybear,16,single,8+13,262144,52,307691262
poseidon2,,babybear,24,single,8+21,131072,52,248565266
neptune,,bls12_381,4,single,6+69,32768,52,324835546
neptune,,bn254,4,single,6+69,32768,52,313903570
neptune,,goldilocks,8,single,6+38,262144,52,319970636
neptune,,goldilocks,12,single,6+42,131072,52,304116413
psquarehash,,mersenne31,16,single,52,262144,52,244592544
psquarehash,,mersenne31,24,single,52,262144,52,356013501
psquarehash,,koalabear,16,single,52,262144,52,313255048
psquarehash,,koalabear,24,single,52,131072,52,231826150
psquarehash,,babybear,16,single,52,262144,52,311830587
psquarehash,,babybear,24,single,52,131072,52,232902982
rescue_prime,,bls12_381,3,current,16,1024,52,345286327
rescue_prime,,bls12_381,3,original,14,1024,52,301755361
rescue_prime,,bls12_381,4,current,13,1024,52,375383283
rescue_prime,,bls12_381,4,original,11,1024,52,317542278
rescue_prime,,bn254,3,current,16,1024,52,338086555
rescue_prime,,bn254,3,original,14,1024,52,295813719
rescue_prime,,bn254,4,current,13,1024,52,367602424
rescue_prime,,bn254,4,original,11,1024,52,311083341
rescue_prime,,goldilocks,8,single,8,16384,52,252860673
rescue_prime,,goldilocks,12,single,8,16384,52,393979469
rescue_prime,,mersenne31,16,single,8,16384,52,329946856
rescue_prime,,mersenne31,24,single,8,8192,52,265562796
rescue_prime,,koalabear,16,single,8,8192,52,223842764
rescue_prime,,koalabear,24,single,8,8192,52,364009752
rescue_prime,,babybear,16,single,8,8192,52,245119208
rescue_prime,,babybear,24,single,8,8192,52,394173742
anemoi,,bls12_381,4,current,20,1024,52,288060502
anemoi,,bls12_381,4,original,14,1024,52,201712424
anemoi,,bn254,4,current,20,1024,52,282685529
anemoi,,bn254,4,original,14,2048,52,395782909
anemoi,,goldilocks,8,single,11,32768,52,346510324
anemoi,,goldilocks,12,single,10,16384,52,238378323
anemoi,,mersenne31,16,single,10,32768,52,340730164
anemoi,,mersenne31,24,single,9,16384,52,240536746
anemoi,,koalabear,16,single,10,16384,52,245682641
anemoi,,koalabear,24,single,9,16384,52,344962131
anemoi,,babybear,16,single,9,16384,52,241082526
anemoi,,babybear,24,single,9,16384,52,374104874
griffin,,bls12_381,3,current,20,2048,52,285663825
griffin,,bls12_381,3,original,14,4096,52,400346396
griffin,,bls12_381,4,current,20,2048,52,288709886
griffin,,bls12_381,4,original,11,4096,52,316632408
griffin,,bn254,3,current,20,2048,52,280763569
griffin,,bn254,3,original,14,4096,52,392954403
griffin,,bn254,4,current,20,2048,52,282587527
griffin,,bn254,4,original,11,4096,52,311339940
griffin,,goldilocks,8,single,8,131072,52,283558401
griffin,,goldilocks,12,single,8,131072,52,301373067
arion,,bls12_381,3,single,11,4096,52,341945335
arion,,bls12_381,4,single,10,4096,52,330555293
arion,,bn254,3,single,11,4096,52,333090690
arion,,bn254,4,single,10,4096,52,320857302
grendel,native,bls12_381,3,current,24,256,52,265313661
grendel,native,bls12_381,3,original,14,512,52,297790673
grendel,native,bls12_381,4,current,23,256,52,340368989
grendel,native,bls12_381,4,original,12,512,52,340131807
grendel,native,bn254,3,current,24,256,52,262991161
grendel,native,bn254,3,original,14,512,52,293845051
grendel,native,bn254,4,current,23,256,52,337049588
grendel,native,bn254,4,original,12,512,52,337392789
xhash,XHash8,goldilocks,12,single,6,32768,52,283787028
xhash,XHash12,goldilocks,12,single,6,32768,52,371324639
xhash,XHash16,mersenne31,24,single,6,32768,52,301910641
xhash,XHash24,mersenne31,24,single,6,32768,52,363617739
reinforced_concrete,,bls12_381,3,single,7,131072,52,242902095
reinforced_concrete,,bn254,3,single,7,131072,52,244147713
skyscraper,,bls12_381,4,single,18,262144,52,325542867
skyscraper,,bn254,4,single,18,262144,52,316946976
monolith,,goldilocks,8,single,6,1048576,52,266238869
monolith,,goldilocks,12,single,6,524288,52,205148855
monolith,,mersenne31,16,single,6,524288,52,215070092
monolith,,mersenne31,24,single,6,262144,52,218845968
polocolo,,bls12_381,3,single,6,1024,52,264738797
polocolo,,bls12_381,4,single,5,1024,52,294262290
polocolo,,bn254,3,single,6,1024,52,237209099
polocolo,,bn254,4,single,5,1024,52,264290058
tip4p,,goldilocks,12,single,5,262144,52,332419216
plain,sha256_compress,-,-,single,-,8388608,52,211695557
plain,keccak_f1600,-,-,single,-,524288,52,203580153
plain,blake2b_compress,-,-,single,-,2097152,52,241073829
plain,blake3_compress,-,-,single,-,4194304,52,272406454
gmimc,,bls12_381,3,single,228,16384,53,261435374
gmimc,,bls12_381,4,single,231,16384,53,266632665
gmimc,,bn254,3,single,228,16384,53,250411696
gmimc,,bn254,4,single,231,16384,53,253762658
gmimc,,goldilocks,8,single,68,524288,53,337625152
gmimc,,goldilocks,12,single,93,262144,53,236586154
gmimc,,mersenne31,16,single,158,262144,53,269354912
gmimc,,mersenne31,24,single,335,131072,53,316159485
gmimc,,koalabear,16,single,158,262144,53,305738513
gmimc,,koalabear,24,single,335,131072,53,326839670
gmimc,,babybear,16,single,158,131072,53,246760494
gmimc,,babybear,24,single,335,65536,53,259654046
gmimc2,alpha=8,bls12_381,3,single,63,32768,53,225596411
gmimc2,alpha=8,bls12_381,4,single,64,32768,53,231664048
gmimc2,alpha=8,bn254,3,single,63,32768,53,220661320
gmimc2,alpha=8,bn254,4,single,64,32768,53,225117085
gmimc2,alpha=4,goldilocks,8,single,88,262144,53,294072566
gmimc2,alpha=4,goldilocks,12,single,96,262144,53,363094922
gmimc2,alpha=2,mersenne31,16,single,176,65536,53,202233587
gmimc2,alpha=2,mersenne31,24,single,264,32768,53,223962618
gmimc2,alpha=2,koalabear,16,single,176,131072,53,291879348
gmimc2,alpha=2,koalabear,24,single,264,65536,53,234985393
gmimc2,alpha=2,babybear,16,single,176,131072,53,291384914
gmimc2,alpha=2,babybear,24,single,264,65536,53,235702964
poseidon,,bls12_381,3,single,8+56,16384,53,256652057
poseidon,,bls12_381,4,single,8+56,16384,53,381564261
poseidon,,bn254,3,single,8+56,16384,53,245717636
poseidon,,bn254,4,single,8+56,16384,53,368459095
poseidon,,goldilocks,8,single,8+22,131072,53,324378221
poseidon,,goldilocks,12,single,8+22,65536,53,310060138
poseidon,,mersenne31,16,single,8+14,65536,53,323051382
poseidon,,mersenne31,24,single,8+22,16384,53,229019827
poseidon,,koalabear,16,single,8+20,32768,53,253283372
poseidon,,koalabear,24,single,8+23,16384,53,304355289
poseidon,,babybear,16,single,8+13,32768,53,202139833
poseidon,,babybear,24,single,8+21,16384,53,288904409
poseidon2,,bls12_381,3,single,8+56,65536,53,317498156
poseidon2,,bls12_381,4,single,8+56,32768,53,286744343
poseidon2,,bn254,3,single,8+56,65536,53,311431691
poseidon2,,bn254,4,single,8+56,32768,53,274857763
poseidon2,,goldilocks,8,single,8+22,524288,53,391884925
poseidon2,,goldilocks,12,single,8+22,262144,53,273137039
poseidon2,,mersenne31,16,single,8+14,262144,53,253917458
poseidon2,,mersenne31,24,single,8+22,131072,53,211137524
poseidon2,,koalabear,16,single,8+20,262144,53,280021181
poseidon2,,koalabear,24,single,8+23,131072,53,202948353
poseidon2,,babybear,16,single,8+13,262144,53,308092572
poseidon2,,babybear,24,single,8+21,131072,53,248878732
neptune,,bls12_381,4,single,6+69,32768,53,325058322
neptune,,bn254,4,single,6+69,32768,53,313687816
neptune,,goldilocks,8,single,6+38,262144,53,319971948
neptune,,goldilocks,12,single,6+42,131072,53,304272023
psquarehash,,mersenne31,16,single,52,262144,53,244587855
psquarehash,,mersenne31,24,single,52,262144,53,355888918
psquarehash,,koalabear,16,single,52,262144,53,312270017
psquarehash,,koalabear,24,single,52,131072,53,232626285
psquarehash,,babybear,16,single,52,262144,53,311875691
psquarehash,,babybear,24,single,52,131072,53,233106884
rescue_prime,,bls12_381,3,current,16,1024,53,345218501
rescue_prime,,bls12_381,3,original,14,1024,53,301557721
rescue_prime,,bls12_381,4,current,13,1024,53,375351182
rescue_prime,,bls12_381,4,original,11,1024,53,317596960
rescue_prime,,bn254,3,current,16,1024,53,338072438
rescue_prime,,bn254,3,original,14,1024,53,295811134
rescue_prime,,bn254,4,current,13,1024,53,367727869
rescue_prime,,bn254,4,original,11,1024,53,311148922
rescue_prime,,goldilocks,8,single,8,16384,53,252849251
rescue_prime,,goldilocks,12,single,8,16384,53,395772609
rescue_prime,,mersenne31,16,single,8,16384,53,329610477
rescue_prime,,mersenne31,24,single,8,8192,53,265477697
rescue_prime,,koalabear,16,single,8,8192,53,223946197
rescue_prime,,koalabear,24,single,8,8192,53,363599354
rescue_prime,,babybear,16,single,8,8192,53,245196523
rescue_prime,,babybear,24,single,8,8192,53,394518256
anemoi,,bls12_381,4,current,20,1024,53,289092902
anemoi,,bls12_381,4,original,14,1024,53,201781994
anemoi,,bn254,4,current,20,1024,53,282866297
anemoi,,bn254,4,original,14,2048,53,396014431
anemoi,,goldilocks,8,single,11,32768,53,346484065
anemoi,,goldilocks,12,single,10,16384,53,238372321
anemoi,,mersenne31,16,single,10,32768,53,340912785
anemoi,,mersenne31,24,single,9,16384,53,240758290
anemoi,,koalabear,16,single,10,16384,53,245819796
anemoi,,koalabear,24,single,9,16384,53,345149762
anemoi,,babybear,16,single,9,16384,53,240938677
anemoi,,babybear,24,single,9,16384,53,373955053
griffin,,bls12_381,3,current,20,2048,53,285607569
griffin,,bls12_381,3,original,14,4096,53,400680570
griffin,,bls12_381,4,current,20,2048,53,287861761
griffin,,bls12_381,4,original,11,4096,53,317935113
griffin,,bn254,3,current,20,2048,53,280769029
griffin,,bn254,3,original,14,4096,53,392976886
griffin,,bn254,4,current,20,2048,53,282576505
griffin,,bn254,4,original,11,4096,53,311314452
griffin,,goldilocks,8,single,8,131072,53,284253660
griffin,,goldilocks,12,single,8,131072,53,301649483
arion,,bls12_381,3,single,11,4096,53,342704042
arion,,bls12_381,4,single,10,4096,53,330087890
arion,,bn254,3,single,11,4096,53,333089108
arion,,bn254,4,single,10,4096,53,320829470
grendel,native,bls12_381,3,current,24,256,53,264530458
grendel,native,bls12_381,3,original,14,512,53,298011014
grendel,native,bls12_381,4,current,23,256,53,340139611
grendel,native,bls12_381,4,original,12,512,53,340285584
grendel,native,bn254,3,current,24,256,53,263210841
grendel,native,bn254,3,original,14,512,53,294350115
grendel,native,bn254,4,current,23,256,53,337185460
grendel,native,bn254,4,original,12,512,53,337131541
xhash,XHash8,goldilocks,12,single,6,32768,53,283747453
xhash,XHash12,goldilocks,12,single,6,32768,53,371167936
xhash,XHash16,mersenne31,24,single,6,32768,53,302324124
xhash,XHash24,mersenne31,24,single,6,32768,53,363704981
reinforced_concrete,,bls12_381,3,single,7,131072,53,243395708
reinforced_concrete,,bn254,3,single,7,131072,53,243969730
skyscraper,,bls12_381,4,single,18,262144,53,327538976
skyscraper,,bn254,4,single,18,262144,53,316979526
monolith,,goldilocks,8,single,6,1048576,53,266069523
monolith,,goldilocks,12,single,6,524288,53,205012720
monolith,,mersenne31,16,single,6,524288,53,215048181
monolith,,mersenne31,24,single,6,262144,53,218895239
polocolo,,bls12_381,3,single,6,1024,53,264394212
polocolo,,bls12_381,4,single,5,1024,53,293823751
polocolo,,bn254,3,single,6,1024,53,237209208
polocolo,,bn254,4,single,5,1024,53,264331045
tip4p,,goldilocks,12,single,5,262144,53,332743672
plain,sha256_compress,-,-,single,-,8388608,53,211792538
plain,keccak_f1600,-,-,single,-,524288,53,203370542
plain,blake2b_compress,-,-,single,-,2097152,53,240738743
plain,blake3_compress,-,-,single,-,4194304,53,274313547
gmimc,,bls12_381,3,single,228,16384,54,261350465
gmimc,,bls12_381,4,single,231,16384,54,269735162
gmimc,,bn254,3,single,228,16384,54,251601250
gmimc,,bn254,4,single,231,16384,54,257628291
gmimc,,goldilocks,8,single,68,524288,54,337364746
gmimc,,goldilocks,12,single,93,262144,54,235865147
gmimc,,mersenne31,16,single,158,262144,54,268962077
gmimc,,mersenne31,24,single,335,131072,54,325407785
gmimc,,koalabear,16,single,158,262144,54,305733013
gmimc,,koalabear,24,single,335,131072,54,335159295
gmimc,,babybear,16,single,158,131072,54,246751839
gmimc,,babybear,24,single,335,65536,54,259635741
gmimc2,alpha=8,bls12_381,3,single,63,32768,54,225366671
gmimc2,alpha=8,bls12_381,4,single,64,32768,54,231568910
gmimc2,alpha=8,bn254,3,single,63,32768,54,220542637
gmimc2,alpha=8,bn254,4,single,64,32768,54,225124609
gmimc2,alpha=4,goldilocks,8,single,88,262144,54,293961889
gmimc2,alpha=4,goldilocks,12,single,96,262144,54,361475666
gmimc2,alpha=2,mersenne31,16,single,176,65536,54,202065573
gmimc2,alpha=2,mersenne31,24,single,264,32768,54,224098361
gmimc2,alpha=2,koalabear,16,single,176,131072,54,291870291
gmimc2,alpha=2,koalabear,24,single,264,65536,54,234468387
gmimc2,alpha=2,babybear,16,single,176,131072,54,291028898
gmimc2,alpha=2,babybear,24,single,264,65536,54,237147263
poseidon,,bls12_381,3,single,8+56,16384,54,256097551
poseidon,,bls12_381,4,single,8+56,16384,54,381990197
poseidon,,bn254,3,single,8+56,16384,54,245866384
poseidon,,bn254,4,single,8+56,16384,54,369758422
poseidon,,goldilocks,8,single,8+22,131072,54,324452990
poseidon,,goldilocks,12,single,8+22,65536,54,309525429
poseidon,,mersenne31,16,single,8+14,65536,54,324441680
poseidon,,mersenne31,24,single,8+22,16384,54,227797643
poseidon,,koalabear,16,single,8+20,32768,54,254476221
poseidon,,koalabear,24,single,8+23,16384,54,304691406
poseidon,,babybear,16,single,8+13,32768,54,201449933
poseidon,,babybear,24,single,8+21,16384,54,288624867
poseidon2,,bls12_381,3,single,8+56,65536,54,317750497
poseidon2,,bls12_381,4,single,8+56,32768,54,286561221
poseidon2,,bn254,3,single,8+56,65536,54,311304323
poseidon2,,bn254,4,single,8+56,32768,54,274651628
poseidon2,,goldilocks,8,single,8+22,524288,54,391789677
poseidon2,,goldilocks,12,single,8+22,262144,54,273069863
poseidon2,,mersenne31,16,single,8+14,262144,54,253393017
poseidon2,,mersenne31,24,single,8+22,131072,54,211314605
poseidon2,,koalabear,16,single,8+20,262144,54,279823601
poseidon2,,koalabear,24,single,8+23,131072,54,202729213
poseidon2,,babybear,16,single,8+13,262144,54,307602947
poseidon2,,babybear,24,single,8+21,131072,54,248606894
neptune,,bls12_381,4,single,6+69,32768,54,324885919
neptune,,bn254,4,single,6+69,32768,54,315617272
neptune,,goldilocks,8,single,6+38,262144,54,319463718
neptune,,goldilocks,12,single,6+42,131072,54,304361099
psquarehash,,mersenne31,16,single,52,262144,54,244497406
psquarehash,,mersenne31,24,single,52,262144,54,355886864
psquarehash,,koalabear,16,single,52,262144,54,312836496
psquarehash,,koalabear,24,single,52,131072,54,231827713
psquarehash,,babybear,16,single,52,262144,54,311529533
psquarehash,,babybear,24,single,52,131072,54,232840345
rescue_prime,,bls12_381,3,current,16,1024,54,344824163
rescue_prime,,bls12_381,3,original,14,1024,54,302117788
rescue_prime,,bls12_381,4,current,13,1024,54,375880451
rescue_prime,,bls12_381,4,original,11,1024,54,318014420
rescue_prime,,bn254,3,current,16,1024,54,338094390
rescue_prime,,bn254,3,original,14,1024,54,295812046
rescue_prime,,bn254,4,current,13,1024,54,366362527
rescue_prime,,bn254,4,original,11,1024,54,310001318
rescue_prime,,goldilocks,8,single,8,16384,54,252927577
rescue_prime,,goldilocks,12,single,8,16384,54,393865836
rescue_prime,,mersenne31,16,single,8,16384,54,328255275
rescue_prime,,mersenne31,24,single,8,8192,54,265504577
rescue_prime,,koalabear,16,single,8,8192,54,224569130
rescue_prime,,koalabear,24,single,8,8192,54,363304864
rescue_prime,,babybear,16,single,8,8192,54,244743485
rescue_prime,,babybear,24,single,8,8192,54,393803780
anemoi,,bls12_381,4,current,20,1024,54,288134080
anemoi,,bls12_381,4,original,14,1024,54,201827248
anemoi,,bn254,4,current,20,1024,54,282691791
anemoi,,bn254,4,original,14,2048,54,395729539
anemoi,,goldilocks,8,single,11,32768,54,346560177
anemoi,,goldilocks,12,single,10,16384,54,238334150
anemoi,,mersenne31,16,single,10,32768,54,340769918
anemoi,,mersenne31,24,single,9,16384,54,240579666
anemoi,,koalabear,16,single,10,16384,54,246061278
anemoi,,koalabear,24,single,9,16384,54,344897440
anemoi,,babybear,16,single,9,16384,54,241062698
anemoi,,babybear,24,single,9,16384,54,374323361
griffin,,bls12_381,3,current,20,2048,54,286487544
griffin,,bls12_381,3,original,14,4096,54,400823096
griffin,,bls12_381,4,current,20,2048,54,287848506
griffin,,bls12_381,4,original,11,4096,54,317145777
griffin,,bn254,3,current,20,2048,54,280767716
griffin,,bn254,3,original,14,4096,54,393012832
griffin,,bn254,4,current,20,2048,54,282575885
griffin,,bn254,4,original,11,4096,54,311245493
griffin,,goldilocks,8,single,8,131072,54,284092558
griffin,,goldilocks,12,single,8,131072,54,301310219
arion,,bls12_381,3,single,11,4096,54,342463773
arion,,bls12_381,4,single,10,4096,54,330175412
arion,,bn254,3,single,11,4096,54,333162544
arion,,bn254,4,single,10,4096,54,320830943
grendel,native,bls12_381,3,current,24,256,54,264787297
grendel,native,bls12_381,3,original,14,512,54,297693662
grendel,native,bls12_381,4,current,23,256,54,340212867
grendel,native,bls12_381,4,original,12,512,54,340300501
grendel,native,bn254,3,current,24,256,54,262716928
grendel,native,bn254,3,original,14,512,54,293364382
grendel,native,bn254,4,current,23,256,54,337554981
grendel,native,bn254,4,original,12,512,54,337529293
xhash,XHash8,goldilocks,12,single,6,32768,54,283806263
xhash,XHash12,goldilocks,12,single,6,32768,54,371152738
xhash,XHash16,mersenne31,24,single,6,32768,54,302042998
xhash,XHash24,mersenne31,24,single,6,32768,54,364044766
reinforced_concrete,,bls12_381,3,single,7,131072,54,242154228
reinforced_concrete,,bn254,3,single,7,131072,54,244868430
skyscraper,,bls12_381,4,single,18,262144,54,325558787
skyscraper,,bn254,4,single,18,262144,54,317140798
monolith,,goldilocks,8,single,6,1048576,54,265911387
monolith,,goldilocks,12,single,6,524288,54,206050039
monolith,,mersenne31,16,single,6,524288,54,214948945
monolith,,mersenne31,24,single,6,262144,54,218597482
polocolo,,bls12_381,3,single,6,1024,54,263745300
polocolo,,bls12_381,4,single,5,1024,54,294276106
polocolo,,bn254,3,single,6,1024,54,237173472
polocolo,,bn254,4,single,5,1024,54,264275751
tip4p,,goldilocks,12,single,5,262144,54,333068949
plain,sha256_compress,-,-,single,-,8388608,54,211664569
plain,keccak_f1600,-,-,single,-,524288,54,203298356
plain,blake2b_compress,-,-,single,-,2097152,54,241068339
plain,blake3_compress,-,-,single,-,4194304,54,273246864
gmimc,,bls12_381,3,single,228,16384,55,261766443
gmimc,,bls12_381,4,single,231,16384,55,266703387
gmimc,,bn254,3,single,228,16384,55,251166236
gmimc,,bn254,4,single,231,16384,55,253883293
gmimc,,goldilocks,8,single,68,524288,55,337588604
gmimc,,goldilocks,12,single,93,262144,55,235775910
gmimc,,mersenne31,16,single,158,262144,55,269146592
gmimc,,mersenne31,24,single,335,131072,55,314645115
gmimc,,koalabear,16,single,158,262144,55,305765724
gmimc,,koalabear,24,single,335,131072,55,330104360
gmimc,,babybear,16,single,158,131072,55,246732743
gmimc,,babybear,24,single,335,65536,55,259768870
gmimc2,alpha=8,bls12_381,3,single,63,32768,55,225750949
gmimc2,alpha=8,bls12_381,4,single,64,32768,55,230330265
gmimc2,alpha=8,bn254,3,single,63,32768,55,220671467
gmimc2,alpha=8,bn254,4,single,64,32768,55,223646777
gmimc2,alpha=4,goldilocks,8,single,88,262144,55,294120805
gmimc2,alpha=4,goldilocks,12,single,96,262144,55,363201962
gmimc2,alpha=2,mersenne31,16,single,176,65536,55,202311904
gmimc2,alpha=2,mersenne31,24,single,264,32768,55,223941007
gmimc2,alpha=2,koalabear,16,single,176,131072,55,291395633
gmimc2,alpha=2,koalabear,24,single,264,65536,55,235435023
gmimc2,alpha=2,babybear,16,single,176,131072,55,290855515
gmimc2,alpha=2,babybear,24,single,264,65536,55,235767885
poseidon,,bls12_381,3,single,8+56,16384,55,256630667
poseidon,,bls12_381,4,single,8+56,16384,55,381844384
poseidon,,bn254,3,single,8+56,16384,55,246068421
poseidon,,bn254,4,single,8+56,16384,55,368930475
poseidon,,goldilocks,8,single,8+22,131072,55,324362010
poseidon,,goldilocks,12,single,8+22,65536,55,309859103
poseidon,,mersenne31,16,single,8+14,65536,55,324879387
poseidon,,mersenne31,24,single,8+22,16384,55,228596816
poseidon,,koalabear,16,single,8+20,32768,55,253044806
poseidon,,koalabear,24,single,8+23,16384,55,304147450
poseidon,,babybear,16,single,8+13,32768,55,201586298
poseidon,,babybear,24,single,8+21,16384,55,288670291
poseidon2,,bls12_381,3,single,8+56,65536,55,317571132
poseidon2,,bls12_381,4,single,8+56,32768,55,285735508
poseidon2,,bn254,3,single,8+56,65536,55,311611236
poseidon2,,bn254,4,single,8+56,32768,55,274995491
poseidon2,,goldilocks,8,single,8+22,524288,55,391606193
poseidon2,,goldilocks,12,single,8+22,262144,55,272694141
poseidon2,,mersenne31,16,single,8+14,262144,55,253657792
poseidon2,,mersenne31,24,single,8+22,131072,55,211143806
poseidon2,,koalabear,16,single,8+20,262144,55,279621904
poseidon2,,koalabear,24,single,8+23,131072,55,202659182
poseidon2,,babybear,16,single,8+13,262144,55,308065321
poseidon2,,babybear,24,single,8+21,131072,55,248837175
neptune,,bls12_381,4,single,6+69,32768,55,324741048
neptune,,bn254,4,single,6+69,32768,55,313950877
neptune,,goldilocks,8,single,6+38,262144,55,319346369
neptune,,goldilocks,12,single,6+42,131072,55,304961681
psquarehash,,mersenne31,16,single,52,262144,55,244355251
psquarehash,,mersenne31,24,single,52,262144,55,355928131
psquarehash,,koalabear,16,single,52,262144,55,312491010
psquarehash,,koalabear,24,single,52,131072,55,231081779
psquarehash,,babybear,16,single,52,262144,55,311705231
psquarehash,,babybear,24,single,52,131072,55,233083660
rescue_prime,,bls12_381,3,current,16,1024,55,344935741
rescue_prime,,bls12_381,3,original,14,1024,55,301930979
rescue_prime,,bls12_381,4,current,13,1024,55,375468290
rescue_prime,,bls12_381,4,original,11,1024,55,317475583
rescue_prime,,bn254,3,current,16,1024,55,338088357
rescue_prime,,bn254,3,original,14,1024,55,295839157
rescue_prime,,bn254,4,current,13,1024,55,367592325
rescue_prime,,bn254,4,original,11,1024,55,312663833
rescue_prime,,goldilocks,8,single,8,16384,55,253877762
rescue_prime,,goldilocks,12,single,8,16384,55,393990469
rescue_prime,,mersenne31,16,single,8,16384,55,329910037
rescue_prime,,mersenne31,24,single,8,8192,55,265485331
rescue_prime,,koalabear,16,single,8,8192,55,224597403
rescue_prime,,koalabear,24,single,8,8192,55,364181422
rescue_prime,,babybear,16,single,8,8192,55,245129547
rescue_prime,,babybear,24,single,8,8192,55,392966827
anemoi,,bls12_381,4,current,20,1024,55,288385299
anemoi,,bls12_381,4,original,14,1024,55,201741598
anemoi,,bn254,4,current,20,1024,55,282684687
anemoi,,bn254,4,original,14,2048,55,395833432
anemoi,,goldilocks,8,single,11,32768,55,347297084
anemoi,,goldilocks,12,single,10,16384,55,238307720
anemoi,,mersenne31,16,single,10,32768,55,343861143
anemoi,,mersenne31,24,single,9,16384,55,240509224
anemoi,,koalabear,16,single,10,16384,55,247406872
anemoi,,koalabear,24,single,9,16384,55,344819674
anemoi,,babybear,16,single,9,16384,55,242134922
anemoi,,babybear,24,single,9,16384,55,374019564
griffin,,bls12_381,3,current,20,2048,55,285656000
griffin,,bls12_381,3,original,14,4096,55,400854243
griffin,,bls12_381,4,current,20,2048,55,288173102
griffin,,bls12_381,4,original,11,4096,55,316663196
griffin,,bn254,3,current,20,2048,55,280812670
griffin,,bn254,3,original,14,4096,55,392979490
griffin,,bn254,4,current,20,2048,55,282585191
griffin,,bn254,4,original,11,4096,55,311351821
griffin,,goldilocks,8,single,8,131072,55,283835447
griffin,,goldilocks,12,single,8,131072,55,302297043
arion,,bls12_381,3,single,11,4096,55,341974759
arion,,bls12_381,4,single,10,4096,55,330922037
arion,,bn254,3,single,11,4096,55,333214381
arion,,bn254,4,single,10,4096,55,320864976
grendel,native,bls12_381,3,current,24,256,55,265104469
grendel,native,bls12_381,3,original,14,512,55,298527399
grendel,native,bls12_381,4,current,23,256,55,340190746
grendel,native,bls12_381,4,original,12,512,55,339637041
grendel,native,bn254,3,current,24,256,55,262887777
grendel,native,bn254,3,original,14,512,55,294577218
grendel,native,bn254,4,current,23,256,55,337353214
grendel,native,bn254,4,original,12,512,55,336652515
xhash,XHash8,goldilocks,12,single,6,32768,55,283778642
xhash,XHash12,goldilocks,12,single,6,32768,55,371046609
xhash,XHash16,mersenne31,24,single,6,32768,55,301665051
xhash,XHash24,mersenne31,24,single,6,32768,55,363383831
reinforced_concrete,,bls12_381,3,single,7,131072,55,242687404
reinforced_concrete,,bn254,3,single,7,131072,55,243902835
skyscraper,,bls12_381,4,single,18,262144,55,325975885
skyscraper,,bn254,4,single,18,262144,55,317262385
monolith,,goldilocks,8,single,6,1048576,55,266392746
monolith,,goldilocks,12,single,6,524288,55,206720050
monolith,,mersenne31,16,single,6,524288,55,215135994
monolith,,mersenne31,24,single,6,262144,55,218870553
polocolo,,bls12_381,3,single,6,1024,55,263793620
polocolo,,bls12_381,4,single,5,1024,55,293311914
polocolo,,bn254,3,single,6,1024,55,237183860
polocolo,,bn254,4,single,5,1024,55,264306038
tip4p,,goldilocks,12,single,5,262144,55,332498362
plain,sha256_compress,-,-,single,-,8388608,55,211714141
plain,keccak_f1600,-,-,single,-,524288,55,203448707
plain,blake2b_compress,-,-,single,-,2097152,55,241320991
plain,blake3_compress,-,-,single,-,4194304,55,273281377
gmimc,,bls12_381,3,single,228,16384,56,261425446
gmimc,,bls12_381,4,single,231,16384,56,266555772
gmimc,,bn254,3,single,228,16384,56,250613504
gmimc,,bn254,4,single,231,16384,56,253713586
gmimc,,goldilocks,8,single,68,524288,56,337504156
gmimc,,goldilocks,12,single,93,262144,56,236698203
gmimc,,mersenne31,16,single,158,262144,56,268218658
gmimc,,mersenne31,24,single,335,131072,56,317839803
gmimc,,koalabear,16,single,158,262144,56,305935090
gmimc,,koalabear,24,single,335,131072,56,329739928
gmimc,,babybear,16,single,158,131072,56,246943036
gmimc,,babybear,24,single,335,65536,56,259912258
gmimc2,alpha=8,bls12_381,3,single,63,32768,56,225343607
gmimc2,alpha=8,bls12_381,4,single,64,32768,56,231812575
gmimc2,alpha=8,bn254,3,single,63,32768,56,220673382
gmimc2,alpha=8,bn254,4,single,64,32768,56,224982233
gmimc2,alpha=4,goldilocks,8,single,88,262144,56,293980623
gmimc2,alpha=4,goldilocks,12,single,96,262144,56,362262496
gmimc2,alpha=2,mersenne31,16,single,176,65536,56,201984271
gmimc2,alpha=2,mersenne31,24,single,264,32768,56,224160416
gmimc2,alpha=2,koalabear,16,single,176,131072,56,291388320
gmimc2,alpha=2,koalabear,24,single,264,65536,56,234258445
gmimc2,alpha=2,babybear,16,single,176,131072,56,291362622
gmimc2,alpha=2,babybear,24,single,264,65536,56,235393636
poseidon,,bls12_381,3,single,8+56,16384,56,256653268
poseidon,,bls12_381,4,single,8+56,16384,56,381600579
poseidon,,bn254,3,single,8+56,16384,56,245521929
poseidon,,bn254,4,single,8+56,16384,56,368492707
poseidon,,goldilocks,8,single,8+22,131072,56,324398889
poseidon,,goldilocks,12,single,8+22,65536,56,310919493
poseidon,,mersenne31,16,single,8+14,65536,56,322640223
poseidon,,mersenne31,24,single,8+22,16384,56,225994423
poseidon,,koalabear,16,single,8+20,32768,56,253052281
poseidon,,koalabear,24,single,8+23,16384,56,304166676
poseidon,,babybear,16,single,8+13,32768,56,201963031
poseidon,,babybear,24,single,8+21,16384,56,289075057
poseidon2,,bls12_381,3,single,8+56,65536,56,317508405
poseidon2,,bls12_381,4,single,8+56,32768,56,286539991
poseidon2,,bn254,3,single,8+56,65536,56,311397586
poseidon2,,bn254,4,single,8+56,32768,56,274708074
poseidon2,,goldilocks,8,single,8+22,524288,56,391847464
poseidon2,,goldilocks,12,single,8+22,262144,56,273108054
poseidon2,,mersenne31,16,single,8+14,262144,56,254121087
poseidon2,,mersenne31,24,single,8+22,131072,56,210970622
poseidon2,,koalabear,16,single,8+20,262144,56,280047941
poseidon2,,koalabear,24,single,8+23,131072,56,203228686
poseidon2,,babybear,16,single,8+13,262144,56,307404947
poseidon2,,babybear,24,single,8+21,131072,56,249793021
neptune,,bls12_381,4,single,6+69,32768,56,324964546
neptune,,bn254,4,single,6+69,32768,56,313698686
neptune,,goldilocks,8,single,6+38,262144,56,319196138
neptune,,goldilocks,12,single,6+42,131072,56,304674815
psquarehash,,mersenne31,16,single,52,262144,56,244679566
psquarehash,,mersenne31,24,single,52,262144,56,355650271
psquarehash,,koalabear,16,single,52,262144,56,313173435
psquarehash,,koalabear,24,single,52,131072,56,234151235
psquarehash,,babybear,16,single,52,262144,56,312180038
psquarehash,,babybear,24,single,52,131072,56,231740791
rescue_prime,,bls12_381,3,current,16,1024,56,344962261
rescue_prime,,bls12_381,3,original,14,1024,56,301857852
rescue_prime,,bls12_381,4,current,13,1024,56,375495872
rescue_prime,,bls12_381,4,original,11,1024,56,317664736
rescue_prime,,bn254,3,current,16,1024,56,338154190
rescue_prime,,bn254,3,original,14,1024,56,295801967
rescue_prime,,bn254,4,current,13,1024,56,367718110
rescue_prime,,bn254,4,original,11,1024,56,311162487
rescue_prime,,goldilocks,8,single,8,16384,56,252915605
rescue_prime,,goldilocks,12,single,8,16384,56,393893578
rescue_prime,,mersenne31,16,single,8,16384,56,328954080
rescue_prime,,mersenne31,24,single,8,8192,56,266533138
rescue_prime,,koalabear,16,single,8,8192,56,224169884
rescue_prime,,koalabear,24,single,8,8192,56,364698909
rescue_prime,,babybear,16,single,8,8192,56,245080736
rescue_prime,,babybear,24,single,8,8192,56,393412780
anemoi,,bls12_381,4,current,20,1024,56,288161411
anemoi,,bls12_381,4,original,14,1024,56,201889754
anemoi,,bn254,4,current,20,1024,56,282913535
anemoi,,bn254,4,original,14,2048,56,396016404
anemoi,,goldilocks,8,single,11,32768,56,346663971
anemoi,,goldilocks,12,single,10,16384,56,239700463
anemoi,,mersenne31,16,single,10,32768,56,341253160
anemoi,,mersenne31,24,single,9,16384,56,240461736
anemoi,,koalabear,16,single,10,16384,56,245881502
anemoi,,koalabear,24,single,9,16384,56,345190557
anemoi,,babybear,16,single,9,16384,56,241027322
anemoi,,babybear,24,single,9,16384,56,374039901
griffin,,bls12_381,3,current,20,2048,56,285626434
griffin,,bls12_381,3,original,14,4096,56,400858050
griffin,,bls12_381,4,current,20,2048,56,288532123
griffin,,bls12_381,4,original,11,4096,56,316926928
griffin,,bn254,3,current,20,2048,56,280790028
griffin,,bn254,3,original,14,4096,56,392962268
griffin,,bn254,4,current,20,2048,56,282655292
griffin,,bn254,4,original,11,4096,56,311320312
griffin,,goldilocks,8,single,8,131072,56,283597634
griffin,,goldilocks,12,single,8,131072,56,302109412
arion,,bls12_381,3,single,11,4096,56,342758133
arion,,bls12_381,4,single,10,4096,56,330073081
arion,,bn254,3,single,11,4096,56,333169065
arion,,bn254,4,single,10,4096,56,320824942
grendel,native,bls12_381,3,current,24,256,56,264817574
grendel,native,bls12_381,3,original,14,512,56,297959377
grendel,native,bls12_381,4,current,23,256,56,340054171
grendel,native,bls12_381,4,original,12,512,56,340299378
grendel,native,bn254,3,current,24,256,56,262573210
grendel,native,bn254,3,original,14,512,56,293906004
grendel,native,bn254,4,current,23,256,56,337046090
grendel,native,bn254,4,original,12,512,56,337247056
xhash,XHash8,goldilocks,12,single,6,32768,56,284149654
xhash,XHash12,goldilocks,12,single,6,32768,56,371390441
xhash,XHash16,mersenne31,24,single,6,32768,56,301733680
xhash,XHash24,mersenne31,24,single,6,32768,56,364420919
reinforced_concrete,,bls12_381,3,single,7,131072,56,242061885
reinforced_concrete,,bn254,3,single,7,131072,56,244179422
skyscraper,,bls12_381,4,single,18,262144,56,325847916
skyscraper,,bn254,4,single,18,262144,56,317132802
monolith,,goldilocks,8,single,6,1048576,56,266717433
monolith,,goldilocks,12,single,6,524288,56,205826120
monolith,,mersenne31,16,single,6,524288,56,214969383
monolith,,mersenne31,24,single,6,262144,56,218920556
polocolo,,bls12_381,3,single,6,1024,56,264526629
polocolo,,bls12_381,4,single,5,1024,56,294096239
polocolo,,bn254,3,single,6,1024,56,237178070
polocolo,,bn254,4,single,5,1024,56,264341364
tip4p,,goldilocks,12,single,5,262144,56,332419305
plain,sha256_compress,-,-,single,-,8388608,56,211680829
plain,keccak_f1600,-,-,single,-,524288,56,203410226
plain,blake2b_compress,-,-,single,-,2097152,56,240509234
plain,blake3_compress,-,-,single,-,4194304,56,274103424
gmimc,,bls12_381,3,single,228,16384,57,262049852
gmimc,,bls12_381,4,single,231,16384,57,269397911
gmimc,,bn254,3,single,228,16384,57,251298523
gmimc,,bn254,4,single,231,16384,57,257245845
gmimc,,goldilocks,8,single,68,524288,57,337557125
gmimc,,goldilocks,12,single,93,262144,57,235183163
gmimc,,mersenne31,16,single,158,262144,57,271441109
gmimc,,mersenne31,24,single,335,131072,57,314101048
gmimc,,koalabear,16,single,158,262144,57,305994380
gmimc,,koalabear,24,single,335,131072,57,337965017
gmimc,,babybear,16,single,158,131072,57,246758720
gmimc,,babybear,24,single,335,65536,57,259842177
gmimc2,alpha=8,bls12_381,3,single,63,32768,57,225321215
gmimc2,alpha=8,bls12_381,4,single,64,32768,57,231650431
gmimc2,alpha=8,bn254,3,single,63,32768,57,223229407
gmimc2,alpha=8,bn254,4,single,64,32768,57,225454655
gmimc2,alpha=4,goldilocks,8,single,88,262144,57,294324276
gmimc2,alpha=4,goldilocks,12,single,96,262144,57,361935445
gmimc2,alpha=2,mersenne31,16,single,176,65536,57,202257542
gmimc2,alpha=2,mersenne31,24,single,264,32768,57,223964790
gmimc2,alpha=2,koalabear,16,single,176,131072,57,291299394
gmimc2,alpha=2,koalabear,24,single,264,65536,57,239364104
gmimc2,alpha=2,babybear,16,single,176,131072,57,291117805
gmimc2,alpha=2,babybear,24,single,264,65536,57,236028271
poseidon,,bls12_381,3,single,8+56,16384,57,257164303
poseidon,,bls12_381,4,single,8+56,16384,57,382506952
poseidon,,bn254,3,single,8+56,16384,57,245778990
poseidon,,bn254,4,single,8+56,16384,57,370027855
poseidon,,goldilocks,8,single,8+22,131072,57,324375335
poseidon,,goldilocks,12,single,8+22,65536,57,309868049
poseidon,,mersenne31,16,single,8+14,65536,57,325620681
poseidon,,mersenne31,24,single,8+22,16384,57,226158881
poseidon,,koalabear,16,single,8+20,32768,57,253689120
poseidon,,koalabear,24,single,8+23,16384,57,304165142
poseidon,,babybear,16,single,8+13,32768,57,201810196
poseidon,,babybear,24,single,8+21,16384,57,289025304
poseidon2,,bls12_381,3,single,8+56,65536,57,317604414
poseidon2,,bls12_381,4,single,8+56,32768,57,286625090
poseidon2,,bn254,3,single,8+56,65536,57,311493165
poseidon2,,bn254,4,single,8+56,32768,57,274752407
poseidon2,,goldilocks,8,single,8+22,524288,57,391968571
poseidon2,,goldilocks,12,single,8+22,262144,57,273012555
poseidon2,,mersenne31,16,single,8+14,262144,57,253671317
poseidon2,,mersenne31,24,single,8+22,131072,57,210870986
poseidon2,,koalabear,16,single,8+20,262144,57,280546031
poseidon2,,koalabear,24,single,8+23,131072,57,203640767
poseidon2,,babybear,16,single,8+13,262144,57,306859678
poseidon2,,babybear,24,single,8+21,131072,57,248775058
neptune,,bls12_381,4,single,6+69,32768,57,325213241
neptune,,bn254,4,single,6+69,32768,57,315936366
neptune,,goldilocks,8,single,6+38,262144,57,319684660
neptune,,goldilocks,12,single,6+42,131072,57,303897352
psquarehash,,mersenne31,16,single,52,262144,57,244527923
psquarehash,,mersenne31,24,single,52,262144,57,356018609
psquarehash,,koalabear,16,single,52,262144,57,311597039
psquarehash,,koalabear,24,single,52,131072,57,231996999
psquarehash,,babybear,16,single,52,262144,57,311562605
psquarehash,,babybear,24,single,52,131072,57,233206069
rescue_prime,,bls12_381,3,current,16,1024,57,344949186
rescue_prime,,bls12_381,3,original,14,1024,57,301810203
rescue_prime,,bls12_381,4,current,13,1024,57,375839424
rescue_prime,,bls12_381,4,original,11,1024,57,317994092
rescue_prime,,bn254,3,current,16,1024,57,338133462
rescue_prime,,bn254,3,original,14,1024,57,295822345
rescue_prime,,bn254,4,current,13,1024,57,366367175
rescue_prime,,bn254,4,original,11,1024,57,310047263
rescue_prime,,goldilocks,8,single,8,16384,57,252887973
rescue_prime,,goldilocks,12,single,8,16384,57,393945815
rescue_prime,,mersenne31,16,single,8,16384,57,329352204
rescue_prime,,mersenne31,24,single,8,8192,57,266030088
rescue_prime,,koalabear,16,single,8,8192,57,224364568
rescue_prime,,koalabear,24,single,8,8192,57,364139393
rescue_prime,,babybear,16,single,8,8192,57,245211008
rescue_prime,,babybear,24,single,8,8192,57,393929725
anemoi,,bls12_381,4,current,20,1024,57,288122718
anemoi,,bls12_381,4,original,14,1024,57,202610100
anemoi,,bn254,4,current,20,1024,57,282684658
anemoi,,bn254,4,original,14,2048,57,395786435
anemoi,,goldilocks,8,single,11,32768,57,346615590
anemoi,,goldilocks,12,single,10,16384,57,238381238
anemoi,,mersenne31,16,single,10,32768,57,341233924
anemoi,,mersenne31,24,single,9,16384,57,240695081
anemoi,,koalabear,16,single,10,16384,57,246240402
anemoi,,koalabear,24,single,9,16384,57,345090821
anemoi,,babybear,16,single,9,16384,57,241035888
anemoi,,babybear,24,single,9,16384,57,374058797
griffin,,bls12_381,3,current,20,2048,57,285610144
griffin,,bls12_381,3,original,14,4096,57,400811874
griffin,,bls12_381,4,current,20,2048,57,287851150
griffin,,bls12_381,4,original,11,4096,57,316622710
griffin,,bn254,3,current,20,2048,57,280767535
griffin,,bn254,3,original,14,4096,57,393005649
griffin,,bn254,4,current,20,2048,57,282545888
griffin,,bn254,4,original,11,4096,57,311308109
griffin,,goldilocks,8,single,8,131072,57,283920156
griffin,,goldilocks,12,single,8,131072,57,301564163
arion,,bls12_381,3,single,11,4096,57,342012319
arion,,bls12_381,4,single,10,4096,57,330252216
arion,,bn254,3,single,11,4096,57,333225661
arion,,bn254,4,single,10,4096,57,320777693
grendel,native,bls12_381,3,current,24,256,57,264840396
grendel,native,bls12_381,3,original,14,512,57,297990846
grendel,native,bls12_381,4,current,23,256,57,340220832
grendel,native,bls12_381,4,original,12,512,57,340255978
grendel,native,bn254,3,current,24,256,57,263215901
grendel,native,bn254,3,original,14,512,57,295268810
grendel,native,bn254,4,current,23,256,57,337032294
grendel,native,bn254,4,original,12,512,57,337881630
xhash,XHash8,goldilocks,12,single,6,32768,57,283567577
xhash,XHash12,goldilocks,12,single,6,32768,57,371466503
xhash,XHash16,mersenne31,24,single,6,32768,57,301541510
xhash,XHash24,mersenne31,24,single,6,32768,57,364717082
reinforced_concrete,,bls12_381,3,single,7,131072,57,242857892
reinforced_concrete,,bn254,3,single,7,131072,57,244140879
skyscraper,,bls12_381,4,single,18,262144,57,325875818
skyscraper,,bn254,4,single,18,262144,57,317175132
monolith,,goldilocks,8,single,6,1048576,57,265884025
monolith,,goldilocks,12,single,6,524288,57,205796164
monolith,,mersenne31,16,single,6,524288,57,214802442
monolith,,mersenne31,24,single,6,262144,57,219007288
polocolo,,bls12_381,3,single,6,1024,57,263744668
polocolo,,bls12_381,4,single,5,1024,57,293828329
polocolo,,bn254,3,single,6,1024,57,237187286
polocolo,,bn254,4,single,5,1024,57,264309844
tip4p,,goldilocks,12,single,5,262144,57,333763877
plain,sha256_compress,-,-,single,-,8388608,57,211766839
plain,keccak_f1600,-,-,single,-,524288,57,203361304
plain,blake2b_compress,-,-,single,-,2097152,57,240755303
plain,blake3_compress,-,-,single,-,4194304,57,272916005
gmimc,,bls12_381,3,single,228,16384,58,261302425
gmimc,,bls12_381,4,single,231,16384,58,266477975
gmimc,,bn254,3,single,228,16384,58,251480804
gmimc,,bn254,4,single,231,16384,58,256510051
gmimc,,goldilocks,8,single,68,524288,58,337540613
gmimc,,goldilocks,12,single,93,262144,58,237534325
gmimc,,mersenne31,16,single,158,262144,58,267533758
gmimc,,mersenne31,24,single,335,131072,58,312406612
gmimc,,koalabear,16,single,158,262144,58,305925172
gmimc,,koalabear,24,single,335,131072,58,334188480
gmimc,,babybear,16,single,158,131072,58,246926765
gmimc,,babybear,24,single,335,65536,58,259788026
gmimc2,alpha=8,bls12_381,3,single,63,32768,58,225621937
gmimc2,alpha=8,bls12_381,4,single,64,32768,58,230355552
gmimc2,alpha=8,bn254,3,single,63,32768,58,220488445
gmimc2,alpha=8,bn254,4,single,64,32768,58,224080988
gmimc2,alpha=4,goldilocks,8,single,88,262144,58,294092763
gmimc2,alpha=4,goldilocks,12,single,96,262144,58,361891121
gmimc2,alpha=2,mersenne31,16,single,176,65536,58,202094117
gmimc2,alpha=2,mersenne31,24,single,264,32768,58,223967727
gmimc2,alpha=2,koalabear,16,single,176,131072,58,291242688
gmimc2,alpha=2,koalabear,24,single,264,65536,58,235040656
gmimc2,alpha=2,babybear,16,single,176,131072,58,290884769
gmimc2,alpha=2,babybear,24,single,264,65536,58,235741355
poseidon,,bls12_381,3,single,8+56,16384,58,255449679
poseidon,,bls12_381,4,single,8+56,16384,58,381357224
poseidon,,bn254,3,single,8+56,16384,58,246164019
poseidon,,bn254,4,single,8+56,16384,58,369136680
poseidon,,goldilocks,8,single,8+22,131072,58,324363162
poseidon,,goldilocks,12,single,8+22,65536,58,309300568
poseidon,,mersenne31,16,single,8+14,65536,58,324481773
poseidon,,mersenne31,24,single,8+22,16384,58,227144743
poseidon,,koalabear,16,single,8+20,32768,58,253698667
poseidon,,koalabear,24,single,8+23,16384,58,304420510
poseidon,,babybear,16,single,8+13,32768,58,201783295
poseidon,,babybear,24,single,8+21,16384,58,289308233
poseidon2,,bls12_381,3,single,8+56,65536,58,317644979
poseidon2,,bls12_381,4,single,8+56,32768,58,285691034
poseidon2,,bn254,3,single,8+56,65536,58,311520756
poseidon2,,bn254,4,single,8+56,32768,58,275368167
poseidon2,,goldilocks,8,single,8+22,524288,58,392144660
poseidon2,,goldilocks,12,single,8+22,262144,58,273174858
poseidon2,,mersenne31,16,single,8+14,262144,58,253564848
poseidon2,,mersenne31,24,single,8+22,131072,58,211042315
poseidon2,,koalabear,16,single,8+20,262144,58,280059041
poseidon2,,koalabear,24,single,8+23,131072,58,206878846
poseidon2,,babybear,16,single,8+13,262144,58,307778945
poseidon2,,babybear,24,single,8+21,131072,58,249200723
neptune,,bls12_381,4,single,6+69,32768,58,324858558
neptune,,bn254,4,single,6+69,32768,58,313839418
neptune,,goldilocks,8,single,6+38,262144,58,319100630
neptune,,goldilocks,12,single,6+42,131072,58,303714581
psquarehash,,mersenne31,16,single,52,262144,58,244699724
psquarehash,,mersenne31,24,single,52,262144,58,356044407
psquarehash,,koalabear,16,single,52,262144,58,312843758
psquarehash,,koalabear,24,single,52,131072,58,231331014
psquarehash,,babybear,16,single,52,262144,58,312024738
psquarehash,,babybear,24,single,52,131072,58,231299495
rescue_prime,,bls12_381,3,current,16,1024,58,345760823
rescue_prime,,bls12_381,3,original,14,1024,58,302181937
rescue_prime,,bls12_381,4,current,13,1024,58,375288544
rescue_prime,,bls12_381,4,original,11,1024,58,317483517
rescue_prime,,bn254,3,current,16,1024,58,338143159
rescue_prime,,bn254,3,original,14,1024,58,295813518
rescue_prime,,bn254,4,current,13,1024,58,367603535
rescue_prime,,bn254,4,original,11,1024,58,311056459
rescue_prime,,goldilocks,8,single,8,16384,58,252897451
rescue_prime,,goldilocks,12,single,8,16384,58,394285239
rescue_prime,,mersenne31,16,single,8,16384,58,330106653
rescue_prime,,mersenne31,24,single,8,8192,58,265575920
rescue_prime,,koalabear,16,single,8,8192,58,224422786
rescue_prime,,koalabear,24,single,8,8192,58,363765464
rescue_prime,,babybear,16,single,8,8192,58,244876824
rescue_prime,,babybear,24,single,8,8192,58,395323018
anemoi,,bls12_381,4,current,20,1024,58,288066222
anemoi,,bls12_381,4,original,14,1024,58,201706572
anemoi,,bn254,4,current,20,1024,58,282703382
anemoi,,bn254,4,original,14,2048,58,395767328
anemoi,,goldilocks,8,single,11,32768,58,347033761
anemoi,,goldilocks,12,single,10,16384,58,238293854
anemoi,,mersenne31,16,single,10,32768,58,343464663
anemoi,,mersenne31,24,single,9,16384,58,240865940
anemoi,,koalabear,16,single,10,16384,58,246803484
anemoi,,koalabear,24,single,9,16384,58,344832719
anemoi,,babybear,16,single,9,16384,58,241697053
anemoi,,babybear,24,single,9,16384,58,374157461
griffin,,bls12_381,3,current,20,2048,58,285635762
griffin,,bls12_381,3,original,14,4096,58,401359607
griffin,,bls12_381,4,current,20,2048,58,289487097
griffin,,bls12_381,4,original,11,4096,58,316850726
griffin,,bn254,3,current,20,2048,58,280777093
griffin,,bn254,3,original,14,4096,58,395864189
griffin,,bn254,4,current,20,2048,58,282749187
griffin,,bn254,4,original,11,4096,58,311425078
griffin,,goldilocks,8,single,8,131072,58,283390135
griffin,,goldilocks,12,single,8,131072,58,301785907
arion,,bls12_381,3,single,11,4096,58,342275060
arion,,bls12_381,4,single,10,4096,58,330491913
arion,,bn254,3,single,11,4096,58,333129622
arion,,bn254,4,single,10,4096,58,320926290
grendel,native,bls12_381,3,current,24,256,58,264992760
grendel,native,bls12_381,3,original,14,512,58,297708930
grendel,native,bls12_381,4,current,23,256,58,340104174
grendel,native,bls12_381,4,original,12,512,58,340295010
grendel,native,bn254,3,current,24,256,58,263524737
grendel,native,bn254,3,original,14,512,58,293176761
grendel,native,bn254,4,current,23,256,58,337779310
grendel,native,bn254,4,original,12,512,58,336959868
xhash,XHash8,goldilocks,12,single,6,32768,58,283948929
xhash,XHash12,goldilocks,12,single,6,32768,58,371552203
xhash,XHash16,mersenne31,24,single,6,32768,58,302163402
xhash,XHash24,mersenne31,24,single,6,32768,58,364371927
reinforced_concrete,,bls12_381,3,single,7,131072,58,242835861
reinforced_concrete,,bn254,3,single,7,131072,58,244563518
skyscraper,,bls12_381,4,single,18,262144,58,326000191
skyscraper,,bn254,4,single,18,262144,58,317092156
monolith,,goldilocks,8,single,6,1048576,58,266142558
monolith,,goldilocks,12,single,6,524288,58,206818854
monolith,,mersenne31,16,single,6,524288,58,215112761
monolith,,mersenne31,24,single,6,262144,58,219054827
polocolo,,bls12_381,3,single,6,1024,58,263917701
polocolo,,bls12_381,4,single,5,1024,58,293318566
polocolo,,bn254,3,single,6,1024,58,237207144
polocolo,,bn254,4,single,5,1024,58,264317338
tip4p,,goldilocks,12,single,5,262144,58,332535101
plain,sha256_compress,-,-,single,-,8388608,58,211775806
plain,keccak_f1600,-,-,single,-,524288,58,204070179
plain,blake2b_compress,-,-,single,-,2097152,58,241209312
plain,blake3_compress,-,-,single,-,4194304,58,271982720
gmimc,,bls12_381,3,single,228,16384,59,261471361
gmimc,,bls12_381,4,single,231,16384,59,266621954
gmimc,,bn254,3,single,228,16384,59,250483179
gmimc,,bn254,4,single,231,16384,59,254652029
gmimc,,goldilocks,8,single,68,524288,59,337469630
gmimc,,goldilocks,12,single,93,262144,59,235720947
gmimc,,mersenne31,16,single,158,262144,59,269277917
gmimc,,mersenne31,24,single,335,131072,59,326575225
gmimc,,koalabear,16,single,158,262144,59,305780972
gmimc,,koalabear,24,single,335,131072,59,331171574
gmimc,,babybear,16,single,158,131072,59,246859017
gmimc,,babybear,24,single,335,65536,59,259770393
gmimc2,alpha=8,bls12_381,3,single,63,32768,59,225439917
gmimc2,alpha=8,bls12_381,4,single,64,32768,59,232053364
gmimc2,alpha=8,bn254,3,single,63,32768,59,220606496
gmimc2,alpha=8,bn254,4,single,64,32768,59,224834726
gmimc2,alpha=4,goldilocks,8,single,88,262144,59,294275333
gmimc2,alpha=4,goldilocks,12,single,96,262144,59,361312100
gmimc2,alpha=2,mersenne31,16,single,176,65536,59,202264054
gmimc2,alpha=2,mersenne31,24,single,264,32768,59,224958427
gmimc2,alpha=2,koalabear,16,single,176,131072,59,291384853
gmimc2,alpha=2,koalabear,24,single,264,65536,59,233624029
gmimc2,alpha=2,babybear,16,single,176,131072,59,290926937
gmimc2,alpha=2,babybear,24,single,264,65536,59,235649002
poseidon,,bls12_381,3,single,8+56,16384,59,256207194
poseidon,,bls12_381,4,single,8+56,16384,59,381221830
poseidon,,bn254,3,single,8+56,16384,59,245967903
poseidon,,bn254,4,single,8+56,16384,59,368453443
poseidon,,goldilocks,8,single,8+22,131072,59,325216316
poseidon,,goldilocks,12,single,8+22,65536,59,310010223
poseidon,,mersenne31,16,single,8+14,65536,59,322331546
poseidon,,mersenne31,24,single,8+22,16384,59,226429005
poseidon,,koalabear,16,single,8+20,32768,59,253250700
poseidon,,koalabear,24,single,8+23,16384,59,303990355
poseidon,,babybear,16,single,8+13,32768,59,201737851
poseidon,,babybear,24,single,8+21,16384,59,289160997
poseidon2,,bls12_381,3,single,8+56,65536,59,317553318
poseidon2,,bls12_381,4,single,8+56,32768,59,286673460
poseidon2,,bn254,3,single,8+56,65536,59,311374433
poseidon2,,bn254,4,single,8+56,32768,59,274604970
poseidon2,,goldilocks,8,single,8+22,524288,59,391694929
poseidon2,,goldilocks,12,single,8+22,262144,59,273024488
poseidon2,,mersenne31,16,single,8+14,262144,59,254052659
poseidon2,,mersenne31,24,single,8+22,131072,59,211392680
poseidon2,,koalabear,16,single,8+20,262144,59,282224347
poseidon2,,koalabear,24,single,8+23,131072,59,204584449
poseidon2,,babybear,16,single,8+13,262144,59,307689358
poseidon2,,babybear,24,single,8+21,131072,59,248630699
neptune,,bls12_381,4,single,6+69,32768,59,325008097
neptune,,bn254,4,single,6+69,32768,59,314045924
neptune,,goldilocks,8,single,6+38,262144,59,319361717
neptune,,goldilocks,12,single,6+42,131072,59,303343938
psquarehash,,mersenne31,16,single,52,262144,59,244877446
psquarehash,,mersenne31,24,single,52,262144,59,356080063
psquarehash,,koalabear,16,single,52,262144,59,309629503
psquarehash,,koalabear,24,single,52,131072,59,233425848
psquarehash,,babybear,16,single,52,262144,59,311909162
psquarehash,,babybear,24,single,52,131072,59,230855286
rescue_prime,,bls12_381,3,current,16,1024,59,344848749
rescue_prime,,bls12_381,3,original,14,1024,59,301907545
rescue_prime,,bls12_381,4,current,13,1024,59,375270180
rescue_prime,,bls12_381,4,original,11,1024,59,317629761
rescue_prime,,bn254,3,current,16,1024,59,338675063
rescue_prime,,bn254,3,original,14,1024,59,296968286
rescue_prime,,bn254,4,current,13,1024,59,367977674
rescue_prime,,bn254,4,original,11,1024,59,311213743
rescue_prime,,goldilocks,8,single,8,16384,59,252882984
rescue_prime,,goldilocks,12,single,8,16384,59,394275100
rescue_prime,,mersenne31,16,single,8,16384,59,330231737
rescue_prime,,mersenne31,24,single,8,8192,59,265592942
rescue_prime,,koalabear,16,single,8,8192,59,224583146
rescue_prime,,koalabear,24,single,8,8192,59,364754491
rescue_prime,,babybear,16,single,8,8192,59,245291569
rescue_prime,,babybear,24,single,8,8192,59,395305696
anemoi,,bls12_381,4,current,20,1024,59,289042106
anemoi,,bls12_381,4,original,14,1024,59,201792813
anemoi,,bn254,4,current,20,1024,59,282867378
anemoi,,bn254,4,original,14,2048,59,396044376
anemoi,,goldilocks,8,single,11,32768,59,346745002
anemoi,,goldilocks,12,single,10,16384,59,238278295
anemoi,,mersenne31,16,single,10,32768,59,340932361
anemoi,,mersenne31,24,single,9,16384,59,240219462
anemoi,,koalabear,16,single,10,16384,59,246056078
anemoi,,koalabear,24,single,9,16384,59,344978210
anemoi,,babybear,16,single,9,16384,59,241166140
anemoi,,babybear,24,single,9,16384,59,374333199
griffin,,bls12_381,3,current,20,2048,59,285657682
griffin,,bls12_381,3,original,14,4096,59,400112837
griffin,,bls12_381,4,current,20,2048,59,288162693
griffin,,bls12_381,4,original,11,4096,59,316964598
griffin,,bn254,3,current,20,2048,59,280788414
griffin,,bn254,3,original,14,4096,59,392971815
griffin,,bn254,4,current,20,2048,59,282611720
griffin,,bn254,4,original,11,4096,59,311517440
griffin,,goldilocks,8,single,8,131072,59,285663613
griffin,,goldilocks,12,single,8,131072,59,302047435
arion,,bls12_381,3,single,11,4096,59,342332877
arion,,bls12_381,4,single,10,4096,59,331359484
arion,,bn254,3,single,11,4096,59,333143267
arion,,bn254,4,single,10,4096,59,320789073
grendel,native,bls12_381,3,current,24,256,59,266437620
grendel,native,bls12_381,3,original,14,512,59,298934619
grendel,native,bls12_381,4,current,23,256,59,340301693
grendel,native,bls12_381,4,original,12,512,59,339227374
grendel,native,bn254,3,current,24,256,59,263040191
grendel,native,bn254,3,original,14,512,59,293841554
grendel,native,bn254,4,current,23,256,59,337027826
grendel,native,bn254,4,original,12,512,59,337227438
xhash,XHash8,goldilocks,12,single,6,32768,59,284021635
xhash,XHash12,goldilocks,12,single,6,32768,59,371477273
xhash,XHash16,mersenne31,24,single,6,32768,59,301914787
xhash,XHash24,mersenne31,24,single,6,32768,59,362869399
reinforced_concrete,,bls12_381,3,single,7,131072,59,242564895
reinforced_concrete,,bn254,3,single,7,131072,59,243440821
skyscraper,,bls12_381,4,single,18,262144,59,326674871
skyscraper,,bn254,4,single,18,262144,59,317347904
monolith,,goldilocks,8,single,6,1048576,59,265721231
monolith,,goldilocks,12,single,6,524288,59,206438824
monolith,,mersenne31,16,single,6,524288,59,215249747
monolith,,mersenne31,24,single,6,262144,59,218867075
polocolo,,bls12_381,3,single,6,1024,59,263811313
polocolo,,bls12_381,4,single,5,1024,59,293343542
polocolo,,bn254,3,single,6,1024,59,237198327
polocolo,,bn254,4,single,5,1024,59,264319943
tip4p,,goldilocks,12,single,5,262144,59,333695749
plain,sha256_compress,-,-,single,-,8388608,59,211774213
plain,keccak_f1600,-,-,single,-,524288,59,203576666
plain,blake2b_compress,-,-,single,-,2097152,59,242049571
plain,blake3_compress,-,-,single,-,4194304,59,273409246
gmimc,,bls12_381,3,single,228,16384,60,262428398
gmimc,,bls12_381,4,single,231,16384,60,269584630
gmimc,,bn254,3,single,228,16384,60,250735961
gmimc,,bn254,4,single,231,16384,60,257314283
gmimc,,goldilocks,8,single,68,524288,60,337737221
gmimc,,goldilocks,12,single,93,262144,60,236361343
gmimc,,mersenne31,16,single,158,262144,60,269969289
gmimc,,mersenne31,24,single,335,131072,60,320039914
gmimc,,koalabear,16,single,158,262144,60,306203401
gmimc,,koalabear,24,single,335,131072,60,331302237
gmimc,,babybear,16,single,158,131072,60,246790950
gmimc,,babybear,24,single,335,65536,60,259726690
gmimc2,alpha=8,bls12_381,3,single,63,32768,60,225352073
gmimc2,alpha=8,bls12_381,4,single,64,32768,60,231651723
gmimc2,alpha=8,bn254,3,single,63,32768,60,220666628
gmimc2,alpha=8,bn254,4,single,64,32768,60,225326946
gmimc2,alpha=4,goldilocks,8,single,88,262144,60,294301482
gmimc2,alpha=4,goldilocks,12,single,96,262144,60,362323008
gmimc2,alpha=2,mersenne31,16,single,176,65536,60,202184094
gmimc2,alpha=2,mersenne31,24,single,264,32768,60,223941627
gmimc2,alpha=2,koalabear,16,single,176,131072,60,291236645
gmimc2,alpha=2,koalabear,24,single,264,65536,60,234348603
gmimc2,alpha=2,babybear,16,single,176,131072,60,290791134
gmimc2,alpha=2,babybear,24,single,264,65536,60,236372955
poseidon,,bls12_381,3,single,8+56,16384,60,256214528
poseidon,,bls12_381,4,single,8+56,16384,60,382000916
poseidon,,bn254,3,single,8+56,16384,60,245326995
poseidon,,bn254,4,single,8+56,16384,60,370222479
poseidon,,goldilocks,8,single,8+22,131072,60,324312778
poseidon,,goldilocks,12,single,8+22,65536,60,310599434
poseidon,,mersenne31,16,single,8+14,65536,60,323970739
poseidon,,mersenne31,24,single,8+22,16384,60,226786694
poseidon,,koalabear,16,single,8+20,32768,60,253862444
poseidon,,koalabear,24,single,8+23,16384,60,303765997
poseidon,,babybear,16,single,8+13,32768,60,201499515
poseidon,,babybear,24,single,8+21,16384,60,289036736
poseidon2,,bls12_381,3,single,8+56,65536,60,317640140
poseidon2,,bls12_381,4,single,8+56,32768,60,286830423
poseidon2,,bn254,3,single,8+56,65536,60,311415209
poseidon2,,bn254,4,single,8+56,32768,60,274824180
poseidon2,,goldilocks,8,single,8+22,524288,60,391875426
poseidon2,,goldilocks,12,single,8+22,262144,60,273549057
poseidon2,,mersenne31,16,single,8+14,262144,60,253607567
poseidon2,,mersenne31,24,single,8+22,131072,60,211152101
poseidon2,,koalabear,16,single,8+20,262144,60,281918264
poseidon2,,koalabear,24,single,8+23,131072,60,202979109
poseidon2,,babybear,16,single,8+13,262144,60,307218307
poseidon2,,babybear,24,single,8+21,131072,60,250896612
neptune,,bls12_381,4,single,6+69,32768,60,325129193
neptune,,bn254,4,single,6+69,32768,60,315589559
neptune,,goldilocks,8,single,6+38,262144,60,319749110
neptune,,goldilocks,12,single,6+42,131072,60,304802904
psquarehash,,mersenne31,16,single,52,262144,60,244660851
psquarehash,,mersenne31,24,single,52,262144,60,356185070
psquarehash,,koalabear,16,single,52,262144,60,313166131
psquarehash,,koalabear,24,single,52,131072,60,231970919
psquarehash,,babybear,16,single,52,262144,60,310094501
psquarehash,,babybear,24,single,52,131072,60,233224723
rescue_prime,,bls12_381,3,current,16,1024,60,345140032
rescue_prime,,bls12_381,3,original,14,1024,60,301955574
rescue_prime,,bls12_381,4,current,13,1024,60,375866825
rescue_prime,,bls12_381,4,original,11,1024,60,318154331
rescue_prime,,bn254,3,current,16,1024,60,338104367
rescue_prime,,bn254,3,original,14,1024,60,295830239
rescue_prime,,bn254,4,current,13,1024,60,366393123
rescue_prime,,bn254,4,original,11,1024,60,310005585
rescue_prime,,goldilocks,8,single,8,16384,60,252817991
rescue_prime,,goldilocks,12,single,8,16384,60,394106174
rescue_prime,,mersenne31,16,single,8,16384,60,330767208
rescue_prime,,mersenne31,24,single,8,8192,60,265858488
rescue_prime,,koalabear,16,single,8,8192,60,224142192
rescue_prime,,koalabear,24,single,8,8192,60,363414417
rescue_prime,,babybear,16,single,8,8192,60,245314682
rescue_prime,,babybear,24,single,8,8192,60,393474374
anemoi,,bls12_381,4,current,20,1024,60,288082733
anemoi,,bls12_381,4,original,14,1024,60,201776673
anemoi,,bn254,4,current,20,1024,60,282658818
anemoi,,bn254,4,original,14,2048,60,395790782
anemoi,,goldilocks,8,single,11,32768,60,346492489
anemoi,,goldilocks,12,single,10,16384,60,238303683
anemoi,,mersenne31,16,single,10,32768,60,340833275
anemoi,,mersenne31,24,single,9,16384,60,240601265
anemoi,,koalabear,16,single,10,16384,60,244537670
anemoi,,koalabear,24,single,9,16384,60,344823390
anemoi,,babybear,16,single,9,16384,60,240865029
anemoi,,babybear,24,single,9,16384,60,373991721
griffin,,bls12_381,3,current,20,2048,60,285646501
griffin,,bls12_381,3,original,14,4096,60,399986400
griffin,,bls12_381,4,current,20,2048,60,288480576
griffin,,bls12_381,4,original,11,4096,60,317770282
griffin,,bn254,3,current,20,2048,60,280794515
griffin,,bn254,3,original,14,4096,60,393002572
griffin,,bn254,4,current,20,2048,60,282562388
griffin,,bn254,4,original,11,4096,60,311297258
griffin,,goldilocks,8,single,8,131072,60,284874187
griffin,,goldilocks,12,single,8,131072,60,301679418
arion,,bls12_381,3,single,11,4096,60,342936055
arion,,bls12_381,4,single,10,4096,60,330163630
arion,,bn254,3,single,11,4096,60,333120755
arion,,bn254,4,single,10,4096,60,320816514
grendel,native,bls12_381,3,current,24,256,60,264904556
grendel,native,bls12_381,3,original,14,512,60,297617208
grendel,native,bls12_381,4,current,23,256,60,339799644
grendel,native,bls12_381,4,original,12,512,60,339550699
grendel,native,bn254,3,current,24,256,60,263007831
grendel,native,bn254,3,original,14,512,60,293929828
grendel,native,bn254,4,current,23,256,60,337737100
grendel,native,bn254,4,original,12,512,60,337180320
xhash,XHash8,goldilocks,12,single,6,32768,60,284062531
xhash,XHash12,goldilocks,12,single,6,32768,60,371352490
xhash,XHash16,mersenne31,24,single,6,32768,60,302168752
xhash,XHash24,mersenne31,24,single,6,32768,60,362887392
reinforced_concrete,,bls12_381,3,single,7,131072,60,242917654
reinforced_concrete,,bn254,3,single,7,131072,60,243953759
skyscraper,,bls12_381,4,single,18,262144,60,326273451
skyscraper,,bn254,4,single,18,262144,60,317046200
monolith,,goldilocks,8,single,6,1048576,60,265488586
monolith,,goldilocks,12,single,6,524288,60,205342426
monolith,,mersenne31,16,single,6,524288,60,215223047
monolith,,mersenne31,24,single,6,262144,60,218590799
polocolo,,bls12_381,3,single,6,1024,60,264774963
polocolo,,bls12_381,4,single,5,1024,60,293315780
polocolo,,bn254,3,single,6,1024,60,237187497
polocolo,,bn254,4,single,5,1024,60,264309744
tip4p,,goldilocks,12,single,5,262144,60,333504472
plain,sha256_compress,-,-,single,-,8388608,60,211725982
plain,keccak_f1600,-,-,single,-,524288,60,203649643
plain,blake2b_compress,-,-,single,-,2097152,60,240607707
plain,blake3_compress,-,-,single,-,4194304,60,273829140
gmimc,,bls12_381,3,single,228,16384,61,261561358
gmimc,,bls12_381,4,single,231,16384,61,266695271
gmimc,,bn254,3,single,228,16384,61,251252397
gmimc,,bn254,4,single,231,16384,61,256189261
gmimc,,goldilocks,8,single,68,524288,61,337607508
gmimc,,goldilocks,12,single,93,262144,61,235473685
gmimc,,mersenne31,16,single,158,262144,61,268218037
gmimc,,mersenne31,24,single,335,131072,61,326795607
gmimc,,koalabear,16,single,158,262144,61,305729795
gmimc,,koalabear,24,single,335,131072,61,329416975
gmimc,,babybear,16,single,158,131072,61,247017694
gmimc,,babybear,24,single,335,65536,61,260009900
gmimc2,alpha=8,bls12_381,3,single,63,32768,61,225566584
gmimc2,alpha=8,bls12_381,4,single,64,32768,61,230239164
gmimc2,alpha=8,bn254,3,single,63,32768,61,220659514
gmimc2,alpha=8,bn254,4,single,64,32768,61,223884681
gmimc2,alpha=4,goldilocks,8,single,88,262144,61,294470698
gmimc2,alpha=4,goldilocks,12,single,96,262144,61,362160534
gmimc2,alpha=2,mersenne31,16,single,176,65536,61,202212918
gmimc2,alpha=2,mersenne31,24,single,264,32768,61,225372701
gmimc2,alpha=2,koalabear,16,single,176,131072,61,291286509
gmimc2,alpha=2,koalabear,24,single,264,65536,61,236418971
gmimc2,alpha=2,babybear,16,single,176,131072,61,290918121
gmimc2,alpha=2,babybear,24,single,264,65536,61,235076642
poseidon,,bls12_381,3,single,8+56,16384,61,257577405
poseidon,,bls12_381,4,single,8+56,16384,61,380853592
poseidon,,bn254,3,single,8+56,16384,61,245726652
poseidon,,bn254,4,single,8+56,16384,61,369183727
poseidon,,goldilocks,8,single,8+22,131072,61,325040487
poseidon,,goldilocks,12,single,8+22,65536,61,309530086
poseidon,,mersenne31,16,single,8+14,65536,61,323604554
poseidon,,mersenne31,24,single,8+22,16384,61,227361818
poseidon,,koalabear,16,single,8+20,32768,61,252953505
poseidon,,koalabear,24,single,8+23,16384,61,304243258
poseidon,,babybear,16,single,8+13,32768,61,201729765
poseidon,,babybear,24,single,8+21,16384,61,288869423
poseidon2,,bls12_381,3,single,8+56,65536,61,317537317
poseidon2,,bls12_381,4,single,8+56,32768,61,285951490
poseidon2,,bn254,3,single,8+56,65536,61,311596939
poseidon2,,bn254,4,single,8+56,32768,61,274533656
poseidon2,,goldilocks,8,single,8+22,524288,61,391739121
poseidon2,,goldilocks,12,single,8+22,262144,61,273224681
poseidon2,,mersenne31,16,single,8+14,262144,61,253835122
poseidon2,,mersenne31,24,single,8+22,131072,61,211116383
poseidon2,,koalabear,16,single,8+20,262144,61,282256627
poseidon2,,koalabear,24,single,8+23,131072,61,206408888
poseidon2,,babybear,16,single,8+13,262144,61,307925788
poseidon2,,babybear,24,single,8+21,131072,61,248650816
neptune,,bls12_381,4,single,6+69,32768,61,325219291
neptune,,bn254,4,single,6+69,32768,61,314488401
neptune,,goldilocks,8,single,6+38,262144,61,319133480
neptune,,goldilocks,12,single,6+42,131072,61,304563777
psquarehash,,mersenne31,16,single,52,262144,61,244787897
psquarehash,,mersenne31,24,single,52,262144,61,356108426
psquarehash,,koalabear,16,single,52,262144,61,313513580
psquarehash,,koalabear,24,single,52,131072,61,231075707
psquarehash,,babybear,16,single,52,262144,61,311669414
psquarehash,,babybear,24,single,52,131072,61,231363975
rescue_prime,,bls12_381,3,current,16,1024,61,345031520
rescue_prime,,bls12_381,3,original,14,1024,61,301959521
rescue_prime,,bls12_381,4,current,13,1024,61,375087528
rescue_prime,,bls12_381,4,original,11,1024,61,317560671
rescue_prime,,bn254,3,current,16,1024,61,338096942
rescue_prime,,bn254,3,original,14,1024,61,295815712
rescue_prime,,bn254,4,current,13,1024,61,367655752
rescue_prime,,bn254,4,original,11,1024,61,311200057
rescue_prime,,goldilocks,8,single,8,16384,61,252937075
rescue_prime,,goldilocks,12,single,8,16384,61,394180683
rescue_prime,,mersenne31,16,single,8,16384,61,329295277
rescue_prime,,mersenne31,24,single,8,8192,61,265752609
rescue_prime,,koalabear,16,single,8,8192,61,224135880
rescue_prime,,koalabear,24,single,8,8192,61,363968623
rescue_prime,,babybear,16,single,8,8192,61,245109769
rescue_prime,,babybear,24,single,8,8192,61,394031534
anemoi,,bls12_381,4,current,20,1024,61,288068796
anemoi,,bls12_381,4,original,14,1024,61,202196006
anemoi,,bn254,4,current,20,1024,61,282751772
anemoi,,bn254,4,original,14,2048,61,395941202
anemoi,,goldilocks,8,single,11,32768,61,346625718
anemoi,,goldilocks,12,single,10,16384,61,238333458
anemoi,,mersenne31,16,single,10,32768,61,342149314
anemoi,,mersenne31,24,single,9,16384,61,240466173
anemoi,,koalabear,16,single,10,16384,61,246147879
anemoi,,koalabear,24,single,9,16384,61,344962681
anemoi,,babybear,16,single,9,16384,61,241135984
anemoi,,babybear,24,single,9,16384,61,374131221
griffin,,bls12_381,3,current,20,2048,61,285628397
griffin,,bls12_381,3,original,14,4096,61,400037857
griffin,,bls12_381,4,current,20,2048,61,287865998
griffin,,bls12_381,4,original,11,4096,61,316731242
griffin,,bn254,3,current,20,2048,61,280811927
griffin,,bn254,3,original,14,4096,61,393099593
griffin,,bn254,4,current,20,2048,61,282729280
griffin,,bn254,4,original,11,4096,61,311449954
griffin,,goldilocks,8,single,8,131072,61,283979025
griffin,,goldilocks,12,single,8,131072,61,301859975
arion,,bls12_381,3,single,11,4096,61,341995887
arion,,bls12_381,4,single,10,4096,61,330876842
arion,,bn254,3,single,11,4096,61,333145040
arion,,bn254,4,single,10,4096,61,320936008
grendel,native,bls12_381,3,current,24,256,61,265022475
grendel,native,bls12_381,3,original,14,512,61,298306075
grendel,native,bls12_381,4,current,23,256,61,340462523
grendel,native,bls12_381,4,original,12,512,61,339248204
grendel,native,bn254,3,current,24,256,61,262668266
grendel,native,bn254,3,original,14,512,61,293538347
grendel,native,bn254,4,current,23,256,61,337514525
grendel,native,bn254,4,original,12,512,61,337001255
xhash,XHash8,goldilocks,12,single,6,32768,61,284005234
xhash,XHash12,goldilocks,12,single,6,32768,61,371148658
xhash,XHash16,mersenne31,24,single,6,32768,61,301867198
xhash,XHash24,mersenne31,24,single,6,32768,61,364471022
reinforced_concrete,,bls12_381,3,single,7,131072,61,242647599
reinforced_concrete,,bn254,3,single,7,131072,61,244290037
skyscraper,,bls12_381,4,single,18,262144,61,325921223
skyscraper,,bn254,4,single,18,262144,61,318608318
monolith,,goldilocks,8,single,6,1048576,61,266671687
monolith,,goldilocks,12,single,6,524288,61,205723928
monolith,,mersenne31,16,single,6,524288,61,215205093
monolith,,mersenne31,24,single,6,262144,61,218976200
polocolo,,bls12_381,3,single,6,1024,61,264790542
polocolo,,bls12_381,4,single,5,1024,61,293347860
polocolo,,bn254,3,single,6,1024,61,237189350
polocolo,,bn254,4,single,5,1024,61,264560592
tip4p,,goldilocks,12,single,5,262144,61,334175655
plain,sha256_compress,-,-,single,-,8388608,61,211806032
plain,keccak_f1600,-,-,single,-,524288,61,203394917
plain,blake2b_compress,-,-,single,-,2097152,61,240606475
plain,blake3_compress,-,-,single,-,4194304,61,273407172
gmimc,,bls12_381,3,single,228,16384,62,261695068
gmimc,,bls12_381,4,single,231,16384,62,266690663
gmimc,,bn254,3,single,228,16384,62,250934473
gmimc,,bn254,4,single,231,16384,62,254856300
gmimc,,goldilocks,8,single,68,524288,62,337570949
gmimc,,goldilocks,12,single,93,262144,62,238458271
gmimc,,mersenne31,16,single,158,262144,62,270492806
gmimc,,mersenne31,24,single,335,131072,62,319497720
gmimc,,koalabear,16,single,158,262144,62,306103784
gmimc,,koalabear,24,single,335,131072,62,329782347
gmimc,,babybear,16,single,158,131072,62,246844981
gmimc,,babybear,24,single,335,65536,62,260000081
gmimc2,alpha=8,bls12_381,3,single,63,32768,62,225598012
gmimc2,alpha=8,bls12_381,4,single,64,32768,62,231626747
gmimc2,alpha=8,bn254,3,single,63,32768,62,220596547
gmimc2,alpha=8,bn254,4,single,64,32768,62,225194268
gmimc2,alpha=4,goldilocks,8,single,88,262144,62,294408752
gmimc2,alpha=4,goldilocks,12,single,96,262144,62,362706895
gmimc2,alpha=2,mersenne31,16,single,176,65536,62,202270666
gmimc2,alpha=2,mersenne31,24,single,264,32768,62,223968156
gmimc2,alpha=2,koalabear,16,single,176,131072,62,291212831
gmimc2,alpha=2,koalabear,24,single,264,65536,62,233602237
gmimc2,alpha=2,babybear,16,single,176,131072,62,292089439
gmimc2,alpha=2,babybear,24,single,264,65536,62,236278268
poseidon,,bls12_381,3,single,8+56,16384,62,255968688
poseidon,,bls12_381,4,single,8+56,16384,62,381031454
poseidon,,bn254,3,single,8+56,16384,62,246165753
poseidon,,bn254,4,single,8+56,16384,62,369051209
poseidon,,goldilocks,8,single,8+22,131072,62,323991486
poseidon,,goldilocks,12,single,8+22,65536,62,309631827
poseidon,,mersenne31,16,single,8+14,65536,62,323810478
poseidon,,mersenne31,24,single,8+22,16384,62,225675817
poseidon,,koalabear,16,single,8+20,32768,62,253856683
poseidon,,koalabear,24,single,8+23,16384,62,303752721
poseidon,,babybear,16,single,8+13,32768,62,201734293
poseidon,,babybear,24,single,8+21,16384,62,288754157
poseidon2,,bls12_381,3,single,8+56,65536,62,317731661
poseidon2,,bls12_381,4,single,8+56,32768,62,286808111
poseidon2,,bn254,3,single,8+56,65536,62,311603911
poseidon2,,bn254,4,single,8+56,32768,62,274773014
poseidon2,,goldilocks,8,single,8+22,524288,62,391814472
poseidon2,,goldilocks,12,single,8+22,262144,62,273353762
poseidon2,,mersenne31,16,single,8+14,262144,62,254011272
poseidon2,,mersenne31,24,single,8+22,131072,62,210952548
poseidon2,,koalabear,16,single,8+20,262144,62,280679590
poseidon2,,koalabear,24,single,8+23,131072,62,202764849
poseidon2,,babybear,16,single,8+13,262144,62,307396229
poseidon2,,babybear,24,single,8+21,131072,62,248823818
neptune,,bls12_381,4,single,6+69,32768,62,324957522
neptune,,bn254,4,single,6+69,32768,62,314132655
neptune,,goldilocks,8,single,6+38,262144,62,319508100
neptune,,goldilocks,12,single,6+42,131072,62,304389431
psquarehash,,mersenne31,16,single,52,262144,62,244864802
psquarehash,,mersenne31,24,single,52,262144,62,356235083
psquarehash,,koalabear,16,single,52,262144,62,311176032
psquarehash,,koalabear,24,single,52,131072,62,232977931
psquarehash,,babybear,16,single,52,262144,62,312238006
psquarehash,,babybear,24,single,52,131072,62,233599522
rescue_prime,,bls12_381,3,current,16,1024,62,344964464
rescue_prime,,bls12_381,3,original,14,1024,62,301992473
rescue_prime,,bls12_381,4,current,13,1024,62,375520127
rescue_prime,,bls12_381,4,original,11,1024,62,317682238
rescue_prime,,bn254,3,current,16,1024,62,338171161
rescue_prime,,bn254,3,original,14,1024,62,295864953
rescue_prime,,bn254,4,current,13,1024,62,367887064
rescue_prime,,bn254,4,original,11,1024,62,311420228
rescue_prime,,goldilocks,8,single,8,16384,62,252873896
rescue_prime,,goldilocks,12,single,8,16384,62,394414710
rescue_prime,,mersenne31,16,single,8,16384,62,330464011
rescue_prime,,mersenne31,24,single,8,8192,62,266028235
rescue_prime,,koalabear,16,single,8,8192,62,224853501
rescue_prime,,koalabear,24,single,8,8192,62,360680800
rescue_prime,,babybear,16,single,8,8192,62,245229432
rescue_prime,,babybear,24,single,8,8192,62,394471216
anemoi,,bls12_381,4,current,20,1024,62,288698093
anemoi,,bls12_381,4,original,14,1024,62,201813031
anemoi,,bn254,4,current,20,1024,62,282997601
anemoi,,bn254,4,original,14,2048,62,396264165
anemoi,,goldilocks,8,single,11,32768,62,347096218
anemoi,,goldilocks,12,single,10,16384,62,238315333
anemoi,,mersenne31,16,single,10,32768,62,344004480
anemoi,,mersenne31,24,single,9,16384,62,240396472
anemoi,,koalabear,16,single,10,16384,62,247267691
anemoi,,koalabear,24,single,9,16384,62,344996113
anemoi,,babybear,16,single,9,16384,62,242315929
anemoi,,babybear,24,single,9,16384,62,373994486
griffin,,bls12_381,3,current,20,2048,62,285626182
griffin,,bls12_381,3,original,14,4096,62,400000176
griffin,,bls12_381,4,current,20,2048,62,287873812
griffin,,bls12_381,4,original,11,4096,62,317492895
griffin,,bn254,3,current,20,2048,62,280806608
griffin,,bn254,3,original,14,4096,62,392984728
griffin,,bn254,4,current,20,2048,62,282707429
griffin,,bn254,4,original,11,4096,62,311493234
griffin,,goldilocks,8,single,8,131072,62,283364938
griffin,,goldilocks,12,single,8,131072,62,301781909
arion,,bls12_381,3,single,11,4096,62,343204535
arion,,bls12_381,4,single,10,4096,62,330623919
arion,,bn254,3,single,11,4096,62,333159226
arion,,bn254,4,single,10,4096,62,320913726
grendel,native,bls12_381,3,current,24,256,62,265192042
grendel,native,bls12_381,3,original,14,512,62,297667862
grendel,native,bls12_381,4,current,23,256,62,340131775
grendel,native,bls12_381,4,original,12,512,62,339256489
grendel,native,bn254,3,current,24,256,62,262394074
grendel,native,bn254,3,original,14,512,62,293233998
grendel,native,bn254,4,current,23,256,62,337519984
grendel,native,bn254,4,original,12,512,62,337097374
xhash,XHash8,goldilocks,12,single,6,32768,62,284233370
xhash,XHash12,goldilocks,12,single,6,32768,62,371434122
xhash,XHash16,mersenne31,24,single,6,32768,62,302413859
xhash,XHash24,mersenne31,24,single,6,32768,62,364769369
reinforced_concrete,,bls12_381,3,single,7,131072,62,242718852
reinforced_concrete,,bn254,3,single,7,131072,62,243843433
skyscraper,,bls12_381,4,single,18,262144,62,326246891
skyscraper,,bn254,4,single,18,262144,62,317429857
monolith,,goldilocks,8,single,6,1048576,62,265722173
monolith,,goldilocks,12,single,6,524288,62,205646213
monolith,,mersenne31,16,single,6,524288,62,215381352
monolith,,mersenne31,24,single,6,262144,62,218988673
polocolo,,bls12_381,3,single,6,1024,62,264393540
polocolo,,bls12_381,4,single,5,1024,62,293915270
polocolo,,bn254,3,single,6,1024,62,237178350
polocolo,,bn254,4,single,5,1024,62,264332025
tip4p,,goldilocks,12,single,5,262144,62,333244446
plain,sha256_compress,-,-,single,-,8388608,62,211753343
plain,keccak_f1600,-,-,single,-,524288,62,203766080
plain,blake2b_compress,-,-,single,-,2097152,62,241128240
plain,blake3_compress,-,-,single,-,4194304,62,272199315
gmimc,,bls12_381,3,single,228,16384,63,261980632
gmimc,,bls12_381,4,single,231,16384,63,269568038
gmimc,,bn254,3,single,228,16384,63,250802876
gmimc,,bn254,4,single,231,16384,63,259605684
gmimc,,goldilocks,8,single,68,524288,63,337498484
gmimc,,goldilocks,12,single,93,262144,63,235288528
gmimc,,mersenne31,16,single,158,262144,63,268904789
gmimc,,mersenne31,24,single,335,131072,63,318083197
gmimc,,koalabear,16,single,158,262144,63,306087954
gmimc,,koalabear,24,single,335,131072,63,335417686
gmimc,,babybear,16,single,158,131072,63,246991034
gmimc,,babybear,24,single,335,65536,63,259757749
gmimc2,alpha=8,bls12_381,3,single,63,32768,63,225233601
gmimc2,alpha=8,bls12_381,4,single,64,32768,63,231557727
gmimc2,alpha=8,bn254,3,single,63,32768,63,220789157
gmimc2,alpha=8,bn254,4,single,64,32768,63,225283995
gmimc2,alpha=4,goldilocks,8,single,88,262144,63,294378677
gmimc2,alpha=4,goldilocks,12,single,96,262144,63,361843833
gmimc2,alpha=2,mersenne31,16,single,176,65536,63,202352659
gmimc2,alpha=2,mersenne31,24,single,264,32768,63,224330595
gmimc2,alpha=2,koalabear,16,single,176,131072,63,291311497
gmimc2,alpha=2,koalabear,24,single,264,65536,63,234042738
gmimc2,alpha=2,babybear,16,single,176,131072,63,290959553
gmimc2,alpha=2,babybear,24,single,264,65536,63,236638438
poseidon,,bls12_381,3,single,8+56,16384,63,256174624
poseidon,,bls12_381,4,single,8+56,16384,63,382070736
poseidon,,bn254,3,single,8+56,16384,63,246014959
poseidon,,bn254,4,single,8+56,16384,63,370348321
poseidon,,goldilocks,8,single,8+22,131072,63,324863737
poseidon,,goldilocks,12,single,8+22,65536,63,309578835
poseidon,,mersenne31,16,single,8+14,65536,63,323770134
poseidon,,mersenne31,24,single,8+22,16384,63,226624586
poseidon,,koalabear,16,single,8+20,32768,63,253929398
poseidon,,koalabear,24,single,8+23,16384,63,303787163
poseidon,,babybear,16,single,8+13,32768,63,201552435
poseidon,,babybear,24,single,8+21,16384,63,289163678
poseidon2,,bls12_381,3,single,8+56,65536,63,317662491
poseidon2,,bls12_381,4,single,8+56,32768,63,286877495
poseidon2,,bn254,3,single,8+56,65536,63,311683088
poseidon2,,bn254,4,single,8+56,32768,63,275012585
poseidon2,,goldilocks,8,single,8+22,524288,63,392608717
poseidon2,,goldilocks,12,single,8+22,262144,63,273375686
poseidon2,,mersenne31,16,single,8+14,262144,63,253944877
poseidon2,,mersenne31,24,single,8+22,131072,63,211735745
poseidon2,,koalabear,16,single,8+20,262144,63,280216859
poseidon2,,koalabear,24,single,8+23,131072,63,204392342
poseidon2,,babybear,16,single,8+13,262144,63,308297952
poseidon2,,babybear,24,single,8+21,131072,63,248628442
neptune,,bls12_381,4,single,6+69,32768,63,325218982
neptune,,bn254,4,single,6+69,32768,63,315767730
neptune,,goldilocks,8,single,6+38,262144,63,319221304
neptune,,goldilocks,12,single,6+42,131072,63,304278511
psquarehash,,mersenne31,16,single,52,262144,63,244899114
psquarehash,,mersenne31,24,single,52,262144,63,356267309
psquarehash,,koalabear,16,single,52,262144,63,309404500
psquarehash,,koalabear,24,single,52,131072,63,233265284
psquarehash,,babybear,16,single,52,262144,63,311952271
psquarehash,,babybear,24,single,52,131072,63,231444422
rescue_prime,,bls12_381,3,current,16,1024,63,345092868
rescue_prime,,bls12_381,3,original,14,1024,63,301709230
rescue_prime,,bls12_381,4,current,13,1024,63,376055085
rescue_prime,,bls12_381,4,original,11,1024,63,317987368
rescue_prime,,bn254,3,current,16,1024,63,338359186
rescue_prime,,bn254,3,original,14,1024,63,296037402
rescue_prime,,bn254,4,current,13,1024,63,366877846
rescue_prime,,bn254,4,original,11,1024,63,310291998
rescue_prime,,goldilocks,8,single,8,16384,63,252828170
rescue_prime,,goldilocks,12,single,8,16384,63,397518091
rescue_prime,,mersenne31,16,single,8,16384,63,329862849
rescue_prime,,mersenne31,24,single,8,8192,63,265963605
rescue_prime,,koalabear,16,single,8,8192,63,224038122
rescue_prime,,koalabear,24,single,8,8192,63,362981535
rescue_prime,,babybear,16,single,8,8192,63,245088778
rescue_prime,,babybear,24,single,8,8192,63,394471538
anemoi,,bls12_381,4,current,20,1024,63,288729046
anemoi,,bls12_381,4,original,14,1024,63,201762237
anemoi,,bn254,4,current,20,1024,63,282896697
anemoi,,bn254,4,original,14,2048,63,395964417
anemoi,,goldilocks,8,single,11,32768,63,346731320
anemoi,,goldilocks,12,single,10,16384,63,238364854
anemoi,,mersenne31,16,single,10,32768,63,340004910
anemoi,,mersenne31,24,single,9,16384,63,240929095
anemoi,,koalabear,16,single,10,16384,63,246002916
anemoi,,koalabear,24,single,9,16384,63,344855915
anemoi,,babybear,16,single,9,16384,63,240900332
anemoi,,babybear,24,single,9,16384,63,374063092
griffin,,bls12_381,3,current,20,2048,63,286221970
griffin,,bls12_381,3,original,14,4096,63,400640465
griffin,,bls12_381,4,current,20,2048,63,287872334
griffin,,bls12_381,4,original,11,4096,63,316645400
griffin,,bn254,3,current,20,2048,63,280855362
griffin,,bn254,3,original,14,4096,63,393092481
griffin,,bn254,4,current,20,2048,63,282855069
griffin,,bn254,4,original,11,4096,63,311497692
griffin,,goldilocks,8,single,8,131072,63,283849908
griffin,,goldilocks,12,single,8,131072,63,301691768
arion,,bls12_381,3,single,11,4096,63,342013103
arion,,bls12_381,4,single,10,4096,63,330164863
arion,,bn254,3,single,11,4096,63,333306493
arion,,bn254,4,single,10,4096,63,321100124
grendel,native,bls12_381,3,current,24,256,63,264886653
grendel,native,bls12_381,3,original,14,512,63,297701972
grendel,native,bls12_381,4,current,23,256,63,340426949
grendel,native,bls12_381,4,original,12,512,63,340064942
grendel,native,bn254,3,current,24,256,63,263118159
grendel,native,bn254,3,original,14,512,63,293749497
grendel,native,bn254,4,current,23,256,63,337667042
grendel,native,bn254,4,original,12,512,63,337108939
xhash,XHash8,goldilocks,12,single,6,32768,63,284328532
xhash,XHash12,goldilocks,12,single,6,32768,63,371718491
xhash,XHash16,mersenne31,24,single,6,32768,63,302290526
xhash,XHash24,mersenne31,24,single,6,32768,63,364095987
reinforced_concrete,,bls12_381,3,single,7,131072,63,242653197
reinforced_concrete,,bn254,3,single,7,131072,63,243461086
skyscraper,,bls12_381,4,single,18,262144,63,326067907
skyscraper,,bn254,4,single,18,262144,63,317252665
monolith,,goldilocks,8,single,6,1048576,63,265929551
monolith,,goldilocks,12,single,6,524288,63,205915608
monolith,,mersenne31,16,single,6,524288,63,215390303
monolith,,mersenne31,24,single,6,262144,63,219428488
polocolo,,bls12_381,3,single,6,1024,63,263966844
polocolo,,bls12_381,4,single,5,1024,63,293338959
polocolo,,bn254,3,single,6,1024,63,237245642
polocolo,,bn254,4,single,5,1024,63,264310686
tip4p,,goldilocks,12,single,5,262144,63,332928086
plain,sha256_compress,-,-,single,-,8388608,63,211796818
plain,keccak_f1600,-,-,single,-,524288,63,203796058
plain,blake2b_compress,-,-,single,-,2097152,63,241591072
plain,blake3_compress,-,-,single,-,4194304,63,273124837
gmimc,,bls12_381,3,single,228,16384,64,261852533
gmimc,,bls12_381,4,single,231,16384,64,266564258
gmimc,,bn254,3,single,228,16384,64,250920966
gmimc,,bn254,4,single,231,16384,64,254118010
gmimc,,goldilocks,8,single,68,524288,64,337403689
gmimc,,goldilocks,12,single,93,262144,64,235556336
gmimc,,mersenne31,16,single,158,262144,64,268589742
gmimc,,mersenne31,24,single,335,131072,64,318838308
gmimc,,koalabear,16,single,158,262144,64,305918987
gmimc,,koalabear,24,single,335,131072,64,328966183
gmimc,,babybear,16,single,158,131072,64,246860930
gmimc,,babybear,24,single,335,65536,64,259780511
gmimc2,alpha=8,bls12_381,3,single,63,32768,64,225425645
gmimc2,alpha=8,bls12_381,4,single,64,32768,64,230195258
gmimc2,alpha=8,bn254,3,single,63,32768,64,220610016
gmimc2,alpha=8,bn254,4,single,64,32768,64,224217828
gmimc2,alpha=4,goldilocks,8,single,88,262144,64,294346993
gmimc2,alpha=4,goldilocks,12,single,96,262144,64,363207316
gmimc2,alpha=2,mersenne31,16,single,176,65536,64,202254457
gmimc2,alpha=2,mersenne31,24,single,264,32768,64,224013516
gmimc2,alpha=2,koalabear,16,single,176,131072,64,291315709
gmimc2,alpha=2,koalabear,24,single,264,65536,64,236456767
gmimc2,alpha=2,babybear,16,single,176,131072,64,290960144
gmimc2,alpha=2,babybear,24,single,264,65536,64,236756328
poseidon,,bls12_381,3,single,8+56,16384,64,255008053
poseidon,,bls12_381,4,single,8+56,16384,64,380972734
poseidon,,bn254,3,single,8+56,16384,64,246173695
poseidon,,bn254,4,single,8+56,16384,64,369491329
poseidon,,goldilocks,8,single,8+22,131072,64,324376015
poseidon,,goldilocks,12,single,8+22,65536,64,309458030
poseidon,,mersenne31,16,single,8+14,65536,64,325980784
poseidon,,mersenne31,24,single,8+22,16384,64,230236063
poseidon,,koalabear,16,single,8+20,32768,64,253465641
poseidon,,koalabear,24,single,8+23,16384,64,304308667
poseidon,,babybear,16,single,8+13,32768,64,201207741
poseidon,,babybear,24,single,8+21,16384,64,288777326
poseidon2,,bls12_381,3,single,8+56,65536,64,317744183
poseidon2,,bls12_381,4,single,8+56,32768,64,286252377
poseidon2,,bn254,3,single,8+56,65536,64,311518970
poseidon2,,bn254,4,single,8+56,32768,64,274920522
poseidon2,,goldilocks,8,single,8+22,524288,64,391894582
poseidon2,,goldilocks,12,single,8+22,262144,64,272843130
poseidon2,,mersenne31,16,single,8+14,262144,64,253966597
poseidon2,,mersenne31,24,single,8+22,131072,64,211398513
poseidon2,,koalabear,16,single,8+20,262144,64,280506771
poseidon2,,koalabear,24,single,8+23,131072,64,205274500
poseidon2,,babybear,16,single,8+13,262144,64,307692701
poseidon2,,babybear,24,single,8+21,131072,64,248875183
neptune,,bls12_381,4,single,6+69,32768,64,325036509
neptune,,bn254,4,single,6+69,32768,64,313742064
neptune,,goldilocks,8,single,6+38,262144,64,319340586
neptune,,goldilocks,12,single,6+42,131072,64,304634797
psquarehash,,mersenne31,16,single,52,262144,64,244853317
psquarehash,,mersenne31,24,single,52,262144,64,356101168
psquarehash,,koalabear,16,single,52,262144,64,312765209
psquarehash,,koalabear,24,single,52,131072,64,231879645
psquarehash,,babybear,16,single,52,262144,64,312121727
psquarehash,,babybear,24,single,52,131072,64,231475330
rescue_prime,,bls12_381,3,current,16,1024,64,345009442
rescue_prime,,bls12_381,3,original,14,1024,64,302257825
rescue_prime,,bls12_381,4,current,13,1024,64,375015331
rescue_prime,,bls12_381,4,original,11,1024,64,317510667
rescue_prime,,bn254,3,current,16,1024,64,338062911
rescue_prime,,bn254,3,original,14,1024,64,295853317
rescue_prime,,bn254,4,current,13,1024,64,367861443
rescue_prime,,bn254,4,original,11,1024,64,311073738
rescue_prime,,goldilocks,8,single,8,16384,64,252889374
rescue_prime,,goldilocks,12,single,8,16384,64,394453654
rescue_prime,,mersenne31,16,single,8,16384,64,330458712
rescue_prime,,mersenne31,24,single,8,8192,64,265462768
rescue_prime,,koalabear,16,single,8,8192,64,224672828
rescue_prime,,koalabear,24,single,8,8192,64,363644944
rescue_prime,,babybear,16,single,8,8192,64,244924451
rescue_prime,,babybear,24,single,8,8192,64,395994212
anemoi,,bls12_381,4,current,20,1024,64,288073079
anemoi,,bls12_381,4,original,14,1024,64,202570326
anemoi,,bn254,4,current,20,1024,64,282681133
anemoi,,bn254,4,original,14,2048,64,395828804
anemoi,,goldilocks,8,single,11,32768,64,346454962
anemoi,,goldilocks,12,single,10,16384,64,238337573
anemoi,,mersenne31,16,single,10,32768,64,341280834
anemoi,,mersenne31,24,single,9,16384,64,240754869
anemoi,,koalabear,16,single,10,16384,64,245569185
anemoi,,koalabear,24,single,9,16384,64,344860453
anemoi,,babybear,16,single,9,16384,64,241009155
anemoi,,babybear,24,single,9,16384,64,373982751
griffin,,bls12_381,3,current,20,2048,64,286386608
griffin,,bls12_381,3,original,14,4096,64,400668257
griffin,,bls12_381,4,current,20,2048,64,288356087
griffin,,bls12_381,4,original,11,4096,64,317309290
griffin,,bn254,3,current,20,2048,64,280744855
griffin,,bn254,3,original,14,4096,64,393090997
griffin,,bn254,4,current,20,2048,64,282675954
griffin,,bn254,4,original,11,4096,64,311514572
griffin,,goldilocks,8,single,8,131072,64,283860958
griffin,,goldilocks,12,single,8,131072,64,301485171
arion,,bls12_381,3,single,11,4096,64,342271565
arion,,bls12_381,4,single,10,4096,64,330209526
arion,,bn254,3,single,11,4096,64,333102502
arion,,bn254,4,single,10,4096,64,320873059
grendel,native,bls12_381,3,current,24,256,64,265208083
grendel,native,bls12_381,3,original,14,512,64,298366112
grendel,native,bls12_381,4,current,23,256,64,340387985
grendel,native,bls12_381,4,original,12,512,64,340372006
grendel,native,bn254,3,current,24,256,64,262757082
grendel,native,bn254,3,original,14,512,64,293904125
grendel,native,bn254,4,current,23,256,64,337104219
grendel,native,bn254,4,original,12,512,64,336603293
xhash,XHash8,goldilocks,12,single,6,32768,64,283961827
xhash,XHash12,goldilocks,12,single,6,32768,64,371250675
xhash,XHash16,mersenne31,24,single,6,32768,64,302049786
xhash,XHash24,mersenne31,24,single,6,32768,64,364068525
reinforced_concrete,,bls12_381,3,single,7,131072,64,243425229
reinforced_concrete,,bn254,3,single,7,131072,64,243124286
skyscraper,,bls12_381,4,single,18,262144,64,326068358
skyscraper,,bn254,4,single,18,262144,64,317082246
monolith,,goldilocks,8,single,6,1048576,64,265547216
monolith,,goldilocks,12,single,6,524288,64,205826251
monolith,,mersenne31,16,single,6,524288,64,215358142
monolith,,mersenne31,24,single,6,262144,64,218984138
polocolo,,bls12_381,3,single,6,1024,64,264199879
polocolo,,bls12_381,4,single,5,1024,64,293637186
polocolo,,bn254,3,single,6,1024,64,237184988
polocolo,,bn254,4,single,5,1024,64,264306558
tip4p,,goldilocks,12,single,5,262144,64,332944016
plain,sha256_compress,-,-,single,-,8388608,64,211769166
plain,keccak_f1600,-,-,single,-,524288,64,203800285
plain,blake2b_compress,-,-,single,-,2097152,64,240756061
plain,blake3_compress,-,-,single,-,4194304,64,272276240
gmimc,,bls12_381,3,single,228,16384,65,261967427
gmimc,,bls12_381,4,single,231,16384,65,266717072
gmimc,,bn254,3,single,228,16384,65,250844803
gmimc,,bn254,4,single,231,16384,65,253598289
gmimc,,goldilocks,8,single,68,524288,65,337378442
gmimc,,goldilocks,12,single,93,262144,65,236285528
gmimc,,mersenne31,16,single,158,262144,65,268614869
gmimc,,mersenne31,24,single,335,131072,65,316110220
gmimc,,koalabear,16,single,158,262144,65,305951827
gmimc,,koalabear,24,single,335,131072,65,338038515
gmimc,,babybear,16,single,158,131072,65,246914619
gmimc,,babybear,24,single,335,65536,65,259967520
gmimc2,alpha=8,bls12_381,3,single,63,32768,65,225458856
gmimc2,alpha=8,bls12_381,4,single,64,32768,65,232083636
gmimc2,alpha=8,bn254,3,single,63,32768,65,220470866
gmimc2,alpha=8,bn254,4,single,64,32768,65,225101289
gmimc2,alpha=4,goldilocks,8,single,88,262144,65,295997948
gmimc2,alpha=4,goldilocks,12,single,96,262144,65,361575396
gmimc2,alpha=2,mersenne31,16,single,176,65536,65,202314158
gmimc2,alpha=2,mersenne31,24,single,264,32768,65,224329556
gmimc2,alpha=2,koalabear,16,single,176,131072,65,291650724
gmimc2,alpha=2,koalabear,24,single,264,65536,65,233911060
gmimc2,alpha=2,babybear,16,single,176,131072,65,291010667
gmimc2,alpha=2,babybear,24,single,264,65536,65,235588616
poseidon,,bls12_381,3,single,8+56,16384,65,256348467
poseidon,,bls12_381,4,single,8+56,16384,65,381808744
poseidon,,bn254,3,single,8+56,16384,65,245858605
poseidon,,bn254,4,single,8+56,16384,65,368884113
poseidon,,goldilocks,8,single,8+22,131072,65,324080512
poseidon,,goldilocks,12,single,8+22,65536,65,309689873
poseidon,,mersenne31,16,single,8+14,65536,65,324830524
poseidon,,mersenne31,24,single,8+22,16384,65,229141939
poseidon,,koalabear,16,single,8+20,32768,65,253039925
poseidon,,koalabear,24,single,8+23,16384,65,304191037
poseidon,,babybear,16,single,8+13,32768,65,202171341
poseidon,,babybear,24,single,8+21,16384,65,288724236
poseidon2,,bls12_381,3,single,8+56,65536,65,317772054
poseidon2,,bls12_381,4,single,8+56,32768,65,286837570
poseidon2,,bn254,3,single,8+56,65536,65,311597998
poseidon2,,bn254,4,single,8+56,32768,65,274720668
poseidon2,,goldilocks,8,single,8+22,524288,65,392092141
poseidon2,,goldilocks,12,single,8+22,262144,65,273282540
poseidon2,,mersenne31,16,single,8+14,262144,65,253586346
poseidon2,,mersenne31,24,single,8+22,131072,65,211378115
poseidon2,,koalabear,16,single,8+20,262144,65,279841477
poseidon2,,koalabear,24,single,8+23,131072,65,203292355
poseidon2,,babybear,16,single,8+13,262144,65,306668546
poseidon2,,babybear,24,single,8+21,131072,65,248839186
neptune,,bls12_381,4,single,6+69,32768,65,324969404
neptune,,bn254,4,single,6+69,32768,65,314494630
neptune,,goldilocks,8,single,6+38,262144,65,319684258
neptune,,goldilocks,12,single,6+42,131072,65,304574573
psquarehash,,mersenne31,16,single,52,262144,65,244907278
psquarehash,,mersenne31,24,single,52,262144,65,356239807
psquarehash,,koalabear,16,single,52,262144,65,313122417
psquarehash,,koalabear,24,single,52,131072,65,233590952
psquarehash,,babybear,16,single,52,262144,65,311819461
psquarehash,,babybear,24,single,52,131072,65,234149797
rescue_prime,,bls12_381,3,current,16,1024,65,344959117
rescue_prime,,bls12_381,3,original,14,1024,65,301925734
rescue_prime,,bls12_381,4,current,13,1024,65,375287589
rescue_prime,,bls12_381,4,original,11,1024,65,317612948
rescue_prime,,bn254,3,current,16,1024,65,338146326
rescue_prime,,bn254,3,original,14,1024,65,295818321
rescue_prime,,bn254,4,current,13,1024,65,367769370
rescue_prime,,bn254,4,original,11,1024,65,311221163
rescue_prime,,goldilocks,8,single,8,16384,65,252847395
rescue_prime,,goldilocks,12,single,8,16384,65,394402537
rescue_prime,,mersenne31,16,single,8,16384,65,330406723
rescue_prime,,mersenne31,24,single,8,8192,65,265713947
rescue_prime,,koalabear,16,single,8,8192,65,224121878
rescue_prime,,koalabear,24,single,8,8192,65,366314181
rescue_prime,,babybear,16,single,8,8192,65,245325369
rescue_prime,,babybear,24,single,8,8192,65,392913425
anemoi,,bls12_381,4,current,20,1024,65,288856001
anemoi,,bls12_381,4,original,14,1024,65,201798905
anemoi,,bn254,4,current,20,1024,65,282883301
anemoi,,bn254,4,original,14,2048,65,396055536
anemoi,,goldilocks,8,single,11,32768,65,346773768
anemoi,,goldilocks,12,single,10,16384,65,239040856
anemoi,,mersenne31,16,single,10,32768,65,343543972
anemoi,,mersenne31,24,single,9,16384,65,240536000
anemoi,,koalabear,16,single,10,16384,65,247443678
anemoi,,koalabear,24,single,9,16384,65,344871212
anemoi,,babybear,16,single,9,16384,65,241706056
anemoi,,babybear,24,single,9,16384,65,374105339
griffin,,bls12_381,3,current,20,2048,65,285670248
griffin,,bls12_381,3,original,14,4096,65,400213536
griffin,,bls12_381,4,current,20,2048,65,288806258
griffin,,bls12_381,4,original,11,4096,65,316717844
griffin,,bn254,3,current,20,2048,65,280776384
griffin,,bn254,3,original,14,4096,65,392962837
griffin,,bn254,4,current,20,2048,65,282686272
griffin,,bn254,4,original,11,4096,65,311397092
griffin,,goldilocks,8,single,8,131072,65,283907765
griffin,,goldilocks,12,single,8,131072,65,301690323
arion,,bls12_381,3,single,11,4096,65,342311369
arion,,bls12_381,4,single,10,4096,65,330597490
arion,,bn254,3,single,11,4096,65,333388415
arion,,bn254,4,single,10,4096,65,320998103
grendel,native,bls12_381,3,current,24,256,65,265499937
grendel,native,bls12_381,3,original,14,512,65,297609588
grendel,native,bls12_381,4,current,23,256,65,340049632
grendel,native,bls12_381,4,original,12,512,65,339585255
grendel,native,bn254,3,current,24,256,65,263636425
grendel,native,bn254,3,original,14,512,65,294120769
grendel,native,bn254,4,current,23,256,65,336720011
grendel,native,bn254,4,original,12,512,65,337600226
xhash,XHash8,goldilocks,12,single,6,32768,65,284446040
xhash,XHash12,goldilocks,12,single,6,32768,65,371514128
xhash,XHash16,mersenne31,24,single,6,32768,65,301885368
xhash,XHash24,mersenne31,24,single,6,32768,65,365036453
reinforced_concrete,,bls12_381,3,single,7,131072,65,242875972
reinforced_concrete,,bn254,3,single,7,131072,65,243629470
skyscraper,,bls12_381,4,single,18,262144,65,326325387
skyscraper,,bn254,4,single,18,262144,65,317268664
monolith,,goldilocks,8,single,6,1048576,65,266108845
monolith,,goldilocks,12,single,6,524288,65,206268808
monolith,,mersenne31,16,single,6,524288,65,215734174
monolith,,mersenne31,24,single,6,262144,65,219042176
polocolo,,bls12_381,3,single,6,1024,65,263818415
polocolo,,bls12_381,4,single,5,1024,65,293333137
polocolo,,bn254,3,single,6,1024,65,237213130
polocolo,,bn254,4,single,5,1024,65,264311587
tip4p,,goldilocks,12,single,5,262144,65,334315819
plain,sha256_compress,-,-,single,-,8388608,65,211769085
plain,keccak_f1600,-,-,single,-,524288,65,203672927
plain,blake2b_compress,-,-,single,-,2097152,65,241049318
plain,blake3_compress,-,-,single,-,4194304,65,273783937
gmimc,,bls12_381,3,single,228,16384,66,262075929
gmimc,,bls12_381,4,single,231,16384,66,269451652
gmimc,,bn254,3,single,228,16384,66,250609503
gmimc,,bn254,4,single,231,16384,66,257131720
gmimc,,goldilocks,8,single,68,524288,66,337368632
gmimc,,goldilocks,12,single,93,262144,66,235848641
gmimc,,mersenne31,16,single,158,262144,66,269092371
gmimc,,mersenne31,24,single,335,131072,66,313521822
gmimc,,koalabear,16,single,158,262144,66,306002241
gmimc,,koalabear,24,single,335,131072,66,337367280
gmimc,,babybear,16,single,158,131072,66,246826895
gmimc,,babybear,24,single,335,65536,66,259767215
gmimc2,alpha=8,bls12_381,3,single,63,32768,66,225406669
gmimc2,alpha=8,bls12_381,4,single,64,32768,66,231617153
gmimc2,alpha=8,bn254,3,single,63,32768,66,220663024
gmimc2,alpha=8,bn254,4,single,64,32768,66,225502227
gmimc2,alpha=4,goldilocks,8,single,88,262144,66,294434134
gmimc2,alpha=4,goldilocks,12,single,96,262144,66,362285422
gmimc2,alpha=2,mersenne31,16,single,176,65536,66,202324517
gmimc2,alpha=2,mersenne31,24,single,264,32768,66,223984952
gmimc2,alpha=2,koalabear,16,single,176,131072,66,291290300
gmimc2,alpha=2,koalabear,24,single,264,65536,66,239165428
gmimc2,alpha=2,babybear,16,single,176,131072,66,290934244
gmimc2,alpha=2,babybear,24,single,264,65536,66,235831709
poseidon,,bls12_381,3,single,8+56,16384,66,256230145
poseidon,,bls12_381,4,single,8+56,16384,66,382141386
poseidon,,bn254,3,single,8+56,16384,66,246111407
poseidon,,bn254,4,single,8+56,16384,66,370156341
poseidon,,goldilocks,8,single,8+22,131072,66,323998810
poseidon,,goldilocks,12,single,8+22,65536,66,309441377
poseidon,,mersenne31,16,single,8+14,65536,66,325331230
poseidon,,mersenne31,24,single,8+22,16384,66,228938468
poseidon,,koalabear,16,single,8+20,32768,66,253424363
poseidon,,koalabear,24,single,8+23,16384,66,304395068
poseidon,,babybear,16,single,8+13,32768,66,202153588
poseidon,,babybear,24,single,8+21,16384,66,288562774
poseidon2,,bls12_381,3,single,8+56,65536,66,318083366
poseidon2,,bls12_381,4,single,8+56,32768,66,287165672
poseidon2,,bn254,3,single,8+56,65536,66,311549065
poseidon2,,bn254,4,single,8+56,32768,66,275006391
poseidon2,,goldilocks,8,single,8+22,524288,66,392207866
poseidon2,,goldilocks,12,single,8+22,262144,66,273269967
poseidon2,,mersenne31,16,single,8+14,262144,66,253629927
poseidon2,,mersenne31,24,single,8+22,131072,66,211584420
poseidon2,,koalabear,16,single,8+20,262144,66,281480819
poseidon2,,koalabear,24,single,8+23,131072,66,204931989
poseidon2,,babybear,16,single,8+13,262144,66,308514405
poseidon2,,babybear,24,single,8+21,131072,66,248670390
neptune,,bls12_381,4,single,6+69,32768,66,325356406
neptune,,bn254,4,single,6+69,32768,66,315711784
neptune,,goldilocks,8,single,6+38,262144,66,319104553
neptune,,goldilocks,12,single,6+42,131072,66,305135261
psquarehash,,mersenne31,16,single,52,262144,66,244916705
psquarehash,,mersenne31,24,single,52,262144,66,356968297
psquarehash,,koalabear,16,single,52,262144,66,311629696
psquarehash,,koalabear,24,single,52,131072,66,232169746
psquarehash,,babybear,16,single,52,262144,66,312120493
psquarehash,,babybear,24,single,52,131072,66,233172350
rescue_prime,,bls12_381,3,current,16,1024,66,344826429
rescue_prime,,bls12_381,3,original,14,1024,66,301600836
rescue_prime,,bls12_381,4,current,13,1024,66,376294520
rescue_prime,,bls12_381,4,original,11,1024,66,318076954
rescue_prime,,bn254,3,current,16,1024,66,338174338
rescue_prime,,bn254,3,original,14,1024,66,295972930
rescue_prime,,bn254,4,current,13,1024,66,366782977
rescue_prime,,bn254,4,original,11,1024,66,310374862
rescue_prime,,goldilocks,8,single,8,16384,66,252924619
rescue_prime,,goldilocks,12,single,8,16384,66,395538139
rescue_prime,,mersenne31,16,single,8,16384,66,329460565
rescue_prime,,mersenne31,24,single,8,8192,66,265193495
rescue_prime,,koalabear,16,single,8,8192,66,224496127
rescue_prime,,koalabear,24,single,8,8192,66,364617139
rescue_prime,,babybear,16,single,8,8192,66,245348141
rescue_prime,,babybear,24,single,8,8192,66,394280398
anemoi,,bls12_381,4,current,20,1024,66,288141205
anemoi,,bls12_381,4,original,14,1024,66,201753961
anemoi,,bn254,4,current,20,1024,66,282921291
anemoi,,bn254,4,original,14,2048,66,395979213
anemoi,,goldilocks,8,single,11,32768,66,346612165
anemoi,,goldilocks,12,single,10,16384,66,238315801
anemoi,,mersenne31,16,single,10,32768,66,341159626
anemoi,,mersenne31,24,single,9,16384,66,241025634
anemoi,,koalabear,16,single,10,16384,66,245942131
anemoi,,koalabear,24,single,9,16384,66,344870511
anemoi,,babybear,16,single,9,16384,66,241288134
anemoi,,babybear,24,single,9,16384,66,374024518
griffin,,bls12_381,3,current,20,2048,66,286489709
griffin,,bls12_381,3,original,14,4096,66,400894488
griffin,,bls12_381,4,current,20,2048,66,287853057
griffin,,bls12_381,4,original,11,4096,66,316653855
griffin,,bn254,3,current,20,2048,66,280834101
griffin,,bn254,3,original,14,4096,66,393032136
griffin,,bn254,4,current,20,2048,66,285316286
griffin,,bn254,4,original,11,4096,66,311748668
griffin,,goldilocks,8,single,8,131072,66,284762702
griffin,,goldilocks,12,single,8,131072,66,301716932
arion,,bls12_381,3,single,11,4096,66,342020285
arion,,bls12_381,4,single,10,4096,66,330188996
arion,,bn254,3,single,11,4096,66,333280824
arion,,bn254,4,single,10,4096,66,321134126
grendel,native,bls12_381,3,current,24,256,66,265076776
grendel,native,bls12_381,3,original,14,512,66,297891945
grendel,native,bls12_381,4,current,23,256,66,340588579
grendel,native,bls12_381,4,original,12,512,66,339934076
grendel,native,bn254,3,current,24,256,66,262746442
grendel,native,bn254,3,original,14,512,66,293756588
grendel,native,bn254,4,current,23,256,66,338524592
grendel,native,bn254,4,original,12,512,66,336755106
xhash,XHash8,goldilocks,12,single,6,32768,66,284167620
xhash,XHash12,goldilocks,12,single,6,32768,66,371557538
xhash,XHash16,mersenne31,24,single,6,32768,66,302215875
xhash,XHash24,mersenne31,24,single,6,32768,66,364439417
reinforced_concrete,,bls12_381,3,single,7,131072,66,242644880
reinforced_concrete,,bn254,3,single,7,131072,66,244054924
skyscraper,,bls12_381,4,single,18,262144,66,326018934
skyscraper,,bn254,4,single,18,262144,66,317249637
monolith,,goldilocks,8,single,6,1048576,66,266495748
monolith,,goldilocks,12,single,6,524288,66,205362634
monolith,,mersenne31,16,single,6,524288,66,215422291
monolith,,mersenne31,24,single,6,262144,66,218953510
polocolo,,bls12_381,3,single,6,1024,66,263830848
polocolo,,bls12_381,4,single,5,1024,66,293329379
polocolo,,bn254,3,single,6,1024,66,237183695
polocolo,,bn254,4,single,5,1024,66,264310494
tip4p,,goldilocks,12,single,5,262144,66,333682454
plain,sha256_compress,-,-,single,-,8388608,66,211865986
plain,keccak_f1600,-,-,single,-,524288,66,203942199
plain,blake2b_compress,-,-,single,-,2097152,66,242825537
plain,blake3_compress,-,-,single,-,4194304,66,274815034
gmimc,,bls12_381,3,single,228,16384,67,261769476
gmimc,,bls12_381,4,single,231,16384,67,266546924
gmimc,,bn254,3,single,228,16384,67,250677279
gmimc,,bn254,4,single,231,16384,67,253883822
gmimc,,goldilocks,8,single,68,524288,67,337514345
gmimc,,goldilocks,12,single,93,262144,67,239208499
gmimc,,mersenne31,16,single,158,262144,67,267990531
gmimc,,mersenne31,24,single,335,131072,67,316263364
gmimc,,koalabear,16,single,158,262144,67,306171747
gmimc,,koalabear,24,single,335,131072,67,328093179
gmimc,,babybear,16,single,158,131072,67,247039893
gmimc,,babybear,24,single,335,65536,67,259907838
gmimc2,alpha=8,bls12_381,3,single,63,32768,67,225432987
gmimc2,alpha=8,bls12_381,4,single,64,32768,67,230230662
gmimc2,alpha=8,bn254,3,single,63,32768,67,220860253
gmimc2,alpha=8,bn254,4,single,64,32768,67,224092472
gmimc2,alpha=4,goldilocks,8,single,88,262144,67,294385723
gmimc2,alpha=4,goldilocks,12,single,96,262144,67,361533347
gmimc2,alpha=2,mersenne31,16,single,176,65536,67,202280354
gmimc2,alpha=2,mersenne31,24,single,264,32768,67,223998497
gmimc2,alpha=2,koalabear,16,single,176,131072,67,291472380
gmimc2,alpha=2,koalabear,24,single,264,65536,67,233653880
gmimc2,alpha=2,babybear,16,single,176,131072,67,291474624
gmimc2,alpha=2,babybear,24,single,264,65536,67,235663895
poseidon,,bls12_381,3,single,8+56,16384,67,257467308
poseidon,,bls12_381,4,single,8+56,16384,67,381535072
poseidon,,bn254,3,single,8+56,16384,67,246549536
poseidon,,bn254,4,single,8+56,16384,67,369427578
poseidon,,goldilocks,8,single,8+22,131072,67,324646108
poseidon,,goldilocks,12,single,8+22,65536,67,309891337
poseidon,,mersenne31,16,single,8+14,65536,67,322841787
poseidon,,mersenne31,24,single,8+22,16384,67,226961503
poseidon,,koalabear,16,single,8+20,32768,67,253387804
poseidon,,koalabear,24,single,8+23,16384,67,304204351
poseidon,,babybear,16,single,8+13,32768,67,202603759
poseidon,,babybear,24,single,8+21,16384,67,289148056
poseidon2,,bls12_381,3,single,8+56,65536,67,317743260
poseidon2,,bls12_381,4,single,8+56,32768,67,286087156
poseidon2,,bn254,3,single,8+56,65536,67,311575424
poseidon2,,bn254,4,single,8+56,32768,67,274814923
poseidon2,,goldilocks,8,single,8+22,524288,67,391631869
poseidon2,,goldilocks,12,single,8+22,262144,67,273354444
poseidon2,,mersenne31,16,single,8+14,262144,67,253876307
poseidon2,,mersenne31,24,single,8+22,131072,67,211253661
poseidon2,,koalabear,16,single,8+20,262144,67,279700763
poseidon2,,koalabear,24,single,8+23,131072,67,207102064
poseidon2,,babybear,16,single,8+13,262144,67,307525968
poseidon2,,babybear,24,single,8+21,131072,67,248798348
neptune,,bls12_381,4,single,6+69,32768,67,325118982
neptune,,bn254,4,single,6+69,32768,67,313834837
neptune,,goldilocks,8,single,6+38,262144,67,319698583
neptune,,goldilocks,12,single,6+42,131072,67,304230800
psquarehash,,mersenne31,16,single,52,262144,67,244992286
psquarehash,,mersenne31,24,single,52,262144,67,356308713
psquarehash,,koalabear,16,single,52,262144,67,311470248
psquarehash,,koalabear,24,single,52,131072,67,231897086
psquarehash,,babybear,16,single,52,262144,67,311965312
psquarehash,,babybear,24,single,52,131072,67,232336227
rescue_prime,,bls12_381,3,current,16,1024,67,345292778
rescue_prime,,bls12_381,3,original,14,1024,67,301698078
rescue_prime,,bls12_381,4,current,13,1024,67,375448989
rescue_prime,,bls12_381,4,original,11,1024,67,317675823
rescue_prime,,bn254,3,current,16,1024,67,338163778
rescue_prime,,bn254,3,original,14,1024,67,295924228
rescue_prime,,bn254,4,current,13,1024,67,367823791
rescue_prime,,bn254,4,original,11,1024,67,311239326
rescue_prime,,goldilocks,8,single,8,16384,67,252902678
rescue_prime,,goldilocks,12,single,8,16384,67,394551604
rescue_prime,,mersenne31,16,single,8,16384,67,329511420
rescue_prime,,mersenne31,24,single,8,8192,67,265711262
rescue_prime,,koalabear,16,single,8,8192,67,224711269
rescue_prime,,koalabear,24,single,8,8192,67,363702851
rescue_prime,,babybear,16,single,8,8192,67,245035357
rescue_prime,,babybear,24,single,8,8192,67,394614623
anemoi,,bls12_381,4,current,20,1024,67,288313416
anemoi,,bls12_381,4,original,14,1024,67,202055745
anemoi,,bn254,4,current,20,1024,67,282695569
anemoi,,bn254,4,original,14,2048,67,395822309
anemoi,,goldilocks,8,single,11,32768,67,346611182
anemoi,,goldilocks,12,single,10,16384,67,238296715
anemoi,,mersenne31,16,single,10,32768,67,341813888
anemoi,,mersenne31,24,single,9,16384,67,241014362
anemoi,,koalabear,16,single,10,16384,67,246056725
anemoi,,koalabear,24,single,9,16384,67,344980665
anemoi,,babybear,16,single,9,16384,67,240885092
anemoi,,babybear,24,single,9,16384,67,374136918
griffin,,bls12_381,3,current,20,2048,67,285628470
griffin,,bls12_381,3,original,14,4096,67,400337717
griffin,,bls12_381,4,current,20,2048,67,287911435
griffin,,bls12_381,4,original,11,4096,67,316678800
griffin,,bn254,3,current,20,2048,67,280793604
griffin,,bn254,3,original,14,4096,67,393158892
griffin,,bn254,4,current,20,2048,67,282745572
griffin,,bn254,4,original,11,4096,67,311557480
griffin,,goldilocks,8,single,8,131072,67,284476016
griffin,,goldilocks,12,single,8,131072,67,301912778
arion,,bls12_381,3,single,11,4096,67,342252738
arion,,bls12_381,4,single,10,4096,67,330428563
arion,,bn254,3,single,11,4096,67,333310678
arion,,bn254,4,single,10,4096,67,320975589
grendel,native,bls12_381,3,current,24,256,67,265032814
grendel,native,bls12_381,3,original,14,512,67,297385899
grendel,native,bls12_381,4,current,23,256,67,340017481
grendel,native,bls12_381,4,original,12,512,67,340013714
grendel,native,bn254,3,current,24,256,67,262812665
grendel,native,bn254,3,original,14,512,67,294092706
grendel,native,bn254,4,current,23,256,67,337380804
grendel,native,bn254,4,original,12,512,67,337223601
xhash,XHash8,goldilocks,12,single,6,32768,67,284379445
xhash,XHash12,goldilocks,12,single,6,32768,67,371533783
xhash,XHash16,mersenne31,24,single,6,32768,67,301842406
xhash,XHash24,mersenne31,24,single,6,32768,67,364185953
reinforced_concrete,,bls12_381,3,single,7,131072,67,242487495
reinforced_concrete,,bn254,3,single,7,131072,67,243794929
skyscraper,,bls12_381,4,single,18,262144,67,326140381
skyscraper,,bn254,4,single,18,262144,67,317894342
monolith,,goldilocks,8,single,6,1048576,67,265990172
monolith,,goldilocks,12,single,6,524288,67,206297200
monolith,,mersenne31,16,single,6,524288,67,215179817
monolith,,mersenne31,24,single,6,262144,67,218868300
polocolo,,bls12_381,3,single,6,1024,67,263795322
polocolo,,bls12_381,4,single,5,1024,67,294072909
polocolo,,bn254,3,single,6,1024,67,237202831
polocolo,,bn254,4,single,5,1024,67,264318259
tip4p,,goldilocks,12,single,5,262144,67,332334975
plain,sha256_compress,-,-,single,-,8388608,67,211803949
plain,keccak_f1600,-,-,single,-,524288,67,203694086
plain,blake2b_compress,-,-,single,-,2097152,67,240953018
plain,blake3_compress,-,-,single,-,4194304,67,271920404
gmimc,,bls12_381,3,single,228,16384,68,262355681
gmimc,,bls12_381,4,single,231,16384,68,266771503
gmimc,,bn254,3,single,228,16384,68,250357201
gmimc,,bn254,4,single,231,16384,68,253752906
gmimc,,goldilocks,8,single,68,524288,68,337431900
gmimc,,goldilocks,12,single,93,262144,68,236868906
gmimc,,mersenne31,16,single,158,262144,68,268434660
gmimc,,mersenne31,24,single,335,131072,68,318566337
gmimc,,koalabear,16,single,158,262144,68,306083772
gmimc,,koalabear,24,single,335,131072,68,329672349
gmimc,,babybear,16,single,158,131072,68,246952349
gmimc,,babybear,24,single,335,65536,68,259754100
gmimc2,alpha=8,bls12_381,3,single,63,32768,68,225355883
gmimc2,alpha=8,bls12_381,4,single,64,32768,68,231610451
gmimc2,alpha=8,bn254,3,single,63,32768,68,220576833
gmimc2,alpha=8,bn254,4,single,64,32768,68,225472140
gmimc2,alpha=4,goldilocks,8,single,88,262144,68,294398587
gmimc2,alpha=4,goldilocks,12,single,96,262144,68,362155148
gmimc2,alpha=2,mersenne31,16,single,176,65536,68,202389868
gmimc2,alpha=2,mersenne31,24,single,264,32768,68,223973300
gmimc2,alpha=2,koalabear,16,single,176,131072,68,291515279
gmimc2,alpha=2,koalabear,24,single,264,65536,68,234230776
gmimc2,alpha=2,babybear,16,single,176,131072,68,290935095
gmimc2,alpha=2,babybear,24,single,264,65536,68,236479769
poseidon,,bls12_381,3,single,8+56,16384,68,255369096
poseidon,,bls12_381,4,single,8+56,16384,68,380905224
poseidon,,bn254,3,single,8+56,16384,68,245630177
poseidon,,bn254,4,single,8+56,16384,68,368713804
poseidon,,goldilocks,8,single,8+22,131072,68,324268622
poseidon,,goldilocks,12,single,8+22,65536,68,309934788
poseidon,,mersenne31,16,single,8+14,65536,68,323623427
poseidon,,mersenne31,24,single,8+22,16384,68,224785086
poseidon,,koalabear,16,single,8+20,32768,68,253172722
poseidon,,koalabear,24,single,8+23,16384,68,304190454
poseidon,,babybear,16,single,8+13,32768,68,202386432
poseidon,,babybear,24,single,8+21,16384,68,288876118
poseidon2,,bls12_381,3,single,8+56,65536,68,317891946
poseidon2,,bls12_381,4,single,8+56,32768,68,287034326
poseidon2,,bn254,3,single,8+56,65536,68,311712750
poseidon2,,bn254,4,single,8+56,32768,68,274762655
poseidon2,,goldilocks,8,single,8+22,524288,68,392133846
poseidon2,,goldilocks,12,single,8+22,262144,68,273276398
poseidon2,,mersenne31,16,single,8+14,262144,68,254171177
poseidon2,,mersenne31,24,single,8+22,131072,68,211056413
poseidon2,,koalabear,16,single,8+20,262144,68,280375122
poseidon2,,koalabear,24,single,8+23,131072,68,203492739
poseidon2,,babybear,16,single,8+13,262144,68,307641102
poseidon2,,babybear,24,single,8+21,131072,68,248684164
neptune,,bls12_381,4,single,6+69,32768,68,325381262
neptune,,bn254,4,single,6+69,32768,68,313745339
neptune,,goldilocks,8,single,6+38,262144,68,319700406
neptune,,goldilocks,12,single,6+42,131072,68,305196845
psquarehash,,mersenne31,16,single,52,262144,68,244806919
psquarehash,,mersenne31,24,single,52,262144,68,356194700
psquarehash,,koalabear,16,single,52,262144,68,312918453
psquarehash,,koalabear,24,single,52,131072,68,233516031
psquarehash,,babybear,16,single,52,262144,68,312107027
psquarehash,,babybear,24,single,52,131072,68,232071231
rescue_prime,,bls12_381,3,current,16,1024,68,344748661
rescue_prime,,bls12_381,3,original,14,1024,68,301830444
rescue_prime,,bls12_381,4,current,13,1024,68,375772363
rescue_prime,,bls12_381,4,original,11,1024,68,317621421
rescue_prime,,bn254,3,current,16,1024,68,338330057
rescue_prime,,bn254,3,original,14,1024,68,296102500
rescue_prime,,bn254,4,current,13,1024,68,367960666
rescue_prime,,bn254,4,original,11,1024,68,311319095
rescue_prime,,goldilocks,8,single,8,16384,68,252834509
rescue_prime,,goldilocks,12,single,8,16384,68,394418455
rescue_prime,,mersenne31,16,single,8,16384,68,329195659
rescue_prime,,mersenne31,24,single,8,8192,68,266000111
rescue_prime,,koalabear,16,single,8,8192,68,224703664
rescue_prime,,koalabear,24,single,8,8192,68,364347313
rescue_prime,,babybear,16,single,8,8192,68,244968742
rescue_prime,,babybear,24,single,8,8192,68,394816949
anemoi,,bls12_381,4,current,20,1024,68,288295292
anemoi,,bls12_381,4,original,14,1024,68,201798613
anemoi,,bn254,4,current,20,1024,68,282957909
anemoi,,bn254,4,original,14,2048,68,396329455
anemoi,,goldilocks,8,single,11,32768,68,346721659
anemoi,,goldilocks,12,single,10,16384,68,238268320
anemoi,,mersenne31,16,single,10,32768,68,341638971
anemoi,,mersenne31,24,single,9,16384,68,240228665
anemoi,,koalabear,16,single,10,16384,68,246128870
anemoi,,koalabear,24,single,9,16384,68,344900115
anemoi,,babybear,16,single,9,16384,68,241322138
anemoi,,babybear,24,single,9,16384,68,374098775
griffin,,bls12_381,3,current,20,2048,68,285911407
griffin,,bls12_381,3,original,14,4096,68,400577634
griffin,,bls12_381,4,current,20,2048,68,288380050
griffin,,bls12_381,4,original,11,4096,68,316718734
griffin,,bn254,3,current,20,2048,68,281022973
griffin,,bn254,3,original,14,4096,68,393335672
griffin,,bn254,4,current,20,2048,68,282835670
griffin,,bn254,4,original,11,4096,68,311652708
griffin,,goldilocks,8,single,8,131072,68,284425932
griffin,,goldilocks,12,single,8,131072,68,301369512
arion,,bls12_381,3,single,11,4096,68,342805811
arion,,bls12_381,4,single,10,4096,68,330121989
arion,,bn254,3,single,11,4096,68,333494542
arion,,bn254,4,single,10,4096,68,321217621
grendel,native,bls12_381,3,current,24,256,68,265499926
grendel,native,bls12_381,3,original,14,512,68,297816794
grendel,native,bls12_381,4,current,23,256,68,340484493
grendel,native,bls12_381,4,original,12,512,68,340366773
grendel,native,bn254,3,current,24,256,68,262507796
grendel,native,bn254,3,original,14,512,68,294209012
grendel,native,bn254,4,current,23,256,68,336941693
grendel,native,bn254,4,original,12,512,68,336665897
xhash,XHash8,goldilocks,12,single,6,32768,68,284335523
xhash,XHash12,goldilocks,12,single,6,32768,68,371795731
xhash,XHash16,mersenne31,24,single,6,32768,68,302648352
xhash,XHash24,mersenne31,24,single,6,32768,68,365011324
reinforced_concrete,,bls12_381,3,single,7,131072,68,242376247
reinforced_concrete,,bn254,3,single,7,131072,68,243694911
skyscraper,,bls12_381,4,single,18,262144,68,326218115
skyscraper,,bn254,4,single,18,262144,68,317390489
monolith,,goldilocks,8,single,6,1048576,68,266260608
monolith,,goldilocks,12,single,6,524288,68,205867997
monolith,,mersenne31,16,single,6,524288,68,215311163
monolith,,mersenne31,24,single,6,262144,68,218931919
polocolo,,bls12_381,3,single,6,1024,68,263833802
polocolo,,bls12_381,4,single,5,1024,68,294772575
polocolo,,bn254,3,single,6,1024,68,237212057
polocolo,,bn254,4,single,5,1024,68,264327054
tip4p,,goldilocks,12,single,5,262144,68,333137174
plain,sha256_compress,-,-,single,-,8388608,68,211891412
plain,keccak_f1600,-,-,single,-,524288,68,203786908
plain,blake2b_compress,-,-,single,-,2097152,68,241218644
plain,blake3_compress,-,-,single,-,4194304,68,271960448
gmimc,,bls12_381,3,single,228,16384,69,261578839
gmimc,,bls12_381,4,single,231,16384,69,269477879
gmimc,,bn254,3,single,228,16384,69,250531706
gmimc,,bn254,4,single,231,16384,69,257577762
gmimc,,goldilocks,8,single,68,524288,69,337505817
gmimc,,goldilocks,12,single,93,262144,69,235567945
gmimc,,mersenne31,16,single,158,262144,69,270312900
gmimc,,mersenne31,24,single,335,131072,69,329637514
gmimc,,koalabear,16,single,158,262144,69,306371709
gmimc,,koalabear,24,single,335,131072,69,330953223
gmimc,,babybear,16,single,158,131072,69,247113900
gmimc,,babybear,24,single,335,65536,69,259922955
gmimc2,alpha=8,bls12_381,3,single,63,32768,69,225651915
gmimc2,alpha=8,bls12_381,4,single,64,32768,69,231787451
gmimc2,alpha=8,bn254,3,single,63,32768,69,220736390
gmimc2,alpha=8,bn254,4,single,64,32768,69,225591773
gmimc2,alpha=4,goldilocks,8,single,88,262144,69,294653322
gmimc2,alpha=4,goldilocks,12,single,96,262144,69,363040662
gmimc2,alpha=2,mersenne31,16,single,176,65536,69,202387233
gmimc2,alpha=2,mersenne31,24,single,264,32768,69,223970484
gmimc2,alpha=2,koalabear,16,single,176,131072,69,291315194
gmimc2,alpha=2,koalabear,24,single,264,65536,69,234074825
gmimc2,alpha=2,babybear,16,single,176,131072,69,291073182
gmimc2,alpha=2,babybear,24,single,264,65536,69,240015776
poseidon,,bls12_381,3,single,8+56,16384,69,256344648
poseidon,,bls12_381,4,single,8+56,16384,69,382139309
poseidon,,bn254,3,single,8+56,16384,69,246155459
poseidon,,bn254,4,single,8+56,16384,69,370394313
poseidon,,goldilocks,8,single,8+22,131072,69,324325518
poseidon,,goldilocks,12,single,8+22,65536,69,309459158
poseidon,,mersenne31,16,single,8+14,65536,69,323714306
poseidon,,mersenne31,24,single,8+22,16384,69,228419758
poseidon,,koalabear,16,single,8+20,32768,69,253636508
poseidon,,koalabear,24,single,8+23,16384,69,304419512
poseidon,,babybear,16,single,8+13,32768,69,202244467
poseidon,,babybear,24,single,8+21,16384,69,288881317
poseidon2,,bls12_381,3,single,8+56,65536,69,318137555
poseidon2,,bls12_381,4,single,8+56,32768,69,287233848
poseidon2,,bn254,3,single,8+56,65536,69,311582376
poseidon2,,bn254,4,single,8+56,32768,69,275142695
poseidon2,,goldilocks,8,single,8+22,524288,69,391512734
poseidon2,,goldilocks,12,single,8+22,262144,69,273323275
poseidon2,,mersenne31,16,single,8+14,262144,69,254052345
poseidon2,,mersenne31,24,single,8+22,131072,69,211045542
poseidon2,,koalabear,16,single,8+20,262144,69,281403213
poseidon2,,koalabear,24,single,8+23,131072,69,205281722
poseidon2,,babybear,16,single,8+13,262144,69,307438844
poseidon2,,babybear,24,single,8+21,131072,69,248612811
neptune,,bls12_381,4,single,6+69,32768,69,325407169
neptune,,bn254,4,single,6+69,32768,69,315820325
neptune,,goldilocks,8,single,6+38,262144,69,318649181
neptune,,goldilocks,12,single,6+42,131072,69,304581915
psquarehash,,mersenne31,16,single,52,262144,69,244938044
psquarehash,,mersenne31,24,single,52,262144,69,356385195
psquarehash,,koalabear,16,single,52,262144,69,312875062
psquarehash,,koalabear,24,single,52,131072,69,234824355
psquarehash,,babybear,16,single,52,262144,69,311970201
psquarehash,,babybear,24,single,52,131072,69,233024202
rescue_prime,,bls12_381,3,current,16,1024,69,344739624
rescue_prime,,bls12_381,3,original,14,1024,69,301808532
rescue_prime,,bls12_381,4,current,13,1024,69,375889141
rescue_prime,,bls12_381,4,original,11,1024,69,318214590
rescue_prime,,bn254,3,current,16,1024,69,338332251
rescue_prime,,bn254,3,original,14,1024,69,296172932
rescue_prime,,bn254,4,current,13,1024,69,366884794
rescue_prime,,bn254,4,original,11,1024,69,310524770
rescue_prime,,goldilocks,8,single,8,16384,69,252874334
rescue_prime,,goldilocks,12,single,8,16384,69,395049613
rescue_prime,,mersenne31,16,single,8,16384,69,329500077
rescue_prime,,mersenne31,24,single,8,8192,69,265871630
rescue_prime,,koalabear,16,single,8,8192,69,224158485
rescue_prime,,koalabear,24,single,8,8192,69,364784930
rescue_prime,,babybear,16,single,8,8192,69,245356586
rescue_prime,,babybear,24,single,8,8192,69,394606907
anemoi,,bls12_381,4,current,20,1024,69,288134811
anemoi,,bls12_381,4,original,14,1024,69,201927724
anemoi,,bn254,4,current,20,1024,69,282776409
anemoi,,bn254,4,original,14,2048,69,395925530
anemoi,,goldilocks,8,single,11,32768,69,348763313
anemoi,,goldilocks,12,single,10,16384,69,238332911
anemoi,,mersenne31,16,single,10,32768,69,344720989
anemoi,,mersenne31,24,single,9,16384,69,240691188
anemoi,,koalabear,16,single,10,16384,69,247529135
anemoi,,koalabear,24,single,9,16384,69,345001703
anemoi,,babybear,16,single,9,16384,69,242622948
anemoi,,babybear,24,single,9,16384,69,374199824
griffin,,bls12_381,3,current,20,2048,69,286465261
griffin,,bls12_381,3,original,14,4096,69,400017367
griffin,,bls12_381,4,current,20,2048,69,287871038
griffin,,bls12_381,4,original,11,4096,69,317473183
griffin,,bn254,3,current,20,2048,69,280964723
griffin,,bn254,3,original,14,4096,69,393358063
griffin,,bn254,4,current,20,2048,69,282896032
griffin,,bn254,4,original,11,4096,69,311722527
griffin,,goldilocks,8,single,8,131072,69,284062222
griffin,,goldilocks,12,single,8,131072,69,301452027
arion,,bls12_381,3,single,11,4096,69,341982803
arion,,bls12_381,4,single,10,4096,69,330153779
arion,,bn254,3,single,11,4096,69,333382131
arion,,bn254,4,single,10,4096,69,321213442
grendel,native,bls12_381,3,current,24,256,69,265494455
grendel,native,bls12_381,3,original,14,512,69,298435109
grendel,native,bls12_381,4,current,23,256,69,340678114
grendel,native,bls12_381,4,original,12,512,69,340368756
grendel,native,bn254,3,current,24,256,69,262852890
grendel,native,bn254,3,original,14,512,69,294577551
grendel,native,bn254,4,current,23,256,69,336977529
grendel,native,bn254,4,original,12,512,69,337551181
xhash,XHash8,goldilocks,12,single,6,32768,69,284397137
xhash,XHash12,goldilocks,12,single,6,32768,69,371462989
xhash,XHash16,mersenne31,24,single,6,32768,69,302466171
xhash,XHash24,mersenne31,24,single,6,32768,69,363180613
reinforced_concrete,,bls12_381,3,single,7,131072,69,242777667
reinforced_concrete,,bn254,3,single,7,131072,69,243814935
skyscraper,,bls12_381,4,single,18,262144,69,326072512
skyscraper,,bn254,4,single,18,262144,69,316833898
monolith,,goldilocks,8,single,6,1048576,69,265949736
monolith,,goldilocks,12,single,6,524288,69,207132700
monolith,,mersenne31,16,single,6,524288,69,215434543
monolith,,mersenne31,24,single,6,262144,69,219065729
polocolo,,bls12_381,3,single,6,1024,69,264745455
polocolo,,bls12_381,4,single,5,1024,69,293334929
polocolo,,bn254,3,single,6,1024,69,237197930
polocolo,,bn254,4,single,5,1024,69,264500068
tip4p,,goldilocks,12,single,5,262144,69,333229506
plain,sha256_compress,-,-,single,-,8388608,69,211803358
plain,keccak_f1600,-,-,single,-,524288,69,203992622
plain,blake2b_compress,-,-,single,-,2097152,69,241334069
plain,blake3_compress,-,-,single,-,4194304,69,273629677
gmimc,,bls12_381,3,single,228,16384,70,261680999
gmimc,,bls12_381,4,single,231,16384,70,266714686
gmimc,,bn254,3,single,228,16384,70,250484287
gmimc,,bn254,4,single,231,16384,70,254077843
gmimc,,goldilocks,8,single,68,524288,70,337555339
gmimc,,goldilocks,12,single,93,262144,70,236521076
gmimc,,mersenne31,16,single,158,262144,70,267469025
gmimc,,mersenne31,24,single,335,131072,70,319528735
gmimc,,koalabear,16,single,158,262144,70,306301407
gmimc,,koalabear,24,single,335,131072,70,329875118
gmimc,,babybear,16,single,158,131072,70,246793270
gmimc,,babybear,24,single,335,65536,70,259905391
gmimc2,alpha=8,bls12_381,3,single,63,32768,70,225521181
gmimc2,alpha=8,bls12_381,4,single,64,32768,70,229988077
gmimc2,alpha=8,bn254,3,single,63,32768,70,220662312
gmimc2,alpha=8,bn254,4,single,64,32768,70,224059189
gmimc2,alpha=4,goldilocks,8,single,88,262144,70,294487582
gmimc2,alpha=4,goldilocks,12,single,96,262144,70,362439598
gmimc2,alpha=2,mersenne31,16,single,176,65536,70,202206174
gmimc2,alpha=2,mersenne31,24,single,264,32768,70,224167912
gmimc2,alpha=2,koalabear,16,single,176,131072,70,291543881
gmimc2,alpha=2,koalabear,24,single,264,65536,70,234959097
gmimc2,alpha=2,babybear,16,single,176,131072,70,291207263
gmimc2,alpha=2,babybear,24,single,264,65536,70,242293091
poseidon,,bls12_381,3,single,8+56,16384,70,256322226
poseidon,,bls12_381,4,single,8+56,16384,70,381357999
poseidon,,bn254,3,single,8+56,16384,70,246293336
poseidon,,bn254,4,single,8+56,16384,70,369501874
poseidon,,goldilocks,8,single,8+22,131072,70,324156141
poseidon,,goldilocks,12,single,8+22,65536,70,309652620
poseidon,,mersenne31,16,single,8+14,65536,70,327237289
poseidon,,mersenne31,24,single,8+22,16384,70,228299653
poseidon,,koalabear,16,single,8+20,32768,70,252138067
poseidon,,koalabear,24,single,8+23,16384,70,303802598
poseidon,,babybear,16,single,8+13,32768,70,201913427
poseidon,,babybear,24,single,8+21,16384,70,289676071
poseidon2,,bls12_381,3,single,8+56,65536,70,317965102
poseidon2,,bls12_381,4,single,8+56,32768,70,286114877
poseidon2,,bn254,3,single,8+56,65536,70,311675640
poseidon2,,bn254,4,single,8+56,32768,70,274859004
poseidon2,,goldilocks,8,single,8+22,524288,70,392105231
poseidon2,,goldilocks,12,single,8+22,262144,70,273434021
poseidon2,,mersenne31,16,single,8+14,262144,70,253641757
poseidon2,,mersenne31,24,single,8+22,131072,70,211093562
poseidon2,,koalabear,16,single,8+20,262144,70,280076814
poseidon2,,koalabear,24,single,8+23,131072,70,203281313
poseidon2,,babybear,16,single,8+13,262144,70,307341521
poseidon2,,babybear,24,single,8+21,131072,70,248414159
neptune,,bls12_381,4,single,6+69,32768,70,325132435
neptune,,bn254,4,single,6+69,32768,70,314084320
neptune,,goldilocks,8,single,6+38,262144,70,319257197
neptune,,goldilocks,12,single,6+42,131072,70,304281773
psquarehash,,mersenne31,16,single,52,262144,70,244997084
psquarehash,,mersenne31,24,single,52,262144,70,356144635
psquarehash,,koalabear,16,single,52,262144,70,311902373
psquarehash,,koalabear,24,single,52,131072,70,231962918
psquarehash,,babybear,16,single,52,262144,70,312153743
psquarehash,,babybear,24,single,52,131072,70,233335994
rescue_prime,,bls12_381,3,current,16,1024,70,345372927
rescue_prime,,bls12_381,3,original,14,1024,70,302159298
rescue_prime,,bls12_381,4,current,13,1024,70,375484443
rescue_prime,,bls12_381,4,original,11,1024,70,317560626
rescue_prime,,bn254,3,current,16,1024,70,338340345
rescue_prime,,bn254,3,original,14,1024,70,295976534
rescue_prime,,bn254,4,current,13,1024,70,367949874
rescue_prime,,bn254,4,original,11,1024,70,311284789
rescue_prime,,goldilocks,8,single,8,16384,70,252812277
rescue_prime,,goldilocks,12,single,8,16384,70,395387274
rescue_prime,,mersenne31,16,single,8,16384,70,328294944
rescue_prime,,mersenne31,24,single,8,8192,70,265991153
rescue_prime,,koalabear,16,single,8,8192,70,225035073
rescue_prime,,koalabear,24,single,8,8192,70,364810718
rescue_prime,,babybear,16,single,8,8192,70,245100627
rescue_prime,,babybear,24,single,8,8192,70,394747549
anemoi,,bls12_381,4,current,20,1024,70,288141153
anemoi,,bls12_381,4,original,14,1024,70,203178251
anemoi,,bn254,4,current,20,1024,70,282987773
anemoi,,bn254,4,original,14,2048,70,396221212
anemoi,,goldilocks,8,single,11,32768,70,346539546
anemoi,,goldilocks,12,single,10,16384,70,238311040
anemoi,,mersenne31,16,single,10,32768,70,340534215
anemoi,,mersenne31,24,single,9,16384,70,240350621
anemoi,,koalabear,16,single,10,16384,70,245759718
anemoi,,koalabear,24,single,9,16384,70,344992155
anemoi,,babybear,16,single,9,16384,70,241019300
anemoi,,babybear,24,single,9,16384,70,374443699
griffin,,bls12_381,3,current,20,2048,70,285641362
griffin,,bls12_381,3,original,14,4096,70,400857215
griffin,,bls12_381,4,current,20,2048,70,288028061
griffin,,bls12_381,4,original,11,4096,70,317362015
griffin,,bn254,3,current,20,2048,70,281160519
griffin,,bn254,3,original,14,4096,70,393501179
griffin,,bn254,4,current,20,2048,70,283119369
griffin,,bn254,4,original,11,4096,70,311742885
griffin,,goldilocks,8,single,8,131072,70,284219004
griffin,,goldilocks,12,single,8,131072,70,301759280
arion,,bls12_381,3,single,11,4096,70,341971300
arion,,bls12_381,4,single,10,4096,70,330123351
arion,,bn254,3,single,11,4096,70,333351814
arion,,bn254,4,single,10,4096,70,321321063
grendel,native,bls12_381,3,current,24,256,70,264882632
grendel,native,bls12_381,3,original,14,512,70,299174901
grendel,native,bls12_381,4,current,23,256,70,340225918
grendel,native,bls12_381,4,original,12,512,70,340243261
grendel,native,bn254,3,current,24,256,70,262506853
grendel,native,bn254,3,original,14,512,70,294182601
grendel,native,bn254,4,current,23,256,70,337189976
grendel,native,bn254,4,original,12,512,70,337864396
xhash,XHash8,goldilocks,12,single,6,32768,70,284323589
xhash,XHash12,goldilocks,12,single,6,32768,70,371354686
xhash,XHash16,mersenne31,24,single,6,32768,70,302700078
xhash,XHash24,mersenne31,24,single,6,32768,70,364379262
reinforced_concrete,,bls12_381,3,single,7,131072,70,243120066
reinforced_concrete,,bn254,3,single,7,131072,70,243779829
skyscraper,,bls12_381,4,single,18,262144,70,326417807
skyscraper,,bn254,4,single,18,262144,70,317420915
monolith,,goldilocks,8,single,6,1048576,70,266512828
monolith,,goldilocks,12,single,6,524288,70,206397846
monolith,,mersenne31,16,single,6,524288,70,215364772
monolith,,mersenne31,24,single,6,262144,70,219224805
polocolo,,bls12_381,3,single,6,1024,70,264300674
polocolo,,bls12_381,4,single,5,1024,70,293363381
polocolo,,bn254,3,single,6,1024,70,237175138
polocolo,,bn254,4,single,5,1024,70,264319419
tip4p,,goldilocks,12,single,5,262144,70,334309273
plain,sha256_compress,-,-,single,-,8388608,70,211750128
plain,keccak_f1600,-,-,single,-,524288,70,203717037
plain,blake2b_compress,-,-,single,-,2097152,70,241625643
plain,blake3_compress,-,-,single,-,4194304,70,275213616
gmimc,,bls12_381,3,single,228,16384,71,262436290
gmimc,,bls12_381,4,single,231,16384,71,266835521
gmimc,,bn254,3,single,228,16384,71,250479668
gmimc,,bn254,4,single,231,16384,71,253663337
gmimc,,goldilocks,8,single,68,524288,71,337531725
gmimc,,goldilocks,12,single,93,262144,71,239909085
gmimc,,mersenne31,16,single,158,262144,71,268007992
gmimc,,mersenne31,24,single,335,131072,71,324789814
gmimc,,koalabear,16,single,158,262144,71,306270730
gmimc,,koalabear,24,single,335,131072,71,330200465
gmimc,,babybear,16,single,158,131072,71,246923183
gmimc,,babybear,24,single,335,65536,71,259812287
gmimc2,alpha=8,bls12_381,3,single,63,32768,71,225485023
gmimc2,alpha=8,bls12_381,4,single,64,32768,71,232014033
gmimc2,alpha=8,bn254,3,single,63,32768,71,220831588
gmimc2,alpha=8,bn254,4,single,64,32768,71,225440008
gmimc2,alpha=4,goldilocks,8,single,88,262144,71,294681003
gmimc2,alpha=4,goldilocks,12,single,96,262144,71,362020293
gmimc2,alpha=2,mersenne31,16,single,176,65536,71,202405517
gmimc2,alpha=2,mersenne31,24,single,264,32768,71,223924718
gmimc2,alpha=2,koalabear,16,single,176,131072,71,291347254
gmimc2,alpha=2,koalabear,24,single,264,65536,71,235906256
gmimc2,alpha=2,babybear,16,single,176,131072,71,291069755
gmimc2,alpha=2,babybear,24,single,264,65536,71,235368281
poseidon,,bls12_381,3,single,8+56,16384,71,255397468
poseidon,,bls12_381,4,single,8+56,16384,71,381020046
poseidon,,bn254,3,single,8+56,16384,71,246085597
poseidon,,bn254,4,single,8+56,16384,71,369433777
poseidon,,goldilocks,8,single,8+22,131072,71,324445551
poseidon,,goldilocks,12,single,8+22,65536,71,309678878
poseidon,,mersenne31,16,single,8+14,65536,71,324864003
poseidon,,mersenne31,24,single,8+22,16384,71,227100882
poseidon,,koalabear,16,single,8+20,32768,71,253564783
poseidon,,koalabear,24,single,8+23,16384,71,304168411
poseidon,,babybear,16,single,8+13,32768,71,201841813
poseidon,,babybear,24,single,8+21,16384,71,289291202
poseidon2,,bls12_381,3,single,8+56,65536,71,317930286
poseidon2,,bls12_381,4,single,8+56,32768,71,287139260
poseidon2,,bn254,3,single,8+56,65536,71,311851177
poseidon2,,bn254,4,single,8+56,32768,71,275281203
poseidon2,,goldilocks,8,single,8+22,524288,71,392153441
poseidon2,,goldilocks,12,single,8+22,262144,71,273417790
poseidon2,,mersenne31,16,single,8+14,262144,71,254759485
poseidon2,,mersenne31,24,single,8+22,131072,71,210975861
poseidon2,,koalabear,16,single,8+20,262144,71,283044930
poseidon2,,koalabear,24,single,8+23,131072,71,202302504
poseidon2,,babybear,16,single,8+13,262144,71,308273762
poseidon2,,babybear,24,single,8+21,131072,71,248618069
neptune,,bls12_381,4,single,6+69,32768,71,325174373
neptune,,bn254,4,single,6+69,32768,71,314153309
neptune,,goldilocks,8,single,6+38,262144,71,319397218
neptune,,goldilocks,12,single,6+42,131072,71,304443254
psquarehash,,mersenne31,16,single,52,262144,71,245045504
psquarehash,,mersenne31,24,single,52,262144,71,356362972
psquarehash,,koalabear,16,single,52,262144,71,313118735
psquarehash,,koalabear,24,single,52,131072,71,233166997
psquarehash,,babybear,16,single,52,262144,71,310203638
psquarehash,,babybear,24,single,52,131072,71,232499781
rescue_prime,,bls12_381,3,current,16,1024,71,344730505
rescue_prime,,bls12_381,3,original,14,1024,71,301698636
rescue_prime,,bls12_381,4,current,13,1024,71,375392651
rescue_prime,,bls12_381,4,original,11,1024,71,317492389
rescue_prime,,bn254,3,current,16,1024,71,338319977
rescue_prime,,bn254,3,original,14,1024,71,296138346
rescue_prime,,bn254,4,current,13,1024,71,368212585
rescue_prime,,bn254,4,original,11,1024,71,311598345
rescue_prime,,goldilocks,8,single,8,16384,71,252977295
rescue_prime,,goldilocks,12,single,8,16384,71,394714556
rescue_prime,,mersenne31,16,single,8,16384,71,331420855
rescue_prime,,mersenne31,24,single,8,8192,71,266120565
rescue_prime,,koalabear,16,single,8,8192,71,224605810
rescue_prime,,koalabear,24,single,8,8192,71,364260008
rescue_prime,,babybear,16,single,8,8192,71,245127597
rescue_prime,,babybear,24,single,8,8192,71,394261830
anemoi,,bls12_381,4,current,20,1024,71,288227303
anemoi,,bls12_381,4,original,14,1024,71,201817708
anemoi,,bn254,4,current,20,1024,71,283283595
anemoi,,bn254,4,original,14,2048,71,396735002
anemoi,,goldilocks,8,single,11,32768,71,346563741
anemoi,,goldilocks,12,single,10,16384,71,238345163
anemoi,,mersenne31,16,single,10,32768,71,341400613
anemoi,,mersenne31,24,single,9,16384,71,240652695
anemoi,,koalabear,16,single,10,16384,71,245984178
anemoi,,koalabear,24,single,9,16384,71,345068016
anemoi,,babybear,16,single,9,16384,71,241440437
anemoi,,babybear,24,single,9,16384,71,374138036
griffin,,bls12_381,3,current,20,2048,71,285806871
griffin,,bls12_381,3,original,14,4096,71,400021282
griffin,,bls12_381,4,current,20,2048,71,287919598
griffin,,bls12_381,4,original,11,4096,71,316790657
griffin,,bn254,3,current,20,2048,71,281037168
griffin,,bn254,3,original,14,4096,71,393389810
griffin,,bn254,4,current,20,2048,71,282997401
griffin,,bn254,4,original,11,4096,71,311828004
griffin,,goldilocks,8,single,8,131072,71,284089020
griffin,,goldilocks,12,single,8,131072,71,301640267
arion,,bls12_381,3,single,11,4096,71,342766485
arion,,bls12_381,4,single,10,4096,71,330080129
arion,,bn254,3,single,11,4096,71,333528464
arion,,bn254,4,single,10,4096,71,321408966
grendel,native,bls12_381,3,current,24,256,71,265756965
grendel,native,bls12_381,3,original,14,512,71,298437572
grendel,native,bls12_381,4,current,23,256,71,340929343
grendel,native,bls12_381,4,original,12,512,71,340967704
grendel,native,bn254,3,current,24,256,71,262614833
grendel,native,bn254,3,original,14,512,71,294292447
grendel,native,bn254,4,current,23,256,71,337125003
grendel,native,bn254,4,original,12,512,71,337007525
xhash,XHash8,goldilocks,12,single,6,32768,71,284502192
xhash,XHash12,goldilocks,12,single,6,32768,71,371452999
xhash,XHash16,mersenne31,24,single,6,32768,71,302286695
xhash,XHash24,mersenne31,24,single,6,32768,71,363888594
reinforced_concrete,,bls12_381,3,single,7,131072,71,242726871
reinforced_concrete,,bn254,3,single,7,131072,71,243925671
skyscraper,,bls12_381,4,single,18,262144,71,325990969
skyscraper,,bn254,4,single,18,262144,71,317284259
monolith,,goldilocks,8,single,6,1048576,71,266170388
monolith,,goldilocks,12,single,6,524288,71,205822902
monolith,,mersenne31,16,single,6,524288,71,215577359
monolith,,mersenne31,24,single,6,262144,71,219417064
polocolo,,bls12_381,3,single,6,1024,71,263836446
polocolo,,bls12_381,4,single,5,1024,71,294752175
polocolo,,bn254,3,single,6,1024,71,237218398
polocolo,,bn254,4,single,5,1024,71,264327774
tip4p,,goldilocks,12,single,5,262144,71,333560002
plain,sha256_compress,-,-,single,-,8388608,71,211837570
plain,keccak_f1600,-,-,single,-,524288,71,204033007
plain,blake2b_compress,-,-,single,-,2097152,71,241600416
plain,blake3_compress,-,-,single,-,4194304,71,273598598
gmimc,,bls12_381,3,single,228,16384,72,262243449
gmimc,,bls12_381,4,single,231,16384,72,269555162
gmimc,,bn254,3,single,228,16384,72,251897507
gmimc,,bn254,4,single,231,16384,72,257417282
gmimc,,goldilocks,8,single,68,524288,72,337631710
gmimc,,goldilocks,12,single,93,262144,72,236196217
gmimc,,mersenne31,16,single,158,262144,72,269766347
gmimc,,mersenne31,24,single,335,131072,72,318898035
gmimc,,koalabear,16,single,158,262144,72,306396203
gmimc,,koalabear,24,single,335,131072,72,336747448
gmimc,,babybear,16,single,158,131072,72,246936407
gmimc,,babybear,24,single,335,65536,72,260049360
gmimc2,alpha=8,bls12_381,3,single,63,32768,72,225476246
gmimc2,alpha=8,bls12_381,4,single,64,32768,72,231798450
gmimc2,alpha=8,bn254,3,single,63,32768,72,220828922
gmimc2,alpha=8,bn254,4,single,64,32768,72,225439167
gmimc2,alpha=4,goldilocks,8,single,88,262144,72,294600522
gmimc2,alpha=4,goldilocks,12,single,96,262144,72,365582780
gmimc2,alpha=2,mersenne31,16,single,176,65536,72,202302334
gmimc2,alpha=2,mersenne31,24,single,264,32768,72,223989649
gmimc2,alpha=2,koalabear,16,single,176,131072,72,291803846
gmimc2,alpha=2,koalabear,24,single,264,65536,72,234966750
gmimc2,alpha=2,babybear,16,single,176,131072,72,291237308
gmimc2,alpha=2,babybear,24,single,264,65536,72,237133028
poseidon,,bls12_381,3,single,8+56,16384,72,256478227
poseidon,,bls12_381,4,single,8+56,16384,72,382182388
poseidon,,bn254,3,single,8+56,16384,72,246439619
poseidon,,bn254,4,single,8+56,16384,72,370533871
poseidon,,goldilocks,8,single,8+22,131072,72,324152563
poseidon,,goldilocks,12,single,8+22,65536,72,310030325
poseidon,,mersenne31,16,single,8+14,65536,72,324000208
poseidon,,mersenne31,24,single,8+22,16384,72,227688841
poseidon,,koalabear,16,single,8+20,32768,72,253759045
poseidon,,koalabear,24,single,8+23,16384,72,304225488
poseidon,,babybear,16,single,8+13,32768,72,202185475
poseidon,,babybear,24,single,8+21,16384,72,289297914
poseidon2,,bls12_381,3,single,8+56,65536,72,317977484
poseidon2,,bls12_381,4,single,8+56,32768,72,287445753
poseidon2,,bn254,3,single,8+56,65536,72,311606740
poseidon2,,bn254,4,single,8+56,32768,72,275056452
poseidon2,,goldilocks,8,single,8+22,524288,72,391722875
poseidon2,,goldilocks,12,single,8+22,262144,72,273411618
poseidon2,,mersenne31,16,single,8+14,262144,72,253700026
poseidon2,,mersenne31,24,single,8+22,131072,72,211499388
poseidon2,,koalabear,16,single,8+20,262144,72,280767744
poseidon2,,koalabear,24,single,8+23,131072,72,204410833
poseidon2,,babybear,16,single,8+13,262144,72,307909411
poseidon2,,babybear,24,single,8+21,131072,72,250611333
neptune,,bls12_381,4,single,6+69,32768,72,325364618
neptune,,bn254,4,single,6+69,32768,72,316012072
neptune,,goldilocks,8,single,6+38,262144,72,319528853
neptune,,goldilocks,12,single,6+42,131072,72,304215579
psquarehash,,mersenne31,16,single,52,262144,72,245042037
psquarehash,,mersenne31,24,single,52,262144,72,356297379
psquarehash,,koalabear,16,single,52,262144,72,313111361
psquarehash,,koalabear,24,single,52,131072,72,231607102
psquarehash,,babybear,16,single,52,262144,72,311796284
psquarehash,,babybear,24,single,52,131072,72,233012979
rescue_prime,,bls12_381,3,current,16,1024,72,345070470
rescue_prime,,bls12_381,3,original,14,1024,72,301782282
rescue_prime,,bls12_381,4,current,13,1024,72,375963938
rescue_prime,,bls12_381,4,original,11,1024,72,318024752
rescue_prime,,bn254,3,current,16,1024,72,338311811
rescue_prime,,bn254,3,original,14,1024,72,296199179
rescue_prime,,bn254,4,current,13,1024,72,366879232
rescue_prime,,bn254,4,original,11,1024,72,310431013
rescue_prime,,goldilocks,8,single,8,16384,72,252837824
rescue_prime,,goldilocks,12,single,8,16384,72,394480879
rescue_prime,,mersenne31,16,single,8,16384,72,330425866
rescue_prime,,mersenne31,24,single,8,8192,72,265673369
rescue_prime,,koalabear,16,single,8,8192,72,224130912
rescue_prime,,koalabear,24,single,8,8192,72,363509306
rescue_prime,,babybear,16,single,8,8192,72,245148466
rescue_prime,,babybear,24,single,8,8192,72,395814551
anemoi,,bls12_381,4,current,20,1024,72,289441422
anemoi,,bls12_381,4,original,14,1024,72,202160298
anemoi,,bn254,4,current,20,1024,72,282875973
anemoi,,bn254,4,original,14,2048,72,396133958
anemoi,,goldilocks,8,single,11,32768,72,347009123
anemoi,,goldilocks,12,single,10,16384,72,238255755
anemoi,,mersenne31,16,single,10,32768,72,343967710
anemoi,,mersenne31,24,single,9,16384,72,240951964
anemoi,,koalabear,16,single,10,16384,72,247047965
anemoi,,koalabear,24,single,9,16384,72,344958211
anemoi,,babybear,16,single,9,16384,72,241893563
anemoi,,babybear,24,single,9,16384,72,374133898
griffin,,bls12_381,3,current,20,2048,72,286486390
griffin,,bls12_381,3,original,14,4096,72,400385392
griffin,,bls12_381,4,current,20,2048,72,287906594
griffin,,bls12_381,4,original,11,4096,72,318072772
griffin,,bn254,3,current,20,2048,72,280967607
griffin,,bn254,3,original,14,4096,72,393524241
griffin,,bn254,4,current,20,2048,72,282976131
griffin,,bn254,4,original,11,4096,72,311764615
griffin,,goldilocks,8,single,8,131072,72,284416673
griffin,,goldilocks,12,single,8,131072,72,301272779
arion,,bls12_381,3,single,11,4096,72,343176932
arion,,bls12_381,4,single,10,4096,72,330156432
arion,,bn254,3,single,11,4096,72,333453432
arion,,bn254,4,single,10,4096,72,321239560
grendel,native,bls12_381,3,current,24,256,72,264947632
grendel,native,bls12_381,3,original,14,512,72,298367631
grendel,native,bls12_381,4,current,23,256,72,340650361
grendel,native,bls12_381,4,original,12,512,72,340376529
grendel,native,bn254,3,current,24,256,72,262476414
grendel,native,bn254,3,original,14,512,72,293508651
grendel,native,bn254,4,current,23,256,72,336850981
grendel,native,bn254,4,original,12,512,72,337355825
xhash,XHash8,goldilocks,12,single,6,32768,72,284296798
xhash,XHash12,goldilocks,12,single,6,32768,72,371360155
xhash,XHash16,mersenne31,24,single,6,32768,72,302070029
xhash,XHash24,mersenne31,24,single,6,32768,72,364623677
reinforced_concrete,,bls12_381,3,single,7,131072,72,243242093
reinforced_concrete,,bn254,3,single,7,131072,72,244242001
skyscraper,,bls12_381,4,single,18,262144,72,326422063
skyscraper,,bn254,4,single,18,262144,72,317455699
monolith,,goldilocks,8,single,6,1048576,72,266577688
monolith,,goldilocks,12,single,6,524288,72,206161725
monolith,,mersenne31,16,single,6,524288,72,215265847
monolith,,mersenne31,24,single,6,262144,72,219212030
polocolo,,bls12_381,3,single,6,1024,72,264365234
polocolo,,bls12_381,4,single,5,1024,72,293360665
polocolo,,bn254,3,single,6,1024,72,237192258
polocolo,,bn254,4,single,5,1024,72,264319799
tip4p,,goldilocks,12,single,5,262144,72,333368123
plain,sha256_compress,-,-,single,-,8388608,72,211800150
plain,keccak_f1600,-,-,single,-,524288,72,204038497
plain,blake2b_compress,-,-,single,-,2097152,72,241718306
plain,blake3_compress,-,-,single,-,4194304,72,270994121
gmimc,,bls12_381,3,single,228,16384,73,262232589
gmimc,,bls12_381,4,single,231,16384,73,266877298
gmimc,,bn254,3,single,228,16384,73,250673810
gmimc,,bn254,4,single,231,16384,73,253855425
gmimc,,goldilocks,8,single,68,524288,73,337424172
gmimc,,goldilocks,12,single,93,262144,73,235703236
gmimc,,mersenne31,16,single,158,262144,73,269217972
gmimc,,mersenne31,24,single,335,131072,73,316001862
gmimc,,koalabear,16,single,158,262144,73,306381666
gmimc,,koalabear,24,single,335,131072,73,333929683
gmimc,,babybear,16,single,158,131072,73,246857629
gmimc,,babybear,24,single,335,65536,73,260044741
gmimc2,alpha=8,bls12_381,3,single,63,32768,73,225490092
gmimc2,alpha=8,bls12_381,4,single,64,32768,73,230181167
gmimc2,alpha=8,bn254,3,single,63,32768,73,220652562
gmimc2,alpha=8,bn254,4,single,64,32768,73,224153835
gmimc2,alpha=4,goldilocks,8,single,88,262144,73,294769818
gmimc2,alpha=4,goldilocks,12,single,96,262144,73,363448111
gmimc2,alpha=2,mersenne31,16,single,176,65536,73,202396990
gmimc2,alpha=2,mersenne31,24,single,264,32768,73,224043227
gmimc2,alpha=2,koalabear,16,single,176,131072,73,291771686
gmimc2,alpha=2,koalabear,24,single,264,65536,73,236114664
gmimc2,alpha=2,babybear,16,single,176,131072,73,291201841
gmimc2,alpha=2,babybear,24,single,264,65536,73,235601566
poseidon,,bls12_381,3,single,8+56,16384,73,256263074
poseidon,,bls12_381,4,single,8+56,16384,73,381221883
poseidon,,bn254,3,single,8+56,16384,73,246562878
poseidon,,bn254,4,single,8+56,16384,73,369691828
poseidon,,goldilocks,8,single,8+22,131072,73,324936327
poseidon,,goldilocks,12,single,8+22,65536,73,310069908
poseidon,,mersenne31,16,single,8+14,65536,73,322984090
poseidon,,mersenne31,24,single,8+22,16384,73,229031719
poseidon,,koalabear,16,single,8+20,32768,73,252857932
poseidon,,koalabear,24,single,8+23,16384,73,304559370
poseidon,,babybear,16,single,8+13,32768,73,201690480
poseidon,,babybear,24,single,8+21,16384,73,289301370
poseidon2,,bls12_381,3,single,8+56,65536,73,318018571
poseidon2,,bls12_381,4,single,8+56,32768,73,286366345
poseidon2,,bn254,3,single,8+56,65536,73,311680357
poseidon2,,bn254,4,single,8+56,32768,73,274829949
poseidon2,,goldilocks,8,single,8+22,524288,73,391736390
poseidon2,,goldilocks,12,single,8+22,262144,73,273366634
poseidon2,,mersenne31,16,single,8+14,262144,73,253748525
poseidon2,,mersenne31,24,single,8+22,131072,73,211360348
poseidon2,,koalabear,16,single,8+20,262144,73,280649493
poseidon2,,koalabear,24,single,8+23,131072,73,207404016
poseidon2,,babybear,16,single,8+13,262144,73,308238085
poseidon2,,babybear,24,single,8+21,131072,73,249007636
neptune,,bls12_381,4,single,6+69,32768,73,325136130
neptune,,bn254,4,single,6+69,32768,73,313698298
neptune,,goldilocks,8,single,6+38,262144,73,319193115
neptune,,goldilocks,12,single,6+42,131072,73,303506985
psquarehash,,mersenne31,16,single,52,262144,73,244979239
psquarehash,,mersenne31,24,single,52,262144,73,356398858
psquarehash,,koalabear,16,single,52,262144,73,312898824
psquarehash,,koalabear,24,single,52,131072,73,232929973
psquarehash,,babybear,16,single,52,262144,73,311592532
psquarehash,,babybear,24,single,52,131072,73,232124098
rescue_prime,,bls12_381,3,current,16,1024,73,345146241
rescue_prime,,bls12_381,3,original,14,1024,73,301778314
rescue_prime,,bls12_381,4,current,13,1024,73,375377782
rescue_prime,,bls12_381,4,original,11,1024,73,317559943
rescue_prime,,bn254,3,current,16,1024,73,338490625
rescue_prime,,bn254,3,original,14,1024,73,296149917
rescue_prime,,bn254,4,current,13,1024,73,368021456
rescue_prime,,bn254,4,original,11,1024,73,311370989
rescue_prime,,goldilocks,8,single,8,16384,73,252829488
rescue_prime,,goldilocks,12,single,8,16384,73,394588489
rescue_prime,,mersenne31,16,single,8,16384,73,329684209
rescue_prime,,mersenne31,24,single,8,8192,73,266169294
rescue_prime,,koalabear,16,single,8,8192,73,223936408
rescue_prime,,koalabear,24,single,8,8192,73,364793234
rescue_prime,,babybear,16,single,8,8192,73,245131744
rescue_prime,,babybear,24,single,8,8192,73,395571196
anemoi,,bls12_381,4,current,20,1024,73,288066412
anemoi,,bls12_381,4,original,14,1024,73,202832183
anemoi,,bn254,4,current,20,1024,73,282934232
anemoi,,bn254,4,original,14,2048,73,396209969
anemoi,,goldilocks,8,single,11,32768,73,346788219
anemoi,,goldilocks,12,single,10,16384,73,238323462
anemoi,,mersenne31,16,single,10,32768,73,341980967
anemoi,,mersenne31,24,single,9,16384,73,240489670
anemoi,,koalabear,16,single,10,16384,73,245944021
anemoi,,koalabear,24,single,9,16384,73,344881397
anemoi,,babybear,16,single,9,16384,73,241268025
anemoi,,babybear,24,single,9,16384,73,374039972
griffin,,bls12_381,3,current,20,2048,73,285631812
griffin,,bls12_381,3,original,14,4096,73,401537494
griffin,,bls12_381,4,current,20,2048,73,287920980
griffin,,bls12_381,4,original,11,4096,73,316646918
griffin,,bn254,3,current,20,2048,73,280952328
griffin,,bn254,3,original,14,4096,73,393221965
griffin,,bn254,4,current,20,2048,73,282898836
griffin,,bn254,4,original,11,4096,73,311724148
griffin,,goldilocks,8,single,8,131072,73,284599844
griffin,,goldilocks,12,single,8,131072,73,301750522
arion,,bls12_381,3,single,11,4096,73,341988851
arion,,bls12_381,4,single,10,4096,73,330749479
arion,,bn254,3,single,11,4096,73,333351461
arion,,bn254,4,single,10,4096,73,321211326
grendel,native,bls12_381,3,current,24,256,73,265659021
grendel,native,bls12_381,3,original,14,512,73,298054045
grendel,native,bls12_381,4,current,23,256,73,340643567
grendel,native,bls12_381,4,original,12,512,73,340257255
grendel,native,bn254,3,current,24,256,73,263143692
grendel,native,bn254,3,original,14,512,73,293604380
grendel,native,bn254,4,current,23,256,73,338021909
grendel,native,bn254,4,original,12,512,73,337020938
xhash,XHash8,goldilocks,12,single,6,32768,73,284365265
xhash,XHash12,goldilocks,12,single,6,32768,73,371695722
xhash,XHash16,mersenne31,24,single,6,32768,73,302044321
xhash,XHash24,mersenne31,24,single,6,32768,73,363409708
reinforced_concrete,,bls12_381,3,single,7,131072,73,242612997
reinforced_concrete,,bn254,3,single,7,131072,73,243927643
skyscraper,,bls12_381,4,single,18,262144,73,326649428
skyscraper,,bn254,4,single,18,262144,73,317404042
monolith,,goldilocks,8,single,6,1048576,73,266650964
monolith,,goldilocks,12,single,6,524288,73,206289794
monolith,,mersenne31,16,single,6,524288,73,215200985
monolith,,mersenne31,24,single,6,262144,73,219142911
polocolo,,bls12_381,3,single,6,1024,73,264552624
polocolo,,bls12_381,4,single,5,1024,73,293555328
polocolo,,bn254,3,single,6,1024,73,237176499
polocolo,,bn254,4,single,5,1024,73,264307797
tip4p,,goldilocks,12,single,5,262144,73,333195109
plain,sha256_compress,-,-,single,-,8388608,73,211776907
plain,keccak_f1600,-,-,single,-,524288,73,203873199
plain,blake2b_compress,-,-,single,-,2097152,73,241406754
plain,blake3_compress,-,-,single,-,4194304,73,273035605
gmimc,,bls12_381,3,single,228,16384,74,261681699
gmimc,,bls12_381,4,single,231,16384,74,266535308
gmimc,,bn254,3,single,228,16384,74,250456734
gmimc,,bn254,4,single,231,16384,74,253872827
gmimc,,goldilocks,8,single,68,524288,74,337481438
gmimc,,goldilocks,12,single,93,262144,74,235600423
gmimc,,mersenne31,16,single,158,262144,74,271936311
gmimc,,mersenne31,24,single,335,131072,74,320674062
gmimc,,koalabear,16,single,158,262144,74,306059603
gmimc,,koalabear,24,single,335,131072,74,329754129
gmimc,,babybear,16,single,158,131072,74,246804390
gmimc,,babybear,24,single,335,65536,74,259989527
gmimc2,alpha=8,bls12_381,3,single,63,32768,74,225356131
gmimc2,alpha=8,bls12_381,4,single,64,32768,74,231923592
gmimc2,alpha=8,bn254,3,single,63,32768,74,220654736
gmimc2,alpha=8,bn254,4,single,64,32768,74,225369676
gmimc2,alpha=4,goldilocks,8,single,88,262144,74,294507467
gmimc2,alpha=4,goldilocks,12,single,96,262144,74,363078940
gmimc2,alpha=2,mersenne31,16,single,176,65536,74,202445501
gmimc2,alpha=2,mersenne31,24,single,264,32768,74,224234435
gmimc2,alpha=2,koalabear,16,single,176,131072,74,291403908
gmimc2,alpha=2,koalabear,24,single,264,65536,74,234054465
gmimc2,alpha=2,babybear,16,single,176,131072,74,290992228
gmimc2,alpha=2,babybear,24,single,264,65536,74,236041127
poseidon,,bls12_381,3,single,8+56,16384,74,255157728
poseidon,,bls12_381,4,single,8+56,16384,74,380788191
poseidon,,bn254,3,single,8+56,16384,74,245871656
poseidon,,bn254,4,single,8+56,16384,74,369574458
poseidon,,goldilocks,8,single,8+22,131072,74,324666262
poseidon,,goldilocks,12,single,8+22,65536,74,309867909
poseidon,,mersenne31,16,single,8+14,65536,74,325374495
poseidon,,mersenne31,24,single,8+22,16384,74,227238598
poseidon,,koalabear,16,single,8+20,32768,74,253653367
poseidon,,koalabear,24,single,8+23,16384,74,304568156
poseidon,,babybear,16,single,8+13,32768,74,204538631
poseidon,,babybear,24,single,8+21,16384,74,290450837
poseidon2,,bls12_381,3,single,8+56,65536,74,320081295
poseidon2,,bls12_381,4,single,8+56,32768,74,287997864
poseidon2,,bn254,3,single,8+56,65536,74,311917890
poseidon2,,bn254,4,single,8+56,32768,74,275461748
poseidon2,,goldilocks,8,single,8+22,524288,74,393173434
poseidon2,,goldilocks,12,single,8+22,262144,74,274512564
poseidon2,,mersenne31,16,single,8+14,262144,74,254174440
poseidon2,,mersenne31,24,single,8+22,131072,74,211280740
poseidon2,,koalabear,16,single,8+20,262144,74,280966114
poseidon2,,koalabear,24,single,8+23,131072,74,205171805
poseidon2,,babybear,16,single,8+13,262144,74,308498611
poseidon2,,babybear,24,single,8+21,131072,74,248786874
neptune,,bls12_381,4,single,6+69,32768,74,325660270
neptune,,bn254,4,single,6+69,32768,74,313955578
neptune,,goldilocks,8,single,6+38,262144,74,319078611
neptune,,goldilocks,12,single,6+42,131072,74,304390335
psquarehash,,mersenne31,16,single,52,262144,74,245175445
psquarehash,,mersenne31,24,single,52,262144,74,356323707
psquarehash,,koalabear,16,single,52,262144,74,312766215
psquarehash,,koalabear,24,single,52,131072,74,233020913
psquarehash,,babybear,16,single,52,262144,74,311271713
psquarehash,,babybear,24,single,52,131072,74,231159565
rescue_prime,,bls12_381,3,current,16,1024,74,345214679
rescue_prime,,bls12_381,3,original,14,1024,74,301824118
rescue_prime,,bls12_381,4,current,13,1024,74,375276272
rescue_prime,,bls12_381,4,original,11,1024,74,317704954
rescue_prime,,bn254,3,current,16,1024,74,338629594
rescue_prime,,bn254,3,original,14,1024,74,296245525
rescue_prime,,bn254,4,current,13,1024,74,368273506
rescue_prime,,bn254,4,original,11,1024,74,311522121
rescue_prime,,goldilocks,8,single,8,16384,74,252977675
rescue_prime,,goldilocks,12,single,8,16384,74,395131372
rescue_prime,,mersenne31,16,single,8,16384,74,330068667
rescue_prime,,mersenne31,24,single,8,8192,74,265841151
rescue_prime,,koalabear,16,single,8,8192,74,224724641
rescue_prime,,koalabear,24,single,8,8192,74,364368961
rescue_prime,,babybear,16,single,8,8192,74,245154526
rescue_prime,,babybear,24,single,8,8192,74,394991191
anemoi,,bls12_381,4,current,20,1024,74,288220179
anemoi,,bls12_381,4,original,14,1024,74,201877970
anemoi,,bn254,4,current,20,1024,74,283205197
anemoi,,bn254,4,original,14,2048,74,396501934
anemoi,,goldilocks,8,single,11,32768,74,346641024
anemoi,,goldilocks,12,single,10,16384,74,238135911
anemoi,,mersenne31,16,single,10,32768,74,341229361
anemoi,,mersenne31,24,single,9,16384,74,240594204
anemoi,,koalabear,16,single,10,16384,74,245378545
anemoi,,koalabear,24,single,9,16384,74,344646988
anemoi,,babybear,16,single,9,16384,74,240810890
anemoi,,babybear,24,single,9,16384,74,374114080
griffin,,bls12_381,3,current,20,2048,74,285636701
griffin,,bls12_381,3,original,14,4096,74,400894172
griffin,,bls12_381,4,current,20,2048,74,288111225
griffin,,bls12_381,4,original,11,4096,74,316764576
griffin,,bn254,3,current,20,2048,74,280959582
griffin,,bn254,3,original,14,4096,74,393313456
griffin,,bn254,4,current,20,2048,74,282959289
griffin,,bn254,4,original,11,4096,74,314334466
griffin,,goldilocks,8,single,8,131072,74,284717955
griffin,,goldilocks,12,single,8,131072,74,302156269
arion,,bls12_381,3,single,11,4096,74,342085661
arion,,bls12_381,4,single,10,4096,74,331260965
arion,,bn254,3,single,11,4096,74,333639659
arion,,bn254,4,single,10,4096,74,321300533
grendel,native,bls12_381,3,current,24,256,74,264812328
grendel,native,bls12_381,3,original,14,512,74,297843570
grendel,native,bls12_381,4,current,23,256,74,341008008
grendel,native,bls12_381,4,original,12,512,74,339415903
grendel,native,bn254,3,current,24,256,74,263838328
grendel,native,bn254,3,original,14,512,74,293777633
grendel,native,bn254,4,current,23,256,74,337397651
grendel,native,bn254,4,original,12,512,74,338064077
xhash,XHash8,goldilocks,12,single,6,32768,74,284763880
xhash,XHash12,goldilocks,12,single,6,32768,74,371005030
xhash,XHash16,mersenne31,24,single,6,32768,74,302588277
xhash,XHash24,mersenne31,24,single,6,32768,74,366055542
reinforced_concrete,,bls12_381,3,single,7,131072,74,242768557
reinforced_concrete,,bn254,3,single,7,131072,74,243317863
skyscraper,,bls12_381,4,single,18,262144,74,326118476
skyscraper,,bn254,4,single,18,262144,74,317536889
monolith,,goldilocks,8,single,6,1048576,74,266828816
monolith,,goldilocks,12,single,6,524288,74,206785900
monolith,,mersenne31,16,single,6,524288,74,215657427
monolith,,mersenne31,24,single,6,262144,74,218961542
polocolo,,bls12_381,3,single,6,1024,74,264622765
polocolo,,bls12_381,4,single,5,1024,74,293479546
polocolo,,bn254,3,single,6,1024,74,237179183
polocolo,,bn254,4,single,5,1024,74,264298789
tip4p,,goldilocks,12,single,5,262144,74,333713878
plain,sha256_compress,-,-,single,-,8388608,74,211786184
plain,keccak_f1600,-,-,single,-,524288,74,203718328
plain,blake2b_compress,-,-,single,-,2097152,74,241494176
plain,blake3_compress,-,-,single,-,4194304,74,273178301
gmimc,,bls12_381,3,single,228,16384,75,261762930
gmimc,,bls12_381,4,single,231,16384,75,269994502
gmimc,,bn254,3,single,228,16384,75,250738440
gmimc,,bn254,4,single,231,16384,75,257942452
gmimc,,goldilocks,8,single,68,524288,75,337374678
gmimc,,goldilocks,12,single,93,262144,75,235864447
gmimc,,mersenne31,16,single,158,262144,75,268558879
gmimc,,mersenne31,24,single,335,131072,75,321107902
gmimc,,koalabear,16,single,158,262144,75,306461715
gmimc,,koalabear,24,single,335,131072,75,329235250
gmimc,,babybear,16,single,158,131072,75,246882405
gmimc,,babybear,24,single,335,65536,75,260404282
gmimc2,alpha=8,bls12_381,3,single,63,32768,75,225741540
gmimc2,alpha=8,bls12_381,4,single,64,32768,75,231929093
gmimc2,alpha=8,bn254,3,single,63,32768,75,221068058
gmimc2,alpha=8,bn254,4,single,64,32768,75,225722656
gmimc2,alpha=4,goldilocks,8,single,88,262144,75,294865515
gmimc2,alpha=4,goldilocks,12,single,96,262144,75,361806843
gmimc2,alpha=2,mersenne31,16,single,176,65536,75,202309666
gmimc2,alpha=2,mersenne31,24,single,264,32768,75,224052504
gmimc2,alpha=2,koalabear,16,single,176,131072,75,291642974
gmimc2,alpha=2,koalabear,24,single,264,65536,75,234903420
gmimc2,alpha=2,babybear,16,single,176,131072,75,291710200
gmimc2,alpha=2,babybear,24,single,264,65536,75,235735725
poseidon,,bls12_381,3,single,8+56,16384,75,256078288
poseidon,,bls12_381,4,single,8+56,16384,75,382418217
poseidon,,bn254,3,single,8+56,16384,75,246883376
poseidon,,bn254,4,single,8+56,16384,75,370779839
poseidon,,goldilocks,8,single,8+22,131072,75,324521992
poseidon,,goldilocks,12,single,8+22,65536,75,309499230
poseidon,,mersenne31,16,single,8+14,65536,75,326146848
poseidon,,mersenne31,24,single,8+22,16384,75,226831688
poseidon,,koalabear,16,single,8+20,32768,75,253166787
poseidon,,koalabear,24,single,8+23,16384,75,304129987
poseidon,,babybear,16,single,8+13,32768,75,201410305
poseidon,,babybear,24,single,8+21,16384,75,289549712
poseidon2,,bls12_381,3,single,8+56,65536,75,317943720
poseidon2,,bls12_381,4,single,8+56,32768,75,287450219
poseidon2,,bn254,3,single,8+56,65536,75,311587883
poseidon2,,bn254,4,single,8+56,32768,75,275243360
poseidon2,,goldilocks,8,single,8+22,524288,75,391824504
poseidon2,,goldilocks,12,single,8+22,262144,75,273550666
poseidon2,,mersenne31,16,single,8+14,262144,75,253891863
poseidon2,,mersenne31,24,single,8+22,131072,75,211189339
poseidon2,,koalabear,16,single,8+20,262144,75,281131884
poseidon2,,koalabear,24,single,8+23,131072,75,202980439
poseidon2,,babybear,16,single,8+13,262144,75,307711129
poseidon2,,babybear,24,single,8+21,131072,75,248544020
neptune,,bls12_381,4,single,6+69,32768,75,325362553
neptune,,bn254,4,single,6+69,32768,75,315801487
neptune,,goldilocks,8,single,6+38,262144,75,319359585
neptune,,goldilocks,12,single,6+42,131072,75,303670519
psquarehash,,mersenne31,16,single,52,262144,75,244752114
psquarehash,,mersenne31,24,single,52,262144,75,356469088
psquarehash,,koalabear,16,single,52,262144,75,312888093
psquarehash,,koalabear,24,single,52,131072,75,234861191
psquarehash,,babybear,16,single,52,262144,75,311850864
psquarehash,,babybear,24,single,52,131072,75,232076949
rescue_prime,,bls12_381,3,current,16,1024,75,344691721
rescue_prime,,bls12_381,3,original,14,1024,75,301977665
rescue_prime,,bls12_381,4,current,13,1024,75,376183697
rescue_prime,,bls12_381,4,original,11,1024,75,317971251
rescue_prime,,bn254,3,current,16,1024,75,338653838
rescue_prime,,bn254,3,original,14,1024,75,296204477
rescue_prime,,bn254,4,current,13,1024,75,367145979
rescue_prime,,bn254,4,original,11,1024,75,310625605
rescue_prime,,goldilocks,8,single,8,16384,75,253711515
rescue_prime,,goldilocks,12,single,8,16384,75,395461018
rescue_prime,,mersenne31,16,single,8,16384,75,330195864
rescue_prime,,mersenne31,24,single,8,8192,75,265977505
rescue_prime,,koalabear,16,single,8,8192,75,225020293
rescue_prime,,koalabear,24,single,8,8192,75,363830373
rescue_prime,,babybear,16,single,8,8192,75,244974540
rescue_prime,,babybear,24,single,8,8192,75,395263409
anemoi,,bls12_381,4,current,20,1024,75,288796685
anemoi,,bls12_381,4,original,14,1024,75,201893528
anemoi,,bn254,4,current,20,1024,75,283280718
anemoi,,bn254,4,original,14,2048,75,396725631
anemoi,,goldilocks,8,single,11,32768,75,346969377
anemoi,,goldilocks,12,single,10,16384,75,238327549
anemoi,,mersenne31,16,single,10,32768,75,342054082
anemoi,,mersenne31,24,single,9,16384,75,240556744
anemoi,,koalabear,16,single,10,16384,75,246111294
anemoi,,koalabear,24,single,9,16384,75,345074617
anemoi,,babybear,16,single,9,16384,75,241173727
anemoi,,babybear,24,single,9,16384,75,374133827
griffin,,bls12_381,3,current,20,2048,75,285608398
griffin,,bls12_381,3,original,14,4096,75,400660904
griffin,,bls12_381,4,current,20,2048,75,288385978
griffin,,bls12_381,4,original,11,4096,75,316811102
griffin,,bn254,3,current,20,2048,75,281280841
griffin,,bn254,3,original,14,4096,75,393692944
griffin,,bn254,4,current,20,2048,75,283159261
griffin,,bn254,4,original,11,4096,75,311929471
griffin,,goldilocks,8,single,8,131072,75,283765053
griffin,,goldilocks,12,single,8,131072,75,301560245
arion,,bls12_381,3,single,11,4096,75,342213890
arion,,bls12_381,4,single,10,4096,75,331028360
arion,,bn254,3,single,11,4096,75,333791863
arion,,bn254,4,single,10,4096,75,321535922
grendel,native,bls12_381,3,current,24,256,75,265868411
grendel,native,bls12_381,3,original,14,512,75,298996856
grendel,native,bls12_381,4,current,23,256,75,341076014
grendel,native,bls12_381,4,original,12,512,75,340236335
grendel,native,bn254,3,current,24,256,75,262862805
grendel,native,bn254,3,original,14,512,75,294728359
grendel,native,bn254,4,current,23,256,75,337943411
grendel,native,bn254,4,original,12,512,75,337426895
xhash,XHash8,goldilocks,12,single,6,32768,75,284459621
xhash,XHash12,goldilocks,12,single,6,32768,75,371204963
xhash,XHash16,mersenne31,24,single,6,32768,75,302512685
xhash,XHash24,mersenne31,24,single,6,32768,75,363420146
reinforced_concrete,,bls12_381,3,single,7,131072,75,242901335
reinforced_concrete,,bn254,3,single,7,131072,75,244612833
skyscraper,,bls12_381,4,single,18,262144,75,326309231
skyscraper,,bn254,4,single,18,262144,75,317182827
monolith,,goldilocks,8,single,6,1048576,75,266654771
monolith,,goldilocks,12,single,6,524288,75,206374651
monolith,,mersenne31,16,single,6,524288,75,215225591
monolith,,mersenne31,24,single,6,262144,75,218870491
polocolo,,bls12_381,3,single,6,1024,75,264722942
polocolo,,bls12_381,4,single,5,1024,75,293425635
polocolo,,bn254,3,single,6,1024,75,237276254
polocolo,,bn254,4,single,5,1024,75,264325098
tip4p,,goldilocks,12,single,5,262144,75,333948776
plain,sha256_compress,-,-,single,-,8388608,75,211830466
plain,keccak_f1600,-,-,single,-,524288,75,203723427
plain,blake2b_compress,-,-,single,-,2097152,75,241194516
plain,blake3_compress,-,-,single,-,4194304,75,273736353
gmimc,,bls12_381,3,single,228,16384,76,262275968
gmimc,,bls12_381,4,single,231,16384,76,266664830
gmimc,,bn254,3,single,228,16384,76,250420806
gmimc,,bn254,4,single,231,16384,76,253974356
gmimc,,goldilocks,8,single,68,524288,76,337447574
gmimc,,goldilocks,12,single,93,262144,76,237538494
gmimc,,mersenne31,16,single,158,262144,76,268810428
gmimc,,mersenne31,24,single,335,131072,76,323865114
gmimc,,koalabear,16,single,158,262144,76,306694008
gmimc,,koalabear,24,single,335,131072,76,330728549
gmimc,,babybear,16,single,158,131072,76,246911268
gmimc,,babybear,24,single,335,65536,76,260012278
gmimc2,alpha=8,bls12_381,3,single,63,32768,76,225609994
gmimc2,alpha=8,bls12_381,4,single,64,32768,76,230358978
gmimc2,alpha=8,bn254,3,single,63,32768,76,220899072
gmimc2,alpha=8,bn254,4,single,64,32768,76,224361231
gmimc2,alpha=4,goldilocks,8,single,88,262144,76,294711397
gmimc2,alpha=4,goldilocks,12,single,96,262144,76,362543959
gmimc2,alpha=2,mersenne31,16,single,176,65536,76,202290470
gmimc2,alpha=2,mersenne31,24,single,264,32768,76,224340072
gmimc2,alpha=2,koalabear,16,single,176,131072,76,291723615
gmimc2,alpha=2,koalabear,24,single,264,65536,76,234239680
gmimc2,alpha=2,babybear,16,single,176,131072,76,291228910
gmimc2,alpha=2,babybear,24,single,264,65536,76,235856100
poseidon,,bls12_381,3,single,8+56,16384,76,256397464
poseidon,,bls12_381,4,single,8+56,16384,76,381393672
poseidon,,bn254,3,single,8+56,16384,76,246308692
poseidon,,bn254,4,single,8+56,16384,76,369784529
poseidon,,goldilocks,8,single,8+22,131072,76,324082970
poseidon,,goldilocks,12,single,8+22,65536,76,309652426
poseidon,,mersenne31,16,single,8+14,65536,76,323559773
poseidon,,mersenne31,24,single,8+22,16384,76,226394781
poseidon,,koalabear,16,single,8+20,32768,76,252351694
poseidon,,koalabear,24,single,8+23,16384,76,304463530
poseidon,,babybear,16,single,8+13,32768,76,202442354
poseidon,,babybear,24,single,8+21,16384,76,289393210
poseidon2,,bls12_381,3,single,8+56,65536,76,318011445
poseidon2,,bls12_381,4,single,8+56,32768,76,286206204
poseidon2,,bn254,3,single,8+56,65536,76,311690064
poseidon2,,bn254,4,single,8+56,32768,76,275559891
poseidon2,,goldilocks,8,single,8+22,524288,76,392003076
poseidon2,,goldilocks,12,single,8+22,262144,76,272928443
poseidon2,,mersenne31,16,single,8+14,262144,76,253820489
poseidon2,,mersenne31,24,single,8+22,131072,76,211061419
poseidon2,,koalabear,16,single,8+20,262144,76,281762010
poseidon2,,koalabear,24,single,8+23,131072,76,204966259
poseidon2,,babybear,16,single,8+13,262144,76,306933846
poseidon2,,babybear,24,single,8+21,131072,76,248922776
neptune,,bls12_381,4,single,6+69,32768,76,325372370
neptune,,bn254,4,single,6+69,32768,76,313927955
neptune,,goldilocks,8,single,6+38,262144,76,319203664
neptune,,goldilocks,12,single,6+42,131072,76,304302610
psquarehash,,mersenne31,16,single,52,262144,76,245053687
psquarehash,,mersenne31,24,single,52,262144,76,356330619
psquarehash,,koalabear,16,single,52,262144,76,312657140
psquarehash,,koalabear,24,single,52,131072,76,232352934
psquarehash,,babybear,16,single,52,262144,76,311886881
psquarehash,,babybear,24,single,52,131072,76,231383192
rescue_prime,,bls12_381,3,current,16,1024,76,345285460
rescue_prime,,bls12_381,3,original,14,1024,76,301944243
rescue_prime,,bls12_381,4,current,13,1024,76,375465574
rescue_prime,,bls12_381,4,original,11,1024,76,317522441
rescue_prime,,bn254,3,current,16,1024,76,338583957
rescue_prime,,bn254,3,original,14,1024,76,296246686
rescue_prime,,bn254,4,current,13,1024,76,368221988
rescue_prime,,bn254,4,original,11,1024,76,311616927
rescue_prime,,goldilocks,8,single,8,16384,76,252959980
rescue_prime,,goldilocks,12,single,8,16384,76,394930696
rescue_prime,,mersenne31,16,single,8,16384,76,330089424
rescue_prime,,mersenne31,24,single,8,8192,76,265734831
rescue_prime,,koalabear,16,single,8,8192,76,224821401
rescue_prime,,koalabear,24,single,8,8192,76,364504282
rescue_prime,,babybear,16,single,8,8192,76,245429278
rescue_prime,,babybear,24,single,8,8192,76,394532994
anemoi,,bls12_381,4,current,20,1024,76,288983093
anemoi,,bls12_381,4,original,14,1024,76,201717349
anemoi,,bn254,4,current,20,1024,76,283175932
anemoi,,bn254,4,original,14,2048,76,396455475
anemoi,,goldilocks,8,single,11,32768,76,347465673
anemoi,,goldilocks,12,single,10,16384,76,238371751
anemoi,,mersenne31,16,single,10,32768,76,344502737
anemoi,,mersenne31,24,single,9,16384,76,240567914
anemoi,,koalabear,16,single,10,16384,76,247232789
anemoi,,koalabear,24,single,9,16384,76,344994496
anemoi,,babybear,16,single,9,16384,76,242388737
anemoi,,babybear,24,single,9,16384,76,374098409
griffin,,bls12_381,3,current,20,2048,76,287033540
griffin,,bls12_381,3,original,14,4096,76,401402499
griffin,,bls12_381,4,current,20,2048,76,288280791
griffin,,bls12_381,4,original,11,4096,76,316781688
griffin,,bn254,3,current,20,2048,76,281189049
griffin,,bn254,3,original,14,4096,76,393631248
griffin,,bn254,4,current,20,2048,76,283118113
griffin,,bn254,4,original,11,4096,76,311798356
griffin,,goldilocks,8,single,8,131072,76,285089397
griffin,,goldilocks,12,single,8,131072,76,302207955
arion,,bls12_381,3,single,11,4096,76,342070963
arion,,bls12_381,4,single,10,4096,76,330412068
arion,,bn254,3,single,11,4096,76,333436098
arion,,bn254,4,single,10,4096,76,321334836
grendel,native,bls12_381,3,current,24,256,76,265193811
grendel,native,bls12_381,3,original,14,512,76,297904062
grendel,native,bls12_381,4,current,23,256,76,340500207
grendel,native,bls12_381,4,original,12,512,76,339483168
grendel,native,bn254,3,current,24,256,76,262921394
grendel,native,bn254,3,original,14,512,76,293828687
grendel,native,bn254,4,current,23,256,76,337645403
grendel,native,bn254,4,original,12,512,76,337424631
xhash,XHash8,goldilocks,12,single,6,32768,76,284076144
xhash,XHash12,goldilocks,12,single,6,32768,76,371515964
xhash,XHash16,mersenne31,24,single,6,32768,76,302284899
xhash,XHash24,mersenne31,24,single,6,32768,76,363425726
reinforced_concrete,,bls12_381,3,single,7,131072,76,242589251
reinforced_concrete,,bn254,3,single,7,131072,76,244401027
skyscraper,,bls12_381,4,single,18,262144,76,326299813
skyscraper,,bn254,4,single,18,262144,76,317196212
monolith,,goldilocks,8,single,6,1048576,76,266092871
monolith,,goldilocks,12,single,6,524288,76,206019758
monolith,,mersenne31,16,single,6,524288,76,215413952
monolith,,mersenne31,24,single,6,262144,76,219020762
polocolo,,bls12_381,3,single,6,1024,76,264983007
polocolo,,bls12_381,4,single,5,1024,76,294382512
polocolo,,bn254,3,single,6,1024,76,237176978
polocolo,,bn254,4,single,5,1024,76,264324917
tip4p,,goldilocks,12,single,5,262144,76,334966788
plain,sha256_compress,-,-,single,-,8388608,76,211746499
plain,keccak_f1600,-,-,single,-,524288,76,203680637
plain,blake2b_compress,-,-,single,-,2097152,76,242240810
plain,blake3_compress,-,-,single,-,4194304,76,273702470
gmimc,,bls12_381,3,single,228,16384,77,261759062
gmimc,,bls12_381,4,single,231,16384,77,266475635
gmimc,,bn254,3,single,228,16384,77,250759919
gmimc,,bn254,4,single,231,16384,77,253994323
gmimc,,goldilocks,8,single,68,524288,77,337479253
gmimc,,goldilocks,12,single,93,262144,77,238980498
gmimc,,mersenne31,16,single,158,262144,77,269616635
gmimc,,mersenne31,24,single,335,131072,77,315064448
gmimc,,koalabear,16,single,158,262144,77,306281998
gmimc,,koalabear,24,single,335,131072,77,329983446
gmimc,,babybear,16,single,158,131072,77,246903453
gmimc,,babybear,24,single,335,65536,77,260251315
gmimc2,alpha=8,bls12_381,3,single,63,32768,77,225170012
gmimc2,alpha=8,bls12_381,4,single,64,32768,77,231910527
gmimc2,alpha=8,bn254,3,single,63,32768,77,220773156
gmimc2,alpha=8,bn254,4,single,64,32768,77,225496713
gmimc2,alpha=4,goldilocks,8,single,88,262144,77,294821914
gmimc2,alpha=4,goldilocks,12,single,96,262144,77,362761315
gmimc2,alpha=2,mersenne31,16,single,176,65536,77,202397980
gmimc2,alpha=2,mersenne31,24,single,264,32768,77,224406886
gmimc2,alpha=2,koalabear,16,single,176,131072,77,291597278
gmimc2,alpha=2,koalabear,24,single,264,65536,77,234110438
gmimc2,alpha=2,babybear,16,single,176,131072,77,291338775
gmimc2,alpha=2,babybear,24,single,264,65536,77,235706200
poseidon,,bls12_381,3,single,8+56,16384,77,257456442
poseidon,,bls12_381,4,single,8+56,16384,77,381871494
poseidon,,bn254,3,single,8+56,16384,77,246284396
poseidon,,bn254,4,single,8+56,16384,77,369365284
poseidon,,goldilocks,8,single,8+22,131072,77,324288955
poseidon,,goldilocks,12,single,8+22,65536,77,309505491
poseidon,,mersenne31,16,single,8+14,65536,77,323717758
poseidon,,mersenne31,24,single,8+22,16384,77,228228457
poseidon,,koalabear,16,single,8+20,32768,77,254177645
poseidon,,koalabear,24,single,8+23,16384,77,304697246
poseidon,,babybear,16,single,8+13,32768,77,202058616
poseidon,,babybear,24,single,8+21,16384,77,288838001
poseidon2,,bls12_381,3,single,8+56,65536,77,317978834
poseidon2,,bls12_381,4,single,8+56,32768,77,287035423
poseidon2,,bn254,3,single,8+56,65536,77,311796021
poseidon2,,bn254,4,single,8+56,32768,77,275151427
poseidon2,,goldilocks,8,single,8+22,524288,77,391925982
poseidon2,,goldilocks,12,single,8+22,262144,77,273377813
poseidon2,,mersenne31,16,single,8+14,262144,77,253718938
poseidon2,,mersenne31,24,single,8+22,131072,77,210890339
poseidon2,,koalabear,16,single,8+20,262144,77,280750379
poseidon2,,koalabear,24,single,8+23,131072,77,202901201
poseidon2,,babybear,16,single,8+13,262144,77,307868952
poseidon2,,babybear,24,single,8+21,131072,77,248425327
neptune,,bls12_381,4,single,6+69,32768,77,325393329
neptune,,bn254,4,single,6+69,32768,77,314433419
neptune,,goldilocks,8,single,6+38,262144,77,319375334
neptune,,goldilocks,12,single,6+42,131072,77,304508844
psquarehash,,mersenne31,16,single,52,262144,77,245052654
psquarehash,,mersenne31,24,single,52,262144,77,356292757
psquarehash,,koalabear,16,single,52,262144,77,311949618
psquarehash,,koalabear,24,single,52,131072,77,231205880
psquarehash,,babybear,16,single,52,262144,77,311976197
psquarehash,,babybear,24,single,52,131072,77,232832219
rescue_prime,,bls12_381,3,current,16,1024,77,345082590
rescue_prime,,bls12_381,3,original,14,1024,77,301930066
rescue_prime,,bls12_381,4,current,13,1024,77,375424907
rescue_prime,,bls12_381,4,original,11,1024,77,317579177
rescue_prime,,bn254,3,current,16,1024,77,338448063
rescue_prime,,bn254,3,original,14,1024,77,296152490
rescue_prime,,bn254,4,current,13,1024,77,368298631
rescue_prime,,bn254,4,original,11,1024,77,311653364
rescue_prime,,goldilocks,8,single,8,16384,77,253164402
rescue_prime,,goldilocks,12,single,8,16384,77,394606410
rescue_prime,,mersenne31,16,single,8,16384,77,329537433
rescue_prime,,mersenne31,24,single,8,8192,77,266012610
rescue_prime,,koalabear,16,single,8,8192,77,225099330
rescue_prime,,koalabear,24,single,8,8192,77,362444903
rescue_prime,,babybear,16,single,8,8192,77,245116955
rescue_prime,,babybear,24,single,8,8192,77,394082921
anemoi,,bls12_381,4,current,20,1024,77,288152791
anemoi,,bls12_381,4,original,14,1024,77,201786377
anemoi,,bn254,4,current,20,1024,77,283162827
anemoi,,bn254,4,original,14,2048,77,396422914
anemoi,,goldilocks,8,single,11,32768,77,346566953
anemoi,,goldilocks,12,single,10,16384,77,238430480
anemoi,,mersenne31,16,single,10,32768,77,342393545
anemoi,,mersenne31,24,single,9,16384,77,240415009
anemoi,,koalabear,16,single,10,16384,77,245665830
anemoi,,koalabear,24,single,9,16384,77,345132062
anemoi,,babybear,16,single,9,16384,77,241075893
anemoi,,babybear,24,single,9,16384,77,374084753
griffin,,bls12_381,3,current,20,2048,77,286313684
griffin,,bls12_381,3,original,14,4096,77,400524298
griffin,,bls12_381,4,current,20,2048,77,287961624
griffin,,bls12_381,4,original,11,4096,77,316701217
griffin,,bn254,3,current,20,2048,77,281133755
griffin,,bn254,3,original,14,4096,77,393447635
griffin,,bn254,4,current,20,2048,77,283059754
griffin,,bn254,4,original,11,4096,77,311836036
griffin,,goldilocks,8,single,8,131072,77,283563285
griffin,,goldilocks,12,single,8,131072,77,301826692
arion,,bls12_381,3,single,11,4096,77,342481560
arion,,bls12_381,4,single,10,4096,77,330108981
arion,,bn254,3,single,11,4096,77,333531787
arion,,bn254,4,single,10,4096,77,321290612
grendel,native,bls12_381,3,current,24,256,77,264868642
grendel,native,bls12_381,3,original,14,512,77,297589174
grendel,native,bls12_381,4,current,23,256,77,339793457
grendel,native,bls12_381,4,original,12,512,77,339710902
grendel,native,bn254,3,current,24,256,77,262744854
grendel,native,bn254,3,original,14,512,77,293557440
grendel,native,bn254,4,current,23,256,77,337216972
grendel,native,bn254,4,original,12,512,77,337648178
xhash,XHash8,goldilocks,12,single,6,32768,77,284755323
xhash,XHash12,goldilocks,12,single,6,32768,77,371695428
xhash,XHash16,mersenne31,24,single,6,32768,77,302452311
xhash,XHash24,mersenne31,24,single,6,32768,77,365172279
reinforced_concrete,,bls12_381,3,single,7,131072,77,243089887
reinforced_concrete,,bn254,3,single,7,131072,77,243937079
skyscraper,,bls12_381,4,single,18,262144,77,326423794
skyscraper,,bn254,4,single,18,262144,77,317289255
monolith,,goldilocks,8,single,6,1048576,77,267482136
monolith,,goldilocks,12,single,6,524288,77,205235673
monolith,,mersenne31,16,single,6,524288,77,215584751
monolith,,mersenne31,24,single,6,262144,77,219120878
polocolo,,bls12_381,3,single,6,1024,77,263894713
polocolo,,bls12_381,4,single,5,1024,77,293678066
polocolo,,bn254,3,single,6,1024,77,237232742
polocolo,,bn254,4,single,5,1024,77,264323073
tip4p,,goldilocks,12,single,5,262144,77,333472134
plain,sha256_compress,-,-,single,-,8388608,77,211786694
plain,keccak_f1600,-,-,single,-,524288,77,203868107
plain,blake2b_compress,-,-,single,-,2097152,77,241555369
plain,blake3_compress,-,-,single,-,4194304,77,273233723
gmimc,,bls12_381,3,single,228,16384,78,261838490
gmimc,,bls12_381,4,single,231,16384,78,269621854
gmimc,,bn254,3,single,228,16384,78,251312020
gmimc,,bn254,4,single,231,16384,78,257474766
gmimc,,goldilocks,8,single,68,524288,78,337453894
gmimc,,goldilocks,12,single,93,262144,78,235274904
gmimc,,mersenne31,16,single,158,262144,78,269219532
gmimc,,mersenne31,24,single,335,131072,78,328941157
gmimc,,koalabear,16,single,158,262144,78,306286326
gmimc,,koalabear,24,single,335,131072,78,332383260
gmimc,,babybear,16,single,158,131072,78,247128343
gmimc,,babybear,24,single,335,65536,78,259982633
gmimc2,alpha=8,bls12_381,3,single,63,32768,78,225430348
gmimc2,alpha=8,bls12_381,4,single,64,32768,78,231902021
gmimc2,alpha=8,bn254,3,single,63,32768,78,220845871
gmimc2,alpha=8,bn254,4,single,64,32768,78,225465224
gmimc2,alpha=4,goldilocks,8,single,88,262144,78,294870133
gmimc2,alpha=4,goldilocks,12,single,96,262144,78,362607376
gmimc2,alpha=2,mersenne31,16,single,176,65536,78,202345311
gmimc2,alpha=2,mersenne31,24,single,264,32768,78,224011256
gmimc2,alpha=2,koalabear,16,single,176,131072,78,291464680
gmimc2,alpha=2,koalabear,24,single,264,65536,78,234172594
gmimc2,alpha=2,babybear,16,single,176,131072,78,291157175
gmimc2,alpha=2,babybear,24,single,264,65536,78,236115965
poseidon,,bls12_381,3,single,8+56,16384,78,256441496
poseidon,,bls12_381,4,single,8+56,16384,78,382393648
poseidon,,bn254,3,single,8+56,16384,78,246167809
poseidon,,bn254,4,single,8+56,16384,78,370871197
poseidon,,goldilocks,8,single,8+22,131072,78,324333668
poseidon,,goldilocks,12,single,8+22,65536,78,310596038
poseidon,,mersenne31,16,single,8+14,65536,78,326485680
poseidon,,mersenne31,24,single,8+22,16384,78,229148325
poseidon,,koalabear,16,single,8+20,32768,78,252345982
poseidon,,koalabear,24,single,8+23,16384,78,304392266
poseidon,,babybear,16,single,8+13,32768,78,201587686
poseidon,,babybear,24,single,8+21,16384,78,289141388
poseidon2,,bls12_381,3,single,8+56,65536,78,317801252
poseidon2,,bls12_381,4,single,8+56,32768,78,287329202
poseidon2,,bn254,3,single,8+56,65536,78,311805799
poseidon2,,bn254,4,single,8+56,32768,78,275120328
poseidon2,,goldilocks,8,single,8+22,524288,78,392246510
poseidon2,,goldilocks,12,single,8+22,262144,78,273210910
poseidon2,,mersenne31,16,single,8+14,262144,78,254209555
poseidon2,,mersenne31,24,single,8+22,131072,78,210992359
poseidon2,,koalabear,16,single,8+20,262144,78,280819558
poseidon2,,koalabear,24,single,8+23,131072,78,203221759
poseidon2,,babybear,16,single,8+13,262144,78,308282375
poseidon2,,babybear,24,single,8+21,131072,78,248805346
neptune,,bls12_381,4,single,6+69,32768,78,325358012
neptune,,bn254,4,single,6+69,32768,78,315861026
neptune,,goldilocks,8,single,6+38,262144,78,319269415
neptune,,goldilocks,12,single,6+42,131072,78,303685997
psquarehash,,mersenne31,16,single,52,262144,78,244985939
psquarehash,,mersenne31,24,single,52,262144,78,356229108
psquarehash,,koalabear,16,single,52,262144,78,311014040
psquarehash,,koalabear,24,single,52,131072,78,231951784
psquarehash,,babybear,16,single,52,262144,78,311919601
psquarehash,,babybear,24,single,52,131072,78,231213885
rescue_prime,,bls12_381,3,current,16,1024,78,345542138
rescue_prime,,bls12_381,3,original,14,1024,78,301616319
rescue_prime,,bls12_381,4,current,13,1024,78,375819313
rescue_prime,,bls12_381,4,original,11,1024,78,318145215
rescue_prime,,bn254,3,current,16,1024,78,338243630
rescue_prime,,bn254,3,original,14,1024,78,296106422
rescue_prime,,bn254,4,current,13,1024,78,366977843
rescue_prime,,bn254,4,original,11,1024,78,310566313
rescue_prime,,goldilocks,8,single,8,16384,78,252933209
rescue_prime,,goldilocks,12,single,8,16384,78,394603193
rescue_prime,,mersenne31,16,single,8,16384,78,328527355
rescue_prime,,mersenne31,24,single,8,8192,78,265495984
rescue_prime,,koalabear,16,single,8,8192,78,224152871
rescue_prime,,koalabear,24,single,8,8192,78,363635898
rescue_prime,,babybear,16,single,8,8192,78,245440780
rescue_prime,,babybear,24,single,8,8192,78,394029762
anemoi,,bls12_381,4,current,20,1024,78,288197905
anemoi,,bls12_381,4,original,14,1024,78,201755479
anemoi,,bn254,4,current,20,1024,78,283056708
anemoi,,bn254,4,original,14,2048,78,396076757
anemoi,,goldilocks,8,single,11,32768,78,346548588
anemoi,,goldilocks,12,single,10,16384,78,238309484
anemoi,,mersenne31,16,single,10,32768,78,341982437
anemoi,,mersenne31,24,single,9,16384,78,240457017
anemoi,,koalabear,16,single,10,16384,78,246300987
anemoi,,koalabear,24,single,9,16384,78,344943359
anemoi,,babybear,16,single,9,16384,78,241353021
anemoi,,babybear,24,single,9,16384,78,374261413
griffin,,bls12_381,3,current,20,2048,78,285607074
griffin,,bls12_381,3,original,14,4096,78,400058006
griffin,,bls12_381,4,current,20,2048,78,288155666
griffin,,bls12_381,4,original,11,4096,78,316655160
griffin,,bn254,3,current,20,2048,78,281232259
griffin,,bn254,3,original,14,4096,78,393666833
griffin,,bn254,4,current,20,2048,78,283115118
griffin,,bn254,4,original,11,4096,78,311899363
griffin,,goldilocks,8,single,8,131072,78,284722671
griffin,,goldilocks,12,single,8,131072,78,301947738
arion,,bls12_381,3,single,11,4096,78,341972388
arion,,bls12_381,4,single,10,4096,78,330171176
arion,,bn254,3,single,11,4096,78,333515004
arion,,bn254,4,single,10,4096,78,321270023
grendel,native,bls12_381,3,current,24,256,78,265082752
grendel,native,bls12_381,3,original,14,512,78,298403936
grendel,native,bls12_381,4,current,23,256,78,340087005
grendel,native,bls12_381,4,original,12,512,78,340182883
grendel,native,bn254,3,current,24,256,78,262986435
grendel,native,bn254,3,original,14,512,78,293923594
grendel,native,bn254,4,current,23,256,78,337295869
grendel,native,bn254,4,original,12,512,78,337945153
xhash,XHash8,goldilocks,12,single,6,32768,78,284429053
xhash,XHash12,goldilocks,12,single,6,32768,78,371469626
xhash,XHash16,mersenne31,24,single,6,32768,78,301894959
xhash,XHash24,mersenne31,24,single,6,32768,78,364933432
reinforced_concrete,,bls12_381,3,single,7,131072,78,243052316
reinforced_concrete,,bn254,3,single,7,131072,78,243364509
skyscraper,,bls12_381,4,single,18,262144,78,325767828
skyscraper,,bn254,4,single,18,262144,78,317432031
monolith,,goldilocks,8,single,6,1048576,78,266366010
monolith,,goldilocks,12,single,6,524288,78,206390790
monolith,,mersenne31,16,single,6,524288,78,215318824
monolith,,mersenne31,24,single,6,262144,78,219359364
polocolo,,bls12_381,3,single,6,1024,78,264636609
polocolo,,bls12_381,4,single,5,1024,78,293607884
polocolo,,bn254,3,single,6,1024,78,237231359
polocolo,,bn254,4,single,5,1024,78,264294429
tip4p,,goldilocks,12,single,5,262144,78,332781212
plain,sha256_compress,-,-,single,-,8388608,78,211785220
plain,keccak_f1600,-,-,single,-,524288,78,204002688
plain,blake2b_compress,-,-,single,-,2097152,78,242139991
plain,blake3_compress,-,-,single,-,4194304,78,273869501
gmimc,,bls12_381,3,single,228,16384,79,261866422
gmimc,,bls12_381,4,single,231,16384,79,266392690
gmimc,,bn254,3,single,228,16384,79,250685890
gmimc,,bn254,4,single,231,16384,79,253820157
gmimc,,goldilocks,8,single,68,524288,79,337593034
gmimc,,goldilocks,12,single,93,262144,79,235302996
gmimc,,mersenne31,16,single,158,262144,79,268755445
gmimc,,mersenne31,24,single,335,131072,79,325838109
gmimc,,koalabear,16,single,158,262144,79,306096269
gmimc,,koalabear,24,single,335,131072,79,337641645
gmimc,,babybear,16,single,158,131072,79,246802213
gmimc,,babybear,24,single,335,65536,79,259874089
gmimc2,alpha=8,bls12_381,3,single,63,32768,79,225786163
gmimc2,alpha=8,bls12_381,4,single,64,32768,79,230031766
gmimc2,alpha=8,bn254,3,single,63,32768,79,220956007
gmimc2,alpha=8,bn254,4,single,64,32768,79,224098570
gmimc2,alpha=4,goldilocks,8,single,88,262144,79,294696538
gmimc2,alpha=4,goldilocks,12,single,96,262144,79,363456933
gmimc2,alpha=2,mersenne31,16,single,176,65536,79,202535817
gmimc2,alpha=2,mersenne31,24,single,264,32768,79,224021034
gmimc2,alpha=2,koalabear,16,single,176,131072,79,291436987
gmimc2,alpha=2,koalabear,24,single,264,65536,79,234297046
gmimc2,alpha=2,babybear,16,single,176,131072,79,291216836
gmimc2,alpha=2,babybear,24,single,264,65536,79,235800175
poseidon,,bls12_381,3,single,8+56,16384,79,256382064
poseidon,,bls12_381,4,single,8+56,16384,79,381974655
poseidon,,bn254,3,single,8+56,16384,79,246111683
poseidon,,bn254,4,single,8+56,16384,79,369471512
poseidon,,goldilocks,8,single,8+22,131072,79,324299804
poseidon,,goldilocks,12,single,8+22,65536,79,309448253
poseidon,,mersenne31,16,single,8+14,65536,79,325671868
poseidon,,mersenne31,24,single,8+22,16384,79,226151415
poseidon,,koalabear,16,single,8+20,32768,79,252749817
poseidon,,koalabear,24,single,8+23,16384,79,304404167
poseidon,,babybear,16,single,8+13,32768,79,202150317
poseidon,,babybear,24,single,8+21,16384,79,288991627
poseidon2,,bls12_381,3,single,8+56,65536,79,317924822
poseidon2,,bls12_381,4,single,8+56,32768,79,286434149
poseidon2,,bn254,3,single,8+56,65536,79,311680073
poseidon2,,bn254,4,single,8+56,32768,79,274879277
poseidon2,,goldilocks,8,single,8+22,524288,79,392102420
poseidon2,,goldilocks,12,single,8+22,262144,79,273252006
poseidon2,,mersenne31,16,single,8+14,262144,79,253875330
poseidon2,,mersenne31,24,single,8+22,131072,79,211045358
poseidon2,,koalabear,16,single,8+20,262144,79,279710876
poseidon2,,koalabear,24,single,8+23,131072,79,203363093
poseidon2,,babybear,16,single,8+13,262144,79,308127335
poseidon2,,babybear,24,single,8+21,131072,79,248786661
neptune,,bls12_381,4,single,6+69,32768,79,325457578
neptune,,bn254,4,single,6+69,32768,79,313562901
neptune,,goldilocks,8,single,6+38,262144,79,319858746
neptune,,goldilocks,12,single,6+42,131072,79,304513962
psquarehash,,mersenne31,16,single,52,262144,79,245077250
psquarehash,,mersenne31,24,single,52,262144,79,356346346
psquarehash,,koalabear,16,single,52,262144,79,312401872
psquarehash,,koalabear,24,single,52,131072,79,231932717
psquarehash,,babybear,16,single,52,262144,79,311723394
psquarehash,,babybear,24,single,52,131072,79,233130135
rescue_prime,,bls12_381,3,current,16,1024,79,345087187
rescue_prime,,bls12_381,3,original,14,1024,79,302321826
rescue_prime,,bls12_381,4,current,13,1024,79,375654475
rescue_prime,,bls12_381,4,original,11,1024,79,317497944
rescue_prime,,bn254,3,current,16,1024,79,338551134
rescue_prime,,bn254,3,original,14,1024,79,296266030
rescue_prime,,bn254,4,current,13,1024,79,368073690
rescue_prime,,bn254,4,original,11,1024,79,311478106
rescue_prime,,goldilocks,8,single,8,16384,79,252857729
rescue_prime,,goldilocks,12,single,8,16384,79,394504128
rescue_prime,,mersenne31,16,single,8,16384,79,330191323
rescue_prime,,mersenne31,24,single,8,8192,79,266831650
rescue_prime,,koalabear,16,single,8,8192,79,224332666
rescue_prime,,koalabear,24,single,8,8192,79,365070258
rescue_prime,,babybear,16,single,8,8192,79,245286170
rescue_prime,,babybear,24,single,8,8192,79,393427045
anemoi,,bls12_381,4,current,20,1024,79,288416253
anemoi,,bls12_381,4,original,14,1024,79,201715815
anemoi,,bn254,4,current,20,1024,79,283014779
anemoi,,bn254,4,original,14,2048,79,396318498
anemoi,,goldilocks,8,single,11,32768,79,346941161
anemoi,,goldilocks,12,single,10,16384,79,238294145
anemoi,,mersenne31,16,single,10,32768,79,344047605
anemoi,,mersenne31,24,single,9,16384,79,241002024
anemoi,,koalabear,16,single,10,16384,79,245647164
anemoi,,koalabear,24,single,9,16384,79,344959719
anemoi,,babybear,16,single,9,16384,79,241909039
anemoi,,babybear,24,single,9,16384,79,374103267
griffin,,bls12_381,3,current,20,2048,79,285629275
griffin,,bls12_381,3,original,14,4096,79,400514739
griffin,,bls12_381,4,current,20,2048,79,288741290
griffin,,bls12_381,4,original,11,4096,79,316644781
griffin,,bn254,3,current,20,2048,79,280958327
griffin,,bn254,3,original,14,4096,79,393245115
griffin,,bn254,4,current,20,2048,79,282973391
griffin,,bn254,4,original,11,4096,79,311665706
griffin,,goldilocks,8,single,8,131072,79,284201737
griffin,,goldilocks,12,single,8,131072,79,301339391
arion,,bls12_381,3,single,11,4096,79,342254514
arion,,bls12_381,4,single,10,4096,79,330840105
arion,,bn254,3,single,11,4096,79,333369452
arion,,bn254,4,single,10,4096,79,321257419
grendel,native,bls12_381,3,current,24,256,79,265028500
grendel,native,bls12_381,3,original,14,512,79,297758559
grendel,native,bls12_381,4,current,23,256,79,340689811
grendel,native,bls12_381,4,original,12,512,79,339509505
grendel,native,bn254,3,current,24,256,79,262583281
grendel,native,bn254,3,original,14,512,79,294027848
grendel,native,bn254,4,current,23,256,79,337627368
grendel,native,bn254,4,original,12,512,79,337926858
xhash,XHash8,goldilocks,12,single,6,32768,79,284223999
xhash,XHash12,goldilocks,12,single,6,32768,79,371332810
xhash,XHash16,mersenne31,24,single,6,32768,79,302044699
xhash,XHash24,mersenne31,24,single,6,32768,79,364609507
reinforced_concrete,,bls12_381,3,single,7,131072,79,242872810
reinforced_concrete,,bn254,3,single,7,131072,79,243771720
skyscraper,,bls12_381,4,single,18,262144,79,326178655
skyscraper,,bn254,4,single,18,262144,79,317219273
monolith,,goldilocks,8,single,6,1048576,79,266341684
monolith,,goldilocks,12,single,6,524288,79,205817479
monolith,,mersenne31,16,single,6,524288,79,215525619
monolith,,mersenne31,24,single,6,262144,79,219893681
polocolo,,bls12_381,3,single,6,1024,79,263796328
polocolo,,bls12_381,4,single,5,1024,79,294258600
polocolo,,bn254,3,single,6,1024,79,237218395
polocolo,,bn254,4,single,5,1024,79,264306862
tip4p,,goldilocks,12,single,5,262144,79,332808964
plain,sha256_compress,-,-,single,-,8388608,79,211769211
plain,keccak_f1600,-,-,single,-,524288,79,203877143
plain,blake2b_compress,-,-,single,-,2097152,79,241417832
plain,blake3_compress,-,-,single,-,4194304,79,273405063
gmimc,,bls12_381,3,single,228,16384,80,261729386
gmimc,,bls12_381,4,single,231,16384,80,266556706
gmimc,,bn254,3,single,228,16384,80,250815271
gmimc,,bn254,4,single,231,16384,80,253636483
gmimc,,goldilocks,8,single,68,524288,80,337401065
gmimc,,goldilocks,12,single,93,262144,80,235609688
gmimc,,mersenne31,16,single,158,262144,80,268130877
gmimc,,mersenne31,24,single,335,131072,80,320261668
gmimc,,koalabear,16,single,158,262144,80,306356345
gmimc,,koalabear,24,single,335,131072,80,337819657
gmimc,,babybear,16,single,158,131072,80,246932256
gmimc,,babybear,24,single,335,65536,80,260224103
gmimc2,alpha=8,bls12_381,3,single,63,32768,80,225375725
gmimc2,alpha=8,bls12_381,4,single,64,32768,80,231780262
gmimc2,alpha=8,bn254,3,single,63,32768,80,220805205
gmimc2,alpha=8,bn254,4,single,64,32768,80,225409208
gmimc2,alpha=4,goldilocks,8,single,88,262144,80,294742634
gmimc2,alpha=4,goldilocks,12,single,96,262144,80,362783385
gmimc2,alpha=2,mersenne31,16,single,176,65536,80,202296861
gmimc2,alpha=2,mersenne31,24,single,264,32768,80,224052543
gmimc2,alpha=2,koalabear,16,single,176,131072,80,291474838
gmimc2,alpha=2,koalabear,24,single,264,65536,80,234580064
gmimc2,alpha=2,babybear,16,single,176,131072,80,291128851
gmimc2,alpha=2,babybear,24,single,264,65536,80,236241078
poseidon,,bls12_381,3,single,8+56,16384,80,255796840
poseidon,,bls12_381,4,single,8+56,16384,80,381224843
poseidon,,bn254,3,single,8+56,16384,80,245709651
poseidon,,bn254,4,single,8+56,16384,80,369420015
poseidon,,goldilocks,8,single,8+22,131072,80,324221578
poseidon,,goldilocks,12,single,8+22,65536,80,309643386
poseidon,,mersenne31,16,single,8+14,65536,80,324995093
poseidon,,mersenne31,24,single,8+22,16384,80,226976225
poseidon,,koalabear,16,single,8+20,32768,80,253635371
poseidon,,koalabear,24,single,8+23,16384,80,304322324
poseidon,,babybear,16,single,8+13,32768,80,202825678
poseidon,,babybear,24,single,8+21,16384,80,288871973
poseidon2,,bls12_381,3,single,8+56,65536,80,317892962
poseidon2,,bls12_381,4,single,8+56,32768,80,287083081
poseidon2,,bn254,3,single,8+56,65536,80,311635940
poseidon2,,bn254,4,single,8+56,32768,80,275114537
poseidon2,,goldilocks,8,single,8+22,524288,80,392001421
poseidon2,,goldilocks,12,single,8+22,262144,80,273260322
poseidon2,,mersenne31,16,single,8+14,262144,80,254273934
poseidon2,,mersenne31,24,single,8+22,131072,80,211146818
poseidon2,,koalabear,16,single,8+20,262144,80,281658535
poseidon2,,koalabear,24,single,8+23,131072,80,203893182
poseidon2,,babybear,16,single,8+13,262144,80,307866757
poseidon2,,babybear,24,single,8+21,131072,80,249356235
neptune,,bls12_381,4,single,6+69,32768,80,325557575
neptune,,bn254,4,single,6+69,32768,80,314199651
neptune,,goldilocks,8,single,6+38,262144,80,319233116
neptune,,goldilocks,12,single,6+42,131072,80,304526305
psquarehash,,mersenne31,16,single,52,262144,80,245033658
psquarehash,,mersenne31,24,single,52,262144,80,356421286
psquarehash,,koalabear,16,single,52,262144,80,313041227
psquarehash,,koalabear,24,single,52,131072,80,233663432
psquarehash,,babybear,16,single,52,262144,80,312294972
psquarehash,,babybear,24,single,52,131072,80,231942275
rescue_prime,,bls12_381,3,current,16,1024,80,344821420
rescue_prime,,bls12_381,3,original,14,1024,80,301642256
rescue_prime,,bls12_381,4,current,13,1024,80,375557934
rescue_prime,,bls12_381,4,original,11,1024,80,317780642
rescue_prime,,bn254,3,current,16,1024,80,338577503
rescue_prime,,bn254,3,original,14,1024,80,296319901
rescue_prime,,bn254,4,current,13,1024,80,368481942
rescue_prime,,bn254,4,original,11,1024,80,311786181
rescue_prime,,goldilocks,8,single,8,16384,80,252911439
rescue_prime,,goldilocks,12,single,8,16384,80,395631113
rescue_prime,,mersenne31,16,single,8,16384,80,329785183
rescue_prime,,mersenne31,24,single,8,8192,80,265893015
rescue_prime,,koalabear,16,single,8,8192,80,225055156
rescue_prime,,koalabear,24,single,8,8192,80,364604056
rescue_prime,,babybear,16,single,8,8192,80,244965099
rescue_prime,,babybear,24,single,8,8192,80,394434276
anemoi,,bls12_381,4,current,20,1024,80,288448572
anemoi,,bls12_381,4,original,14,1024,80,202110592
anemoi,,bn254,4,current,20,1024,80,283433772
anemoi,,bn254,4,original,14,2048,80,396858085
anemoi,,goldilocks,8,single,11,32768,80,347588731
anemoi,,goldilocks,12,single,10,16384,80,238332766
anemoi,,mersenne31,16,single,10,32768,80,341509902
anemoi,,mersenne31,24,single,9,16384,80,241109305
anemoi,,koalabear,16,single,10,16384,80,246026042
anemoi,,koalabear,24,single,9,16384,80,345096935
anemoi,,babybear,16,single,9,16384,80,241262120
anemoi,,babybear,24,single,9,16384,80,374068150
griffin,,bls12_381,3,current,20,2048,80,285881746
griffin,,bls12_381,3,original,14,4096,80,400711255
griffin,,bls12_381,4,current,20,2048,80,288120008
griffin,,bls12_381,4,original,11,4096,80,316961952
griffin,,bn254,3,current,20,2048,80,281430378
griffin,,bn254,3,original,14,4096,80,393819347
griffin,,bn254,4,current,20,2048,80,283264605
griffin,,bn254,4,original,11,4096,80,312143258
griffin,,goldilocks,8,single,8,131072,80,284380431
griffin,,goldilocks,12,single,8,131072,80,301676020
arion,,bls12_381,3,single,11,4096,80,341980923
arion,,bls12_381,4,single,10,4096,80,330092198
arion,,bn254,3,single,11,4096,80,333717832
arion,,bn254,4,single,10,4096,80,321566086
grendel,native,bls12_381,3,current,24,256,80,265632308
grendel,native,bls12_381,3,original,14,512,80,299219830
grendel,native,bls12_381,4,current,23,256,80,339995532
grendel,native,bls12_381,4,original,12,512,80,339989692
grendel,native,bn254,3,current,24,256,80,263865326
grendel,native,bn254,3,original,14,512,80,294232650
grendel,native,bn254,4,current,23,256,80,337725531
grendel,native,bn254,4,original,12,512,80,337836308
xhash,XHash8,goldilocks,12,single,6,32768,80,284376273
xhash,XHash12,goldilocks,12,single,6,32768,80,371419862
xhash,XHash16,mersenne31,24,single,6,32768,80,302396965
xhash,XHash24,mersenne31,24,single,6,32768,80,363593127
reinforced_concrete,,bls12_381,3,single,7,131072,80,242674809
reinforced_concrete,,bn254,3,single,7,131072,80,243673145
skyscraper,,bls12_381,4,single,18,262144,80,326323485
skyscraper,,bn254,4,single,18,262144,80,317505748
monolith,,goldilocks,8,single,6,1048576,80,266815219
monolith,,goldilocks,12,single,6,524288,80,205670223
monolith,,mersenne31,16,single,6,524288,80,215597082
monolith,,mersenne31,24,single,6,262144,80,219301094
polocolo,,bls12_381,3,single,6,1024,80,264505443
polocolo,,bls12_381,4,single,5,1024,80,293461179
polocolo,,bn254,3,single,6,1024,80,237204969
polocolo,,bn254,4,single,5,1024,80,264369748
tip4p,,goldilocks,12,single,5,262144,80,333150402
plain,sha256_compress,-,-,single,-,8388608,80,211810236
plain,keccak_f1600,-,-,single,-,524288,80,203815227
plain,blake2b_compress,-,-,single,-,2097152,80,241482802
plain,blake3_compress,-,-,single,-,4194304,80,272844504
gmimc,,bls12_381,3,single,228,16384,81,261613980
gmimc,,bls12_381,4,single,231,16384,81,269791640
gmimc,,bn254,3,single,228,16384,81,250720774
gmimc,,bn254,4,single,231,16384,81,258202535
gmimc,,goldilocks,8,single,68,524288,81,337402487
gmimc,,goldilocks,12,single,93,262144,81,235838616
gmimc,,mersenne31,16,single,158,262144,81,269567952
gmimc,,mersenne31,24,single,335,131072,81,315613322
gmimc,,koalabear,16,single,158,262144,81,306385869
gmimc,,koalabear,24,single,335,131072,81,332703857
gmimc,,babybear,16,single,158,131072,81,246932064
gmimc,,babybear,24,single,335,65536,81,260420279
gmimc2,alpha=8,bls12_381,3,single,63,32768,81,225558627
gmimc2,alpha=8,bls12_381,4,single,64,32768,81,231951582
gmimc2,alpha=8,bn254,3,single,63,32768,81,220951478
gmimc2,alpha=8,bn254,4,single,64,32768,81,225626764
gmimc2,alpha=4,goldilocks,8,single,88,262144,81,294713629
gmimc2,alpha=4,goldilocks,12,single,96,262144,81,361730316
gmimc2,alpha=2,mersenne31,16,single,176,65536,81,205022372
gmimc2,alpha=2,mersenne31,24,single,264,32768,81,224770714
gmimc2,alpha=2,koalabear,16,single,176,131072,81,291700448
gmimc2,alpha=2,koalabear,24,single,264,65536,81,236724161
gmimc2,alpha=2,babybear,16,single,176,131072,81,291665053
gmimc2,alpha=2,babybear,24,single,264,65536,81,235886245
poseidon,,bls12_381,3,single,8+56,16384,81,256633763
poseidon,,bls12_381,4,single,8+56,16384,81,382805026
poseidon,,bn254,3,single,8+56,16384,81,246032784
poseidon,,bn254,4,single,8+56,16384,81,370945555
poseidon,,goldilocks,8,single,8+22,131072,81,324650398
poseidon,,goldilocks,12,single,8+22,65536,81,309812984
poseidon,,mersenne31,16,single,8+14,65536,81,324757759
poseidon,,mersenne31,24,single,8+22,16384,81,228796116
poseidon,,koalabear,16,single,8+20,32768,81,254050677
poseidon,,koalabear,24,single,8+23,16384,81,304327483
poseidon,,babybear,16,single,8+13,32768,81,202372381
poseidon,,babybear,24,single,8+21,16384,81,289694491
poseidon2,,bls12_381,3,single,8+56,65536,81,318184306
poseidon2,,bls12_381,4,single,8+56,32768,81,287500701
poseidon2,,bn254,3,single,8+56,65536,81,311603349
poseidon2,,bn254,4,single,8+56,32768,81,275320832
poseidon2,,goldilocks,8,single,8+22,524288,81,392241378
poseidon2,,goldilocks,12,single,8+22,262144,81,273201521
poseidon2,,mersenne31,16,single,8+14,262144,81,253883153
poseidon2,,mersenne31,24,single,8+22,131072,81,211073009
poseidon2,,koalabear,16,single,8+20,262144,81,279976121
poseidon2,,koalabear,24,single,8+23,131072,81,205629156
poseidon2,,babybear,16,single,8+13,262144,81,307624875
poseidon2,,babybear,24,single,8+21,131072,81,248690871
neptune,,bls12_381,4,single,6+69,32768,81,325567943
neptune,,bn254,4,single,6+69,32768,81,316007949
neptune,,goldilocks,8,single,6+38,262144,81,319451393
neptune,,goldilocks,12,single,6+42,131072,81,304613107
psquarehash,,mersenne31,16,single,52,262144,81,245094971
psquarehash,,mersenne31,24,single,52,262144,81,356395658
psquarehash,,koalabear,16,single,52,262144,81,313081050
psquarehash,,koalabear,24,single,52,131072,81,232806089
psquarehash,,babybear,16,single,52,262144,81,312262430
psquarehash,,babybear,24,single,52,131072,81,231268776
rescue_prime,,bls12_381,3,current,16,1024,81,344926847
rescue_prime,,bls12_381,3,original,14,1024,81,301969547
rescue_prime,,bls12_381,4,current,13,1024,81,376043681
rescue_prime,,bls12_381,4,original,11,1024,81,318244779
rescue_prime,,bn254,3,current,16,1024,81,338828351
rescue_prime,,bn254,3,original,14,1024,81,296535152
rescue_prime,,bn254,4,current,13,1024,81,367336461
rescue_prime,,bn254,4,original,11,1024,81,310754934
rescue_prime,,goldilocks,8,single,8,16384,81,252858909
rescue_prime,,goldilocks,12,single,8,16384,81,395003019
rescue_prime,,mersenne31,16,single,8,16384,81,329396446
rescue_prime,,mersenne31,24,single,8,8192,81,266308130
rescue_prime,,koalabear,16,single,8,8192,81,224959357
rescue_prime,,koalabear,24,single,8,8192,81,366368934
rescue_prime,,babybear,16,single,8,8192,81,245080475
rescue_prime,,babybear,24,single,8,8192,81,395129495
anemoi,,bls12_381,4,current,20,1024,81,288256493
anemoi,,bls12_381,4,original,14,1024,81,201787148
anemoi,,bn254,4,current,20,1024,81,283235251
anemoi,,bn254,4,original,14,2048,81,396484566
anemoi,,goldilocks,8,single,11,32768,81,346538218
anemoi,,goldilocks,12,single,10,16384,81,238368783
anemoi,,mersenne31,16,single,10,32768,81,342259092
anemoi,,mersenne31,24,single,9,16384,81,240652381
anemoi,,koalabear,16,single,10,16384,81,246011224
anemoi,,koalabear,24,single,9,16384,81,345108015
anemoi,,babybear,16,single,9,16384,81,240896877
anemoi,,babybear,24,single,9,16384,81,374357189
griffin,,bls12_381,3,current,20,2048,81,285657346
griffin,,bls12_381,3,original,14,4096,81,400149926
griffin,,bls12_381,4,current,20,2048,81,288770023
griffin,,bls12_381,4,original,11,4096,81,316982440
griffin,,bn254,3,current,20,2048,81,281327475
griffin,,bn254,3,original,14,4096,81,393701787
griffin,,bn254,4,current,20,2048,81,283048000
griffin,,bn254,4,original,11,4096,81,311939687
griffin,,goldilocks,8,single,8,131072,81,284320078
griffin,,goldilocks,12,single,8,131072,81,301859100
arion,,bls12_381,3,single,11,4096,81,342312141
arion,,bls12_381,4,single,10,4096,81,330984043
arion,,bn254,3,single,11,4096,81,333940308
arion,,bn254,4,single,10,4096,81,321633100
grendel,native,bls12_381,3,current,24,256,81,265550966
grendel,native,bls12_381,3,original,14,512,81,298829490
grendel,native,bls12_381,4,current,23,256,81,340829130
grendel,native,bls12_381,4,original,12,512,81,340131736
grendel,native,bn254,3,current,24,256,81,262869505
grendel,native,bn254,3,original,14,512,81,294080476
grendel,native,bn254,4,current,23,256,81,337629711
grendel,native,bn254,4,original,12,512,81,338047962
xhash,XHash8,goldilocks,12,single,6,32768,81,284745142
xhash,XHash12,goldilocks,12,single,6,32768,81,371513136
xhash,XHash16,mersenne31,24,single,6,32768,81,302043686
xhash,XHash24,mersenne31,24,single,6,32768,81,364548220
reinforced_concrete,,bls12_381,3,single,7,131072,81,242677525
reinforced_concrete,,bn254,3,single,7,131072,81,243755008
skyscraper,,bls12_381,4,single,18,262144,81,326340677
skyscraper,,bn254,4,single,18,262144,81,316936434
monolith,,goldilocks,8,single,6,1048576,81,266384854
monolith,,goldilocks,12,single,6,524288,81,205662208
monolith,,mersenne31,16,single,6,524288,81,215424089
monolith,,mersenne31,24,single,6,262144,81,219059161
polocolo,,bls12_381,3,single,6,1024,81,263798230
polocolo,,bls12_381,4,single,5,1024,81,293369417
polocolo,,bn254,3,single,6,1024,81,237180011
polocolo,,bn254,4,single,5,1024,81,264308263
tip4p,,goldilocks,12,single,5,262144,81,334297034
plain,sha256_compress,-,-,single,-,8388608,81,211776774
plain,keccak_f1600,-,-,single,-,524288,81,203861413
plain,blake2b_compress,-,-,single,-,2097152,81,240801599
plain,blake3_compress,-,-,single,-,4194304,81,273031794
gmimc,,bls12_381,3,single,228,16384,82,262317012
gmimc,,bls12_381,4,single,231,16384,82,266888324
gmimc,,bn254,3,single,228,16384,82,250723099
gmimc,,bn254,4,single,231,16384,82,254032082
gmimc,,goldilocks,8,single,68,524288,82,337540895
gmimc,,goldilocks,12,single,93,262144,82,236583407
gmimc,,mersenne31,16,single,158,262144,82,270386772
gmimc,,mersenne31,24,single,335,131072,82,320084947
gmimc,,koalabear,16,single,158,262144,82,306656495
gmimc,,koalabear,24,single,335,131072,82,334722549
gmimc,,babybear,16,single,158,131072,82,246942013
gmimc,,babybear,24,single,335,65536,82,259998039
gmimc2,alpha=8,bls12_381,3,single,63,32768,82,225634668
gmimc2,alpha=8,bls12_381,4,single,64,32768,82,230356612
gmimc2,alpha=8,bn254,3,single,63,32768,82,220925770
gmimc2,alpha=8,bn254,4,single,64,32768,82,224301046
gmimc2,alpha=4,goldilocks,8,single,88,262144,82,294981890
gmimc2,alpha=4,goldilocks,12,single,96,262144,82,363428479
gmimc2,alpha=2,mersenne31,16,single,176,65536,82,202364916
gmimc2,alpha=2,mersenne31,24,single,264,32768,82,224062501
gmimc2,alpha=2,koalabear,16,single,176,131072,82,291605641
gmimc2,alpha=2,koalabear,24,single,264,65536,82,234732178
gmimc2,alpha=2,babybear,16,single,176,131072,82,291189122
gmimc2,alpha=2,babybear,24,single,264,65536,82,238137852
poseidon,,bls12_381,3,single,8+56,16384,82,256191065
poseidon,,bls12_381,4,single,8+56,16384,82,381172675
poseidon,,bn254,3,single,8+56,16384,82,246038004
poseidon,,bn254,4,single,8+56,16384,82,369413291
poseidon,,goldilocks,8,single,8+22,131072,82,324401924
poseidon,,goldilocks,12,single,8+22,65536,82,309680365
poseidon,,mersenne31,16,single,8+14,65536,82,324686987
poseidon,,mersenne31,24,single,8+22,16384,82,228772542
poseidon,,koalabear,16,single,8+20,32768,82,253100470
poseidon,,koalabear,24,single,8+23,16384,82,304059833
poseidon,,babybear,16,single,8+13,32768,82,202280459
poseidon,,babybear,24,single,8+21,16384,82,289181200
poseidon2,,bls12_381,3,single,8+56,65536,82,318079901
poseidon2,,bls12_381,4,single,8+56,32768,82,286374856
poseidon2,,bn254,3,single,8+56,65536,82,311718563
poseidon2,,bn254,4,single,8+56,32768,82,275090621
poseidon2,,goldilocks,8,single,8+22,524288,82,392591111
poseidon2,,goldilocks,12,single,8+22,262144,82,273302350
poseidon2,,mersenne31,16,single,8+14,262144,82,253952533
poseidon2,,mersenne31,24,single,8+22,131072,82,210857005
poseidon2,,koalabear,16,single,8+20,262144,82,281770664
poseidon2,,koalabear,24,single,8+23,131072,82,203623328
poseidon2,,babybear,16,single,8+13,262144,82,308400523
poseidon2,,babybear,24,single,8+21,131072,82,249280894
neptune,,bls12_381,4,single,6+69,32768,82,325258624
neptune,,bn254,4,single,6+69,32768,82,313763815
neptune,,goldilocks,8,single,6+38,262144,82,319271627
neptune,,goldilocks,12,single,6+42,131072,82,305059290
psquarehash,,mersenne31,16,single,52,262144,82,245027906
psquarehash,,mersenne31,24,single,52,262144,82,356332859
psquarehash,,koalabear,16,single,52,262144,82,312970644
psquarehash,,koalabear,24,single,52,131072,82,231429356
psquarehash,,babybear,16,single,52,262144,82,312040285
psquarehash,,babybear,24,single,52,131072,82,233151644
rescue_prime,,bls12_381,3,current,16,1024,82,344838661
rescue_prime,,bls12_381,3,original,14,1024,82,301832761
rescue_prime,,bls12_381,4,current,13,1024,82,375949855
rescue_prime,,bls12_381,4,original,11,1024,82,317443591
rescue_prime,,bn254,3,current,16,1024,82,338687007
rescue_prime,,bn254,3,original,14,1024,82,296309701
rescue_prime,,bn254,4,current,13,1024,82,368330938
rescue_prime,,bn254,4,original,11,1024,82,311687255
rescue_prime,,goldilocks,8,single,8,16384,82,252909684
rescue_prime,,goldilocks,12,single,8,16384,82,394942605
rescue_prime,,mersenne31,16,single,8,16384,82,330987418
rescue_prime,,mersenne31,24,single,8,8192,82,265912200
rescue_prime,,koalabear,16,single,8,8192,82,225042000
rescue_prime,,koalabear,24,single,8,8192,82,363112808
rescue_prime,,babybear,16,single,8,8192,82,245197443
rescue_prime,,babybear,24,single,8,8192,82,394596037
anemoi,,bls12_381,4,current,20,1024,82,288253497
anemoi,,bls12_381,4,original,14,1024,82,202482426
anemoi,,bn254,4,current,20,1024,82,283286446
anemoi,,bn254,4,original,14,2048,82,396523799
anemoi,,goldilocks,8,single,11,32768,82,346478095
anemoi,,goldilocks,12,single,10,16384,82,238437240
anemoi,,mersenne31,16,single,10,32768,82,341790645
anemoi,,mersenne31,24,single,9,16384,82,240681023
anemoi,,koalabear,16,single,10,16384,82,245661831
anemoi,,koalabear,24,single,9,16384,82,345029467
anemoi,,babybear,16,single,9,16384,82,241340586
anemoi,,babybear,24,single,9,16384,82,374152717
griffin,,bls12_381,3,current,20,2048,82,286003632
griffin,,bls12_381,3,original,14,4096,82,400493146
griffin,,bls12_381,4,current,20,2048,82,288261722
griffin,,bls12_381,4,original,11,4096,82,317531114
griffin,,bn254,3,current,20,2048,82,281339798
griffin,,bn254,3,original,14,4096,82,393848040
griffin,,bn254,4,current,20,2048,82,283275585
griffin,,bn254,4,original,11,4096,82,312245538
griffin,,goldilocks,8,single,8,131072,82,286799971
griffin,,goldilocks,12,single,8,131072,82,302818944
arion,,bls12_381,3,single,11,4096,82,342982402
arion,,bls12_381,4,single,10,4096,82,330572374
arion,,bn254,3,single,11,4096,82,333716689
arion,,bn254,4,single,10,4096,82,321451711
grendel,native,bls12_381,3,current,24,256,82,265186845
grendel,native,bls12_381,3,original,14,512,82,298300911
grendel,native,bls12_381,4,current,23,256,82,340115736
grendel,native,bls12_381,4,original,12,512,82,340569244
grendel,native,bn254,3,current,24,256,82,263351254
grendel,native,bn254,3,original,14,512,82,293767200
grendel,native,bn254,4,current,23,256,82,337330592
grendel,native,bn254,4,original,12,512,82,337472647
xhash,XHash8,goldilocks,12,single,6,32768,82,284601452
xhash,XHash12,goldilocks,12,single,6,32768,82,371448544
xhash,XHash16,mersenne31,24,single,6,32768,82,302519494
xhash,XHash24,mersenne31,24,single,6,32768,82,364216169
reinforced_concrete,,bls12_381,3,single,7,131072,82,242842874
reinforced_concrete,,bn254,3,single,7,131072,82,242708131
skyscraper,,bls12_381,4,single,18,262144,82,326161601
skyscraper,,bn254,4,single,18,262144,82,317192211
monolith,,goldilocks,8,single,6,1048576,82,266350389
monolith,,goldilocks,12,single,6,524288,82,205236342
monolith,,mersenne31,16,single,6,524288,82,215509979
monolith,,mersenne31,24,single,6,262144,82,219184665
polocolo,,bls12_381,3,single,6,1024,82,263987093
polocolo,,bls12_381,4,single,5,1024,82,294483468
polocolo,,bn254,3,single,6,1024,82,237444446
polocolo,,bn254,4,single,5,1024,82,264377092
tip4p,,goldilocks,12,single,5,262144,82,333359191
plain,sha256_compress,-,-,single,-,8388608,82,211832007
plain,keccak_f1600,-,-,single,-,524288,82,203723936
plain,blake2b_compress,-,-,single,-,2097152,82,241121947
plain,blake3_compress,-,-,single,-,4194304,82,272894557
gmimc,,bls12_381,3,single,228,16384,83,261634507
gmimc,,bls12_381,4,single,231,16384,83,266430188
gmimc,,bn254,3,single,228,16384,83,251319071
gmimc,,bn254,4,single,231,16384,83,256092341
gmimc,,goldilocks,8,single,68,524288,83,337527009
gmimc,,goldilocks,12,single,93,262144,83,236445388
gmimc,,mersenne31,16,single,158,262144,83,269967528
gmimc,,mersenne31,24,single,335,131072,83,325492130
gmimc,,koalabear,16,single,158,262144,83,306587174
gmimc,,koalabear,24,single,335,131072,83,334418290
gmimc,,babybear,16,single,158,131072,83,246867163
gmimc,,babybear,24,single,335,65536,83,260213642
gmimc2,alpha=8,bls12_381,3,single,63,32768,83,225061076
gmimc2,alpha=8,bls12_381,4,single,64,32768,83,232000964
gmimc2,alpha=8,bn254,3,single,63,32768,83,220909949
gmimc2,alpha=8,bn254,4,single,64,32768,83,225557003
gmimc2,alpha=4,goldilocks,8,single,88,262144,83,294781846
gmimc2,alpha=4,goldilocks,12,single,96,262144,83,361821375
gmimc2,alpha=2,mersenne31,16,single,176,65536,83,202445827
gmimc2,alpha=2,mersenne31,24,single,264,32768,83,224306687
gmimc2,alpha=2,koalabear,16,single,176,131072,83,291592847
gmimc2,alpha=2,koalabear,24,single,264,65536,83,233897758
gmimc2,alpha=2,babybear,16,single,176,131072,83,291384367
gmimc2,alpha=2,babybear,24,single,264,65536,83,235878550
poseidon,,bls12_381,3,single,8+56,16384,83,256297735
poseidon,,bls12_381,4,single,8+56,16384,83,381365134
poseidon,,bn254,3,single,8+56,16384,83,246410429
poseidon,,bn254,4,single,8+56,16384,83,369542181
poseidon,,goldilocks,8,single,8+22,131072,83,324257203
poseidon,,goldilocks,12,single,8+22,65536,83,309540473
poseidon,,mersenne31,16,single,8+14,65536,83,328184591
poseidon,,mersenne31,24,single,8+22,16384,83,226703465
poseidon,,koalabear,16,single,8+20,32768,83,253213351
poseidon,,koalabear,24,single,8+23,16384,83,304314879
poseidon,,babybear,16,single,8+13,32768,83,202153250
poseidon,,babybear,24,single,8+21,16384,83,289365585
poseidon2,,bls12_381,3,single,8+56,65536,83,318040226
poseidon2,,bls12_381,4,single,8+56,32768,83,287037815
poseidon2,,bn254,3,single,8+56,65536,83,311584483
poseidon2,,bn254,4,single,8+56,32768,83,275111510
poseidon2,,goldilocks,8,single,8+22,524288,83,391952707
poseidon2,,goldilocks,12,single,8+22,262144,83,273287121
poseidon2,,mersenne31,16,single,8+14,262144,83,254208250
poseidon2,,mersenne31,24,single,8+22,131072,83,211479658
poseidon2,,koalabear,16,single,8+20,262144,83,280536697
poseidon2,,koalabear,24,single,8+23,131072,83,204316163
poseidon2,,babybear,16,single,8+13,262144,83,308622197
poseidon2,,babybear,24,single,8+21,131072,83,251040080
neptune,,bls12_381,4,single,6+69,32768,83,325341779
neptune,,bn254,4,single,6+69,32768,83,314148684
neptune,,goldilocks,8,single,6+38,262144,83,319366013
neptune,,goldilocks,12,single,6+42,131072,83,304917224
psquarehash,,mersenne31,16,single,52,262144,83,244907270
psquarehash,,mersenne31,24,single,52,262144,83,356393301
psquarehash,,koalabear,16,single,52,262144,83,313076631
psquarehash,,koalabear,24,single,52,131072,83,231889716
psquarehash,,babybear,16,single,52,262144,83,310574115
psquarehash,,babybear,24,single,52,131072,83,233419133
rescue_prime,,bls12_381,3,current,16,1024,83,344846415
rescue_prime,,bls12_381,3,original,14,1024,83,301807223
rescue_prime,,bls12_381,4,current,13,1024,83,375472393
rescue_prime,,bls12_381,4,original,11,1024,83,317916775
rescue_prime,,bn254,3,current,16,1024,83,339004609
rescue_prime,,bn254,3,original,14,1024,83,296445765
rescue_prime,,bn254,4,current,13,1024,83,368598919
rescue_prime,,bn254,4,original,11,1024,83,311944755
rescue_prime,,goldilocks,8,single,8,16384,83,252970688
rescue_prime,,goldilocks,12,single,8,16384,83,394959816
rescue_prime,,mersenne31,16,single,8,16384,83,330390854
rescue_prime,,mersenne31,24,single,8,8192,83,266262595
rescue_prime,,koalabear,16,single,8,8192,83,224257143
rescue_prime,,koalabear,24,single,8,8192,83,363982873
rescue_prime,,babybear,16,single,8,8192,83,245044216
rescue_prime,,babybear,24,single,8,8192,83,395265328
anemoi,,bls12_381,4,current,20,1024,83,290029044
anemoi,,bls12_381,4,original,14,1024,83,202035832
anemoi,,bn254,4,current,20,1024,83,283524570
anemoi,,bn254,4,original,14,2048,83,397052367
anemoi,,goldilocks,8,single,11,32768,83,347281806
anemoi,,goldilocks,12,single,10,16384,83,238468749
anemoi,,mersenne31,16,single,10,32768,83,345069432
anemoi,,mersenne31,24,single,9,16384,83,240615952
anemoi,,koalabear,16,single,10,16384,83,247233638
anemoi,,koalabear,24,single,9,16384,83,345066938
anemoi,,babybear,16,single,9,16384,83,242285892
anemoi,,babybear,24,single,9,16384,83,374107562
griffin,,bls12_381,3,current,20,2048,83,286255603
griffin,,bls12_381,3,original,14,4096,83,400294364
griffin,,bls12_381,4,current,20,2048,83,288160743
griffin,,bls12_381,4,original,11,4096,83,317021973
griffin,,bn254,3,current,20,2048,83,281483606
griffin,,bn254,3,original,14,4096,83,393871443
griffin,,bn254,4,current,20,2048,83,283306362
griffin,,bn254,4,original,11,4096,83,312174034
griffin,,goldilocks,8,single,8,131072,83,283971866
griffin,,goldilocks,12,single,8,131072,83,301999212
arion,,bls12_381,3,single,11,4096,83,342233804
arion,,bls12_381,4,single,10,4096,83,330404780
arion,,bn254,3,single,11,4096,83,333913916
arion,,bn254,4,single,10,4096,83,321662825
grendel,native,bls12_381,3,current,24,256,83,266252616
grendel,native,bls12_381,3,original,14,512,83,298588168
grendel,native,bls12_381,4,current,23,256,83,339809673
grendel,native,bls12_381,4,original,12,512,83,340299498
grendel,native,bn254,3,current,24,256,83,263332649
grendel,native,bn254,3,original,14,512,83,294316205
grendel,native,bn254,4,current,23,256,83,338135445
grendel,native,bn254,4,original,12,512,83,337899103
xhash,XHash8,goldilocks,12,single,6,32768,83,284659100
xhash,XHash12,goldilocks,12,single,6,32768,83,371683673
xhash,XHash16,mersenne31,24,single,6,32768,83,302408195
xhash,XHash24,mersenne31,24,single,6,32768,83,364557006
reinforced_concrete,,bls12_381,3,single,7,131072,83,242923212
reinforced_concrete,,bn254,3,single,7,131072,83,244106724
skyscraper,,bls12_381,4,single,18,262144,83,326679489
skyscraper,,bn254,4,single,18,262144,83,317416891
monolith,,goldilocks,8,single,6,1048576,83,266487174
monolith,,goldilocks,12,single,6,524288,83,206551269
monolith,,mersenne31,16,single,6,524288,83,215655099
monolith,,mersenne31,24,single,6,262144,83,219223778
polocolo,,bls12_381,3,single,6,1024,83,263870645
polocolo,,bls12_381,4,single,5,1024,83,293337666
polocolo,,bn254,3,single,6,1024,83,237264750
polocolo,,bn254,4,single,5,1024,83,264338039
tip4p,,goldilocks,12,single,5,262144,83,335010074
plain,sha256_compress,-,-,single,-,8388608,83,211780491
plain,keccak_f1600,-,-,single,-,524288,83,204083107
plain,blake2b_compress,-,-,single,-,2097152,83,241308776
plain,blake3_compress,-,-,single,-,4194304,83,272929862
gmimc,,bls12_381,3,single,228,16384,84,261778937
gmimc,,bls12_381,4,single,231,16384,84,269480808
gmimc,,bn254,3,single,228,16384,84,250307611
gmimc,,bn254,4,single,231,16384,84,257232170
gmimc,,goldilocks,8,single,68,524288,84,337622386
gmimc,,goldilocks,12,single,93,262144,84,236631386
gmimc,,mersenne31,16,single,158,262144,84,269167322
gmimc,,mersenne31,24,single,335,131072,84,316524683
gmimc,,koalabear,16,single,158,262144,84,306490804
gmimc,,koalabear,24,single,335,131072,84,327829858
gmimc,,babybear,16,single,158,131072,84,246891849
gmimc,,babybear,24,single,335,65536,84,260427461
gmimc2,alpha=8,bls12_381,3,single,63,32768,84,225551162
gmimc2,alpha=8,bls12_381,4,single,64,32768,84,231878806
gmimc2,alpha=8,bn254,3,single,63,32768,84,220865345
gmimc2,alpha=8,bn254,4,single,64,32768,84,225747148
gmimc2,alpha=4,goldilocks,8,single,88,262144,84,294778719
gmimc2,alpha=4,goldilocks,12,single,96,262144,84,361919407
gmimc2,alpha=2,mersenne31,16,single,176,65536,84,202537088
gmimc2,alpha=2,mersenne31,24,single,264,32768,84,224245542
gmimc2,alpha=2,koalabear,16,single,176,131072,84,292313462
gmimc2,alpha=2,koalabear,24,single,264,65536,84,234386812
gmimc2,alpha=2,babybear,16,single,176,131072,84,292533274
gmimc2,alpha=2,babybear,24,single,264,65536,84,235888758
poseidon,,bls12_381,3,single,8+56,16384,84,256333431
poseidon,,bls12_381,4,single,8+56,16384,84,382814932
poseidon,,bn254,3,single,8+56,16384,84,246732721
poseidon,,bn254,4,single,8+56,16384,84,370933541
poseidon,,goldilocks,8,single,8+22,131072,84,324613038
poseidon,,goldilocks,12,single,8+22,65536,84,310284683
poseidon,,mersenne31,16,single,8+14,65536,84,324437168
poseidon,,mersenne31,24,single,8+22,16384,84,227216343
poseidon,,koalabear,16,single,8+20,32768,84,253500838
poseidon,,koalabear,24,single,8+23,16384,84,304282779
poseidon,,babybear,16,single,8+13,32768,84,202392728
poseidon,,babybear,24,single,8+21,16384,84,289425296
poseidon2,,bls12_381,3,single,8+56,65536,84,317905504
poseidon2,,bls12_381,4,single,8+56,32768,84,287300446
poseidon2,,bn254,3,single,8+56,65536,84,311771442
poseidon2,,bn254,4,single,8+56,32768,84,275250188
poseidon2,,goldilocks,8,single,8+22,524288,84,392396696
poseidon2,,goldilocks,12,single,8+22,262144,84,273481493
poseidon2,,mersenne31,16,single,8+14,262144,84,253886439
poseidon2,,mersenne31,24,single,8+22,131072,84,211638615
poseidon2,,koalabear,16,single,8+20,262144,84,280672330
poseidon2,,koalabear,24,single,8+23,131072,84,206399545
poseidon2,,babybear,16,single,8+13,262144,84,308467187
poseidon2,,babybear,24,single,8+21,131072,84,248800825
neptune,,bls12_381,4,single,6+69,32768,84,325698907
neptune,,bn254,4,single,6+69,32768,84,315952554
neptune,,goldilocks,8,single,6+38,262144,84,319398002
neptune,,goldilocks,12,single,6+42,131072,84,304658240
psquarehash,,mersenne31,16,single,52,262144,84,245020151
psquarehash,,mersenne31,24,single,52,262144,84,356425952
psquarehash,,koalabear,16,single,52,262144,84,311103293
psquarehash,,koalabear,24,single,52,131072,84,231878074
psquarehash,,babybear,16,single,52,262144,84,311746625
psquarehash,,babybear,24,single,52,131072,84,233391371
rescue_prime,,bls12_381,3,current,16,1024,84,345161043
rescue_prime,,bls12_381,3,original,14,1024,84,302186030
rescue_prime,,bls12_381,4,current,13,1024,84,376266997
rescue_prime,,bls12_381,4,original,11,1024,84,318432388
rescue_prime,,bn254,3,current,16,1024,84,339033984
rescue_prime,,bn254,3,original,14,1024,84,296561340
rescue_prime,,bn254,4,current,13,1024,84,367394417
rescue_prime,,bn254,4,original,11,1024,84,310953373
rescue_prime,,goldilocks,8,single,8,16384,84,252951140
rescue_prime,,goldilocks,12,single,8,16384,84,395165310
rescue_prime,,mersenne31,16,single,8,16384,84,330475301
rescue_prime,,mersenne31,24,single,8,8192,84,266036762
rescue_prime,,koalabear,16,single,8,8192,84,224872042
rescue_prime,,koalabear,24,single,8,8192,84,365272533
rescue_prime,,babybear,16,single,8,8192,84,245262303
rescue_prime,,babybear,24,single,8,8192,84,392568127
anemoi,,bls12_381,4,current,20,1024,84,289023064
anemoi,,bls12_381,4,original,14,1024,84,201885390
anemoi,,bn254,4,current,20,1024,84,283379989
anemoi,,bn254,4,original,14,2048,84,396795536
anemoi,,goldilocks,8,single,11,32768,84,346471511
anemoi,,goldilocks,12,single,10,16384,84,238421019
anemoi,,mersenne31,16,single,10,32768,84,341529657
anemoi,,mersenne31,24,single,9,16384,84,240779818
anemoi,,koalabear,16,single,10,16384,84,246008187
anemoi,,koalabear,24,single,9,16384,84,345135124
anemoi,,babybear,16,single,9,16384,84,241195434
anemoi,,babybear,24,single,9,16384,84,374001203
griffin,,bls12_381,3,current,20,2048,84,286263066
griffin,,bls12_381,3,original,14,4096,84,401103256
griffin,,bls12_381,4,current,20,2048,84,288876780
griffin,,bls12_381,4,original,11,4096,84,317084349
griffin,,bn254,3,current,20,2048,84,281576870
griffin,,bn254,3,original,14,4096,84,394005302
griffin,,bn254,4,current,20,2048,84,283294149
griffin,,bn254,4,original,11,4096,84,312017872
griffin,,goldilocks,8,single,8,131072,84,284274040
griffin,,goldilocks,12,single,8,131072,84,301360818
arion,,bls12_381,3,single,11,4096,84,342241908
arion,,bls12_381,4,single,10,4096,84,330406973
arion,,bn254,3,single,11,4096,84,333765880
arion,,bn254,4,single,10,4096,84,321675117
grendel,native,bls12_381,3,current,24,256,84,265059035
grendel,native,bls12_381,3,original,14,512,84,299136792
grendel,native,bls12_381,4,current,23,256,84,340232923
grendel,native,bls12_381,4,original,12,512,84,340703674
grendel,native,bn254,3,current,24,256,84,262861338
grendel,native,bn254,3,original,14,512,84,294872705
grendel,native,bn254,4,current,23,256,84,337673702
grendel,native,bn254,4,original,12,512,84,337579406
xhash,XHash8,goldilocks,12,single,6,32768,84,284643651
xhash,XHash12,goldilocks,12,single,6,32768,84,371556825
xhash,XHash16,mersenne31,24,single,6,32768,84,301976147
xhash,XHash24,mersenne31,24,single,6,32768,84,364650691
reinforced_concrete,,bls12_381,3,single,7,131072,84,242905880
reinforced_concrete,,bn254,3,single,7,131072,84,243956523
skyscraper,,bls12_381,4,single,18,262144,84,326228024
skyscraper,,bn254,4,single,18,262144,84,317374922
monolith,,goldilocks,8,single,6,1048576,84,266269617
monolith,,goldilocks,12,single,6,524288,84,206013654
monolith,,mersenne31,16,single,6,524288,84,215472799
monolith,,mersenne31,24,single,6,262144,84,218985022
polocolo,,bls12_381,3,single,6,1024,84,263894458
polocolo,,bls12_381,4,single,5,1024,84,294524173
polocolo,,bn254,3,single,6,1024,84,237333858
polocolo,,bn254,4,single,5,1024,84,264467279
tip4p,,goldilocks,12,single,5,262144,84,334439448
plain,sha256_compress,-,-,single,-,8388608,84,211750684
plain,keccak_f1600,-,-,single,-,524288,84,203815045
plain,blake2b_compress,-,-,single,-,2097152,84,241378035
plain,blake3_compress,-,-,single,-,4194304,84,272788118
gmimc,,bls12_381,3,single,228,16384,85,261818980
gmimc,,bls12_381,4,single,231,16384,85,266659245
gmimc,,bn254,3,single,228,16384,85,251394201
gmimc,,bn254,4,single,231,16384,85,254013275
gmimc,,goldilocks,8,single,68,524288,85,337501189
gmimc,,goldilocks,12,single,93,262144,85,235582816
gmimc,,mersenne31,16,single,158,262144,85,269405908
gmimc,,mersenne31,24,single,335,131072,85,319666042
gmimc,,koalabear,16,single,158,262144,85,306479653
gmimc,,koalabear,24,single,335,131072,85,331644095
gmimc,,babybear,16,single,158,131072,85,246890044
gmimc,,babybear,24,single,335,65536,85,260403947
gmimc2,alpha=8,bls12_381,3,single,63,32768,85,225361067
gmimc2,alpha=8,bls12_381,4,single,64,32768,85,230295957
gmimc2,alpha=8,bn254,3,single,63,32768,85,221204540
gmimc2,alpha=8,bn254,4,single,64,32768,85,224241234
gmimc2,alpha=4,goldilocks,8,single,88,262144,85,294732783
gmimc2,alpha=4,goldilocks,12,single,96,262144,85,362474163
gmimc2,alpha=2,mersenne31,16,single,176,65536,85,202477406
gmimc2,alpha=2,mersenne31,24,single,264,32768,85,224159711
gmimc2,alpha=2,koalabear,16,single,176,131072,85,291657066
gmimc2,alpha=2,koalabear,24,single,264,65536,85,235032668
gmimc2,alpha=2,babybear,16,single,176,131072,85,292476577
gmimc2,alpha=2,babybear,24,single,264,65536,85,235718369
poseidon,,bls12_381,3,single,8+56,16384,85,255100857
poseidon,,bls12_381,4,single,8+56,16384,85,381552243
poseidon,,bn254,3,single,8+56,16384,85,246418764
poseidon,,bn254,4,single,8+56,16384,85,370080386
poseidon,,goldilocks,8,single,8+22,131072,85,324619559
poseidon,,goldilocks,12,single,8+22,65536,85,309551332
poseidon,,mersenne31,16,single,8+14,65536,85,323151896
poseidon,,mersenne31,24,single,8+22,16384,85,229209117
poseidon,,koalabear,16,single,8+20,32768,85,252741508
poseidon,,koalabear,24,single,8+23,16384,85,304298216
poseidon,,babybear,16,single,8+13,32768,85,202718025
poseidon,,babybear,24,single,8+21,16384,85,289140062
poseidon2,,bls12_381,3,single,8+56,65536,85,318089407
poseidon2,,bls12_381,4,single,8+56,32768,85,286532660
poseidon2,,bn254,3,single,8+56,65536,85,311756704
poseidon2,,bn254,4,single,8+56,32768,85,275185718
poseidon2,,goldilocks,8,single,8+22,524288,85,391925105
poseidon2,,goldilocks,12,single,8+22,262144,85,273073040
poseidon2,,mersenne31,16,single,8+14,262144,85,253764129
poseidon2,,mersenne31,24,single,8+22,131072,85,210981076
poseidon2,,koalabear,16,single,8+20,262144,85,280091273
poseidon2,,koalabear,24,single,8+23,131072,85,203061467
poseidon2,,babybear,16,single,8+13,262144,85,307969166
poseidon2,,babybear,24,single,8+21,131072,85,248629174
neptune,,bls12_381,4,single,6+69,32768,85,325421267
neptune,,bn254,4,single,6+69,32768,85,313768993
neptune,,goldilocks,8,single,6+38,262144,85,319670160
neptune,,goldilocks,12,single,6+42,131072,85,304104375
psquarehash,,mersenne31,16,single,52,262144,85,245264527
psquarehash,,mersenne31,24,single,52,262144,85,356427103
psquarehash,,koalabear,16,single,52,262144,85,311388636
psquarehash,,koalabear,24,single,52,131072,85,232048502
psquarehash,,babybear,16,single,52,262144,85,312280682
psquarehash,,babybear,24,single,52,131072,85,231758690
rescue_prime,,bls12_381,3,current,16,1024,85,345504153
rescue_prime,,bls12_381,3,original,14,1024,85,301918881
rescue_prime,,bls12_381,4,current,13,1024,85,375456682
rescue_prime,,bls12_381,4,original,11,1024,85,317844870
rescue_prime,,bn254,3,current,16,1024,85,338901295
rescue_prime,,bn254,3,original,14,1024,85,296426617
rescue_prime,,bn254,4,current,13,1024,85,368448136
rescue_prime,,bn254,4,original,11,1024,85,311872840
rescue_prime,,goldilocks,8,single,8,16384,85,252876661
rescue_prime,,goldilocks,12,single,8,16384,85,397066381
rescue_prime,,mersenne31,16,single,8,16384,85,330610383
rescue_prime,,mersenne31,24,single,8,8192,85,266447238
rescue_prime,,koalabear,16,single,8,8192,85,223494268
rescue_prime,,koalabear,24,single,8,8192,85,365658974
rescue_prime,,babybear,16,single,8,8192,85,245357501
rescue_prime,,babybear,24,single,8,8192,85,394967790
anemoi,,bls12_381,4,current,20,1024,85,289037711
anemoi,,bls12_381,4,original,14,1024,85,202516689
anemoi,,bn254,4,current,20,1024,85,283235950
anemoi,,bn254,4,original,14,2048,85,396640736
anemoi,,goldilocks,8,single,11,32768,85,346803521
anemoi,,goldilocks,12,single,10,16384,85,238368522
anemoi,,mersenne31,16,single,10,32768,85,341398771
anemoi,,mersenne31,24,single,9,16384,85,240504643
anemoi,,koalabear,16,single,10,16384,85,246186730
anemoi,,koalabear,24,single,9,16384,85,345165951
anemoi,,babybear,16,single,9,16384,85,241204580
anemoi,,babybear,24,single,9,16384,85,374268732
griffin,,bls12_381,3,current,20,2048,85,286222470
griffin,,bls12_381,3,original,14,4096,85,400191120
griffin,,bls12_381,4,current,20,2048,85,288015421
griffin,,bls12_381,4,original,11,4096,85,317693477
griffin,,bn254,3,current,20,2048,85,281412873
griffin,,bn254,3,original,14,4096,85,393853628
griffin,,bn254,4,current,20,2048,85,283266126
griffin,,bn254,4,original,11,4096,85,312210160
griffin,,goldilocks,8,single,8,131072,85,283768996
griffin,,goldilocks,12,single,8,131072,85,301443763
arion,,bls12_381,3,single,11,4096,85,342319332
arion,,bls12_381,4,single,10,4096,85,331325569
arion,,bn254,3,single,11,4096,85,333965271
arion,,bn254,4,single,10,4096,85,321518213
grendel,native,bls12_381,3,current,24,256,85,265800120
grendel,native,bls12_381,3,original,14,512,85,298287355
grendel,native,bls12_381,4,current,23,256,85,341138916
grendel,native,bls12_381,4,original,12,512,85,340270183
grendel,native,bn254,3,current,24,256,85,263094564
grendel,native,bn254,3,original,14,512,85,293975718
grendel,native,bn254,4,current,23,256,85,337231124
grendel,native,bn254,4,original,12,512,85,336978522
xhash,XHash8,goldilocks,12,single,6,32768,85,284752845
xhash,XHash12,goldilocks,12,single,6,32768,85,371422112
xhash,XHash16,mersenne31,24,single,6,32768,85,302417061
xhash,XHash24,mersenne31,24,single,6,32768,85,364912389
reinforced_concrete,,bls12_381,3,single,7,131072,85,243536007
reinforced_concrete,,bn254,3,single,7,131072,85,244568837
skyscraper,,bls12_381,4,single,18,262144,85,326411476
skyscraper,,bn254,4,single,18,262144,85,317155932
monolith,,goldilocks,8,single,6,1048576,85,266509645
monolith,,goldilocks,12,single,6,524288,85,206172781
monolith,,mersenne31,16,single,6,524288,85,215604284
monolith,,mersenne31,24,single,6,262144,85,219585193
polocolo,,bls12_381,3,single,6,1024,85,264502054
polocolo,,bls12_381,4,single,5,1024,85,293637667
polocolo,,bn254,3,single,6,1024,85,237491822
polocolo,,bn254,4,single,5,1024,85,264849283
tip4p,,goldilocks,12,single,5,262144,85,333235799
plain,sha256_compress,-,-,single,-,8388608,85,211794616
plain,keccak_f1600,-,-,single,-,524288,85,203926052
plain,blake2b_compress,-,-,single,-,2097152,85,242313673
plain,blake3_compress,-,-,single,-,4194304,85,273311225
gmimc,,bls12_381,3,single,228,16384,86,261785107
gmimc,,bls12_381,4,single,231,16384,86,266655879
gmimc,,bn254,3,single,228,16384,86,250490011
gmimc,,bn254,4,single,231,16384,86,254028604
gmimc,,goldilocks,8,single,68,524288,86,337614750
gmimc,,goldilocks,12,single,93,262144,86,235755619
gmimc,,mersenne31,16,single,158,262144,86,268566419
gmimc,,mersenne31,24,single,335,131072,86,334280130
gmimc,,koalabear,16,single,158,262144,86,307174801
gmimc,,koalabear,24,single,335,131072,86,333526872
gmimc,,babybear,16,single,158,131072,86,247170138
gmimc,,babybear,24,single,335,65536,86,260263313
gmimc2,alpha=8,bls12_381,3,single,63,32768,86,225594552
gmimc2,alpha=8,bls12_381,4,single,64,32768,86,232308116
gmimc2,alpha=8,bn254,3,single,63,32768,86,221236308
gmimc2,alpha=8,bn254,4,single,64,32768,86,225844068
gmimc2,alpha=4,goldilocks,8,single,88,262144,86,294720529
gmimc2,alpha=4,goldilocks,12,single,96,262144,86,361776399
gmimc2,alpha=2,mersenne31,16,single,176,65536,86,202288603
gmimc2,alpha=2,mersenne31,24,single,264,32768,86,224557634
gmimc2,alpha=2,koalabear,16,single,176,131072,86,291615387
gmimc2,alpha=2,koalabear,24,single,264,65536,86,235513786
gmimc2,alpha=2,babybear,16,single,176,131072,86,291323221
gmimc2,alpha=2,babybear,24,single,264,65536,86,235798950
poseidon,,bls12_381,3,single,8+56,16384,86,256597534
poseidon,,bls12_381,4,single,8+56,16384,86,381084648
poseidon,,bn254,3,single,8+56,16384,86,245778458
poseidon,,bn254,4,single,8+56,16384,86,369139096
poseidon,,goldilocks,8,single,8+22,131072,86,324136265
poseidon,,goldilocks,12,single,8+22,65536,86,309687096
poseidon,,mersenne31,16,single,8+14,65536,86,325157663
poseidon,,mersenne31,24,single,8+22,16384,86,229184570
poseidon,,koalabear,16,single,8+20,32768,86,253138330
poseidon,,koalabear,24,single,8+23,16384,86,304548323
poseidon,,babybear,16,single,8+13,32768,86,202365567
poseidon,,babybear,24,single,8+21,16384,86,289154829
poseidon2,,bls12_381,3,single,8+56,65536,86,317911884
poseidon2,,bls12_381,4,single,8+56,32768,86,287119867
poseidon2,,bn254,3,single,8+56,65536,86,311704906
poseidon2,,bn254,4,single,8+56,32768,86,275220272
poseidon2,,goldilocks,8,single,8+22,524288,86,392283193
poseidon2,,goldilocks,12,single,8+22,262144,86,273484408
poseidon2,,mersenne31,16,single,8+14,262144,86,254100447
poseidon2,,mersenne31,24,single,8+22,131072,86,211031991
poseidon2,,koalabear,16,single,8+20,262144,86,281213580
poseidon2,,koalabear,24,single,8+23,131072,86,203379541
poseidon2,,babybear,16,single,8+13,262144,86,308012226
poseidon2,,babybear,24,single,8+21,131072,86,247540951
neptune,,bls12_381,4,single,6+69,32768,86,325659051
neptune,,bn254,4,single,6+69,32768,86,313768422
neptune,,goldilocks,8,single,6+38,262144,86,320208065
neptune,,goldilocks,12,single,6+42,131072,86,304368377
psquarehash,,mersenne31,16,single,52,262144,86,245176763
psquarehash,,mersenne31,24,single,52,262144,86,356392699
psquarehash,,koalabear,16,single,52,262144,86,311333162
psquarehash,,koalabear,24,single,52,131072,86,231917356
psquarehash,,babybear,16,single,52,262144,86,312174984
psquarehash,,babybear,24,single,52,131072,86,233359221
rescue_prime,,bls12_381,3,current,16,1024,86,345267711
rescue_prime,,bls12_381,3,original,14,1024,86,302131778
rescue_prime,,bls12_381,4,current,13,1024,86,375372904
rescue_prime,,bls12_381,4,original,11,1024,86,317696753
rescue_prime,,bn254,3,current,16,1024,86,338990892
rescue_prime,,bn254,3,original,14,1024,86,296500776
rescue_prime,,bn254,4,current,13,1024,86,368549074
rescue_prime,,bn254,4,original,11,1024,86,311815974
rescue_prime,,goldilocks,8,single,8,16384,86,252922577
rescue_prime,,goldilocks,12,single,8,16384,86,395106098
rescue_prime,,mersenne31,16,single,8,16384,86,328548119
rescue_prime,,mersenne31,24,single,8,8192,86,266274305
rescue_prime,,koalabear,16,single,8,8192,86,225011151
rescue_prime,,koalabear,24,single,8,8192,86,363619523
rescue_prime,,babybear,16,single,8,8192,86,245377799
rescue_prime,,babybear,24,single,8,8192,86,394774398
anemoi,,bls12_381,4,current,20,1024,86,289257101
anemoi,,bls12_381,4,original,14,1024,86,202438583
anemoi,,bn254,4,current,20,1024,86,283587998
anemoi,,bn254,4,original,14,2048,86,396954542
anemoi,,goldilocks,8,single,11,32768,86,347650483
anemoi,,goldilocks,12,single,10,16384,86,238560069
anemoi,,mersenne31,16,single,10,32768,86,343547446
anemoi,,mersenne31,24,single,9,16384,86,240593559
anemoi,,koalabear,16,single,10,16384,86,246815686
anemoi,,koalabear,24,single,9,16384,86,345262912
anemoi,,babybear,16,single,9,16384,86,241774415
anemoi,,babybear,24,single,9,16384,86,374464407
griffin,,bls12_381,3,current,20,2048,86,285854713
griffin,,bls12_381,3,original,14,4096,86,400766174
griffin,,bls12_381,4,current,20,2048,86,288361797
griffin,,bls12_381,4,original,11,4096,86,318701891
griffin,,bn254,3,current,20,2048,86,281644085
griffin,,bn254,3,original,14,4096,86,394101941
griffin,,bn254,4,current,20,2048,86,283427738
griffin,,bn254,4,original,11,4096,86,312333360
griffin,,goldilocks,8,single,8,131072,86,285549753
griffin,,goldilocks,12,single,8,131072,86,302139793
arion,,bls12_381,3,single,11,4096,86,343343265
arion,,bls12_381,4,single,10,4096,86,330742780
arion,,bn254,3,single,11,4096,86,333999715
arion,,bn254,4,single,10,4096,86,321760385
grendel,native,bls12_381,3,current,24,256,86,265664275
grendel,native,bls12_381,3,original,14,512,86,299457631
grendel,native,bls12_381,4,current,23,256,86,340892776
grendel,native,bls12_381,4,original,12,512,86,340362646
grendel,native,bn254,3,current,24,256,86,264141529
grendel,native,bn254,3,original,14,512,86,294718886
grendel,native,bn254,4,current,23,256,86,337349575
grendel,native,bn254,4,original,12,512,86,337894754
xhash,XHash8,goldilocks,12,single,6,32768,86,284619695
xhash,XHash12,goldilocks,12,single,6,32768,86,371210938
xhash,XHash16,mersenne31,24,single,6,32768,86,303091521
xhash,XHash24,mersenne31,24,single,6,32768,86,365352251
reinforced_concrete,,bls12_381,3,single,7,131072,86,242195261
reinforced_concrete,,bn254,3,single,7,131072,86,244349928
skyscraper,,bls12_381,4,single,18,262144,86,326644372
skyscraper,,bn254,4,single,18,262144,86,316966928
monolith,,goldilocks,8,single,6,1048576,86,266623789
monolith,,goldilocks,12,single,6,524288,86,205405426
monolith,,mersenne31,16,single,6,524288,86,215684344
monolith,,mersenne31,24,single,6,262144,86,219341598
polocolo,,bls12_381,3,single,6,1024,86,263926298
polocolo,,bls12_381,4,single,5,1024,86,294301556
polocolo,,bn254,3,single,6,1024,86,237334188
polocolo,,bn254,4,single,5,1024,86,264616428
tip4p,,goldilocks,12,single,5,262144,86,333528215
plain,sha256_compress,-,-,single,-,8388608,86,211732450
plain,keccak_f1600,-,-,single,-,524288,86,203792964
plain,blake2b_compress,-,-,single,-,2097152,86,241808148
plain,blake3_compress,-,-,single,-,4194304,86,274406811
gmimc,,bls12_381,3,single,228,16384,87,261750381
gmimc,,bls12_381,4,single,231,16384,87,269765078
gmimc,,bn254,3,single,228,16384,87,252035569
gmimc,,bn254,4,single,231,16384,87,257613351
gmimc,,goldilocks,8,single,68,524288,87,337459490
gmimc,,goldilocks,12,single,93,262144,87,236481444
gmimc,,mersenne31,16,single,158,262144,87,268970704
gmimc,,mersenne31,24,single,335,131072,87,312426635
gmimc,,koalabear,16,single,158,262144,87,306518114
gmimc,,koalabear,24,single,335,131072,87,328666219
gmimc,,babybear,16,single,158,131072,87,246871940
gmimc,,babybear,24,single,335,65536,87,260326180
gmimc2,alpha=8,bls12_381,3,single,63,32768,87,225343883
gmimc2,alpha=8,bls12_381,4,single,64,32768,87,232271858
gmimc2,alpha=8,bn254,3,single,63,32768,87,221188047
gmimc2,alpha=8,bn254,4,single,64,32768,87,225683628
gmimc2,alpha=4,goldilocks,8,single,88,262144,87,294917767
gmimc2,alpha=4,goldilocks,12,single,96,262144,87,363677180
gmimc2,alpha=2,mersenne31,16,single,176,65536,87,202516999
gmimc2,alpha=2,mersenne31,24,single,264,32768,87,224254217
gmimc2,alpha=2,koalabear,16,single,176,131072,87,291918092
gmimc2,alpha=2,koalabear,24,single,264,65536,87,234242250
gmimc2,alpha=2,babybear,16,single,176,131072,87,291527112
gmimc2,alpha=2,babybear,24,single,264,65536,87,235659790
poseidon,,bls12_381,3,single,8+56,16384,87,256272396
poseidon,,bls12_381,4,single,8+56,16384,87,382599237
poseidon,,bn254,3,single,8+56,16384,87,247184524
poseidon,,bn254,4,single,8+56,16384,87,371106131
poseidon,,goldilocks,8,single,8+22,131072,87,324445072
poseidon,,goldilocks,12,single,8+22,65536,87,309562522
poseidon,,mersenne31,16,single,8+14,65536,87,327051712
poseidon,,mersenne31,24,single,8+22,16384,87,228911720
poseidon,,koalabear,16,single,8+20,32768,87,253579553
poseidon,,koalabear,24,single,8+23,16384,87,304644312
poseidon,,babybear,16,single,8+13,32768,87,201724098
poseidon,,babybear,24,single,8+21,16384,87,289106368
poseidon2,,bls12_381,3,single,8+56,65536,87,317974260
poseidon2,,bls12_381,4,single,8+56,32768,87,287820336
poseidon2,,bn254,3,single,8+56,65536,87,311714294
poseidon2,,bn254,4,single,8+56,32768,87,275377254
poseidon2,,goldilocks,8,single,8+22,524288,87,392124867
poseidon2,,goldilocks,12,single,8+22,262144,87,273564006
poseidon2,,mersenne31,16,single,8+14,262144,87,254220371
poseidon2,,mersenne31,24,single,8+22,131072,87,210969894
poseidon2,,koalabear,16,single,8+20,262144,87,280608670
poseidon2,,koalabear,24,single,8+23,131072,87,206874983
poseidon2,,babybear,16,single,8+13,262144,87,306406786
poseidon2,,babybear,24,single,8+21,131072,87,249814438
neptune,,bls12_381,4,single,6+69,32768,87,325553322
neptune,,bn254,4,single,6+69,32768,87,316346589
neptune,,goldilocks,8,single,6+38,262144,87,320307991
neptune,,goldilocks,12,single,6+42,131072,87,304439900
psquarehash,,mersenne31,16,single,52,262144,87,245349446
psquarehash,,mersenne31,24,single,52,262144,87,356425670
psquarehash,,koalabear,16,single,52,262144,87,311550577
psquarehash,,koalabear,24,single,52,131072,87,231923358
psquarehash,,babybear,16,single,52,262144,87,311851961
psquarehash,,babybear,24,single,52,131072,87,231402273
rescue_prime,,bls12_381,3,current,16,1024,87,345260056
rescue_prime,,bls12_381,3,original,14,1024,87,302240822
rescue_prime,,bls12_381,4,current,13,1024,87,376563068
rescue_prime,,bls12_381,4,original,11,1024,87,318404545
rescue_prime,,bn254,3,current,16,1024,87,338993717
rescue_prime,,bn254,3,original,14,1024,87,296727449
rescue_prime,,bn254,4,current,13,1024,87,367474736
rescue_prime,,bn254,4,original,11,1024,87,310902016
rescue_prime,,goldilocks,8,single,8,16384,87,252904472
rescue_prime,,goldilocks,12,single,8,16384,87,395114543
rescue_prime,,mersenne31,16,single,8,16384,87,328840094
rescue_prime,,mersenne31,24,single,8,8192,87,267038793
rescue_prime,,koalabear,16,single,8,8192,87,226472472
rescue_prime,,koalabear,24,single,8,8192,87,364469901
rescue_prime,,babybear,16,single,8,8192,87,245007486
rescue_prime,,babybear,24,single,8,8192,87,394616843
anemoi,,bls12_381,4,current,20,1024,87,288455803
anemoi,,bls12_381,4,original,14,1024,87,202864398
anemoi,,bn254,4,current,20,1024,87,283474555
anemoi,,bn254,4,original,14,2048,87,396710836
anemoi,,goldilocks,8,single,11,32768,87,346848905
anemoi,,goldilocks,12,single,10,16384,87,238499725
anemoi,,mersenne31,16,single,10,32768,87,342212772
anemoi,,mersenne31,24,single,9,16384,87,241078655
anemoi,,koalabear,16,single,10,16384,87,245872192
anemoi,,koalabear,24,single,9,16384,87,345656607
anemoi,,babybear,16,single,9,16384,87,241226311
anemoi,,babybear,24,single,9,16384,87,374050113
griffin,,bls12_381,3,current,20,2048,87,286878135
griffin,,bls12_381,3,original,14,4096,87,400456195
griffin,,bls12_381,4,current,20,2048,87,288344245
griffin,,bls12_381,4,original,11,4096,87,317598929
griffin,,bn254,3,current,20,2048,87,281358661
griffin,,bn254,3,original,14,4096,87,393875077
griffin,,bn254,4,current,20,2048,87,283225199
griffin,,bn254,4,original,11,4096,87,311938621
griffin,,goldilocks,8,single,8,131072,87,284674346
griffin,,goldilocks,12,single,8,131072,87,301884235
arion,,bls12_381,3,single,11,4096,87,343542006
arion,,bls12_381,4,single,10,4096,87,330783856
arion,,bn254,3,single,11,4096,87,333665600
arion,,bn254,4,single,10,4096,87,321527319
grendel,native,bls12_381,3,current,24,256,87,265188656
grendel,native,bls12_381,3,original,14,512,87,298838604
grendel,native,bls12_381,4,current,23,256,87,340849164
grendel,native,bls12_381,4,original,12,512,87,339812647
grendel,native,bn254,3,current,24,256,87,262739029
grendel,native,bn254,3,original,14,512,87,294021523
grendel,native,bn254,4,current,23,256,87,337446315
grendel,native,bn254,4,original,12,512,87,337319368
xhash,XHash8,goldilocks,12,single,6,32768,87,284689245
xhash,XHash12,goldilocks,12,single,6,32768,87,371573264
xhash,XHash16,mersenne31,24,single,6,32768,87,302352820
xhash,XHash24,mersenne31,24,single,6,32768,87,364541114
reinforced_concrete,,bls12_381,3,single,7,131072,87,243184068
reinforced_concrete,,bn254,3,single,7,131072,87,243914052
skyscraper,,bls12_381,4,single,18,262144,87,326627319
skyscraper,,bn254,4,single,18,262144,87,317253954
monolith,,goldilocks,8,single,6,1048576,87,266031641
monolith,,goldilocks,12,single,6,524288,87,206838524
monolith,,mersenne31,16,single,6,524288,87,215252216
monolith,,mersenne31,24,single,6,262144,87,219281795
polocolo,,bls12_381,3,single,6,1024,87,263897774
polocolo,,bls12_381,4,single,5,1024,87,293514645
polocolo,,bn254,3,single,6,1024,87,237390282
polocolo,,bn254,4,single,5,1024,87,264565732
tip4p,,goldilocks,12,single,5,262144,87,333492266
plain,sha256_compress,-,-,single,-,8388608,87,211793783
plain,keccak_f1600,-,-,single,-,524288,87,203984201
plain,blake2b_compress,-,-,single,-,2097152,87,241946376
plain,blake3_compress,-,-,single,-,4194304,87,274655896
gmimc,,bls12_381,3,single,228,16384,88,261818890
gmimc,,bls12_381,4,single,231,16384,88,266719357
gmimc,,bn254,3,single,228,16384,88,250593514
gmimc,,bn254,4,single,231,16384,88,253906795
gmimc,,goldilocks,8,single,68,524288,88,337731208
gmimc,,goldilocks,12,single,93,262144,88,240212437
gmimc,,mersenne31,16,single,158,262144,88,269420083
gmimc,,mersenne31,24,single,335,131072,88,324822356
gmimc,,koalabear,16,single,158,262144,88,306632446
gmimc,,koalabear,24,single,335,131072,88,334821340
gmimc,,babybear,16,single,158,131072,88,247048891
gmimc,,babybear,24,single,335,65536,88,260244246
gmimc2,alpha=8,bls12_381,3,single,63,32768,88,225508681
gmimc2,alpha=8,bls12_381,4,single,64,32768,88,230277712
gmimc2,alpha=8,bn254,3,single,63,32768,88,221156829
gmimc2,alpha=8,bn254,4,single,64,32768,88,224425487
gmimc2,alpha=4,goldilocks,8,single,88,262144,88,294738843
gmimc2,alpha=4,goldilocks,12,single,96,262144,88,362496133
gmimc2,alpha=2,mersenne31,16,single,176,65536,88,202409748
gmimc2,alpha=2,mersenne31,24,single,264,32768,88,224261350
gmimc2,alpha=2,koalabear,16,single,176,131072,88,291718459
gmimc2,alpha=2,koalabear,24,single,264,65536,88,237906948
gmimc2,alpha=2,babybear,16,single,176,131072,88,291409672
gmimc2,alpha=2,babybear,24,single,264,65536,88,236593333
poseidon,,bls12_381,3,single,8+56,16384,88,256356743
poseidon,,bls12_381,4,single,8+56,16384,88,381411548
poseidon,,bn254,3,single,8+56,16384,88,246669030
poseidon,,bn254,4,single,8+56,16384,88,370087909
poseidon,,goldilocks,8,single,8+22,131072,88,324164246
poseidon,,goldilocks,12,single,8+22,65536,88,309354082
poseidon,,mersenne31,16,single,8+14,65536,88,323885335
poseidon,,mersenne31,24,single,8+22,16384,88,227089324
poseidon,,koalabear,16,single,8+20,32768,88,254141544
poseidon,,koalabear,24,single,8+23,16384,88,304478492
poseidon,,babybear,16,single,8+13,32768,88,201967402
poseidon,,babybear,24,single,8+21,16384,88,289357577
poseidon2,,bls12_381,3,single,8+56,65536,88,317893850
poseidon2,,bls12_381,4,single,8+56,32768,88,286621165
poseidon2,,bn254,3,single,8+56,65536,88,311721086
poseidon2,,bn254,4,single,8+56,32768,88,275145410
poseidon2,,goldilocks,8,single,8+22,524288,88,392057490
poseidon2,,goldilocks,12,single,8+22,262144,88,273667850
poseidon2,,mersenne31,16,single,8+14,262144,88,253966506
poseidon2,,mersenne31,24,single,8+22,131072,88,210893992
poseidon2,,koalabear,16,single,8+20,262144,88,279865511
poseidon2,,koalabear,24,single,8+23,131072,88,207111544
poseidon2,,babybear,16,single,8+13,262144,88,307814686
poseidon2,,babybear,24,single,8+21,131072,88,248850367
neptune,,bls12_381,4,single,6+69,32768,88,325614796
neptune,,bn254,4,single,6+69,32768,88,313539674
neptune,,goldilocks,8,single,6+38,262144,88,319475354
neptune,,goldilocks,12,single,6+42,131072,88,304617212
psquarehash,,mersenne31,16,single,52,262144,88,245218079
psquarehash,,mersenne31,24,single,52,262144,88,356348485
psquarehash,,koalabear,16,single,52,262144,88,313010375
psquarehash,,koalabear,24,single,52,131072,88,231893981
psquarehash,,babybear,16,single,52,262144,88,312217122
psquarehash,,babybear,24,single,52,131072,88,233354421
rescue_prime,,bls12_381,3,current,16,1024,88,345266027
rescue_prime,,bls12_381,3,original,14,1024,88,302227566
rescue_prime,,bls12_381,4,current,13,1024,88,375813718
rescue_prime,,bls12_381,4,original,11,1024,88,317797049
rescue_prime,,bn254,3,current,16,1024,88,338957258
rescue_prime,,bn254,3,original,14,1024,88,296633162
rescue_prime,,bn254,4,current,13,1024,88,368656804
rescue_prime,,bn254,4,original,11,1024,88,311887326
rescue_prime,,goldilocks,8,single,8,16384,88,253969101
rescue_prime,,goldilocks,12,single,8,16384,88,395783412
rescue_prime,,mersenne31,16,single,8,16384,88,330165951
rescue_prime,,mersenne31,24,single,8,8192,88,266592880
rescue_prime,,koalabear,16,single,8,8192,88,223705832
rescue_prime,,koalabear,24,single,8,8192,88,363818363
rescue_prime,,babybear,16,single,8,8192,88,245140324
rescue_prime,,babybear,24,single,8,8192,88,394670293
anemoi,,bls12_381,4,current,20,1024,88,288293099
anemoi,,bls12_381,4,original,14,1024,88,201842759
anemoi,,bn254,4,current,20,1024,88,283404093
anemoi,,bn254,4,original,14,2048,88,396700346
anemoi,,goldilocks,8,single,11,32768,88,346441783
anemoi,,goldilocks,12,single,10,16384,88,238476893
anemoi,,mersenne31,16,single,10,32768,88,340765516
anemoi,,mersenne31,24,single,9,16384,88,240780838
anemoi,,koalabear,16,single,10,16384,88,245983359
anemoi,,koalabear,24,single,9,16384,88,345355134
anemoi,,babybear,16,single,9,16384,88,240928594
anemoi,,babybear,24,single,9,16384,88,374060932
griffin,,bls12_381,3,current,20,2048,88,286091955
griffin,,bls12_381,3,original,14,4096,88,400606475
griffin,,bls12_381,4,current,20,2048,88,288133540
griffin,,bls12_381,4,original,11,4096,88,317032370
griffin,,bn254,3,current,20,2048,88,281421578
griffin,,bn254,3,original,14,4096,88,393850972
griffin,,bn254,4,current,20,2048,88,283352927
griffin,,bn254,4,original,11,4096,88,312304445
griffin,,goldilocks,8,single,8,131072,88,284292011
griffin,,goldilocks,12,single,8,131072,88,301697696
arion,,bls12_381,3,single,11,4096,88,342834483
arion,,bls12_381,4,single,10,4096,88,330325058
arion,,bn254,3,single,11,4096,88,333824647
arion,,bn254,4,single,10,4096,88,321670316
grendel,native,bls12_381,3,current,24,256,88,265185189
grendel,native,bls12_381,3,original,14,512,88,298114089
grendel,native,bls12_381,4,current,23,256,88,340676451
grendel,native,bls12_381,4,original,12,512,88,340387450
grendel,native,bn254,3,current,24,256,88,263413639
grendel,native,bn254,3,original,14,512,88,294176983
grendel,native,bn254,4,current,23,256,88,338297516
grendel,native,bn254,4,original,12,512,88,337764880
xhash,XHash8,goldilocks,12,single,6,32768,88,284634211
xhash,XHash12,goldilocks,12,single,6,32768,88,371477885
xhash,XHash16,mersenne31,24,single,6,32768,88,302340276
xhash,XHash24,mersenne31,24,single,6,32768,88,364071076
reinforced_concrete,,bls12_381,3,single,7,131072,88,242846287
reinforced_concrete,,bn254,3,single,7,131072,88,242975368
skyscraper,,bls12_381,4,single,18,262144,88,326501183
skyscraper,,bn254,4,single,18,262144,88,317074378
monolith,,goldilocks,8,single,6,1048576,88,266801810
monolith,,goldilocks,12,single,6,524288,88,205460940
monolith,,mersenne31,16,single,6,524288,88,215801452
monolith,,mersenne31,24,single,6,262144,88,218919348
polocolo,,bls12_381,3,single,6,1024,88,264116893
polocolo,,bls12_381,4,single,5,1024,88,293844812
polocolo,,bn254,3,single,6,1024,88,237408236
polocolo,,bn254,4,single,5,1024,88,264545484
tip4p,,goldilocks,12,single,5,262144,88,333154535
plain,sha256_compress,-,-,single,-,8388608,88,211992084
plain,keccak_f1600,-,-,single,-,524288,88,204135183
plain,blake2b_compress,-,-,single,-,2097152,88,240914257
plain,blake3_compress,-,-,single,-,4194304,88,274620069
gmimc,,bls12_381,3,single,228,16384,89,262115212
gmimc,,bls12_381,4,single,231,16384,89,267060132
gmimc,,bn254,3,single,228,16384,89,251226767
gmimc,,bn254,4,single,231,16384,89,254817767
gmimc,,goldilocks,8,single,68,524288,89,337514913
gmimc,,goldilocks,12,single,93,262144,89,236419228
gmimc,,mersenne31,16,single,158,262144,89,268398693
gmimc,,mersenne31,24,single,335,131072,89,330721810
gmimc,,koalabear,16,single,158,262144,89,306440457
gmimc,,koalabear,24,single,335,131072,89,331730885
gmimc,,babybear,16,single,158,131072,89,246848095
gmimc,,babybear,24,single,335,65536,89,260518289
gmimc2,alpha=8,bls12_381,3,single,63,32768,89,225531824
gmimc2,alpha=8,bls12_381,4,single,64,32768,89,232077735
gmimc2,alpha=8,bn254,3,single,63,32768,89,221130810
gmimc2,alpha=8,bn254,4,single,64,32768,89,225721868
gmimc2,alpha=4,goldilocks,8,single,88,262144,89,294886188
gmimc2,alpha=4,goldilocks,12,single,96,262144,89,362097147
gmimc2,alpha=2,mersenne31,16,single,176,65536,89,203685001
gmimc2,alpha=2,mersenne31,24,single,264,32768,89,226593487
gmimc2,alpha=2,koalabear,16,single,176,131072,89,292569348
gmimc2,alpha=2,koalabear,24,single,264,65536,89,234295499
gmimc2,alpha=2,babybear,16,single,176,131072,89,291467630
gmimc2,alpha=2,babybear,24,single,264,65536,89,240558562
poseidon,,bls12_381,3,single,8+56,16384,89,255631006
poseidon,,bls12_381,4,single,8+56,16384,89,381611230
poseidon,,bn254,3,single,8+56,16384,89,246437547
poseidon,,bn254,4,single,8+56,16384,89,369901991
poseidon,,goldilocks,8,single,8+22,131072,89,324911502
poseidon,,goldilocks,12,single,8+22,65536,89,309591605
poseidon,,mersenne31,16,single,8+14,65536,89,327220177
poseidon,,mersenne31,24,single,8+22,16384,89,227731293
poseidon,,koalabear,16,single,8+20,32768,89,253204973
poseidon,,koalabear,24,single,8+23,16384,89,304851299
poseidon,,babybear,16,single,8+13,32768,89,202060305
poseidon,,babybear,24,single,8+21,16384,89,289270464
poseidon2,,bls12_381,3,single,8+56,65536,89,317676113
poseidon2,,bls12_381,4,single,8+56,32768,89,287263695
poseidon2,,bn254,3,single,8+56,65536,89,311720694
poseidon2,,bn254,4,single,8+56,32768,89,275313063
poseidon2,,goldilocks,8,single,8+22,524288,89,391848379
poseidon2,,goldilocks,12,single,8+22,262144,89,273628616
poseidon2,,mersenne31,16,single,8+14,262144,89,253681634
poseidon2,,mersenne31,24,single,8+22,131072,89,211216445
poseidon2,,koalabear,16,single,8+20,262144,89,281471942
poseidon2,,koalabear,24,single,8+23,131072,89,205918214
poseidon2,,babybear,16,single,8+13,262144,89,307640269
poseidon2,,babybear,24,single,8+21,131072,89,249273788
neptune,,bls12_381,4,single,6+69,32768,89,325491206
neptune,,bn254,4,single,6+69,32768,89,314499506
neptune,,goldilocks,8,single,6+38,262144,89,319191794
neptune,,goldilocks,12,single,6+42,131072,89,304032678
psquarehash,,mersenne31,16,single,52,262144,89,245256310
psquarehash,,mersenne31,24,single,52,262144,89,356589125
psquarehash,,koalabear,16,single,52,262144,89,312294517
psquarehash,,koalabear,24,single,52,131072,89,232999157
psquarehash,,babybear,16,single,52,262144,89,311715284
psquarehash,,babybear,24,single,52,131072,89,231704077
rescue_prime,,bls12_381,3,current,16,1024,89,345500774
rescue_prime,,bls12_381,3,original,14,1024,89,302337771
rescue_prime,,bls12_381,4,current,13,1024,89,376440768
rescue_prime,,bls12_381,4,original,11,1024,89,318120703
rescue_prime,,bn254,3,current,16,1024,89,339206563
rescue_prime,,bn254,3,original,14,1024,89,296722098
rescue_prime,,bn254,4,current,13,1024,89,368984646
rescue_prime,,bn254,4,original,11,1024,89,312270121
rescue_prime,,goldilocks,8,single,8,16384,89,253084367
rescue_prime,,goldilocks,12,single,8,16384,89,395380860
rescue_prime,,mersenne31,16,single,8,16384,89,329173166
rescue_prime,,mersenne31,24,single,8,8192,89,266285164
rescue_prime,,koalabear,16,single,8,8192,89,224738461
rescue_prime,,koalabear,24,single,8,8192,89,364191520
rescue_prime,,babybear,16,single,8,8192,89,245164398
rescue_prime,,babybear,24,single,8,8192,89,394468695
anemoi,,bls12_381,4,current,20,1024,89,288561029
anemoi,,bls12_381,4,original,14,1024,89,202076415
anemoi,,bn254,4,current,20,1024,89,283702590
anemoi,,bn254,4,original,14,2048,89,397095533
anemoi,,goldilocks,8,single,11,32768,89,346774525
anemoi,,goldilocks,12,single,10,16384,89,238708585
anemoi,,mersenne31,16,single,10,32768,89,342442470
anemoi,,mersenne31,24,single,9,16384,89,241037206
anemoi,,koalabear,16,single,10,16384,89,246130253
anemoi,,koalabear,24,single,9,16384,89,345007112
anemoi,,babybear,16,single,9,16384,89,241289068
anemoi,,babybear,24,single,9,16384,89,373952078
griffin,,bls12_381,3,current,20,2048,89,285797755
griffin,,bls12_381,3,original,14,4096,89,400487000
griffin,,bls12_381,4,current,20,2048,89,288276246
griffin,,bls12_381,4,original,11,4096,89,317627321
griffin,,bn254,3,current,20,2048,89,281440814
griffin,,bn254,3,original,14,4096,89,393985732
griffin,,bn254,4,current,20,2048,89,283424450
griffin,,bn254,4,original,11,4096,89,312256645
griffin,,goldilocks,8,single,8,131072,89,283397049
griffin,,goldilocks,12,single,8,131072,89,301675694
arion,,bls12_381,3,single,11,4096,89,342357802
arion,,bls12_381,4,single,10,4096,89,330362347
arion,,bn254,3,single,11,4096,89,334017577
arion,,bn254,4,single,10,4096,89,321819855
grendel,native,bls12_381,3,current,24,256,89,265084020
grendel,native,bls12_381,3,original,14,512,89,298023750
grendel,native,bls12_381,4,current,23,256,89,341382930
grendel,native,bls12_381,4,original,12,512,89,339944722
grendel,native,bn254,3,current,24,256,89,262927480
grendel,native,bn254,3,original,14,512,89,294569575
grendel,native,bn254,4,current,23,256,89,337615941
grendel,native,bn254,4,original,12,512,89,337796178
xhash,XHash8,goldilocks,12,single,6,32768,89,284825518
xhash,XHash12,goldilocks,12,single,6,32768,89,371324949
xhash,XHash16,mersenne31,24,single,6,32768,89,302797931
xhash,XHash24,mersenne31,24,single,6,32768,89,364170080
reinforced_concrete,,bls12_381,3,single,7,131072,89,242701808
reinforced_concrete,,bn254,3,single,7,131072,89,244016974
skyscraper,,bls12_381,4,single,18,262144,89,326495872
skyscraper,,bn254,4,single,18,262144,89,317409624
monolith,,goldilocks,8,single,6,1048576,89,266801760
monolith,,goldilocks,12,single,6,524288,89,206497326
monolith,,mersenne31,16,single,6,524288,89,215391335
monolith,,mersenne31,24,single,6,262144,89,219123569
polocolo,,bls12_381,3,single,6,1024,89,264556254
polocolo,,bls12_381,4,single,5,1024,89,293558958
polocolo,,bn254,3,single,6,1024,89,237357701
polocolo,,bn254,4,single,5,1024,89,264537569
tip4p,,goldilocks,12,single,5,262144,89,333939582
plain,sha256_compress,-,-,single,-,8388608,89,211765690
plain,keccak_f1600,-,-,single,-,524288,89,204009277
plain,blake2b_compress,-,-,single,-,2097152,89,241123638
plain,blake3_compress,-,-,single,-,4194304,89,272990885
gmimc,,bls12_381,3,single,228,16384,90,262119630
gmimc,,bls12_381,4,single,231,16384,90,269557528
gmimc,,bn254,3,single,228,16384,90,251229622
gmimc,,bn254,4,single,231,16384,90,257539832
gmimc,,goldilocks,8,single,68,524288,90,337779587
gmimc,,goldilocks,12,single,93,262144,90,235365608
gmimc,,mersenne31,16,single,158,262144,90,271112584
gmimc,,mersenne31,24,single,335,131072,90,324934315
gmimc,,koalabear,16,single,158,262144,90,306782587
gmimc,,koalabear,24,single,335,131072,90,329437889
gmimc,,babybear,16,single,158,131072,90,246877189
gmimc,,babybear,24,single,335,65536,90,260431997
gmimc2,alpha=8,bls12_381,3,single,63,32768,90,225483122
gmimc2,alpha=8,bls12_381,4,single,64,32768,90,232088105
gmimc2,alpha=8,bn254,3,single,63,32768,90,221085545
gmimc2,alpha=8,bn254,4,single,64,32768,90,225788372
gmimc2,alpha=4,goldilocks,8,single,88,262144,90,295077585
gmimc2,alpha=4,goldilocks,12,single,96,262144,90,363189367
gmimc2,alpha=2,mersenne31,16,single,176,65536,90,202479188
gmimc2,alpha=2,mersenne31,24,single,264,32768,90,224225212
gmimc2,alpha=2,koalabear,16,single,176,131072,90,292416302
gmimc2,alpha=2,koalabear,24,single,264,65536,90,235895168
gmimc2,alpha=2,babybear,16,single,176,131072,90,291450306
gmimc2,alpha=2,babybear,24,single,264,65536,90,235797395
poseidon,,bls12_381,3,single,8+56,16384,90,255493559
poseidon,,bls12_381,4,single,8+56,16384,90,382265292
poseidon,,bn254,3,single,8+56,16384,90,246875736
poseidon,,bn254,4,single,8+56,16384,90,371139202
poseidon,,goldilocks,8,single,8+22,131072,90,324524068
poseidon,,goldilocks,12,single,8+22,65536,90,309828478
poseidon,,mersenne31,16,single,8+14,65536,90,326554242
poseidon,,mersenne31,24,single,8+22,16384,90,228033218
poseidon,,koalabear,16,single,8+20,32768,90,253555047
poseidon,,koalabear,24,single,8+23,16384,90,304359699
poseidon,,babybear,16,single,8+13,32768,90,202949276
poseidon,,babybear,24,single,8+21,16384,90,289215561
poseidon2,,bls12_381,3,single,8+56,65536,90,317969641
poseidon2,,bls12_381,4,single,8+56,32768,90,287475649
poseidon2,,bn254,3,single,8+56,65536,90,311644902
poseidon2,,bn254,4,single,8+56,32768,90,275366884
poseidon2,,goldilocks,8,single,8+22,524288,90,391910233
poseidon2,,goldilocks,12,single,8+22,262144,90,273275897
poseidon2,,mersenne31,16,single,8+14,262144,90,254207406
poseidon2,,mersenne31,24,single,8+22,131072,90,211343231
poseidon2,,koalabear,16,single,8+20,262144,90,281605200
poseidon2,,koalabear,24,single,8+23,131072,90,204624156
poseidon2,,babybear,16,single,8+13,262144,90,307586369
poseidon2,,babybear,24,single,8+21,131072,90,249596741
neptune,,bls12_381,4,single,6+69,32768,90,325544505
neptune,,bn254,4,single,6+69,32768,90,315700520
neptune,,goldilocks,8,single,6+38,262144,90,318976441
neptune,,goldilocks,12,single,6+42,131072,90,305001809
psquarehash,,mersenne31,16,single,52,262144,90,245270476
psquarehash,,mersenne31,24,single,52,262144,90,356369593
psquarehash,,koalabear,16,single,52,262144,90,313146137
psquarehash,,koalabear,24,single,52,131072,90,231961537
psquarehash,,babybear,16,single,52,262144,90,312063344
psquarehash,,babybear,24,single,52,131072,90,231332552
rescue_prime,,bls12_381,3,current,16,1024,90,344800395
rescue_prime,,bls12_381,3,original,14,1024,90,302405728
rescue_prime,,bls12_381,4,current,13,1024,90,376126029
rescue_prime,,bls12_381,4,original,11,1024,90,318191725
rescue_prime,,bn254,3,current,16,1024,90,338935587
rescue_prime,,bn254,3,original,14,1024,90,296448185
rescue_prime,,bn254,4,current,13,1024,90,367273428
rescue_prime,,bn254,4,original,11,1024,90,310847181
rescue_prime,,goldilocks,8,single,8,16384,90,252907567
rescue_prime,,goldilocks,12,single,8,16384,90,395081579
rescue_prime,,mersenne31,16,single,8,16384,90,329568514
rescue_prime,,mersenne31,24,single,8,8192,90,266232545
rescue_prime,,koalabear,16,single,8,8192,90,225141765
rescue_prime,,koalabear,24,single,8,8192,90,364257353
rescue_prime,,babybear,16,single,8,8192,90,245036900
rescue_prime,,babybear,24,single,8,8192,90,395798579
anemoi,,bls12_381,4,current,20,1024,90,288346848
anemoi,,bls12_381,4,original,14,1024,90,201850072
anemoi,,bn254,4,current,20,1024,90,283357705
anemoi,,bn254,4,original,14,2048,90,396644490
anemoi,,goldilocks,8,single,11,32768,90,347370388
anemoi,,goldilocks,12,single,10,16384,90,238240751
anemoi,,mersenne31,16,single,10,32768,90,344983648
anemoi,,mersenne31,24,single,9,16384,90,240829118
anemoi,,koalabear,16,single,10,16384,90,246620019
anemoi,,koalabear,24,single,9,16384,90,345107439
anemoi,,babybear,16,single,9,16384,90,242313201
anemoi,,babybear,24,single,9,16384,90,374373926
griffin,,bls12_381,3,current,20,2048,90,285633678
griffin,,bls12_381,3,original,14,4096,90,400582869
griffin,,bls12_381,4,current,20,2048,90,288734883
griffin,,bls12_381,4,original,11,4096,90,317693204
griffin,,bn254,3,current,20,2048,90,281468976
griffin,,bn254,3,original,14,4096,90,393846342
griffin,,bn254,4,current,20,2048,90,283302051
griffin,,bn254,4,original,11,4096,90,312062181
griffin,,goldilocks,8,single,8,131072,90,287282198
griffin,,goldilocks,12,single,8,131072,90,302916282
arion,,bls12_381,3,single,11,4096,90,344061044
arion,,bls12_381,4,single,10,4096,90,330653581
arion,,bn254,3,single,11,4096,90,334021585
arion,,bn254,4,single,10,4096,90,321732190
grendel,native,bls12_381,3,current,24,256,90,265997276
grendel,native,bls12_381,3,original,14,512,90,299042152
grendel,native,bls12_381,4,current,23,256,90,339912853
grendel,native,bls12_381,4,original,12,512,90,339693833
grendel,native,bn254,3,current,24,256,90,262852239
grendel,native,bn254,3,original,14,512,90,293894664
grendel,native,bn254,4,current,23,256,90,337761202
grendel,native,bn254,4,original,12,512,90,337952509
xhash,XHash8,goldilocks,12,single,6,32768,90,284858460
xhash,XHash12,goldilocks,12,single,6,32768,90,371449481
xhash,XHash16,mersenne31,24,single,6,32768,90,302481570
xhash,XHash24,mersenne31,24,single,6,32768,90,363106341
reinforced_concrete,,bls12_381,3,single,7,131072,90,242348517
reinforced_concrete,,bn254,3,single,7,131072,90,243989192
skyscraper,,bls12_381,4,single,18,262144,90,326435348
skyscraper,,bn254,4,single,18,262144,90,317357225
monolith,,goldilocks,8,single,6,1048576,90,267057687
monolith,,goldilocks,12,single,6,524288,90,205751802
monolith,,mersenne31,16,single,6,524288,90,215437060
monolith,,mersenne31,24,single,6,262144,90,219480605
polocolo,,bls12_381,3,single,6,1024,90,263875831
polocolo,,bls12_381,4,single,5,1024,90,293775592
polocolo,,bn254,3,single,6,1024,90,237300764
polocolo,,bn254,4,single,5,1024,90,264540754
tip4p,,goldilocks,12,single,5,262144,90,333997610
plain,sha256_compress,-,-,single,-,8388608,90,211788593
plain,keccak_f1600,-,-,single,-,524288,90,203825563
plain,blake2b_compress,-,-,single,-,2097152,90,242688371
plain,blake3_compress,-,-,single,-,4194304,90,274116938
gmimc,,bls12_381,3,single,228,16384,91,261707100
gmimc,,bls12_381,4,single,231,16384,91,266729303
gmimc,,bn254,3,single,228,16384,91,250908872
gmimc,,bn254,4,single,231,16384,91,253880525
gmimc,,goldilocks,8,single,68,524288,91,337386943
gmimc,,goldilocks,12,single,93,262144,91,237966608
gmimc,,mersenne31,16,single,158,262144,91,269360239
gmimc,,mersenne31,24,single,335,131072,91,350133971
gmimc,,koalabear,16,single,158,262144,91,306452920
gmimc,,koalabear,24,single,335,131072,91,331087652
gmimc,,babybear,16,single,158,131072,91,246986112
gmimc,,babybear,24,single,335,65536,91,260528928
gmimc2,alpha=8,bls12_381,3,single,63,32768,91,225608687
gmimc2,alpha=8,bls12_381,4,single,64,32768,91,230729906
gmimc2,alpha=8,bn254,3,single,63,32768,91,221342906
gmimc2,alpha=8,bn254,4,single,64,32768,91,224452927
gmimc2,alpha=4,goldilocks,8,single,88,262144,91,294897428
gmimc2,alpha=4,goldilocks,12,single,96,262144,91,362551554
gmimc2,alpha=2,mersenne31,16,single,176,65536,91,202485218
gmimc2,alpha=2,mersenne31,24,single,264,32768,91,223993829
gmimc2,alpha=2,koalabear,16,single,176,131072,91,291739937
gmimc2,alpha=2,koalabear,24,single,264,65536,91,234612972
gmimc2,alpha=2,babybear,16,single,176,131072,91,291316226
gmimc2,alpha=2,babybear,24,single,264,65536,91,239879313
poseidon,,bls12_381,3,single,8+56,16384,91,256383632
poseidon,,bls12_381,4,single,8+56,16384,91,381823736
poseidon,,bn254,3,single,8+56,16384,91,246671624
poseidon,,bn254,4,single,8+56,16384,91,369941292
poseidon,,goldilocks,8,single,8+22,131072,91,324493641
poseidon,,goldilocks,12,single,8+22,65536,91,310093453
poseidon,,mersenne31,16,single,8+14,65536,91,324533625
poseidon,,mersenne31,24,single,8+22,16384,91,226989467
poseidon,,koalabear,16,single,8+20,32768,91,253489754
poseidon,,koalabear,24,single,8+23,16384,91,304300719
poseidon,,babybear,16,single,8+13,32768,91,202422121
poseidon,,babybear,24,single,8+21,16384,91,289255074
poseidon2,,bls12_381,3,single,8+56,65536,91,318009956
poseidon2,,bls12_381,4,single,8+56,32768,91,286498153
poseidon2,,bn254,3,single,8+56,65536,91,311637157
poseidon2,,bn254,4,single,8+56,32768,91,274951097
poseidon2,,goldilocks,8,single,8+22,524288,91,392013967
poseidon2,,goldilocks,12,single,8+22,262144,91,273387364
poseidon2,,mersenne31,16,single,8+14,262144,91,253776971
poseidon2,,mersenne31,24,single,8+22,131072,91,211123601
poseidon2,,koalabear,16,single,8+20,262144,91,281213558
poseidon2,,koalabear,24,single,8+23,131072,91,203483865
poseidon2,,babybear,16,single,8+13,262144,91,308283270
poseidon2,,babybear,24,single,8+21,131072,91,248935915
neptune,,bls12_381,4,single,6+69,32768,91,325302231
neptune,,bn254,4,single,6+69,32768,91,313792154
neptune,,goldilocks,8,single,6+38,262144,91,318956213
neptune,,goldilocks,12,single,6+42,131072,91,304029542
psquarehash,,mersenne31,16,single,52,262144,91,245134151
psquarehash,,mersenne31,24,single,52,262144,91,356550101
psquarehash,,koalabear,16,single,52,262144,91,313070806
psquarehash,,koalabear,24,single,52,131072,91,231933656
psquarehash,,babybear,16,single,52,262144,91,311916719
psquarehash,,babybear,24,single,52,131072,91,233329925
rescue_prime,,bls12_381,3,current,16,1024,91,345344832
rescue_prime,,bls12_381,3,original,14,1024,91,301719044
rescue_prime,,bls12_381,4,current,13,1024,91,375523934
rescue_prime,,bls12_381,4,original,11,1024,91,317684287
rescue_prime,,bn254,3,current,16,1024,91,338853934
rescue_prime,,bn254,3,original,14,1024,91,296444909
rescue_prime,,bn254,4,current,13,1024,91,368491824
rescue_prime,,bn254,4,original,11,1024,91,311744448
rescue_prime,,goldilocks,8,single,8,16384,91,252948814
rescue_prime,,goldilocks,12,single,8,16384,91,395091278
rescue_prime,,mersenne31,16,single,8,16384,91,330152925
rescue_prime,,mersenne31,24,single,8,8192,91,266387855
rescue_prime,,koalabear,16,single,8,8192,91,224710828
rescue_prime,,koalabear,24,single,8,8192,91,364895484
rescue_prime,,babybear,16,single,8,8192,91,244954936
rescue_prime,,babybear,24,single,8,8192,91,395403481
anemoi,,bls12_381,4,current,20,1024,91,288352528
anemoi,,bls12_381,4,original,14,1024,91,201831466
anemoi,,bn254,4,current,20,1024,91,283328590
anemoi,,bn254,4,original,14,2048,91,396656933
anemoi,,goldilocks,8,single,11,32768,91,347450016
anemoi,,goldilocks,12,single,10,16384,91,238382816
anemoi,,mersenne31,16,single,10,32768,91,341849311
anemoi,,mersenne31,24,single,9,16384,91,241096938
anemoi,,koalabear,16,single,10,16384,91,245922113
anemoi,,koalabear,24,single,9,16384,91,345046505
anemoi,,babybear,16,single,9,16384,91,241263278
anemoi,,babybear,24,single,9,16384,91,374051282
griffin,,bls12_381,3,current,20,2048,91,286582811
griffin,,bls12_381,3,original,14,4096,91,400404015
griffin,,bls12_381,4,current,20,2048,91,288864805
griffin,,bls12_381,4,original,11,4096,91,317550717
griffin,,bn254,3,current,20,2048,91,281376963
griffin,,bn254,3,original,14,4096,91,393736816
griffin,,bn254,4,current,20,2048,91,283354909
griffin,,bn254,4,original,11,4096,91,312292452
griffin,,goldilocks,8,single,8,131072,91,284462679
griffin,,goldilocks,12,single,8,131072,91,301592036
arion,,bls12_381,3,single,11,4096,91,342491772
arion,,bls12_381,4,single,10,4096,91,330508960
arion,,bn254,3,single,11,4096,91,333877966
arion,,bn254,4,single,10,4096,91,321500928
grendel,native,bls12_381,3,current,24,256,91,265448420
grendel,native,bls12_381,3,original,14,512,91,298526679
grendel,native,bls12_381,4,current,23,256,91,340421343
grendel,native,bls12_381,4,original,12,512,91,340288914
grendel,native,bn254,3,current,24,256,91,262938620
grendel,native,bn254,3,original,14,512,91,293611605
grendel,native,bn254,4,current,23,256,91,337941768
grendel,native,bn254,4,original,12,512,91,338223656
xhash,XHash8,goldilocks,12,single,6,32768,91,284465775
xhash,XHash12,goldilocks,12,single,6,32768,91,371524692
xhash,XHash16,mersenne31,24,single,6,32768,91,302166430
xhash,XHash24,mersenne31,24,single,6,32768,91,363474679
reinforced_concrete,,bls12_381,3,single,7,131072,91,243020872
reinforced_concrete,,bn254,3,single,7,131072,91,243865271
skyscraper,,bls12_381,4,single,18,262144,91,326392198
skyscraper,,bn254,4,single,18,262144,91,317111786
monolith,,goldilocks,8,single,6,1048576,91,267263150
monolith,,goldilocks,12,single,6,524288,91,205960612
monolith,,mersenne31,16,single,6,524288,91,215625823
monolith,,mersenne31,24,single,6,262144,91,219106577
polocolo,,bls12_381,3,single,6,1024,91,264056599
polocolo,,bls12_381,4,single,5,1024,91,293670244
polocolo,,bn254,3,single,6,1024,91,237389980
polocolo,,bn254,4,single,5,1024,91,264545713
tip4p,,goldilocks,12,single,5,262144,91,333732965
plain,sha256_compress,-,-,single,-,8388608,91,211832604
plain,keccak_f1600,-,-,single,-,524288,91,203716129
plain,blake2b_compress,-,-,single,-,2097152,91,242711884
plain,blake3_compress,-,-,single,-,4194304,91,273080771
gmimc,,bls12_381,3,single,228,16384,92,261818497
gmimc,,bls12_381,4,single,231,16384,92,266583371
gmimc,,bn254,3,single,228,16384,92,250624290
gmimc,,bn254,4,single,231,16384,92,254410245
gmimc,,goldilocks,8,single,68,524288,92,337884812
gmimc,,goldilocks,12,single,93,262144,92,235608973
gmimc,,mersenne31,16,single,158,262144,92,269241387
gmimc,,mersenne31,24,single,335,131072,92,321565118
gmimc,,koalabear,16,single,158,262144,92,306640100
gmimc,,koalabear,24,single,335,131072,92,331863702
gmimc,,babybear,16,single,158,131072,92,246992494
gmimc,,babybear,24,single,335,65536,92,260293908
gmimc2,alpha=8,bls12_381,3,single,63,32768,92,225334444
gmimc2,alpha=8,bls12_381,4,single,64,32768,92,232094856
gmimc2,alpha=8,bn254,3,single,63,32768,92,221221378
gmimc2,alpha=8,bn254,4,single,64,32768,92,225910831
gmimc2,alpha=4,goldilocks,8,single,88,262144,92,295070060
gmimc2,alpha=4,goldilocks,12,single,96,262144,92,362449744
gmimc2,alpha=2,mersenne31,16,single,176,65536,92,202418875
gmimc2,alpha=2,mersenne31,24,single,264,32768,92,224201908
gmimc2,alpha=2,koalabear,16,single,176,131072,92,291705983
gmimc2,alpha=2,koalabear,24,single,264,65536,92,234252537
gmimc2,alpha=2,babybear,16,single,176,131072,92,291640101
gmimc2,alpha=2,babybear,24,single,264,65536,92,237204594
poseidon,,bls12_381,3,single,8+56,16384,92,256337896
poseidon,,bls12_381,4,single,8+56,16384,92,380996991
poseidon,,bn254,3,single,8+56,16384,92,246488992
poseidon,,bn254,4,single,8+56,16384,92,369627466
poseidon,,goldilocks,8,single,8+22,131072,92,324223816
poseidon,,goldilocks,12,single,8+22,65536,92,309544446
poseidon,,mersenne31,16,single,8+14,65536,92,325242529
poseidon,,mersenne31,24,single,8+22,16384,92,227176166
poseidon,,koalabear,16,single,8+20,32768,92,252353591
poseidon,,koalabear,24,single,8+23,16384,92,304638489
poseidon,,babybear,16,single,8+13,32768,92,202625069
poseidon,,babybear,24,single,8+21,16384,92,289437856
poseidon2,,bls12_381,3,single,8+56,65536,92,318032046
poseidon2,,bls12_381,4,single,8+56,32768,92,287189685
poseidon2,,bn254,3,single,8+56,65536,92,311648258
poseidon2,,bn254,4,single,8+56,32768,92,275352596
poseidon2,,goldilocks,8,single,8+22,524288,92,392183002
poseidon2,,goldilocks,12,single,8+22,262144,92,273131867
poseidon2,,mersenne31,16,single,8+14,262144,92,254234295
poseidon2,,mersenne31,24,single,8+22,131072,92,211066893
poseidon2,,koalabear,16,single,8+20,262144,92,280794775
poseidon2,,koalabear,24,single,8+23,131072,92,203978268
poseidon2,,babybear,16,single,8+13,262144,92,307995853
poseidon2,,babybear,24,single,8+21,131072,92,249609864
neptune,,bls12_381,4,single,6+69,32768,92,325678695
neptune,,bn254,4,single,6+69,32768,92,314051759
neptune,,goldilocks,8,single,6+38,262144,92,319624141
neptune,,goldilocks,12,single,6+42,131072,92,304577155
psquarehash,,mersenne31,16,single,52,262144,92,245009939
psquarehash,,mersenne31,24,single,52,262144,92,356427771
psquarehash,,koalabear,16,single,52,262144,92,311620205
psquarehash,,koalabear,24,single,52,131072,92,232544777
psquarehash,,babybear,16,single,52,262144,92,312099761
psquarehash,,babybear,24,single,52,131072,92,233291401
rescue_prime,,bls12_381,3,current,16,1024,92,345184152
rescue_prime,,bls12_381,3,original,14,1024,92,302143386
rescue_prime,,bls12_381,4,current,13,1024,92,376108296
rescue_prime,,bls12_381,4,original,11,1024,92,318010255
rescue_prime,,bn254,3,current,16,1024,92,339002330
rescue_prime,,bn254,3,original,14,1024,92,296498208
rescue_prime,,bn254,4,current,13,1024,92,368699813
rescue_prime,,bn254,4,original,11,1024,92,311988964
rescue_prime,,goldilocks,8,single,8,16384,92,253018804
rescue_prime,,goldilocks,12,single,8,16384,92,395106525
rescue_prime,,mersenne31,16,single,8,16384,92,328835513
rescue_prime,,mersenne31,24,single,8,8192,92,266110406
rescue_prime,,koalabear,16,single,8,8192,92,225583099
rescue_prime,,koalabear,24,single,8,8192,92,365911361
rescue_prime,,babybear,16,single,8,8192,92,245089618
rescue_prime,,babybear,24,single,8,8192,92,394135371
anemoi,,bls12_381,4,current,20,1024,92,288876707
anemoi,,bls12_381,4,original,14,1024,92,201900776
anemoi,,bn254,4,current,20,1024,92,283611258
anemoi,,bn254,4,original,14,2048,92,397031522
anemoi,,goldilocks,8,single,11,32768,92,346626577
anemoi,,goldilocks,12,single,10,16384,92,238465049
anemoi,,mersenne31,16,single,10,32768,92,341427041
anemoi,,mersenne31,24,single,9,16384,92,240720734
anemoi,,koalabear,16,single,10,16384,92,246313885
anemoi,,koalabear,24,single,9,16384,92,345359329
anemoi,,babybear,16,single,9,16384,92,241109300
anemoi,,babybear,24,single,9,16384,92,374078833
griffin,,bls12_381,3,current,20,2048,92,286208791
griffin,,bls12_381,3,original,14,4096,92,401055401
griffin,,bls12_381,4,current,20,2048,92,288302504
griffin,,bls12_381,4,original,11,4096,92,317228955
griffin,,bn254,3,current,20,2048,92,281465228
griffin,,bn254,3,original,14,4096,92,393982215
griffin,,bn254,4,current,20,2048,92,283391367
griffin,,bn254,4,original,11,4096,92,312283534
griffin,,goldilocks,8,single,8,131072,92,284721242
griffin,,goldilocks,12,single,8,131072,92,302211073
arion,,bls12_381,3,single,11,4096,92,342653543
arion,,bls12_381,4,single,10,4096,92,330568210
arion,,bn254,3,single,11,4096,92,334044526
arion,,bn254,4,single,10,4096,92,321709126
grendel,native,bls12_381,3,current,24,256,92,266310571
grendel,native,bls12_381,3,original,14,512,92,298119026
grendel,native,bls12_381,4,current,23,256,92,340810539
grendel,native,bls12_381,4,original,12,512,92,340121441
grendel,native,bn254,3,current,24,256,92,263431831
grendel,native,bn254,3,original,14,512,92,293717542
grendel,native,bn254,4,current,23,256,92,338164595
grendel,native,bn254,4,original,12,512,92,337705427
xhash,XHash8,goldilocks,12,single,6,32768,92,284678662
xhash,XHash12,goldilocks,12,single,6,32768,92,371511216
xhash,XHash16,mersenne31,24,single,6,32768,92,302812486
xhash,XHash24,mersenne31,24,single,6,32768,92,364843166
reinforced_concrete,,bls12_381,3,single,7,131072,92,242786935
reinforced_concrete,,bn254,3,single,7,131072,92,243612478
skyscraper,,bls12_381,4,single,18,262144,92,326592751
skyscraper,,bn254,4,single,18,262144,92,317388172
monolith,,goldilocks,8,single,6,1048576,92,266658290
monolith,,goldilocks,12,single,6,524288,92,206085616
monolith,,mersenne31,16,single,6,524288,92,215670065
monolith,,mersenne31,24,single,6,262144,92,219223585
polocolo,,bls12_381,3,single,6,1024,92,264779740
polocolo,,bls12_381,4,single,5,1024,92,293963512
polocolo,,bn254,3,single,6,1024,92,237577000
polocolo,,bn254,4,single,5,1024,92,264540603
tip4p,,goldilocks,12,single,5,262144,92,333794890
plain,sha256_compress,-,-,single,-,8388608,92,211780728
plain,keccak_f1600,-,-,single,-,524288,92,203935939
plain,blake2b_compress,-,-,single,-,2097152,92,241274018
plain,blake3_compress,-,-,single,-,4194304,92,274184604
gmimc,,bls12_381,3,single,228,16384,93,261679927
gmimc,,bls12_381,4,single,231,16384,93,269486405
gmimc,,bn254,3,single,228,16384,93,250709899
gmimc,,bn254,4,single,231,16384,93,260058237
gmimc,,goldilocks,8,single,68,524288,93,337510513
gmimc,,goldilocks,12,single,93,262144,93,237256220
gmimc,,mersenne31,16,single,158,262144,93,270148362
gmimc,,mersenne31,24,single,335,131072,93,314419355
gmimc,,koalabear,16,single,158,262144,93,306576240
gmimc,,koalabear,24,single,335,131072,93,341994521
gmimc,,babybear,16,single,158,131072,93,246887256
gmimc,,babybear,24,single,335,65536,93,260341006
gmimc2,alpha=8,bls12_381,3,single,63,32768,93,225412569
gmimc2,alpha=8,bls12_381,4,single,64,32768,93,232171399
gmimc2,alpha=8,bn254,3,single,63,32768,93,221195970
gmimc2,alpha=8,bn254,4,single,64,32768,93,225804993
gmimc2,alpha=4,goldilocks,8,single,88,262144,93,294902636
gmimc2,alpha=4,goldilocks,12,single,96,262144,93,364179275
gmimc2,alpha=2,mersenne31,16,single,176,65536,93,202470791
gmimc2,alpha=2,mersenne31,24,single,264,32768,93,224072084
gmimc2,alpha=2,koalabear,16,single,176,131072,93,291588404
gmimc2,alpha=2,koalabear,24,single,264,65536,93,239466250
gmimc2,alpha=2,babybear,16,single,176,131072,93,291329420
gmimc2,alpha=2,babybear,24,single,264,65536,93,235924803
poseidon,,bls12_381,3,single,8+56,16384,93,256771276
poseidon,,bls12_381,4,single,8+56,16384,93,382299473
poseidon,,bn254,3,single,8+56,16384,93,246454057
poseidon,,bn254,4,single,8+56,16384,93,371109575
poseidon,,goldilocks,8,single,8+22,131072,93,324342377
poseidon,,goldilocks,12,single,8+22,65536,93,309474876
poseidon,,mersenne31,16,single,8+14,65536,93,326507603
poseidon,,mersenne31,24,single,8+22,16384,93,225976122
poseidon,,koalabear,16,single,8+20,32768,93,252013976
poseidon,,koalabear,24,single,8+23,16384,93,304654479
poseidon,,babybear,16,single,8+13,32768,93,202054703
poseidon,,babybear,24,single,8+21,16384,93,289225809
poseidon2,,bls12_381,3,single,8+56,65536,93,318013581
poseidon2,,bls12_381,4,single,8+56,32768,93,287550037
poseidon2,,bn254,3,single,8+56,65536,93,311680788
poseidon2,,bn254,4,single,8+56,32768,93,275351103
poseidon2,,goldilocks,8,single,8+22,524288,93,391971457
poseidon2,,goldilocks,12,single,8+22,262144,93,273367577
poseidon2,,mersenne31,16,single,8+14,262144,93,253789113
poseidon2,,mersenne31,24,single,8+22,131072,93,211006861
poseidon2,,koalabear,16,single,8+20,262144,93,282368195
poseidon2,,koalabear,24,single,8+23,131072,93,207587211
poseidon2,,babybear,16,single,8+13,262144,93,308630678
poseidon2,,babybear,24,single,8+21,131072,93,250953264
neptune,,bls12_381,4,single,6+69,32768,93,325753323
neptune,,bn254,4,single,6+69,32768,93,315745453
neptune,,goldilocks,8,single,6+38,262144,93,320542126
neptune,,goldilocks,12,single,6+42,131072,93,304624793
psquarehash,,mersenne31,16,single,52,262144,93,245166772
psquarehash,,mersenne31,24,single,52,262144,93,356356738
psquarehash,,koalabear,16,single,52,262144,93,312454824
psquarehash,,koalabear,24,single,52,131072,93,233655201
psquarehash,,babybear,16,single,52,262144,93,311868389
psquarehash,,babybear,24,single,52,131072,93,233330374
rescue_prime,,bls12_381,3,current,16,1024,93,345292013
rescue_prime,,bls12_381,3,original,14,1024,93,301948141
rescue_prime,,bls12_381,4,current,13,1024,93,376213852
rescue_prime,,bls12_381,4,original,11,1024,93,318512423
rescue_prime,,bn254,3,current,16,1024,93,338887685
rescue_prime,,bn254,3,original,14,1024,93,296466628
rescue_prime,,bn254,4,current,13,1024,93,367357894
rescue_prime,,bn254,4,original,11,1024,93,310927500
rescue_prime,,goldilocks,8,single,8,16384,93,253007622
rescue_prime,,goldilocks,12,single,8,16384,93,395074545
rescue_prime,,mersenne31,16,single,8,16384,93,329991312
rescue_prime,,mersenne31,24,single,8,8192,93,266293498
rescue_prime,,koalabear,16,single,8,8192,93,224265847
rescue_prime,,koalabear,24,single,8,8192,93,363751766
rescue_prime,,babybear,16,single,8,8192,93,245276647
rescue_prime,,babybear,24,single,8,8192,93,394841930
anemoi,,bls12_381,4,current,20,1024,93,289648568
anemoi,,bls12_381,4,original,14,1024,93,202044975
anemoi,,bn254,4,current,20,1024,93,283370518
anemoi,,bn254,4,original,14,2048,93,396806080
anemoi,,goldilocks,8,single,11,32768,93,347318479
anemoi,,goldilocks,12,single,10,16384,93,238573742
anemoi,,mersenne31,16,single,10,32768,93,344057957
anemoi,,mersenne31,24,single,9,16384,93,240635424
anemoi,,koalabear,16,single,10,16384,93,246929665
anemoi,,koalabear,24,single,9,16384,93,345299046
anemoi,,babybear,16,single,9,16384,93,241734829
anemoi,,babybear,24,single,9,16384,93,373969498
griffin,,bls12_381,3,current,20,2048,93,286491029
griffin,,bls12_381,3,original,14,4096,93,401488289
griffin,,bls12_381,4,current,20,2048,93,289689145
griffin,,bls12_381,4,original,11,4096,93,317189611
griffin,,bn254,3,current,20,2048,93,281471981
griffin,,bn254,3,original,14,4096,93,393922031
griffin,,bn254,4,current,20,2048,93,283297572
griffin,,bn254,4,original,11,4096,93,312130168
griffin,,goldilocks,8,single,8,131072,93,284452219
griffin,,goldilocks,12,single,8,131072,93,301781820
arion,,bls12_381,3,single,11,4096,93,342338924
arion,,bls12_381,4,single,10,4096,93,330428759
arion,,bn254,3,single,11,4096,93,333901118
arion,,bn254,4,single,10,4096,93,321542675
grendel,native,bls12_381,3,current,24,256,93,264608069
grendel,native,bls12_381,3,original,14,512,93,298293933
grendel,native,bls12_381,4,current,23,256,93,340563687
grendel,native,bls12_381,4,original,12,512,93,341050266
grendel,native,bn254,3,current,24,256,93,262856176
grendel,native,bn254,3,original,14,512,93,294028653
grendel,native,bn254,4,current,23,256,93,337676893
grendel,native,bn254,4,original,12,512,93,337668146
xhash,XHash8,goldilocks,12,single,6,32768,93,285305363
xhash,XHash12,goldilocks,12,single,6,32768,93,372568179
xhash,XHash16,mersenne31,24,single,6,32768,93,302746633
xhash,XHash24,mersenne31,24,single,6,32768,93,365228595
reinforced_concrete,,bls12_381,3,single,7,131072,93,242651772
reinforced_concrete,,bn254,3,single,7,131072,93,243386795
skyscraper,,bls12_381,4,single,18,262144,93,326399490
skyscraper,,bn254,4,single,18,262144,93,317554804
monolith,,goldilocks,8,single,6,1048576,93,266981594
monolith,,goldilocks,12,single,6,524288,93,205727657
monolith,,mersenne31,16,single,6,524288,93,215551513
monolith,,mersenne31,24,single,6,262144,93,219594096
polocolo,,bls12_381,3,single,6,1024,93,264070625
polocolo,,bls12_381,4,single,5,1024,93,293659563
polocolo,,bn254,3,single,6,1024,93,237472634
polocolo,,bn254,4,single,5,1024,93,264700802
tip4p,,goldilocks,12,single,5,262144,93,333938327
plain,sha256_compress,-,-,single,-,8388608,93,211842242
plain,keccak_f1600,-,-,single,-,524288,93,203809783
plain,blake2b_compress,-,-,single,-,2097152,93,241138654
plain,blake3_compress,-,-,single,-,4194304,93,272566670
gmimc,,bls12_381,3,single,228,16384,94,261892044
gmimc,,bls12_381,4,single,231,16384,94,266837264
gmimc,,bn254,3,single,228,16384,94,251984501
gmimc,,bn254,4,single,231,16384,94,256467978
gmimc,,goldilocks,8,single,68,524288,94,337423390
gmimc,,goldilocks,12,single,93,262144,94,235387298
gmimc,,mersenne31,16,single,158,262144,94,270204656
gmimc,,mersenne31,24,single,335,131072,94,313730177
gmimc,,koalabear,16,single,158,262144,94,306630149
gmimc,,koalabear,24,single,335,131072,94,330467692
gmimc,,babybear,16,single,158,131072,94,247106135
gmimc,,babybear,24,single,335,65536,94,260035214
gmimc2,alpha=8,bls12_381,3,single,63,32768,94,225518868
gmimc2,alpha=8,bls12_381,4,single,64,32768,94,230511867
gmimc2,alpha=8,bn254,3,single,63,32768,94,220745418
gmimc2,alpha=8,bn254,4,single,64,32768,94,224015659
gmimc2,alpha=4,goldilocks,8,single,88,262144,94,294718963
gmimc2,alpha=4,goldilocks,12,single,96,262144,94,361779520
gmimc2,alpha=2,mersenne31,16,single,176,65536,94,202361777
gmimc2,alpha=2,mersenne31,24,single,264,32768,94,224050604
gmimc2,alpha=2,koalabear,16,single,176,131072,94,291675096
gmimc2,alpha=2,koalabear,24,single,264,65536,94,236750895
gmimc2,alpha=2,babybear,16,single,176,131072,94,291334068
gmimc2,alpha=2,babybear,24,single,264,65536,94,235732904
poseidon,,bls12_381,3,single,8+56,16384,94,256130107
poseidon,,bls12_381,4,single,8+56,16384,94,381678733
poseidon,,bn254,3,single,8+56,16384,94,246329153
poseidon,,bn254,4,single,8+56,16384,94,369824583
poseidon,,goldilocks,8,single,8+22,131072,94,324280221
poseidon,,goldilocks,12,single,8+22,65536,94,309382773
poseidon,,mersenne31,16,single,8+14,65536,94,327319619
poseidon,,mersenne31,24,single,8+22,16384,94,227533933
poseidon,,koalabear,16,single,8+20,32768,94,253915619
poseidon,,koalabear,24,single,8+23,16384,94,304561434
poseidon,,babybear,16,single,8+13,32768,94,202548426
poseidon,,babybear,24,single,8+21,16384,94,288800584
poseidon2,,bls12_381,3,single,8+56,65536,94,317959299
poseidon2,,bls12_381,4,single,8+56,32768,94,286281036
poseidon2,,bn254,3,single,8+56,65536,94,311674997
poseidon2,,bn254,4,single,8+56,32768,94,275238722
poseidon2,,goldilocks,8,single,8+22,524288,94,391946480
poseidon2,,goldilocks,12,single,8+22,262144,94,273528407
poseidon2,,mersenne31,16,single,8+14,262144,94,253930356
poseidon2,,mersenne31,24,single,8+22,131072,94,211078174
poseidon2,,koalabear,16,single,8+20,262144,94,281039832
poseidon2,,koalabear,24,single,8+23,131072,94,204241700
poseidon2,,babybear,16,single,8+13,262144,94,307451345
poseidon2,,babybear,24,single,8+21,131072,94,248657935
neptune,,bls12_381,4,single,6+69,32768,94,325083671
neptune,,bn254,4,single,6+69,32768,94,314120456
neptune,,goldilocks,8,single,6+38,262144,94,319011615
neptune,,goldilocks,12,single,6+42,131072,94,304679235
psquarehash,,mersenne31,16,single,52,262144,94,244998827
psquarehash,,mersenne31,24,single,52,262144,94,356372747
psquarehash,,koalabear,16,single,52,262144,94,312249720
psquarehash,,koalabear,24,single,52,131072,94,231907986
psquarehash,,babybear,16,single,52,262144,94,312150595
psquarehash,,babybear,24,single,52,131072,94,233339090
rescue_prime,,bls12_381,3,current,16,1024,94,345119750
rescue_prime,,bls12_381,3,original,14,1024,94,301861790
rescue_prime,,bls12_381,4,current,13,1024,94,375609061
rescue_prime,,bls12_381,4,original,11,1024,94,317509589
rescue_prime,,bn254,3,current,16,1024,94,338227411
rescue_prime,,bn254,3,original,14,1024,94,296088872
rescue_prime,,bn254,4,current,13,1024,94,367941514
rescue_prime,,bn254,4,original,11,1024,94,311271663
rescue_prime,,goldilocks,8,single,8,16384,94,252854977
rescue_prime,,goldilocks,12,single,8,16384,94,394675428
rescue_prime,,mersenne31,16,single,8,16384,94,329863242
rescue_prime,,mersenne31,24,single,8,8192,94,265791760
rescue_prime,,koalabear,16,single,8,8192,94,224722609
rescue_prime,,koalabear,24,single,8,8192,94,364076422
rescue_prime,,babybear,16,single,8,8192,94,245146022
rescue_prime,,babybear,24,single,8,8192,94,394322259
anemoi,,bls12_381,4,current,20,1024,94,288199430
anemoi,,bls12_381,4,original,14,1024,94,202438861
anemoi,,bn254,4,current,20,1024,94,282935334
anemoi,,bn254,4,original,14,2048,94,396170091
anemoi,,goldilocks,8,single,11,32768,94,346611227
anemoi,,goldilocks,12,single,10,16384,94,238284271
anemoi,,mersenne31,16,single,10,32768,94,340259508
anemoi,,mersenne31,24,single,9,16384,94,240315015
anemoi,,koalabear,16,single,10,16384,94,245997012
anemoi,,koalabear,24,single,9,16384,94,344997331
anemoi,,babybear,16,single,9,16384,94,241280158
anemoi,,babybear,24,single,9,16384,94,374239602
griffin,,bls12_381,3,current,20,2048,94,285716181
griffin,,bls12_381,3,original,14,4096,94,400871226
griffin,,bls12_381,4,current,20,2048,94,288085828
griffin,,bls12_381,4,original,11,4096,94,317485915
griffin,,bn254,3,current,20,2048,94,280935086
griffin,,bn254,3,original,14,4096,94,393188200
griffin,,bn254,4,current,20,2048,94,282787489
griffin,,bn254,4,original,11,4096,94,311589978
griffin,,goldilocks,8,single,8,131072,94,284101473
griffin,,goldilocks,12,single,8,131072,94,301709295
arion,,bls12_381,3,single,11,4096,94,342008005
arion,,bls12_381,4,single,10,4096,94,330119010
arion,,bn254,3,single,11,4096,94,333227779
arion,,bn254,4,single,10,4096,94,321136185
grendel,native,bls12_381,3,current,24,256,94,265331430
grendel,native,bls12_381,3,original,14,512,94,298075976
grendel,native,bls12_381,4,current,23,256,94,340885678
grendel,native,bls12_381,4,original,12,512,94,340178677
grendel,native,bn254,3,current,24,256,94,263020432
grendel,native,bn254,3,original,14,512,94,294215742
grendel,native,bn254,4,current,23,256,94,337293286
grendel,native,bn254,4,original,12,512,94,337981181
xhash,XHash8,goldilocks,12,single,6,32768,94,284226988
xhash,XHash12,goldilocks,12,single,6,32768,94,371391992
xhash,XHash16,mersenne31,24,single,6,32768,94,301982896
xhash,XHash24,mersenne31,24,single,6,32768,94,364384237
reinforced_concrete,,bls12_381,3,single,7,131072,94,242292440
reinforced_concrete,,bn254,3,single,7,131072,94,243679482
skyscraper,,bls12_381,4,single,18,262144,94,325969466
skyscraper,,bn254,4,single,18,262144,94,317432193
monolith,,goldilocks,8,single,6,1048576,94,266057627
monolith,,goldilocks,12,single,6,524288,94,205849925
monolith,,mersenne31,16,single,6,524288,94,215103296
monolith,,mersenne31,24,single,6,262144,94,218820592
polocolo,,bls12_381,3,single,6,1024,94,263765363
polocolo,,bls12_381,4,single,5,1024,94,293325038
polocolo,,bn254,3,single,6,1024,94,237201618
polocolo,,bn254,4,single,5,1024,94,264298039
tip4p,,goldilocks,12,single,5,262144,94,332828824
plain,sha256_compress,-,-,single,-,8388608,94,211866788
plain,keccak_f1600,-,-,single,-,524288,94,203632492
plain,blake2b_compress,-,-,single,-,2097152,94,240966863
plain,blake3_compress,-,-,single,-,4194304,94,273261458
gmimc,,bls12_381,3,single,228,16384,95,262126862
gmimc,,bls12_381,4,single,231,16384,95,266763897
gmimc,,bn254,3,single,228,16384,95,250546112
gmimc,,bn254,4,single,231,16384,95,255097808
gmimc,,goldilocks,8,single,68,524288,95,337570503
gmimc,,goldilocks,12,single,93,262144,95,236980354
gmimc,,mersenne31,16,single,158,262144,95,268854924
gmimc,,mersenne31,24,single,335,131072,95,319609934
gmimc,,koalabear,16,single,158,262144,95,306167405
gmimc,,koalabear,24,single,335,131072,95,333344206
gmimc,,babybear,16,single,158,131072,95,246983065
gmimc,,babybear,24,single,335,65536,95,259731537
gmimc2,alpha=8,bls12_381,3,single,63,32768,95,225617382
gmimc2,alpha=8,bls12_381,4,single,64,32768,95,231691260
gmimc2,alpha=8,bn254,3,single,63,32768,95,220769684
gmimc2,alpha=8,bn254,4,single,64,32768,95,225286323
gmimc2,alpha=4,goldilocks,8,single,88,262144,95,294414794
gmimc2,alpha=4,goldilocks,12,single,96,262144,95,361571511
gmimc2,alpha=2,mersenne31,16,single,176,65536,95,202258434
gmimc2,alpha=2,mersenne31,24,single,264,32768,95,223966396
gmimc2,alpha=2,koalabear,16,single,176,131072,95,291269467
gmimc2,alpha=2,koalabear,24,single,264,65536,95,234421723
gmimc2,alpha=2,babybear,16,single,176,131072,95,290940903
gmimc2,alpha=2,babybear,24,single,264,65536,95,239032108
poseidon,,bls12_381,3,single,8+56,16384,95,256416522
poseidon,,bls12_381,4,single,8+56,16384,95,381588234
poseidon,,bn254,3,single,8+56,16384,95,245481939
poseidon,,bn254,4,single,8+56,16384,95,368980496
poseidon,,goldilocks,8,single,8+22,131072,95,324640363
poseidon,,goldilocks,12,single,8+22,65536,95,309304577
poseidon,,mersenne31,16,single,8+14,65536,95,327030619
poseidon,,mersenne31,24,single,8+22,16384,95,226746481
poseidon,,koalabear,16,single,8+20,32768,95,252404706
poseidon,,koalabear,24,single,8+23,16384,95,303980108
poseidon,,babybear,16,single,8+13,32768,95,201687286
poseidon,,babybear,24,single,8+21,16384,95,288873680
poseidon2,,bls12_381,3,single,8+56,65536,95,317713188
poseidon2,,bls12_381,4,single,8+56,32768,95,286609880
poseidon2,,bn254,3,single,8+56,65536,95,311712416
poseidon2,,bn254,4,single,8+56,32768,95,274577747
poseidon2,,goldilocks,8,single,8+22,524288,95,391548835
poseidon2,,goldilocks,12,single,8+22,262144,95,273234157
poseidon2,,mersenne31,16,single,8+14,262144,95,253687582
poseidon2,,mersenne31,24,single,8+22,131072,95,211512125
poseidon2,,koalabear,16,single,8+20,262144,95,280826884
poseidon2,,koalabear,24,single,8+23,131072,95,203128960
poseidon2,,babybear,16,single,8+13,262144,95,307837225
poseidon2,,babybear,24,single,8+21,131072,95,248539232
neptune,,bls12_381,4,single,6+69,32768,95,325006156
neptune,,bn254,4,single,6+69,32768,95,313824422
neptune,,goldilocks,8,single,6+38,262144,95,319702947
neptune,,goldilocks,12,single,6+42,131072,95,303957906
psquarehash,,mersenne31,16,single,52,262144,95,244799074
psquarehash,,mersenne31,24,single,52,262144,95,355645188
psquarehash,,koalabear,16,single,52,262144,95,312992799
psquarehash,,koalabear,24,single,52,131072,95,233218505
psquarehash,,babybear,16,single,52,262144,95,311933439
psquarehash,,babybear,24,single,52,131072,95,233063004
rescue_prime,,bls12_381,3,current,16,1024,95,344921449
rescue_prime,,bls12_381,3,original,14,1024,95,302091559
rescue_prime,,bls12_381,4,current,13,1024,95,375345789
rescue_prime,,bls12_381,4,original,11,1024,95,317680498
rescue_prime,,bn254,3,current,16,1024,95,338108969
rescue_prime,,bn254,3,original,14,1024,95,295847892
rescue_prime,,bn254,4,current,13,1024,95,367790061
rescue_prime,,bn254,4,original,11,1024,95,311153411
rescue_prime,,goldilocks,8,single,8,16384,95,252867740
rescue_prime,,goldilocks,12,single,8,16384,95,394123447
rescue_prime,,mersenne31,16,single,8,16384,95,329811776
rescue_prime,,mersenne31,24,single,8,8192,95,265293249
rescue_prime,,koalabear,16,single,8,8192,95,229218040
rescue_prime,,koalabear,24,single,8,8192,95,370495326
rescue_prime,,babybear,16,single,8,8192,95,249632155
rescue_prime,,babybear,24,single,8,8192,95,400019133
anemoi,,bls12_381,4,current,20,1024,95,290113386
anemoi,,bls12_381,4,original,14,1024,95,204825640
anemoi,,bn254,4,current,20,1024,95,284006004
anemoi,,bn254,4,original,14,2048,95,397055045
anemoi,,goldilocks,8,single,11,32768,95,346547949
anemoi,,goldilocks,12,single,10,16384,95,238326800
anemoi,,mersenne31,16,single,10,32768,95,341624709
anemoi,,mersenne31,24,single,9,16384,95,240334792
anemoi,,koalabear,16,single,10,16384,95,246040643
anemoi,,koalabear,24,single,9,16384,95,344866687
anemoi,,babybear,16,single,9,16384,95,240950923
anemoi,,babybear,24,single,9,16384,95,374272814
griffin,,bls12_381,3,current,20,2048,95,286715688
griffin,,bls12_381,3,original,14,4096,95,400184461
griffin,,bls12_381,4,current,20,2048,95,287933102
griffin,,bls12_381,4,original,11,4096,95,316981341
griffin,,bn254,3,current,20,2048,95,280790306
griffin,,bn254,3,original,14,4096,95,393017239
griffin,,bn254,4,current,20,2048,95,282611830
griffin,,bn254,4,original,11,4096,95,311427523
griffin,,goldilocks,8,single,8,131072,95,285534521
griffin,,goldilocks,12,single,8,131072,95,302124810
arion,,bls12_381,3,single,11,4096,95,341959194
arion,,bls12_381,4,single,10,4096,95,330831431
arion,,bn254,3,single,11,4096,95,333015943
arion,,bn254,4,single,10,4096,95,320749743
grendel,native,bls12_381,3,current,24,256,95,264313537
grendel,native,bls12_381,3,original,14,512,95,297824195
grendel,native,bls12_381,4,current,23,256,95,340049315
grendel,native,bls12_381,4,original,12,512,95,340598391
grendel,native,bn254,3,current,24,256,95,263058713
grendel,native,bn254,3,original,14,512,95,293678998
grendel,native,bn254,4,current,23,256,95,337108521
grendel,native,bn254,4,original,12,512,95,338008782
xhash,XHash8,goldilocks,12,single,6,32768,95,284439664
xhash,XHash12,goldilocks,12,single,6,32768,95,371076811
xhash,XHash16,mersenne31,24,single,6,32768,95,301309887
xhash,XHash24,mersenne31,24,single,6,32768,95,364441594
reinforced_concrete,,bls12_381,3,single,7,131072,95,243295574
reinforced_concrete,,bn254,3,single,7,131072,95,243924278
skyscraper,,bls12_381,4,single,18,262144,95,325640942
skyscraper,,bn254,4,single,18,262144,95,317159323
monolith,,goldilocks,8,single,6,1048576,95,266370692
monolith,,goldilocks,12,single,6,524288,95,205434338
monolith,,mersenne31,16,single,6,524288,95,215257613
monolith,,mersenne31,24,single,6,262144,95,218968377
polocolo,,bls12_381,3,single,6,1024,95,263784599
polocolo,,bls12_381,4,single,5,1024,95,294306692
polocolo,,bn254,3,single,6,1024,95,237185316
polocolo,,bn254,4,single,5,1024,95,264339746
tip4p,,goldilocks,12,single,5,262144,95,332455726
plain,sha256_compress,-,-,single,-,8388608,95,211686060
plain,keccak_f1600,-,-,single,-,524288,95,203578780
plain,blake2b_compress,-,-,single,-,2097152,95,241051080
plain,blake3_compress,-,-,single,-,4194304,95,271962991
gmimc,,bls12_381,3,single,228,16384,96,261492196
gmimc,,bls12_381,4,single,231,16384,96,269261593
gmimc,,bn254,3,single,228,16384,96,251328254
gmimc,,bn254,4,single,231,16384,96,257350697
gmimc,,goldilocks,8,single,68,524288,96,337512746
gmimc,,goldilocks,12,single,93,262144,96,239366012
gmimc,,mersenne31,16,single,158,262144,96,268416855
gmimc,,mersenne31,24,single,335,131072,96,315132517
gmimc,,koalabear,16,single,158,262144,96,306084649
gmimc,,koalabear,24,single,335,131072,96,328895534
gmimc,,babybear,16,single,158,131072,96,246896824
gmimc,,babybear,24,single,335,65536,96,259964692
gmimc2,alpha=8,bls12_381,3,single,63,32768,96,225634744
gmimc2,alpha=8,bls12_381,4,single,64,32768,96,231919447
gmimc2,alpha=8,bn254,3,single,63,32768,96,220510539
gmimc2,alpha=8,bn254,4,single,64,32768,96,224948171
gmimc2,alpha=4,goldilocks,8,single,88,262144,96,294251529
gmimc2,alpha=4,goldilocks,12,single,96,262144,96,366338538
gmimc2,alpha=2,mersenne31,16,single,176,65536,96,202173665
gmimc2,alpha=2,mersenne31,24,single,264,32768,96,224733280
gmimc2,alpha=2,koalabear,16,single,176,131072,96,291255931
gmimc2,alpha=2,koalabear,24,single,264,65536,96,233778040
gmimc2,alpha=2,babybear,16,single,176,131072,96,291095972
gmimc2,alpha=2,babybear,24,single,264,65536,96,237880665
poseidon,,bls12_381,3,single,8+56,16384,96,256199625
poseidon,,bls12_381,4,single,8+56,16384,96,382153440
poseidon,,bn254,3,single,8+56,16384,96,245800445
poseidon,,bn254,4,single,8+56,16384,96,370159918
poseidon,,goldilocks,8,single,8+22,131072,96,324413629
poseidon,,goldilocks,12,single,8+22,65536,96,309893156
poseidon,,mersenne31,16,single,8+14,65536,96,323111596
poseidon,,mersenne31,24,single,8+22,16384,96,227897321
poseidon,,koalabear,16,single,8+20,32768,96,253263680
poseidon,,koalabear,24,single,8+23,16384,96,303702678
poseidon,,babybear,16,single,8+13,32768,96,201918809
poseidon,,babybear,24,single,8+21,16384,96,289202815
poseidon2,,bls12_381,3,single,8+56,65536,96,317378814
poseidon2,,bls12_381,4,single,8+56,32768,96,286857803
poseidon2,,bn254,3,single,8+56,65536,96,311370918
poseidon2,,bn254,4,single,8+56,32768,96,274689986
poseidon2,,goldilocks,8,single,8+22,524288,96,391938844
poseidon2,,goldilocks,12,single,8+22,262144,96,273127177
poseidon2,,mersenne31,16,single,8+14,262144,96,253639422
poseidon2,,mersenne31,24,single,8+22,131072,96,211179583
poseidon2,,koalabear,16,single,8+20,262144,96,279723693
poseidon2,,koalabear,24,single,8+23,131072,96,205611820
poseidon2,,babybear,16,single,8+13,262144,96,307433470
poseidon2,,babybear,24,single,8+21,131072,96,248819115
neptune,,bls12_381,4,single,6+69,32768,96,325011767
neptune,,bn254,4,single,6+69,32768,96,316010006
neptune,,goldilocks,8,single,6+38,262144,96,319391555
neptune,,goldilocks,12,single,6+42,131072,96,304390835
psquarehash,,mersenne31,16,single,52,262144,96,244573492
psquarehash,,mersenne31,24,single,52,262144,96,355955416
psquarehash,,koalabear,16,single,52,262144,96,312550863
psquarehash,,koalabear,24,single,52,131072,96,231869163
psquarehash,,babybear,16,single,52,262144,96,310899446
psquarehash,,babybear,24,single,52,131072,96,233022649
rescue_prime,,bls12_381,3,current,16,1024,96,345151869
rescue_prime,,bls12_381,3,original,14,1024,96,301851650
rescue_prime,,bls12_381,4,current,13,1024,96,376027643
rescue_prime,,bls12_381,4,original,11,1024,96,318128384
rescue_prime,,bn254,3,current,16,1024,96,338105382
rescue_prime,,bn254,3,original,14,1024,96,295890822
rescue_prime,,bn254,4,current,13,1024,96,366355019
rescue_prime,,bn254,4,original,11,1024,96,310182516
rescue_prime,,goldilocks,8,single,8,16384,96,252924747
rescue_prime,,goldilocks,12,single,8,16384,96,394183938
rescue_prime,,mersenne31,16,single,8,16384,96,329029684
rescue_prime,,mersenne31,24,single,8,8192,96,265645937
rescue_prime,,koalabear,16,single,8,8192,96,224278179
rescue_prime,,koalabear,24,single,8,8192,96,363930157
rescue_prime,,babybear,16,single,8,8192,96,245354511
rescue_prime,,babybear,24,single,8,8192,96,394245524
anemoi,,bls12_381,4,current,20,1024,96,288088893
anemoi,,bls12_381,4,original,14,1024,96,201883533
anemoi,,bn254,4,current,20,1024,96,282806402
anemoi,,bn254,4,original,14,2048,96,395759553
anemoi,,goldilocks,8,single,11,32768,96,346527119
anemoi,,goldilocks,12,single,10,16384,96,238316089
anemoi,,mersenne31,16,single,10,32768,96,341115677
anemoi,,mersenne31,24,single,9,16384,96,240252578
anemoi,,koalabear,16,single,10,16384,96,246247720
anemoi,,koalabear,24,single,9,16384,96,345063343
anemoi,,babybear,16,single,9,16384,96,241227019
anemoi,,babybear,24,single,9,16384,96,373942175
griffin,,bls12_381,3,current,20,2048,96,285645758
griffin,,bls12_381,3,original,14,4096,96,400085195
griffin,,bls12_381,4,current,20,2048,96,288004977
griffin,,bls12_381,4,original,11,4096,96,317778100
griffin,,bn254,3,current,20,2048,96,280815802
griffin,,bn254,3,original,14,4096,96,392997562
griffin,,bn254,4,current,20,2048,96,282529555
griffin,,bn254,4,original,11,4096,96,311372190
griffin,,goldilocks,8,single,8,131072,96,283913791
griffin,,goldilocks,12,single,8,131072,96,301330526
arion,,bls12_381,3,single,11,4096,96,343384236
arion,,bls12_381,4,single,10,4096,96,330158443
arion,,bn254,3,single,11,4096,96,333139273
arion,,bn254,4,single,10,4096,96,320810235
grendel,native,bls12_381,3,current,24,256,96,264642231
grendel,native,bls12_381,3,original,14,512,96,298800659
grendel,native,bls12_381,4,current,23,256,96,340771865
grendel,native,bls12_381,4,original,12,512,96,340145484
grendel,native,bn254,3,current,24,256,96,262600467
grendel,native,bn254,3,original,14,512,96,293309167
grendel,native,bn254,4,current,23,256,96,336820892
grendel,native,bn254,4,original,12,512,96,337028741
xhash,XHash8,goldilocks,12,single,6,32768,96,283928099
xhash,XHash12,goldilocks,12,single,6,32768,96,371191897
xhash,XHash16,mersenne31,24,single,6,32768,96,301548203
xhash,XHash24,mersenne31,24,single,6,32768,96,364008053
reinforced_concrete,,bls12_381,3,single,7,131072,96,242878285
reinforced_concrete,,bn254,3,single,7,131072,96,244276807
skyscraper,,bls12_381,4,single,18,262144,96,325649338
skyscraper,,bn254,4,single,18,262144,96,317057442
monolith,,goldilocks,8,single,6,1048576,96,266249225
monolith,,goldilocks,12,single,6,524288,96,205698140
monolith,,mersenne31,16,single,6,524288,96,215102323
monolith,,mersenne31,24,single,6,262144,96,218383123
polocolo,,bls12_381,3,single,6,1024,96,263767678
polocolo,,bls12_381,4,single,5,1024,96,294251388
polocolo,,bn254,3,single,6,1024,96,237155510
polocolo,,bn254,4,single,5,1024,96,264337152
tip4p,,goldilocks,12,single,5,262144,96,334485478
plain,sha256_compress,-,-,single,-,8388608,96,211697140
plain,keccak_f1600,-,-,single,-,524288,96,203329425
plain,blake2b_compress,-,-,single,-,2097152,96,240439647
plain,blake3_compress,-,-,single,-,4194304,96,273321449
gmimc,,bls12_381,3,single,228,16384,97,261873247
gmimc,,bls12_381,4,single,231,16384,97,266758145
gmimc,,bn254,3,single,228,16384,97,251531783
gmimc,,bn254,4,single,231,16384,97,253744809
gmimc,,goldilocks,8,single,68,524288,97,337648218
gmimc,,goldilocks,12,single,93,262144,97,239039872
gmimc,,mersenne31,16,single,158,262144,97,268142161
gmimc,,mersenne31,24,single,335,131072,97,321547793
gmimc,,koalabear,16,single,158,262144,97,305818091
gmimc,,koalabear,24,single,335,131072,97,327748219
gmimc,,babybear,16,single,158,131072,97,246746632
gmimc,,babybear,24,single,335,65536,97,259772371
gmimc2,alpha=8,bls12_381,3,single,63,32768,97,225686841
gmimc2,alpha=8,bls12_381,4,single,64,32768,97,229918869
gmimc2,alpha=8,bn254,3,single,63,32768,97,220556354
gmimc2,alpha=8,bn254,4,single,64,32768,97,223661877
gmimc2,alpha=4,goldilocks,8,single,88,262144,97,293925158
gmimc2,alpha=4,goldilocks,12,single,96,262144,97,364406247
gmimc2,alpha=2,mersenne31,16,single,176,65536,97,201992206
gmimc2,alpha=2,mersenne31,24,single,264,32768,97,227520056
gmimc2,alpha=2,koalabear,16,single,176,131072,97,291298911
gmimc2,alpha=2,koalabear,24,single,264,65536,97,235040098
gmimc2,alpha=2,babybear,16,single,176,131072,97,291178747
gmimc2,alpha=2,babybear,24,single,264,65536,97,236424925
poseidon,,bls12_381,3,single,8+56,16384,97,256181853
poseidon,,bls12_381,4,single,8+56,16384,97,381358764
poseidon,,bn254,3,single,8+56,16384,97,246006770
poseidon,,bn254,4,single,8+56,16384,97,368773207
poseidon,,goldilocks,8,single,8+22,131072,97,323978725
poseidon,,goldilocks,12,single,8+22,65536,97,309925156
poseidon,,mersenne31,16,single,8+14,65536,97,326474759
poseidon,,mersenne31,24,single,8+22,16384,97,229558024
poseidon,,koalabear,16,single,8+20,32768,97,252831893
poseidon,,koalabear,24,single,8+23,16384,97,303967072
poseidon,,babybear,16,single,8+13,32768,97,201549178
poseidon,,babybear,24,single,8+21,16384,97,288324312
poseidon2,,bls12_381,3,single,8+56,65536,97,317621938
poseidon2,,bls12_381,4,single,8+56,32768,97,285712623
poseidon2,,bn254,3,single,8+56,65536,97,311057892
poseidon2,,bn254,4,single,8+56,32768,97,274041324
poseidon2,,goldilocks,8,single,8+22,524288,97,391497930
poseidon2,,goldilocks,12,single,8+22,262144,97,272950395
poseidon2,,mersenne31,16,single,8+14,262144,97,253145860
poseidon2,,mersenne31,24,single,8+22,131072,97,211024853
poseidon2,,koalabear,16,single,8+20,262144,97,279861890
poseidon2,,koalabear,24,single,8+23,131072,97,204222293
poseidon2,,babybear,16,single,8+13,262144,97,307510103
poseidon2,,babybear,24,single,8+21,131072,97,248475573
neptune,,bls12_381,4,single,6+69,32768,97,324358515
neptune,,bn254,4,single,6+69,32768,97,313973580
neptune,,goldilocks,8,single,6+38,262144,97,319014981
neptune,,goldilocks,12,single,6+42,131072,97,304101703
psquarehash,,mersenne31,16,single,52,262144,97,244359943
psquarehash,,mersenne31,24,single,52,262144,97,355171150
psquarehash,,koalabear,16,single,52,262144,97,312494246
psquarehash,,koalabear,24,single,52,131072,97,231768995
psquarehash,,babybear,16,single,52,262144,97,310824195
psquarehash,,babybear,24,single,52,131072,97,231746924
rescue_prime,,bls12_381,3,current,16,1024,97,344675188
rescue_prime,,bls12_381,3,original,14,1024,97,302101757
rescue_prime,,bls12_381,4,current,13,1024,97,375197130
rescue_prime,,bls12_381,4,original,11,1024,97,317437362
rescue_prime,,bn254,3,current,16,1024,97,338098740
rescue_prime,,bn254,3,original,14,1024,97,295796485
rescue_prime,,bn254,4,current,13,1024,97,367630171
rescue_prime,,bn254,4,original,11,1024,97,311068872
rescue_prime,,goldilocks,8,single,8,16384,97,252855807
rescue_prime,,goldilocks,12,single,8,16384,97,394028578
rescue_prime,,mersenne31,16,single,8,16384,97,328567260
rescue_prime,,mersenne31,24,single,8,8192,97,265307965
rescue_prime,,koalabear,16,single,8,8192,97,224436895
rescue_prime,,koalabear,24,single,8,8192,97,365001649
rescue_prime,,babybear,16,single,8,8192,97,244939185
rescue_prime,,babybear,24,single,8,8192,97,394149534
anemoi,,bls12_381,4,current,20,1024,97,288021637
anemoi,,bls12_381,4,original,14,1024,97,201680132
anemoi,,bn254,4,current,20,1024,97,282662022
anemoi,,bn254,4,original,14,2048,97,395749434
anemoi,,goldilocks,8,single,11,32768,97,347173326
anemoi,,goldilocks,12,single,10,16384,97,238244755
anemoi,,mersenne31,16,single,10,32768,97,342343621
anemoi,,mersenne31,24,single,9,16384,97,239631037
anemoi,,koalabear,16,single,10,16384,97,247254161
anemoi,,koalabear,24,single,9,16384,97,344845346
anemoi,,babybear,16,single,9,16384,97,241899885
anemoi,,babybear,24,single,9,16384,97,373789600
griffin,,bls12_381,3,current,20,2048,97,286004127
griffin,,bls12_381,3,original,14,4096,97,399948069
griffin,,bls12_381,4,current,20,2048,97,288402349
griffin,,bls12_381,4,original,11,4096,97,316799911
griffin,,bn254,3,current,20,2048,97,280761661
griffin,,bn254,3,original,14,4096,97,392938842
griffin,,bn254,4,current,20,2048,97,282562807
griffin,,bn254,4,original,11,4096,97,311368512
griffin,,goldilocks,8,single,8,131072,97,283040750
griffin,,goldilocks,12,single,8,131072,97,301648780
arion,,bls12_381,3,single,11,4096,97,341832156
arion,,bls12_381,4,single,10,4096,97,330698481
arion,,bn254,3,single,11,4096,97,333097114
arion,,bn254,4,single,10,4096,97,320821956
grendel,native,bls12_381,3,current,24,256,97,265070101
grendel,native,bls12_381,3,original,14,512,97,298530995
grendel,native,bls12_381,4,current,23,256,97,340007326
grendel,native,bls12_381,4,original,12,512,97,339852607
grendel,native,bn254,3,current,24,256,97,262924742
grendel,native,bn254,3,original,14,512,97,293993215
grendel,native,bn254,4,current,23,256,97,337292313
grendel,native,bn254,4,original,12,512,97,337264650
xhash,XHash8,goldilocks,12,single,6,32768,97,283694682
xhash,XHash12,goldilocks,12,single,6,32768,97,370946588
xhash,XHash16,mersenne31,24,single,6,32768,97,301149167
xhash,XHash24,mersenne31,24,single,6,32768,97,362908929
reinforced_concrete,,bls12_381,3,single,7,131072,97,241637154
reinforced_concrete,,bn254,3,single,7,131072,97,243991434
skyscraper,,bls12_381,4,single,18,262144,97,324881582
skyscraper,,bn254,4,single,18,262144,97,316491575
monolith,,goldilocks,8,single,6,1048576,97,266291793
monolith,,goldilocks,12,single,6,524288,97,205158462
monolith,,mersenne31,16,single,6,524288,97,214955208
monolith,,mersenne31,24,single,6,262144,97,218629854
polocolo,,bls12_381,3,single,6,1024,97,263839601
polocolo,,bls12_381,4,single,5,1024,97,293426856
polocolo,,bn254,3,single,6,1024,97,237089698
polocolo,,bn254,4,single,5,1024,97,264230512
tip4p,,goldilocks,12,single,5,262144,97,331697488
plain,sha256_compress,-,-,single,-,8388608,97,211643459
plain,keccak_f1600,-,-,single,-,524288,97,203367235
plain,blake2b_compress,-,-,single,-,2097152,97,240064967
plain,blake3_compress,-,-,single,-,4194304,97,273353488
gmimc,,bls12_381,3,single,228,16384,98,261559431
gmimc,,bls12_381,4,single,231,16384,98,266648009
gmimc,,bn254,3,single,228,16384,98,249989682
gmimc,,bn254,4,single,231,16384,98,253935826
gmimc,,goldilocks,8,single,68,524288,98,337426143
gmimc,,goldilocks,12,single,93,262144,98,234693389
gmimc,,mersenne31,16,single,158,262144,98,267442704
gmimc,,mersenne31,24,single,335,131072,98,317728516
gmimc,,koalabear,16,single,158,262144,98,305719587
gmimc,,koalabear,24,single,335,131072,98,333169889
gmimc,,babybear,16,single,158,131072,98,246422917
gmimc,,babybear,24,single,335,65536,98,259731335
gmimc2,alpha=8,bls12_381,3,single,63,32768,98,225441693
gmimc2,alpha=8,bls12_381,4,single,64,32768,98,231650233
gmimc2,alpha=8,bn254,3,single,63,32768,98,220679033
gmimc2,alpha=8,bn254,4,single,64,32768,98,225098011
gmimc2,alpha=4,goldilocks,8,single,88,262144,98,293780658
gmimc2,alpha=4,goldilocks,12,single,96,262144,98,360284044
gmimc2,alpha=2,mersenne31,16,single,176,65536,98,201613127
gmimc2,alpha=2,mersenne31,24,single,264,32768,98,224630898
gmimc2,alpha=2,koalabear,16,single,176,131072,98,290827360
gmimc2,alpha=2,koalabear,24,single,264,65536,98,234947976
gmimc2,alpha=2,babybear,16,single,176,131072,98,290716883
gmimc2,alpha=2,babybear,24,single,264,65536,98,234739607
poseidon,,bls12_381,3,single,8+56,16384,98,256789748
poseidon,,bls12_381,4,single,8+56,16384,98,380910245
poseidon,,bn254,3,single,8+56,16384,98,245710927
poseidon,,bn254,4,single,8+56,16384,98,368423653
poseidon,,goldilocks,8,single,8+22,131072,98,324442772
poseidon,,goldilocks,12,single,8+22,65536,98,308843534
poseidon,,mersenne31,16,single,8+14,65536,98,324172768
poseidon,,mersenne31,24,single,8+22,16384,98,227967201
poseidon,,koalabear,16,single,8+20,32768,98,252475367
poseidon,,koalabear,24,single,8+23,16384,98,303269338
poseidon,,babybear,16,single,8+13,32768,98,201903089
poseidon,,babybear,24,single,8+21,16384,98,288413529
poseidon2,,bls12_381,3,single,8+56,65536,98,316458192
poseidon2,,bls12_381,4,single,8+56,32768,98,286415215
poseidon2,,bn254,3,single,8+56,65536,98,310489580
poseidon2,,bn254,4,single,8+56,32768,98,274149626
poseidon2,,goldilocks,8,single,8+22,524288,98,391360151
poseidon2,,goldilocks,12,single,8+22,262144,98,272431806
poseidon2,,mersenne31,16,single,8+14,262144,98,252727999
poseidon2,,mersenne31,24,single,8+22,131072,98,210296122
poseidon2,,koalabear,16,single,8+20,262144,98,279636499
poseidon2,,koalabear,24,single,8+23,131072,98,202194413
poseidon2,,babybear,16,single,8+13,262144,98,307009146
poseidon2,,babybear,24,single,8+21,131072,98,248045098
neptune,,bls12_381,4,single,6+69,32768,98,324054977
neptune,,bn254,4,single,6+69,32768,98,312930210
neptune,,goldilocks,8,single,6+38,262144,98,318547627
neptune,,goldilocks,12,single,6+42,131072,98,303674525
psquarehash,,mersenne31,16,single,52,262144,98,243990442
psquarehash,,mersenne31,24,single,52,262144,98,354917045
psquarehash,,koalabear,16,single,52,262144,98,312011132
psquarehash,,koalabear,24,single,52,131072,98,231081641
psquarehash,,babybear,16,single,52,262144,98,311311976
psquarehash,,babybear,24,single,52,131072,98,232189961
rescue_prime,,bls12_381,3,current,16,1024,98,345112755
rescue_prime,,bls12_381,3,original,14,1024,98,301670561
rescue_prime,,bls12_381,4,current,13,1024,98,375257072
rescue_prime,,bls12_381,4,original,11,1024,98,317517071
rescue_prime,,bn254,3,current,16,1024,98,338012417
rescue_prime,,bn254,3,original,14,1024,98,295743075
rescue_prime,,bn254,4,current,13,1024,98,367612126
rescue_prime,,bn254,4,original,11,1024,98,311094179
rescue_prime,,goldilocks,8,single,8,16384,98,252741734
rescue_prime,,goldilocks,12,single,8,16384,98,393810880
rescue_prime,,mersenne31,16,single,8,16384,98,328073546
rescue_prime,,mersenne31,24,single,8,8192,98,265237243
rescue_prime,,koalabear,16,single,8,8192,98,225851007
rescue_prime,,koalabear,24,single,8,8192,98,361803884
rescue_prime,,babybear,16,single,8,8192,98,245093293
rescue_prime,,babybear,24,single,8,8192,98,394745087
anemoi,,bls12_381,4,current,20,1024,98,288709713
anemoi,,bls12_381,4,original,14,1024,98,201505906
anemoi,,bn254,4,current,20,1024,98,282755006
anemoi,,bn254,4,original,14,2048,98,395797412
anemoi,,goldilocks,8,single,11,32768,98,346469350
anemoi,,goldilocks,12,single,10,16384,98,238289660
anemoi,,mersenne31,16,single,10,32768,98,339975777
anemoi,,mersenne31,24,single,9,16384,98,239793669
anemoi,,koalabear,16,single,10,16384,98,245550847
anemoi,,koalabear,24,single,9,16384,98,344913803
anemoi,,babybear,16,single,9,16384,98,240305175
anemoi,,babybear,24,single,9,16384,98,373543920
griffin,,bls12_381,3,current,20,2048,98,285460331
griffin,,bls12_381,3,original,14,4096,98,400472698
griffin,,bls12_381,4,current,20,2048,98,287645715
griffin,,bls12_381,4,original,11,4096,98,316590079
griffin,,bn254,3,current,20,2048,98,280697942
griffin,,bn254,3,original,14,4096,98,392762853
griffin,,bn254,4,current,20,2048,98,282491303
griffin,,bn254,4,original,11,4096,98,311226486
griffin,,goldilocks,8,single,8,131072,98,283278584
griffin,,goldilocks,12,single,8,131072,98,303317037
arion,,bls12_381,3,single,11,4096,98,342160428
arion,,bls12_381,4,single,10,4096,98,329868811
arion,,bn254,3,single,11,4096,98,333003007
arion,,bn254,4,single,10,4096,98,320708364
grendel,native,bls12_381,3,current,24,256,98,264803762
grendel,native,bls12_381,3,original,14,512,98,297362300
grendel,native,bls12_381,4,current,23,256,98,339657601
grendel,native,bls12_381,4,original,12,512,98,339350568
grendel,native,bn254,3,current,24,256,98,262352633
grendel,native,bn254,3,original,14,512,98,293540729
grendel,native,bn254,4,current,23,256,98,336984527
grendel,native,bn254,4,original,12,512,98,338445587
xhash,XHash8,goldilocks,12,single,6,32768,98,283845252
xhash,XHash12,goldilocks,12,single,6,32768,98,369996843
xhash,XHash16,mersenne31,24,single,6,32768,98,300678757
xhash,XHash24,mersenne31,24,single,6,32768,98,363181407
reinforced_concrete,,bls12_381,3,single,7,131072,98,242021833
reinforced_concrete,,bn254,3,single,7,131072,98,242989101
skyscraper,,bls12_381,4,single,18,262144,98,325047592
skyscraper,,bn254,4,single,18,262144,98,316014223
monolith,,goldilocks,8,single,6,1048576,98,265635767
monolith,,goldilocks,12,single,6,524288,98,205890239
monolith,,mersenne31,16,single,6,524288,98,214687758
monolith,,mersenne31,24,single,6,262144,98,218426343
polocolo,,bls12_381,3,single,6,1024,98,264765431
polocolo,,bls12_381,4,single,5,1024,98,292901514
polocolo,,bn254,3,single,6,1024,98,236862132
polocolo,,bn254,4,single,5,1024,98,263974984
tip4p,,goldilocks,12,single,5,262144,98,331537539
plain,sha256_compress,-,-,single,-,8388608,98,211401327
plain,keccak_f1600,-,-,single,-,524288,98,203336847
plain,blake2b_compress,-,-,single,-,2097152,98,240592212
plain,blake3_compress,-,-,single,-,4194304,98,272194092
gmimc,,bls12_381,3,single,228,16384,99,260903695
gmimc,,bls12_381,4,single,231,16384,99,268613953
gmimc,,bn254,3,single,228,16384,99,249652382
gmimc,,bn254,4,single,231,16384,99,256785600
gmimc,,goldilocks,8,single,68,524288,99,336894158
gmimc,,goldilocks,12,single,93,262144,99,234984723
gmimc,,mersenne31,16,single,158,262144,99,267046634
gmimc,,mersenne31,24,single,335,131072,99,314899219
gmimc,,koalabear,16,single,158,262144,99,305642523
gmimc,,koalabear,24,single,335,131072,99,328058799
gmimc,,babybear,16,single,158,131072,99,246399422
gmimc,,babybear,24,single,335,65536,99,259615929
gmimc2,alpha=8,bls12_381,3,single,63,32768,99,224881154
gmimc2,alpha=8,bls12_381,4,single,64,32768,99,231717218
gmimc2,alpha=8,bn254,3,single,63,32768,99,220360447
gmimc2,alpha=8,bn254,4,single,64,32768,99,224792429
gmimc2,alpha=4,goldilocks,8,single,88,262144,99,293612223
gmimc2,alpha=4,goldilocks,12,single,96,262144,99,360256753
gmimc2,alpha=2,mersenne31,16,single,176,65536,99,201656818
gmimc2,alpha=2,mersenne31,24,single,264,32768,99,223957409
gmimc2,alpha=2,koalabear,16,single,176,131072,99,290422213
gmimc2,alpha=2,koalabear,24,single,264,65536,99,233120120
gmimc2,alpha=2,babybear,16,single,176,131072,99,290246935
gmimc2,alpha=2,babybear,24,single,264,65536,99,234884135
poseidon,,bls12_381,3,single,8+56,16384,99,255533411
poseidon,,bls12_381,4,single,8+56,16384,99,381586348
poseidon,,bn254,3,single,8+56,16384,99,245455730
poseidon,,bn254,4,single,8+56,16384,99,369496017
poseidon,,goldilocks,8,single,8+22,131072,99,324075936
poseidon,,goldilocks,12,single,8+22,65536,99,308461519
poseidon,,mersenne31,16,single,8+14,65536,99,324898464
poseidon,,mersenne31,24,single,8+22,16384,99,226566975
poseidon,,koalabear,16,single,8+20,32768,99,253960601
poseidon,,koalabear,24,single,8+23,16384,99,303096645
poseidon,,babybear,16,single,8+13,32768,99,201824301
poseidon,,babybear,24,single,8+21,16384,99,288313451
poseidon2,,bls12_381,3,single,8+56,65536,99,316360620
poseidon2,,bls12_381,4,single,8+56,32768,99,286497268
poseidon2,,bn254,3,single,8+56,65536,99,310181273
poseidon2,,bn254,4,single,8+56,32768,99,274172909
poseidon2,,goldilocks,8,single,8+22,524288,99,390683477
poseidon2,,goldilocks,12,single,8+22,262144,99,272080059
poseidon2,,mersenne31,16,single,8+14,262144,99,252811374
poseidon2,,mersenne31,24,single,8+22,131072,99,210261237
poseidon2,,koalabear,16,single,8+20,262144,99,279213348
poseidon2,,koalabear,24,single,8+23,131072,99,204502966
poseidon2,,babybear,16,single,8+13,262144,99,306535741
poseidon2,,babybear,24,single,8+21,131072,99,247744726
neptune,,bls12_381,4,single,6+69,32768,99,324181714
neptune,,bn254,4,single,6+69,32768,99,314503570
neptune,,goldilocks,8,single,6+38,262144,99,318350057
neptune,,goldilocks,12,single,6+42,131072,99,302946755
psquarehash,,mersenne31,16,single,52,262144,99,244343571
psquarehash,,mersenne31,24,single,52,262144,99,354826425
psquarehash,,koalabear,16,single,52,262144,99,312134092
psquarehash,,koalabear,24,single,52,131072,99,231074878
psquarehash,,babybear,16,single,52,262144,99,311113986
psquarehash,,babybear,24,single,52,131072,99,231468023
rescue_prime,,bls12_381,3,current,16,1024,99,344810039
rescue_prime,,bls12_381,3,original,14,1024,99,301850477
rescue_prime,,bls12_381,4,current,13,1024,99,375444932
rescue_prime,,bls12_381,4,original,11,1024,99,317554721
rescue_prime,,bn254,3,current,16,1024,99,337991077
rescue_prime,,bn254,3,original,14,1024,99,295695616
rescue_prime,,bn254,4,current,13,1024,99,366233952
rescue_prime,,bn254,4,original,11,1024,99,309899627
rescue_prime,,goldilocks,8,single,8,16384,99,252881034
rescue_prime,,goldilocks,12,single,8,16384,99,394087727
rescue_prime,,mersenne31,16,single,8,16384,99,327972537
rescue_prime,,mersenne31,24,single,8,8192,99,265137125
rescue_prime,,koalabear,16,single,8,8192,99,224295380
rescue_prime,,koalabear,24,single,8,8192,99,361644505
rescue_prime,,babybear,16,single,8,8192,99,244900772
rescue_prime,,babybear,24,single,8,8192,99,393896179
anemoi,,bls12_381,4,current,20,1024,99,287924234
anemoi,,bls12_381,4,original,14,1024,99,201583241
anemoi,,bn254,4,current,20,1024,99,282530896
anemoi,,bn254,4,original,14,2048,99,395565469
anemoi,,goldilocks,8,single,11,32768,99,346437039
anemoi,,goldilocks,12,single,10,16384,99,238266737
anemoi,,mersenne31,16,single,10,32768,99,339972520
anemoi,,mersenne31,24,single,9,16384,99,239662705
anemoi,,koalabear,16,single,10,16384,99,246060830
anemoi,,koalabear,24,single,9,16384,99,344895609
anemoi,,babybear,16,single,9,16384,99,240131490
anemoi,,babybear,24,single,9,16384,99,373210276
griffin,,bls12_381,3,current,20,2048,99,285387484
griffin,,bls12_381,3,original,14,4096,99,400561785
griffin,,bls12_381,4,current,20,2048,99,288467659
griffin,,bls12_381,4,original,11,4096,99,317123315
griffin,,bn254,3,current,20,2048,99,280629374
griffin,,bn254,3,original,14,4096,99,392776146
griffin,,bn254,4,current,20,2048,99,282421322
griffin,,bn254,4,original,11,4096,99,311261993
griffin,,goldilocks,8,single,8,131072,99,283588152
griffin,,goldilocks,12,single,8,131072,99,301249102
arion,,bls12_381,3,single,11,4096,99,341608176
arion,,bls12_381,4,single,10,4096,99,330249351
arion,,bn254,3,single,11,4096,99,333009830
arion,,bn254,4,single,10,4096,99,320723152
grendel,native,bls12_381,3,current,24,256,99,264598599
grendel,native,bls12_381,3,original,14,512,99,297779529
grendel,native,bls12_381,4,current,23,256,99,340286136
grendel,native,bls12_381,4,original,12,512,99,339298590
grendel,native,bn254,3,current,24,256,99,263512079
grendel,native,bn254,3,original,14,512,99,293601262
grendel,native,bn254,4,current,23,256,99,337113758
grendel,native,bn254,4,original,12,512,99,337630944
xhash,XHash8,goldilocks,12,single,6,32768,99,283618308
xhash,XHash12,goldilocks,12,single,6,32768,99,369867130
xhash,XHash16,mersenne31,24,single,6,32768,99,301786457
xhash,XHash24,mersenne31,24,single,6,32768,99,362654854
reinforced_concrete,,bls12_381,3,single,7,131072,99,241512591
reinforced_concrete,,bn254,3,single,7,131072,99,244302935
skyscraper,,bls12_381,4,single,18,262144,99,324899825
skyscraper,,bn254,4,single,18,262144,99,316040973
monolith,,goldilocks,8,single,6,1048576,99,265542032
monolith,,goldilocks,12,single,6,524288,99,205164743
monolith,,mersenne31,16,single,6,524288,99,214879235
monolith,,mersenne31,24,single,6,262144,99,218352676
polocolo,,bls12_381,3,single,6,1024,99,264408874
polocolo,,bls12_381,4,single,5,1024,99,292987345
polocolo,,bn254,3,single,6,1024,99,236930048
polocolo,,bn254,4,single,5,1024,99,263983529
tip4p,,goldilocks,12,single,5,262144,99,331340730
plain,sha256_compress,-,-,single,-,8388608,99,211409421
plain,keccak_f1600,-,-,single,-,524288,99,203266867
plain,blake2b_compress,-,-,single,-,2097152,99,239846428
plain,blake3_compress,-,-,single,-,4194304,99,273551127
