# benchmark_mode: publication; auto_calibrated
# cpu_model: AMD Ryzen 9 7900X 12-Core Processor
# rustc: rustc 1.94.1 (e408947bf 2026-03-25)
# git_commit: 87dab8c29948a1a2e11cacc88f49d182bbd2e933
# git_state: dirty
# RUSTFLAGS: -C target-cpu=native
# release_profile: lto=fat, codegen-units=1, panic=abort
# pinned_cpus: 2
# governor: powersave
# turbo: unavailable
# smt: on
# command: ./target/release/sok-zk-friendly-hash-functions --csv
construction,variant,field,t,round_set,rounds,iters,rep,total_ns
gmimc,,bls12_381,3,single,228,16384,0,258870133
gmimc,,bls12_381,4,single,231,16384,0,264896693
gmimc,,bn254,3,single,228,16384,0,250209161
gmimc,,bn254,4,single,231,16384,0,254279626
gmimc,,goldilocks,8,single,68,524288,0,335575302
gmimc,,goldilocks,12,single,93,262144,0,235186181
gmimc,,mersenne31,16,single,158,262144,0,266226138
gmimc,,mersenne31,24,single,335,131072,0,316874180
gmimc,,koalabear,16,single,158,262144,0,304241607
gmimc,,koalabear,24,single,335,131072,0,331329008
gmimc,,babybear,16,single,158,131072,0,245593206
gmimc,,babybear,24,single,335,65536,0,258475215
gmimc2,alpha=8,bls12_381,3,single,63,32768,0,211957640
gmimc2,alpha=8,bls12_381,4,single,64,32768,0,216881971
gmimc2,alpha=8,bn254,3,single,63,32768,0,209605004
gmimc2,alpha=8,bn254,4,single,64,32768,0,212963449
gmimc2,alpha=4,goldilocks,8,single,88,262144,0,292675286
gmimc2,alpha=4,goldilocks,12,single,96,262144,0,360875003
gmimc2,alpha=2,mersenne31,16,single,176,65536,0,201517904
gmimc2,alpha=2,mersenne31,24,single,264,32768,0,226309085
gmimc2,alpha=2,koalabear,16,single,176,131072,0,290215660
gmimc2,alpha=2,koalabear,24,single,264,65536,0,233925345
gmimc2,alpha=2,babybear,16,single,176,131072,0,289951186
gmimc2,alpha=2,babybear,24,single,264,65536,0,233467210
poseidon,,bls12_381,3,single,8+56,16384,0,254076667
poseidon,,bls12_381,4,single,8+56,16384,0,375012327
poseidon,,bn254,3,single,8+56,16384,0,244915300
poseidon,,bn254,4,single,8+56,16384,0,366490325
poseidon,,goldilocks,8,single,8+22,131072,0,333058028
poseidon,,goldilocks,12,single,8+22,65536,0,319112663
poseidon,,mersenne31,16,single,8+14,65536,0,321558813
poseidon,,mersenne31,24,single,8+22,16384,0,225180275
poseidon,,koalabear,16,single,8+20,32768,0,253151829
poseidon,,koalabear,24,single,8+23,16384,0,299381777
poseidon,,babybear,16,single,8+13,65536,0,400577654
poseidon,,babybear,24,single,8+21,16384,0,286436780
poseidon2,,bls12_381,3,single,8+56,65536,0,314966536
poseidon2,,bls12_381,4,single,8+56,32768,0,283722969
poseidon2,,bn254,3,single,8+56,65536,0,308074097
poseidon2,,bn254,4,single,8+56,32768,0,273092487
poseidon2,,goldilocks,8,single,8+22,524288,0,390652179
poseidon2,,goldilocks,12,single,8+22,262144,0,267874577
poseidon2,,mersenne31,16,single,8+14,262144,0,251155669
poseidon2,,mersenne31,24,single,8+22,131072,0,209506741
poseidon2,,koalabear,16,single,8+20,262144,0,283110224
poseidon2,,koalabear,24,single,8+23,131072,0,207894769
poseidon2,,babybear,16,single,8+13,262144,0,305301357
poseidon2,,babybear,24,single,8+21,131072,0,247259489
neptune,,bls12_381,4,single,6+69,32768,0,324858088
neptune,,bn254,4,single,6+69,32768,0,314078687
neptune,,goldilocks,8,single,6+38,262144,0,315846109
neptune,,goldilocks,12,single,6+42,131072,0,303720373
psquarehash,,mersenne31,16,single,52,262144,0,242744694
psquarehash,,mersenne31,24,single,52,262144,0,354877797
psquarehash,,koalabear,16,single,52,262144,0,307671896
psquarehash,,koalabear,24,single,52,131072,0,230494836
psquarehash,,babybear,16,single,52,262144,0,310294305
psquarehash,,babybear,24,single,52,131072,0,231701269
rescue_prime,,bls12_381,3,current,16,1024,0,343110240
rescue_prime,,bls12_381,3,original,14,1024,0,300084580
rescue_prime,,bls12_381,4,current,13,1024,0,373218275
rescue_prime,,bls12_381,4,original,11,1024,0,315873911
rescue_prime,,bn254,3,current,16,1024,0,336591671
rescue_prime,,bn254,3,original,14,1024,0,294471472
rescue_prime,,bn254,4,current,13,1024,0,366037568
rescue_prime,,bn254,4,original,11,1024,0,309670570
rescue_prime,,goldilocks,8,single,8,16384,0,252118658
rescue_prime,,goldilocks,12,single,8,16384,0,394016034
rescue_prime,,mersenne31,16,single,8,16384,0,327553704
rescue_prime,,mersenne31,24,single,8,8192,0,264067745
rescue_prime,,koalabear,16,single,8,8192,0,236014749
rescue_prime,,koalabear,24,single,8,8192,0,380530669
rescue_prime,,babybear,16,single,8,8192,0,236559927
rescue_prime,,babybear,24,single,8,8192,0,383505176
anemoi,,bls12_381,4,current,20,1024,0,286965037
anemoi,,bls12_381,4,original,14,1024,0,202666760
anemoi,,bn254,4,current,20,1024,0,281641160
anemoi,,bn254,4,original,14,2048,0,394251414
anemoi,,goldilocks,8,single,11,32768,0,346201086
anemoi,,goldilocks,12,single,10,16384,0,237501226
anemoi,,mersenne31,16,single,10,32768,0,341156961
anemoi,,mersenne31,24,single,9,16384,0,238596202
anemoi,,koalabear,16,single,10,16384,0,259570712
anemoi,,koalabear,24,single,9,16384,0,362451589
anemoi,,babybear,16,single,9,16384,0,234884928
anemoi,,babybear,24,single,9,16384,0,363312597
griffin,,bls12_381,3,current,20,2048,0,288183654
griffin,,bls12_381,3,original,14,2048,0,200438447
griffin,,bls12_381,4,current,20,2048,0,288505315
griffin,,bls12_381,4,original,11,4096,0,317345401
griffin,,bn254,3,current,20,2048,0,281510205
griffin,,bn254,3,original,14,4096,0,394229874
griffin,,bn254,4,current,20,2048,0,283455188
griffin,,bn254,4,original,11,4096,0,312218041
griffin,,goldilocks,8,single,8,131072,0,281825443
griffin,,goldilocks,12,single,8,131072,0,300533068
arion,,bls12_381,3,single,11,4096,0,340846140
arion,,bls12_381,4,single,10,4096,0,328357496
arion,,bn254,3,single,11,4096,0,331149352
arion,,bn254,4,single,10,4096,0,318934950
grendel,native,bls12_381,3,single,24,256,0,268469178
grendel,native,bn254,3,single,24,256,0,266468170
xhash,XHash8,goldilocks,12,single,6,32768,0,282410076
xhash,XHash12,goldilocks,12,single,6,32768,0,369743433
xhash,XHash16,mersenne31,24,single,6,32768,0,300095890
xhash,XHash24,mersenne31,24,single,6,32768,0,361374246
reinforced_concrete,,bls12_381,3,single,7,131072,0,240681147
reinforced_concrete,,bn254,3,single,7,131072,0,239954881
skyscraper,,bls12_381,4,single,18,262144,0,287006283
skyscraper,,bn254,4,single,18,262144,0,278355480
monolith,,goldilocks,8,single,6,1048576,0,264233755
monolith,,goldilocks,12,single,6,524288,0,203046059
monolith,,mersenne31,16,single,6,524288,0,213477460
monolith,,mersenne31,24,single,6,262144,0,216313629
polocolo,,bls12_381,3,single,6,1024,0,260761176
polocolo,,bls12_381,4,single,5,1024,0,290014825
polocolo,,bn254,3,single,6,1024,0,234234142
polocolo,,bn254,4,single,5,1024,0,261075734
tip4p,,goldilocks,12,single,5,262144,0,330705272
plain,sha256_compress,-,-,single,-,8388608,0,210894063
plain,keccak_f1600,-,-,single,-,524288,0,203122893
plain,blake2b_compress,-,-,single,-,2097152,0,241426931
plain,blake3_compress,-,-,single,-,4194304,0,269954824
gmimc,,bls12_381,3,single,228,16384,1,259000105
gmimc,,bls12_381,4,single,231,16384,1,263896104
gmimc,,bn254,3,single,228,16384,1,251410124
gmimc,,bn254,4,single,231,16384,1,253652454
gmimc,,goldilocks,8,single,68,524288,1,335607041
gmimc,,goldilocks,12,single,93,262144,1,235463038
gmimc,,mersenne31,16,single,158,262144,1,266739486
gmimc,,mersenne31,24,single,335,131072,1,318478518
gmimc,,koalabear,16,single,158,262144,1,304441840
gmimc,,koalabear,24,single,335,131072,1,335126243
gmimc,,babybear,16,single,158,131072,1,245803458
gmimc,,babybear,24,single,335,65536,1,258489031
gmimc2,alpha=8,bls12_381,3,single,63,32768,1,212679178
gmimc2,alpha=8,bls12_381,4,single,64,32768,1,216525284
gmimc2,alpha=8,bn254,3,single,63,32768,1,209645229
gmimc2,alpha=8,bn254,4,single,64,32768,1,212792791
gmimc2,alpha=4,goldilocks,8,single,88,262144,1,293165973
gmimc2,alpha=4,goldilocks,12,single,96,262144,1,361200400
gmimc2,alpha=2,mersenne31,16,single,176,65536,1,203903231
gmimc2,alpha=2,mersenne31,24,single,264,32768,1,226797557
gmimc2,alpha=2,koalabear,16,single,176,131072,1,289924686
gmimc2,alpha=2,koalabear,24,single,264,65536,1,239708140
gmimc2,alpha=2,babybear,16,single,176,131072,1,289993385
gmimc2,alpha=2,babybear,24,single,264,65536,1,233822343
poseidon,,bls12_381,3,single,8+56,16384,1,253742382
poseidon,,bls12_381,4,single,8+56,16384,1,374867025
poseidon,,bn254,3,single,8+56,16384,1,245394424
poseidon,,bn254,4,single,8+56,16384,1,366297664
poseidon,,goldilocks,8,single,8+22,131072,1,333761633
poseidon,,goldilocks,12,single,8+22,65536,1,319156845
poseidon,,mersenne31,16,single,8+14,65536,1,322688354
poseidon,,mersenne31,24,single,8+22,16384,1,225092301
poseidon,,koalabear,16,single,8+20,32768,1,250274262
poseidon,,koalabear,24,single,8+23,16384,1,298872034
poseidon,,babybear,16,single,8+13,65536,1,401601848
poseidon,,babybear,24,single,8+21,16384,1,286373401
poseidon2,,bls12_381,3,single,8+56,65536,1,315143816
poseidon2,,bls12_381,4,single,8+56,32768,1,283358668
poseidon2,,bn254,3,single,8+56,65536,1,308375351
poseidon2,,bn254,4,single,8+56,32768,1,273132180
poseidon2,,goldilocks,8,single,8+22,524288,1,390308657
poseidon2,,goldilocks,12,single,8+22,262144,1,267477656
poseidon2,,mersenne31,16,single,8+14,262144,1,250403423
poseidon2,,mersenne31,24,single,8+22,131072,1,209032605
poseidon2,,koalabear,16,single,8+20,262144,1,287036349
poseidon2,,koalabear,24,single,8+23,131072,1,205984940
poseidon2,,babybear,16,single,8+13,262144,1,305214123
poseidon2,,babybear,24,single,8+21,131072,1,247466034
neptune,,bls12_381,4,single,6+69,32768,1,324927988
neptune,,bn254,4,single,6+69,32768,1,313395209
neptune,,goldilocks,8,single,6+38,262144,1,315505823
neptune,,goldilocks,12,single,6+42,131072,1,303991339
psquarehash,,mersenne31,16,single,52,262144,1,242549028
psquarehash,,mersenne31,24,single,52,262144,1,353663939
psquarehash,,koalabear,16,single,52,262144,1,311174551
psquarehash,,koalabear,24,single,52,131072,1,230295153
psquarehash,,babybear,16,single,52,262144,1,310316728
psquarehash,,babybear,24,single,52,131072,1,230217868
rescue_prime,,bls12_381,3,current,16,1024,1,343101323
rescue_prime,,bls12_381,3,original,14,1024,1,300074681
rescue_prime,,bls12_381,4,current,13,1024,1,373121314
rescue_prime,,bls12_381,4,original,11,1024,1,315726606
rescue_prime,,bn254,3,current,16,1024,1,336648376
rescue_prime,,bn254,3,original,14,1024,1,294524791
rescue_prime,,bn254,4,current,13,1024,1,366041245
rescue_prime,,bn254,4,original,11,1024,1,309736383
rescue_prime,,goldilocks,8,single,8,16384,1,252313321
rescue_prime,,goldilocks,12,single,8,16384,1,393494690
rescue_prime,,mersenne31,16,single,8,16384,1,328637749
rescue_prime,,mersenne31,24,single,8,8192,1,264798429
rescue_prime,,koalabear,16,single,8,8192,1,236136096
rescue_prime,,koalabear,24,single,8,8192,1,380684294
rescue_prime,,babybear,16,single,8,8192,1,236683789
rescue_prime,,babybear,24,single,8,8192,1,383514273
anemoi,,bls12_381,4,current,20,1024,1,287678630
anemoi,,bls12_381,4,original,14,1024,1,202321305
anemoi,,bn254,4,current,20,1024,1,281705579
anemoi,,bn254,4,original,14,2048,1,394326655
anemoi,,goldilocks,8,single,11,32768,1,346145601
anemoi,,goldilocks,12,single,10,16384,1,238451101
anemoi,,mersenne31,16,single,10,32768,1,340834037
anemoi,,mersenne31,24,single,9,16384,1,238903005
anemoi,,koalabear,16,single,10,16384,1,259755657
anemoi,,koalabear,24,single,9,16384,1,362200509
anemoi,,babybear,16,single,9,16384,1,234909223
anemoi,,babybear,24,single,9,16384,1,363022605
griffin,,bls12_381,3,current,20,2048,1,286308599
griffin,,bls12_381,3,original,14,2048,1,200604607
griffin,,bls12_381,4,current,20,2048,1,288456143
griffin,,bls12_381,4,original,11,4096,1,319488254
griffin,,bn254,3,current,20,2048,1,281555609
griffin,,bn254,3,original,14,4096,1,394256223
griffin,,bn254,4,current,20,2048,1,283423730
griffin,,bn254,4,original,11,4096,1,312263385
griffin,,goldilocks,8,single,8,131072,1,281495496
griffin,,goldilocks,12,single,8,131072,1,300604160
arion,,bls12_381,3,single,11,4096,1,340563091
arion,,bls12_381,4,single,10,4096,1,328321608
arion,,bn254,3,single,11,4096,1,331197973
arion,,bn254,4,single,10,4096,1,319045446
grendel,native,bls12_381,3,single,24,256,1,268388377
grendel,native,bn254,3,single,24,256,1,266436850
xhash,XHash8,goldilocks,12,single,6,32768,1,282709075
xhash,XHash12,goldilocks,12,single,6,32768,1,369780432
xhash,XHash16,mersenne31,24,single,6,32768,1,300556952
xhash,XHash24,mersenne31,24,single,6,32768,1,362968944
reinforced_concrete,,bls12_381,3,single,7,131072,1,239798769
reinforced_concrete,,bn254,3,single,7,131072,1,241474800
skyscraper,,bls12_381,4,single,18,262144,1,286204505
skyscraper,,bn254,4,single,18,262144,1,278393701
monolith,,goldilocks,8,single,6,1048576,1,264736433
monolith,,goldilocks,12,single,6,524288,1,202993782
monolith,,mersenne31,16,single,6,524288,1,213028361
monolith,,mersenne31,24,single,6,262144,1,217159769
polocolo,,bls12_381,3,single,6,1024,1,262106149
polocolo,,bls12_381,4,single,5,1024,1,290036024
polocolo,,bn254,3,single,6,1024,1,234216458
polocolo,,bn254,4,single,5,1024,1,261051328
tip4p,,goldilocks,12,single,5,262144,1,330648977
plain,sha256_compress,-,-,single,-,8388608,1,211020789
plain,keccak_f1600,-,-,single,-,524288,1,202836708
plain,blake2b_compress,-,-,single,-,2097152,1,241313409
plain,blake3_compress,-,-,single,-,4194304,1,269289460
gmimc,,bls12_381,3,single,228,16384,2,258815220
gmimc,,bls12_381,4,single,231,16384,2,263653671
gmimc,,bn254,3,single,228,16384,2,249862642
gmimc,,bn254,4,single,231,16384,2,252880422
gmimc,,goldilocks,8,single,68,524288,2,335791656
gmimc,,goldilocks,12,single,93,262144,2,235744954
gmimc,,mersenne31,16,single,158,262144,2,266793247
gmimc,,mersenne31,24,single,335,131072,2,315763133
gmimc,,koalabear,16,single,158,262144,2,304867015
gmimc,,koalabear,24,single,335,131072,2,332079369
gmimc,,babybear,16,single,158,131072,2,245550225
gmimc,,babybear,24,single,335,65536,2,259041603
gmimc2,alpha=8,bls12_381,3,single,63,32768,2,212289319
gmimc2,alpha=8,bls12_381,4,single,64,32768,2,217398846
gmimc2,alpha=8,bn254,3,single,63,32768,2,209568846
gmimc2,alpha=8,bn254,4,single,64,32768,2,213142834
gmimc2,alpha=4,goldilocks,8,single,88,262144,2,293100069
gmimc2,alpha=4,goldilocks,12,single,96,262144,2,362918290
gmimc2,alpha=2,mersenne31,16,single,176,65536,2,201488339
gmimc2,alpha=2,mersenne31,24,single,264,32768,2,224488923
gmimc2,alpha=2,koalabear,16,single,176,131072,2,289972766
gmimc2,alpha=2,koalabear,24,single,264,65536,2,234382349
gmimc2,alpha=2,babybear,16,single,176,131072,2,290022238
gmimc2,alpha=2,babybear,24,single,264,65536,2,235353653
poseidon,,bls12_381,3,single,8+56,16384,2,254079722
poseidon,,bls12_381,4,single,8+56,16384,2,374709942
poseidon,,bn254,3,single,8+56,16384,2,245528925
poseidon,,bn254,4,single,8+56,16384,2,366194221
poseidon,,goldilocks,8,single,8+22,131072,2,333519149
poseidon,,goldilocks,12,single,8+22,65536,2,318865991
poseidon,,mersenne31,16,single,8+14,65536,2,319461343
poseidon,,mersenne31,24,single,8+22,16384,2,226721615
poseidon,,koalabear,16,single,8+20,32768,2,250901513
poseidon,,koalabear,24,single,8+23,16384,2,299001436
poseidon,,babybear,16,single,8+13,65536,2,400536948
poseidon,,babybear,24,single,8+21,16384,2,286659665
poseidon2,,bls12_381,3,single,8+56,65536,2,315448185
poseidon2,,bls12_381,4,single,8+56,32768,2,283496075
poseidon2,,bn254,3,single,8+56,65536,2,308487770
poseidon2,,bn254,4,single,8+56,32768,2,273240512
poseidon2,,goldilocks,8,single,8+22,524288,2,390487832
poseidon2,,goldilocks,12,single,8+22,262144,2,267716041
poseidon2,,mersenne31,16,single,8+14,262144,2,250497378
poseidon2,,mersenne31,24,single,8+22,131072,2,209462137
poseidon2,,koalabear,16,single,8+20,262144,2,283705746
poseidon2,,koalabear,24,single,8+23,131072,2,206367195
poseidon2,,babybear,16,single,8+13,262144,2,305741438
poseidon2,,babybear,24,single,8+21,131072,2,247544231
neptune,,bls12_381,4,single,6+69,32768,2,325142889
neptune,,bn254,4,single,6+69,32768,2,313571018
neptune,,goldilocks,8,single,6+38,262144,2,316451419
neptune,,goldilocks,12,single,6+42,131072,2,304020032
psquarehash,,mersenne31,16,single,52,262144,2,241991996
psquarehash,,mersenne31,24,single,52,262144,2,353891233
psquarehash,,koalabear,16,single,52,262144,2,311442321
psquarehash,,koalabear,24,single,52,131072,2,230752607
psquarehash,,babybear,16,single,52,262144,2,309523745
psquarehash,,babybear,24,single,52,131072,2,231044191
rescue_prime,,bls12_381,3,current,16,1024,2,346014617
rescue_prime,,bls12_381,3,original,14,1024,2,302647357
rescue_prime,,bls12_381,4,current,13,1024,2,376283813
rescue_prime,,bls12_381,4,original,11,1024,2,315822905
rescue_prime,,bn254,3,current,16,1024,2,336866163
rescue_prime,,bn254,3,original,14,1024,2,294754029
rescue_prime,,bn254,4,current,13,1024,2,366337899
rescue_prime,,bn254,4,original,11,1024,2,309903325
rescue_prime,,goldilocks,8,single,8,16384,2,252219235
rescue_prime,,goldilocks,12,single,8,16384,2,393537250
rescue_prime,,mersenne31,16,single,8,16384,2,327554846
rescue_prime,,mersenne31,24,single,8,8192,2,264562839
rescue_prime,,koalabear,16,single,8,8192,2,235856453
rescue_prime,,koalabear,24,single,8,8192,2,380543481
rescue_prime,,babybear,16,single,8,8192,2,237383295
rescue_prime,,babybear,24,single,8,8192,2,384565757
anemoi,,bls12_381,4,current,20,1024,2,286912568
anemoi,,bls12_381,4,original,14,1024,2,200917511
anemoi,,bn254,4,current,20,1024,2,281991323
anemoi,,bn254,4,original,14,2048,2,394449033
anemoi,,goldilocks,8,single,11,32768,2,346283118
anemoi,,goldilocks,12,single,10,16384,2,237700288
anemoi,,mersenne31,16,single,10,32768,2,340393383
anemoi,,mersenne31,24,single,9,16384,2,238361363
anemoi,,koalabear,16,single,10,16384,2,259739717
anemoi,,koalabear,24,single,9,16384,2,362430127
anemoi,,babybear,16,single,9,16384,2,235060746
anemoi,,babybear,24,single,9,16384,2,363083860
griffin,,bls12_381,3,current,20,2048,2,286352872
griffin,,bls12_381,3,original,14,2048,2,200472510
griffin,,bls12_381,4,current,20,2048,2,288518278
griffin,,bls12_381,4,original,11,4096,2,317333657
griffin,,bn254,3,current,20,2048,2,281756735
griffin,,bn254,3,original,14,4096,2,394490089
griffin,,bn254,4,current,20,2048,2,283661524
griffin,,bn254,4,original,11,4096,2,312538859
griffin,,goldilocks,8,single,8,131072,2,282003876
griffin,,goldilocks,12,single,8,131072,2,300509062
arion,,bls12_381,3,single,11,4096,2,340652387
arion,,bls12_381,4,single,10,4096,2,328571074
arion,,bn254,3,single,11,4096,2,331559468
arion,,bn254,4,single,10,4096,2,319346829
grendel,native,bls12_381,3,single,24,256,2,268472123
grendel,native,bn254,3,single,24,256,2,266515788
xhash,XHash8,goldilocks,12,single,6,32768,2,282969701
xhash,XHash12,goldilocks,12,single,6,32768,2,370024297
xhash,XHash16,mersenne31,24,single,6,32768,2,300874565
xhash,XHash24,mersenne31,24,single,6,32768,2,362955639
reinforced_concrete,,bls12_381,3,single,7,131072,2,240383261
reinforced_concrete,,bn254,3,single,7,131072,2,240862166
skyscraper,,bls12_381,4,single,18,262144,2,286454542
skyscraper,,bn254,4,single,18,262144,2,278190301
monolith,,goldilocks,8,single,6,1048576,2,265091366
monolith,,goldilocks,12,single,6,524288,2,204343413
monolith,,mersenne31,16,single,6,524288,2,213892665
monolith,,mersenne31,24,single,6,262144,2,216677918
polocolo,,bls12_381,3,single,6,1024,2,260886370
polocolo,,bls12_381,4,single,5,1024,2,290298865
polocolo,,bn254,3,single,6,1024,2,234380094
polocolo,,bn254,4,single,5,1024,2,261181972
tip4p,,goldilocks,12,single,5,262144,2,330774991
plain,sha256_compress,-,-,single,-,8388608,2,211088325
plain,keccak_f1600,-,-,single,-,524288,2,203132280
plain,blake2b_compress,-,-,single,-,2097152,2,239899728
plain,blake3_compress,-,-,single,-,4194304,2,270080107
gmimc,,bls12_381,3,single,228,16384,3,259252436
gmimc,,bls12_381,4,single,231,16384,3,265224004
gmimc,,bn254,3,single,228,16384,3,250079477
gmimc,,bn254,4,single,231,16384,3,254797523
gmimc,,goldilocks,8,single,68,524288,3,335842490
gmimc,,goldilocks,12,single,93,262144,3,235463558
gmimc,,mersenne31,16,single,158,262144,3,266539122
gmimc,,mersenne31,24,single,335,131072,3,320051655
gmimc,,koalabear,16,single,158,262144,3,305224413
gmimc,,koalabear,24,single,335,131072,3,328745109
gmimc,,babybear,16,single,158,131072,3,245695176
gmimc,,babybear,24,single,335,65536,3,258823175
gmimc2,alpha=8,bls12_381,3,single,63,32768,3,212993124
gmimc2,alpha=8,bls12_381,4,single,64,32768,3,218060532
gmimc2,alpha=8,bn254,3,single,63,32768,3,209741308
gmimc2,alpha=8,bn254,4,single,64,32768,3,212964661
gmimc2,alpha=4,goldilocks,8,single,88,262144,3,293997546
gmimc2,alpha=4,goldilocks,12,single,96,262144,3,360852620
gmimc2,alpha=2,mersenne31,16,single,176,65536,3,201581522
gmimc2,alpha=2,mersenne31,24,single,264,32768,3,224607936
gmimc2,alpha=2,koalabear,16,single,176,131072,3,289891554
gmimc2,alpha=2,koalabear,24,single,264,65536,3,233739287
gmimc2,alpha=2,babybear,16,single,176,131072,3,290063796
gmimc2,alpha=2,babybear,24,single,264,65536,3,234921585
poseidon,,bls12_381,3,single,8+56,16384,3,254350257
poseidon,,bls12_381,4,single,8+56,16384,3,374945151
poseidon,,bn254,3,single,8+56,16384,3,245557829
poseidon,,bn254,4,single,8+56,16384,3,366662115
poseidon,,goldilocks,8,single,8+22,131072,3,333219670
poseidon,,goldilocks,12,single,8+22,65536,3,319057749
poseidon,,mersenne31,16,single,8+14,65536,3,321454768
poseidon,,mersenne31,24,single,8+22,16384,3,225824018
poseidon,,koalabear,16,single,8+20,32768,3,250692923
poseidon,,koalabear,24,single,8+23,16384,3,299034828
poseidon,,babybear,16,single,8+13,65536,3,402413464
poseidon,,babybear,24,single,8+21,16384,3,286466835
poseidon2,,bls12_381,3,single,8+56,65536,3,315508928
poseidon2,,bls12_381,4,single,8+56,32768,3,283842882
poseidon2,,bn254,3,single,8+56,65536,3,308493189
poseidon2,,bn254,4,single,8+56,32768,3,273154883
poseidon2,,goldilocks,8,single,8+22,524288,3,390458467
poseidon2,,goldilocks,12,single,8+22,262144,3,267596807
poseidon2,,mersenne31,16,single,8+14,262144,3,249992164
poseidon2,,mersenne31,24,single,8+22,131072,3,209187303
poseidon2,,koalabear,16,single,8+20,262144,3,283447233
poseidon2,,koalabear,24,single,8+23,131072,3,205603456
poseidon2,,babybear,16,single,8+13,262144,3,304886301
poseidon2,,babybear,24,single,8+21,131072,3,247499677
neptune,,bls12_381,4,single,6+69,32768,3,324610534
neptune,,bn254,4,single,6+69,32768,3,313910471
neptune,,goldilocks,8,single,6+38,262144,3,315047346
neptune,,goldilocks,12,single,6+42,131072,3,303540997
psquarehash,,mersenne31,16,single,52,262144,3,243156653
psquarehash,,mersenne31,24,single,52,262144,3,353991801
psquarehash,,koalabear,16,single,52,262144,3,311818744
psquarehash,,koalabear,24,single,52,131072,3,230999348
psquarehash,,babybear,16,single,52,262144,3,310651832
psquarehash,,babybear,24,single,52,131072,3,231946678
rescue_prime,,bls12_381,3,current,16,1024,3,343140687
rescue_prime,,bls12_381,3,original,14,1024,3,300052199
rescue_prime,,bls12_381,4,current,13,1024,3,373152732
rescue_prime,,bls12_381,4,original,11,1024,3,315752914
rescue_prime,,bn254,3,current,16,1024,3,336792895
rescue_prime,,bn254,3,original,14,1024,3,294659092
rescue_prime,,bn254,4,current,13,1024,3,366214207
rescue_prime,,bn254,4,original,11,1024,3,309950142
rescue_prime,,goldilocks,8,single,8,16384,3,252388421
rescue_prime,,goldilocks,12,single,8,16384,3,393648858
rescue_prime,,mersenne31,16,single,8,16384,3,327927230
rescue_prime,,mersenne31,24,single,8,8192,3,264764956
rescue_prime,,koalabear,16,single,8,8192,3,235699129
rescue_prime,,koalabear,24,single,8,8192,3,381173027
rescue_prime,,babybear,16,single,8,8192,3,237350194
rescue_prime,,babybear,24,single,8,8192,3,383935449
anemoi,,bls12_381,4,current,20,1024,3,287057349
anemoi,,bls12_381,4,original,14,1024,3,200910588
anemoi,,bn254,4,current,20,1024,3,282016439
anemoi,,bn254,4,original,14,2048,3,394562264
anemoi,,goldilocks,8,single,11,32768,3,345988337
anemoi,,goldilocks,12,single,10,16384,3,237814601
anemoi,,mersenne31,16,single,10,32768,3,339218899
anemoi,,mersenne31,24,single,9,16384,3,238957607
anemoi,,koalabear,16,single,10,16384,3,258839004
anemoi,,koalabear,24,single,9,16384,3,361924272
anemoi,,babybear,16,single,9,16384,3,234020131
anemoi,,babybear,24,single,9,16384,3,363100650
griffin,,bls12_381,3,current,20,2048,3,286416030
griffin,,bls12_381,3,original,14,2048,3,200507505
griffin,,bls12_381,4,current,20,2048,3,289121274
griffin,,bls12_381,4,original,11,4096,3,317440126
griffin,,bn254,3,current,20,2048,3,284991929
griffin,,bn254,3,original,14,4096,3,394888905
griffin,,bn254,4,current,20,2048,3,283883107
griffin,,bn254,4,original,11,4096,3,312704478
griffin,,goldilocks,8,single,8,131072,3,282219830
griffin,,goldilocks,12,single,8,131072,3,300407422
arion,,bls12_381,3,single,11,4096,3,340870364
arion,,bls12_381,4,single,10,4096,3,328576745
arion,,bn254,3,single,11,4096,3,331789817
arion,,bn254,4,single,10,4096,3,319475189
grendel,native,bls12_381,3,single,24,256,3,268432178
grendel,native,bn254,3,single,24,256,3,266076286
xhash,XHash8,goldilocks,12,single,6,32768,3,283234957
xhash,XHash12,goldilocks,12,single,6,32768,3,369833140
xhash,XHash16,mersenne31,24,single,6,32768,3,300350365
xhash,XHash24,mersenne31,24,single,6,32768,3,363134994
reinforced_concrete,,bls12_381,3,single,7,131072,3,240722514
reinforced_concrete,,bn254,3,single,7,131072,3,241347391
skyscraper,,bls12_381,4,single,18,262144,3,286409578
skyscraper,,bn254,4,single,18,262144,3,278271332
monolith,,goldilocks,8,single,6,1048576,3,264949200
monolith,,goldilocks,12,single,6,524288,3,204052148
monolith,,mersenne31,16,single,6,524288,3,213955232
monolith,,mersenne31,24,single,6,262144,3,216344977
polocolo,,bls12_381,3,single,6,1024,3,260848418
polocolo,,bls12_381,4,single,5,1024,3,292481472
polocolo,,bn254,3,single,6,1024,3,234220756
polocolo,,bn254,4,single,5,1024,3,261166853
tip4p,,goldilocks,12,single,5,262144,3,329956071
plain,sha256_compress,-,-,single,-,8388608,3,211045916
plain,keccak_f1600,-,-,single,-,524288,3,203493715
plain,blake2b_compress,-,-,single,-,2097152,3,239747263
plain,blake3_compress,-,-,single,-,4194304,3,268363550
gmimc,,bls12_381,3,single,228,16384,4,258874129
gmimc,,bls12_381,4,single,231,16384,4,263522094
gmimc,,bn254,3,single,228,16384,4,250698855
gmimc,,bn254,4,single,231,16384,4,253799878
gmimc,,goldilocks,8,single,68,524288,4,336004563
gmimc,,goldilocks,12,single,93,262144,4,234832569
gmimc,,mersenne31,16,single,158,262144,4,270433748
gmimc,,mersenne31,24,single,335,131072,4,315344731
gmimc,,koalabear,16,single,158,262144,4,304671349
gmimc,,koalabear,24,single,335,131072,4,327442955
gmimc,,babybear,16,single,158,131072,4,245808698
gmimc,,babybear,24,single,335,65536,4,258465577
gmimc2,alpha=8,bls12_381,3,single,63,32768,4,212337499
gmimc2,alpha=8,bls12_381,4,single,64,32768,4,216918157
gmimc2,alpha=8,bn254,3,single,63,32768,4,209840624
gmimc2,alpha=8,bn254,4,single,64,32768,4,212315077
gmimc2,alpha=4,goldilocks,8,single,88,262144,4,293664914
gmimc2,alpha=4,goldilocks,12,single,96,262144,4,361739156
gmimc2,alpha=2,mersenne31,16,single,176,65536,4,201555033
gmimc2,alpha=2,mersenne31,24,single,264,32768,4,224821805
gmimc2,alpha=2,koalabear,16,single,176,131072,4,289880082
gmimc2,alpha=2,koalabear,24,single,264,65536,4,233619032
gmimc2,alpha=2,babybear,16,single,176,131072,4,290326436
gmimc2,alpha=2,babybear,24,single,264,65536,4,235570187
poseidon,,bls12_381,3,single,8+56,16384,4,254713455
poseidon,,bls12_381,4,single,8+56,16384,4,374543210
poseidon,,bn254,3,single,8+56,16384,4,245359177
poseidon,,bn254,4,single,8+56,16384,4,366493309
poseidon,,goldilocks,8,single,8+22,131072,4,333401529
poseidon,,goldilocks,12,single,8+22,65536,4,319088446
poseidon,,mersenne31,16,single,8+14,65536,4,328229696
poseidon,,mersenne31,24,single,8+22,16384,4,225591573
poseidon,,koalabear,16,single,8+20,32768,4,251848662
poseidon,,koalabear,24,single,8+23,16384,4,298846676
poseidon,,babybear,16,single,8+13,65536,4,400189778
poseidon,,babybear,24,single,8+21,16384,4,286690723
poseidon2,,bls12_381,3,single,8+56,65536,4,315453374
poseidon2,,bls12_381,4,single,8+56,32768,4,283412818
poseidon2,,bn254,3,single,8+56,65536,4,309029402
poseidon2,,bn254,4,single,8+56,32768,4,273359815
poseidon2,,goldilocks,8,single,8+22,524288,4,390613286
poseidon2,,goldilocks,12,single,8+22,262144,4,267748971
poseidon2,,mersenne31,16,single,8+14,262144,4,251218796
poseidon2,,mersenne31,24,single,8+22,131072,4,209605254
poseidon2,,koalabear,16,single,8+20,262144,4,287483233
poseidon2,,koalabear,24,single,8+23,131072,4,205636008
poseidon2,,babybear,16,single,8+13,262144,4,306291776
poseidon2,,babybear,24,single,8+21,131072,4,247659856
neptune,,bls12_381,4,single,6+69,32768,4,324051879
neptune,,bn254,4,single,6+69,32768,4,313237364
neptune,,goldilocks,8,single,6+38,262144,4,315867467
neptune,,goldilocks,12,single,6+42,131072,4,303465696
psquarehash,,mersenne31,16,single,52,262144,4,242414546
psquarehash,,mersenne31,24,single,52,262144,4,353945624
psquarehash,,koalabear,16,single,52,262144,4,310473670
psquarehash,,koalabear,24,single,52,131072,4,230778735
psquarehash,,babybear,16,single,52,262144,4,309955812
psquarehash,,babybear,24,single,52,131072,4,230982265
rescue_prime,,bls12_381,3,current,16,1024,4,343097405
rescue_prime,,bls12_381,3,original,14,1024,4,300178364
rescue_prime,,bls12_381,4,current,13,1024,4,373205860
rescue_prime,,bls12_381,4,original,11,1024,4,315766319
rescue_prime,,bn254,3,current,16,1024,4,336902751
rescue_prime,,bn254,3,original,14,1024,4,294722980
rescue_prime,,bn254,4,current,13,1024,4,366352636
rescue_prime,,bn254,4,original,11,1024,4,309937177
rescue_prime,,goldilocks,8,single,8,16384,4,252251766
rescue_prime,,goldilocks,12,single,8,16384,4,393710222
rescue_prime,,mersenne31,16,single,8,16384,4,328418358
rescue_prime,,mersenne31,24,single,8,8192,4,264785014
rescue_prime,,koalabear,16,single,8,8192,4,235729916
rescue_prime,,koalabear,24,single,8,8192,4,380254551
rescue_prime,,babybear,16,single,8,8192,4,237017482
rescue_prime,,babybear,24,single,8,8192,4,383551101
anemoi,,bls12_381,4,current,20,1024,4,287170940
anemoi,,bls12_381,4,original,14,1024,4,201060057
anemoi,,bn254,4,current,20,1024,4,282107249
anemoi,,bn254,4,original,14,2048,4,394738363
anemoi,,goldilocks,8,single,11,32768,4,347880973
anemoi,,goldilocks,12,single,10,16384,4,237912654
anemoi,,mersenne31,16,single,10,32768,4,339062606
anemoi,,mersenne31,24,single,9,16384,4,238492808
anemoi,,koalabear,16,single,10,16384,4,258857258
anemoi,,koalabear,24,single,9,16384,4,362268825
anemoi,,babybear,16,single,9,16384,4,233605045
anemoi,,babybear,24,single,9,16384,4,363173536
griffin,,bls12_381,3,current,20,2048,4,286359124
griffin,,bls12_381,3,original,14,2048,4,200475916
griffin,,bls12_381,4,current,20,2048,4,288488682
griffin,,bls12_381,4,original,11,4096,4,317405802
griffin,,bn254,3,current,20,2048,4,281782722
griffin,,bn254,3,original,14,4096,4,394448010
griffin,,bn254,4,current,20,2048,4,283684055
griffin,,bn254,4,original,11,4096,4,312537065
griffin,,goldilocks,8,single,8,131072,4,281420917
griffin,,goldilocks,12,single,8,131072,4,300659312
arion,,bls12_381,3,single,11,4096,4,340529577
arion,,bls12_381,4,single,10,4096,4,331175580
arion,,bn254,3,single,11,4096,4,331760783
arion,,bn254,4,single,10,4096,4,319308867
grendel,native,bls12_381,3,single,24,256,4,267923036
grendel,native,bn254,3,single,24,256,4,265749565
xhash,XHash8,goldilocks,12,single,6,32768,4,282740592
xhash,XHash12,goldilocks,12,single,6,32768,4,370126998
xhash,XHash16,mersenne31,24,single,6,32768,4,300515403
xhash,XHash24,mersenne31,24,single,6,32768,4,363036801
reinforced_concrete,,bls12_381,3,single,7,131072,4,241149182
reinforced_concrete,,bn254,3,single,7,131072,4,240613250
skyscraper,,bls12_381,4,single,18,262144,4,286331231
skyscraper,,bn254,4,single,18,262144,4,278354658
monolith,,goldilocks,8,single,6,1048576,4,265161447
monolith,,goldilocks,12,single,6,524288,4,203197962
monolith,,mersenne31,16,single,6,524288,4,213464024
monolith,,mersenne31,24,single,6,262144,4,216515976
polocolo,,bls12_381,3,single,6,1024,4,261393406
polocolo,,bls12_381,4,single,5,1024,4,291966039
polocolo,,bn254,3,single,6,1024,4,234250723
polocolo,,bn254,4,single,5,1024,4,261197611
tip4p,,goldilocks,12,single,5,262144,4,330312067
plain,sha256_compress,-,-,single,-,8388608,4,210978309
plain,keccak_f1600,-,-,single,-,524288,4,203065815
plain,blake2b_compress,-,-,single,-,2097152,4,239215568
plain,blake3_compress,-,-,single,-,4194304,4,269235599
gmimc,,bls12_381,3,single,228,16384,5,258884288
gmimc,,bls12_381,4,single,231,16384,5,263567789
gmimc,,bn254,3,single,228,16384,5,249809483
gmimc,,bn254,4,single,231,16384,5,253124065
gmimc,,goldilocks,8,single,68,524288,5,335844423
gmimc,,goldilocks,12,single,93,262144,5,235046329
gmimc,,mersenne31,16,single,158,262144,5,266562996
gmimc,,mersenne31,24,single,335,131072,5,321241077
gmimc,,koalabear,16,single,158,262144,5,305080032
gmimc,,koalabear,24,single,335,131072,5,334798769
gmimc,,babybear,16,single,158,131072,5,245640643
gmimc,,babybear,24,single,335,65536,5,258670308
gmimc2,alpha=8,bls12_381,3,single,63,32768,5,212505102
gmimc2,alpha=8,bls12_381,4,single,64,32768,5,217461803
gmimc2,alpha=8,bn254,3,single,63,32768,5,209810708
gmimc2,alpha=8,bn254,4,single,64,32768,5,213338289
gmimc2,alpha=4,goldilocks,8,single,88,262144,5,293804534
gmimc2,alpha=4,goldilocks,12,single,96,262144,5,361205558
gmimc2,alpha=2,mersenne31,16,single,176,65536,5,203715960
gmimc2,alpha=2,mersenne31,24,single,264,32768,5,224192569
gmimc2,alpha=2,koalabear,16,single,176,131072,5,290670860
gmimc2,alpha=2,koalabear,24,single,264,65536,5,233517172
gmimc2,alpha=2,babybear,16,single,176,131072,5,290273126
gmimc2,alpha=2,babybear,24,single,264,65536,5,233587733
poseidon,,bls12_381,3,single,8+56,16384,5,254074732
poseidon,,bls12_381,4,single,8+56,16384,5,374859260
poseidon,,bn254,3,single,8+56,16384,5,244865395
poseidon,,bn254,4,single,8+56,16384,5,366445098
poseidon,,goldilocks,8,single,8+22,131072,5,333536040
poseidon,,goldilocks,12,single,8+22,65536,5,319179335
poseidon,,mersenne31,16,single,8+14,65536,5,318313608
poseidon,,mersenne31,24,single,8+22,16384,5,224993105
poseidon,,koalabear,16,single,8+20,32768,5,252304244
poseidon,,koalabear,24,single,8+23,16384,5,299580827
poseidon,,babybear,16,single,8+13,65536,5,401301966
poseidon,,babybear,24,single,8+21,16384,5,286963032
poseidon2,,bls12_381,3,single,8+56,65536,5,315618171
poseidon2,,bls12_381,4,single,8+56,32768,5,283836820
poseidon2,,bn254,3,single,8+56,65536,5,308581324
poseidon2,,bn254,4,single,8+56,32768,5,273402184
poseidon2,,goldilocks,8,single,8+22,524288,5,390465719
poseidon2,,goldilocks,12,single,8+22,262144,5,268117239
poseidon2,,mersenne31,16,single,8+14,262144,5,250441564
poseidon2,,mersenne31,24,single,8+22,131072,5,209598270
poseidon2,,koalabear,16,single,8+20,262144,5,291409579
poseidon2,,koalabear,24,single,8+23,131072,5,206709994
poseidon2,,babybear,16,single,8+13,262144,5,305262232
poseidon2,,babybear,24,single,8+21,131072,5,247773789
neptune,,bls12_381,4,single,6+69,32768,5,325208010
neptune,,bn254,4,single,6+69,32768,5,313800595
neptune,,goldilocks,8,single,6+38,262144,5,315558329
neptune,,goldilocks,12,single,6+42,131072,5,303703550
psquarehash,,mersenne31,16,single,52,262144,5,243229569
psquarehash,,mersenne31,24,single,52,262144,5,354138745
psquarehash,,koalabear,16,single,52,262144,5,311412163
psquarehash,,koalabear,24,single,52,131072,5,232951674
psquarehash,,babybear,16,single,52,262144,5,309976641
psquarehash,,babybear,24,single,52,131072,5,231584911
rescue_prime,,bls12_381,3,current,16,1024,5,343244490
rescue_prime,,bls12_381,3,original,14,1024,5,300256028
rescue_prime,,bls12_381,4,current,13,1024,5,373408238
rescue_prime,,bls12_381,4,original,11,1024,5,316093550
rescue_prime,,bn254,3,current,16,1024,5,337103035
rescue_prime,,bn254,3,original,14,1024,5,294995099
rescue_prime,,bn254,4,current,13,1024,5,366457582
rescue_prime,,bn254,4,original,11,1024,5,310099651
rescue_prime,,goldilocks,8,single,8,16384,5,252386818
rescue_prime,,goldilocks,12,single,8,16384,5,393856835
rescue_prime,,mersenne31,16,single,8,16384,5,328526830
rescue_prime,,mersenne31,24,single,8,8192,5,264663075
rescue_prime,,koalabear,16,single,8,8192,5,236843817
rescue_prime,,koalabear,24,single,8,8192,5,382990082
rescue_prime,,babybear,16,single,8,8192,5,236995871
rescue_prime,,babybear,24,single,8,8192,5,384533185
anemoi,,bls12_381,4,current,20,1024,5,287112591
anemoi,,bls12_381,4,original,14,1024,5,201033348
anemoi,,bn254,4,current,20,1024,5,282076781
anemoi,,bn254,4,original,14,2048,5,394850492
anemoi,,goldilocks,8,single,11,32768,5,346111326
anemoi,,goldilocks,12,single,10,16384,5,237894891
anemoi,,mersenne31,16,single,10,32768,5,338086161
anemoi,,mersenne31,24,single,9,16384,5,238845827
anemoi,,koalabear,16,single,10,16384,5,258775014
anemoi,,koalabear,24,single,9,16384,5,362593752
anemoi,,babybear,16,single,9,16384,5,233864270
anemoi,,babybear,24,single,9,16384,5,363297797
griffin,,bls12_381,3,current,20,2048,5,289126494
griffin,,bls12_381,3,original,14,2048,5,202436609
griffin,,bls12_381,4,current,20,2048,5,289103731
griffin,,bls12_381,4,original,11,4096,5,318058010
griffin,,bn254,3,current,20,2048,5,281862601
griffin,,bn254,3,original,14,4096,5,394570158
griffin,,bn254,4,current,20,2048,5,283782258
griffin,,bn254,4,original,11,4096,5,312675914
griffin,,goldilocks,8,single,8,131072,5,282075469
griffin,,goldilocks,12,single,8,131072,5,300370332
arion,,bls12_381,3,single,11,4096,5,340733538
arion,,bls12_381,4,single,10,4096,5,328562768
arion,,bn254,3,single,11,4096,5,331825925
arion,,bn254,4,single,10,4096,5,319397122
grendel,native,bls12_381,3,single,24,256,5,268297405
grendel,native,bn254,3,single,24,256,5,266532418
xhash,XHash8,goldilocks,12,single,6,32768,5,282756512
xhash,XHash12,goldilocks,12,single,6,32768,5,369636481
xhash,XHash16,mersenne31,24,single,6,32768,5,300635988
xhash,XHash24,mersenne31,24,single,6,32768,5,362747119
reinforced_concrete,,bls12_381,3,single,7,131072,5,240796552
reinforced_concrete,,bn254,3,single,7,131072,5,241012285
skyscraper,,bls12_381,4,single,18,262144,5,286749212
skyscraper,,bn254,4,single,18,262144,5,278352944
monolith,,goldilocks,8,single,6,1048576,5,265704942
monolith,,goldilocks,12,single,6,524288,5,202614131
monolith,,mersenne31,16,single,6,524288,5,214480011
monolith,,mersenne31,24,single,6,262144,5,216293480
polocolo,,bls12_381,3,single,6,1024,5,261079189
polocolo,,bls12_381,4,single,5,1024,5,290306678
polocolo,,bn254,3,single,6,1024,5,234401333
polocolo,,bn254,4,single,5,1024,5,261351177
tip4p,,goldilocks,12,single,5,262144,5,330558577
plain,sha256_compress,-,-,single,-,8388608,5,211052858
plain,keccak_f1600,-,-,single,-,524288,5,203413945
plain,blake2b_compress,-,-,single,-,2097152,5,239468861
plain,blake3_compress,-,-,single,-,4194304,5,269166219
gmimc,,bls12_381,3,single,228,16384,6,258823905
gmimc,,bls12_381,4,single,231,16384,6,264965851
gmimc,,bn254,3,single,228,16384,6,250782731
gmimc,,bn254,4,single,231,16384,6,254505727
gmimc,,goldilocks,8,single,68,524288,6,336237648
gmimc,,goldilocks,12,single,93,262144,6,235806950
gmimc,,mersenne31,16,single,158,262144,6,267138781
gmimc,,mersenne31,24,single,335,131072,6,315795243
gmimc,,koalabear,16,single,158,262144,6,305272531
gmimc,,koalabear,24,single,335,131072,6,329613461
gmimc,,babybear,16,single,158,131072,6,245789391
gmimc,,babybear,24,single,335,65536,6,258945703
gmimc2,alpha=8,bls12_381,3,single,63,32768,6,212612743
gmimc2,alpha=8,bls12_381,4,single,64,32768,6,217166431
gmimc2,alpha=8,bn254,3,single,63,32768,6,209975546
gmimc2,alpha=8,bn254,4,single,64,32768,6,213486666
gmimc2,alpha=4,goldilocks,8,single,88,262144,6,293720206
gmimc2,alpha=4,goldilocks,12,single,96,262144,6,361525726
gmimc2,alpha=2,mersenne31,16,single,176,65536,6,201694152
gmimc2,alpha=2,mersenne31,24,single,264,32768,6,226054477
gmimc2,alpha=2,koalabear,16,single,176,131072,6,289939112
gmimc2,alpha=2,koalabear,24,single,264,65536,6,233795582
gmimc2,alpha=2,babybear,16,single,176,131072,6,290413288
gmimc2,alpha=2,babybear,24,single,264,65536,6,233496804
poseidon,,bls12_381,3,single,8+56,16384,6,255436036
poseidon,,bls12_381,4,single,8+56,16384,6,374591829
poseidon,,bn254,3,single,8+56,16384,6,245329522
poseidon,,bn254,4,single,8+56,16384,6,367013139
poseidon,,goldilocks,8,single,8+22,131072,6,333097731
poseidon,,goldilocks,12,single,8+22,65536,6,319193041
poseidon,,mersenne31,16,single,8+14,65536,6,322633038
poseidon,,mersenne31,24,single,8+22,16384,6,226039360
poseidon,,koalabear,16,single,8+20,32768,6,251350652
poseidon,,koalabear,24,single,8+23,16384,6,299343633
poseidon,,babybear,16,single,8+13,65536,6,401432400
poseidon,,babybear,24,single,8+21,16384,6,286732219
poseidon2,,bls12_381,3,single,8+56,65536,6,315888246
poseidon2,,bls12_381,4,single,8+56,32768,6,284046853
poseidon2,,bn254,3,single,8+56,65536,6,309068864
poseidon2,,bn254,4,single,8+56,32768,6,273642522
poseidon2,,goldilocks,8,single,8+22,524288,6,390753958
poseidon2,,goldilocks,12,single,8+22,262144,6,267779017
poseidon2,,mersenne31,16,single,8+14,262144,6,250597665
poseidon2,,mersenne31,24,single,8+22,131072,6,209815757
poseidon2,,koalabear,16,single,8+20,262144,6,283410464
poseidon2,,koalabear,24,single,8+23,131072,6,206362003
poseidon2,,babybear,16,single,8+13,262144,6,304257414
poseidon2,,babybear,24,single,8+21,131072,6,247726440
neptune,,bls12_381,4,single,6+69,32768,6,325652580
neptune,,bn254,4,single,6+69,32768,6,313907996
neptune,,goldilocks,8,single,6+38,262144,6,316277834
neptune,,goldilocks,12,single,6+42,131072,6,303972792
psquarehash,,mersenne31,16,single,52,262144,6,243137265
psquarehash,,mersenne31,24,single,52,262144,6,354631285
psquarehash,,koalabear,16,single,52,262144,6,311608310
psquarehash,,koalabear,24,single,52,131072,6,230908116
psquarehash,,babybear,16,single,52,262144,6,309177147
psquarehash,,babybear,24,single,52,131072,6,231561047
rescue_prime,,bls12_381,3,current,16,1024,6,343487874
rescue_prime,,bls12_381,3,original,14,1024,6,300303867
rescue_prime,,bls12_381,4,current,13,1024,6,373491273
rescue_prime,,bls12_381,4,original,11,1024,6,316044798
rescue_prime,,bn254,3,current,16,1024,6,337138511
rescue_prime,,bn254,3,original,14,1024,6,295056884
rescue_prime,,bn254,4,current,13,1024,6,366694244
rescue_prime,,bn254,4,original,11,1024,6,310353063
rescue_prime,,goldilocks,8,single,8,16384,6,252583976
rescue_prime,,goldilocks,12,single,8,16384,6,393756858
rescue_prime,,mersenne31,16,single,8,16384,6,328168231
rescue_prime,,mersenne31,24,single,8,8192,6,264929263
rescue_prime,,koalabear,16,single,8,8192,6,235211788
rescue_prime,,koalabear,24,single,8,8192,6,381227077
rescue_prime,,babybear,16,single,8,8192,6,237572398
rescue_prime,,babybear,24,single,8,8192,6,383225440
anemoi,,bls12_381,4,current,20,1024,6,287284682
anemoi,,bls12_381,4,original,14,1024,6,201263938
anemoi,,bn254,4,current,20,1024,6,282207816
anemoi,,bn254,4,original,14,2048,6,394975475
anemoi,,goldilocks,8,single,11,32768,6,346392051
anemoi,,goldilocks,12,single,10,16384,6,237945404
anemoi,,mersenne31,16,single,10,32768,6,339163244
anemoi,,mersenne31,24,single,9,16384,6,239253419
anemoi,,koalabear,16,single,10,16384,6,258740749
anemoi,,koalabear,24,single,9,16384,6,362687948
anemoi,,babybear,16,single,9,16384,6,233958836
anemoi,,babybear,24,single,9,16384,6,363285926
griffin,,bls12_381,3,current,20,2048,6,286555841
griffin,,bls12_381,3,original,14,2048,6,200644090
griffin,,bls12_381,4,current,20,2048,6,289268218
griffin,,bls12_381,4,original,11,4096,6,317634438
griffin,,bn254,3,current,20,2048,6,282034082
griffin,,bn254,3,original,14,4096,6,394928547
griffin,,bn254,4,current,20,2048,6,283984105
griffin,,bn254,4,original,11,4096,6,312729494
griffin,,goldilocks,8,single,8,131072,6,281770549
griffin,,goldilocks,12,single,8,131072,6,300421738
arion,,bls12_381,3,single,11,4096,6,340925817
arion,,bls12_381,4,single,10,4096,6,328868168
arion,,bn254,3,single,11,4096,6,331930519
arion,,bn254,4,single,10,4096,6,319574162
grendel,native,bls12_381,3,single,24,256,6,268545309
grendel,native,bn254,3,single,24,256,6,266237797
xhash,XHash8,goldilocks,12,single,6,32768,6,283342086
xhash,XHash12,goldilocks,12,single,6,32768,6,369985974
xhash,XHash16,mersenne31,24,single,6,32768,6,300820663
xhash,XHash24,mersenne31,24,single,6,32768,6,362837989
reinforced_concrete,,bls12_381,3,single,7,131072,6,241287890
reinforced_concrete,,bn254,3,single,7,131072,6,241238207
skyscraper,,bls12_381,4,single,18,262144,6,286510946
skyscraper,,bn254,4,single,18,262144,6,278783608
monolith,,goldilocks,8,single,6,1048576,6,265947445
monolith,,goldilocks,12,single,6,524288,6,204983267
monolith,,mersenne31,16,single,6,524288,6,213587514
monolith,,mersenne31,24,single,6,262144,6,217722549
polocolo,,bls12_381,3,single,6,1024,6,261030218
polocolo,,bls12_381,4,single,5,1024,6,290328739
polocolo,,bn254,3,single,6,1024,6,234419807
polocolo,,bn254,4,single,5,1024,6,261341729
tip4p,,goldilocks,12,single,5,262144,6,330523862
plain,sha256_compress,-,-,single,-,8388608,6,211107369
plain,keccak_f1600,-,-,single,-,524288,6,203270988
plain,blake2b_compress,-,-,single,-,2097152,6,240013579
plain,blake3_compress,-,-,single,-,4194304,6,269204500
gmimc,,bls12_381,3,single,228,16384,7,258834144
gmimc,,bls12_381,4,single,231,16384,7,263711848
gmimc,,bn254,3,single,228,16384,7,251022147
gmimc,,bn254,4,single,231,16384,7,253693740
gmimc,,goldilocks,8,single,68,524288,7,336018448
gmimc,,goldilocks,12,single,93,262144,7,236391892
gmimc,,mersenne31,16,single,158,262144,7,267916945
gmimc,,mersenne31,24,single,335,131072,7,327405975
gmimc,,koalabear,16,single,158,262144,7,305185698
gmimc,,koalabear,24,single,335,131072,7,329794358
gmimc,,babybear,16,single,158,131072,7,245667514
gmimc,,babybear,24,single,335,65536,7,258935864
gmimc2,alpha=8,bls12_381,3,single,63,32768,7,212512785
gmimc2,alpha=8,bls12_381,4,single,64,32768,7,216736738
gmimc2,alpha=8,bn254,3,single,63,32768,7,209922877
gmimc2,alpha=8,bn254,4,single,64,32768,7,212957867
gmimc2,alpha=4,goldilocks,8,single,88,262144,7,293911835
gmimc2,alpha=4,goldilocks,12,single,96,262144,7,366032337
gmimc2,alpha=2,mersenne31,16,single,176,65536,7,202170872
gmimc2,alpha=2,mersenne31,24,single,264,32768,7,228541153
gmimc2,alpha=2,koalabear,16,single,176,131072,7,290142902
gmimc2,alpha=2,koalabear,24,single,264,65536,7,237453676
gmimc2,alpha=2,babybear,16,single,176,131072,7,290073542
gmimc2,alpha=2,babybear,24,single,264,65536,7,234191411
poseidon,,bls12_381,3,single,8+56,16384,7,254166092
poseidon,,bls12_381,4,single,8+56,16384,7,374670847
poseidon,,bn254,3,single,8+56,16384,7,245491895
poseidon,,bn254,4,single,8+56,16384,7,366528694
poseidon,,goldilocks,8,single,8+22,131072,7,333565395
poseidon,,goldilocks,12,single,8+22,65536,7,319321561
poseidon,,mersenne31,16,single,8+14,65536,7,326083174
poseidon,,mersenne31,24,single,8+22,16384,7,226010024
poseidon,,koalabear,16,single,8+20,32768,7,252941854
poseidon,,koalabear,24,single,8+23,16384,7,299090340
poseidon,,babybear,16,single,8+13,65536,7,401584273
poseidon,,babybear,24,single,8+21,16384,7,286839930
poseidon2,,bls12_381,3,single,8+56,65536,7,315559250
poseidon2,,bls12_381,4,single,8+56,32768,7,283920206
poseidon2,,bn254,3,single,8+56,65536,7,308943821
poseidon2,,bn254,4,single,8+56,32768,7,273508091
poseidon2,,goldilocks,8,single,8+22,524288,7,390390868
poseidon2,,goldilocks,12,single,8+22,262144,7,267852795
poseidon2,,mersenne31,16,single,8+14,262144,7,252216650
poseidon2,,mersenne31,24,single,8+22,131072,7,209937214
poseidon2,,koalabear,16,single,8+20,262144,7,283577815
poseidon2,,koalabear,24,single,8+23,131072,7,206001811
poseidon2,,babybear,16,single,8+13,262144,7,305895124
poseidon2,,babybear,24,single,8+21,131072,7,247805888
neptune,,bls12_381,4,single,6+69,32768,7,324899693
neptune,,bn254,4,single,6+69,32768,7,313385950
neptune,,goldilocks,8,single,6+38,262144,7,316044507
neptune,,goldilocks,12,single,6+42,131072,7,303822451
psquarehash,,mersenne31,16,single,52,262144,7,243399827
psquarehash,,mersenne31,24,single,52,262144,7,354831288
psquarehash,,koalabear,16,single,52,262144,7,307546820
psquarehash,,koalabear,24,single,52,131072,7,230546090
psquarehash,,babybear,16,single,52,262144,7,310836166
psquarehash,,babybear,24,single,52,131072,7,232015364
rescue_prime,,bls12_381,3,current,16,1024,7,343362921
rescue_prime,,bls12_381,3,original,14,1024,7,300276757
rescue_prime,,bls12_381,4,current,13,1024,7,373550233
rescue_prime,,bls12_381,4,original,11,1024,7,316013349
rescue_prime,,bn254,3,current,16,1024,7,337402273
rescue_prime,,bn254,3,original,14,1024,7,295002702
rescue_prime,,bn254,4,current,13,1024,7,366737584
rescue_prime,,bn254,4,original,11,1024,7,310330792
rescue_prime,,goldilocks,8,single,8,16384,7,252553689
rescue_prime,,goldilocks,12,single,8,16384,7,393443202
rescue_prime,,mersenne31,16,single,8,16384,7,327997501
rescue_prime,,mersenne31,24,single,8,8192,7,264550494
rescue_prime,,koalabear,16,single,8,8192,7,236254305
rescue_prime,,koalabear,24,single,8,8192,7,380959898
rescue_prime,,babybear,16,single,8,8192,7,237489383
rescue_prime,,babybear,24,single,8,8192,7,383172802
anemoi,,bls12_381,4,current,20,1024,7,287159668
anemoi,,bls12_381,4,original,14,1024,7,202761847
anemoi,,bn254,4,current,20,1024,7,282124310
anemoi,,bn254,4,original,14,2048,7,394947893
anemoi,,goldilocks,8,single,11,32768,7,346721826
anemoi,,goldilocks,12,single,10,16384,7,237916852
anemoi,,mersenne31,16,single,10,32768,7,341022588
anemoi,,mersenne31,24,single,9,16384,7,239017398
anemoi,,koalabear,16,single,10,16384,7,259623048
anemoi,,koalabear,24,single,9,16384,7,362639016
anemoi,,babybear,16,single,9,16384,7,234793907
anemoi,,babybear,24,single,9,16384,7,363380832
griffin,,bls12_381,3,current,20,2048,7,286438761
griffin,,bls12_381,3,original,14,2048,7,200587144
griffin,,bls12_381,4,current,20,2048,7,288648640
griffin,,bls12_381,4,original,11,4096,7,317582051
griffin,,bn254,3,current,20,2048,7,282007702
griffin,,bn254,3,original,14,4096,7,394761645
griffin,,bn254,4,current,20,2048,7,283858290
griffin,,bn254,4,original,11,4096,7,312610020
griffin,,goldilocks,8,single,8,131072,7,282024924
griffin,,goldilocks,12,single,8,131072,7,300177601
arion,,bls12_381,3,single,11,4096,7,341089021
arion,,bls12_381,4,single,10,4096,7,329341082
arion,,bn254,3,single,11,4096,7,331914189
arion,,bn254,4,single,10,4096,7,319673348
grendel,native,bls12_381,3,single,24,256,7,267913888
grendel,native,bn254,3,single,24,256,7,265996967
xhash,XHash8,goldilocks,12,single,6,32768,7,283131512
xhash,XHash12,goldilocks,12,single,6,32768,7,370035556
xhash,XHash16,mersenne31,24,single,6,32768,7,300916702
xhash,XHash24,mersenne31,24,single,6,32768,7,363229550
reinforced_concrete,,bls12_381,3,single,7,131072,7,240399480
reinforced_concrete,,bn254,3,single,7,131072,7,240655658
skyscraper,,bls12_381,4,single,18,262144,7,286869236
skyscraper,,bn254,4,single,18,262144,7,277899065
monolith,,goldilocks,8,single,6,1048576,7,265355809
monolith,,goldilocks,12,single,6,524288,7,203310962
monolith,,mersenne31,16,single,6,524288,7,213676580
monolith,,mersenne31,24,single,6,262144,7,216442638
polocolo,,bls12_381,3,single,6,1024,7,261024336
polocolo,,bls12_381,4,single,5,1024,7,290607189
polocolo,,bn254,3,single,6,1024,7,234518472
polocolo,,bn254,4,single,5,1024,7,261450692
tip4p,,goldilocks,12,single,5,262144,7,330567082
plain,sha256_compress,-,-,single,-,8388608,7,211050954
plain,keccak_f1600,-,-,single,-,524288,7,203249658
plain,blake2b_compress,-,-,single,-,2097152,7,240203394
plain,blake3_compress,-,-,single,-,4194304,7,269748697
gmimc,,bls12_381,3,single,228,16384,8,258843912
gmimc,,bls12_381,4,single,231,16384,8,263536519
gmimc,,bn254,3,single,228,16384,8,251763553
gmimc,,bn254,4,single,231,16384,8,254009839
gmimc,,goldilocks,8,single,68,524288,8,335824144
gmimc,,goldilocks,12,single,93,262144,8,235227948
gmimc,,mersenne31,16,single,158,262144,8,266187193
gmimc,,mersenne31,24,single,335,131072,8,324523038
gmimc,,koalabear,16,single,158,262144,8,305198192
gmimc,,koalabear,24,single,335,131072,8,331655786
gmimc,,babybear,16,single,158,131072,8,245665218
gmimc,,babybear,24,single,335,65536,8,259175532
gmimc2,alpha=8,bls12_381,3,single,63,32768,8,212397330
gmimc2,alpha=8,bls12_381,4,single,64,32768,8,217367676
gmimc2,alpha=8,bn254,3,single,63,32768,8,209737129
gmimc2,alpha=8,bn254,4,single,64,32768,8,213249522
gmimc2,alpha=4,goldilocks,8,single,88,262144,8,293793242
gmimc2,alpha=4,goldilocks,12,single,96,262144,8,361127301
gmimc2,alpha=2,mersenne31,16,single,176,65536,8,201534593
gmimc2,alpha=2,mersenne31,24,single,264,32768,8,224828156
gmimc2,alpha=2,koalabear,16,single,176,131072,8,289930115
gmimc2,alpha=2,koalabear,24,single,264,65536,8,234860000
gmimc2,alpha=2,babybear,16,single,176,131072,8,290097487
gmimc2,alpha=2,babybear,24,single,264,65536,8,233625924
poseidon,,bls12_381,3,single,8+56,16384,8,254647211
poseidon,,bls12_381,4,single,8+56,16384,8,375019317
poseidon,,bn254,3,single,8+56,16384,8,245276382
poseidon,,bn254,4,single,8+56,16384,8,366852258
poseidon,,goldilocks,8,single,8+22,131072,8,333493449
poseidon,,goldilocks,12,single,8+22,65536,8,319200444
poseidon,,mersenne31,16,single,8+14,65536,8,324979642
poseidon,,mersenne31,24,single,8+22,16384,8,226859371
poseidon,,koalabear,16,single,8+20,32768,8,251837341
poseidon,,koalabear,24,single,8+23,16384,8,298894774
poseidon,,babybear,16,single,8+13,65536,8,402269743
poseidon,,babybear,24,single,8+21,16384,8,286536253
poseidon2,,bls12_381,3,single,8+56,65536,8,315635353
poseidon2,,bls12_381,4,single,8+56,32768,8,283796794
poseidon2,,bn254,3,single,8+56,65536,8,309137553
poseidon2,,bn254,4,single,8+56,32768,8,273895525
poseidon2,,goldilocks,8,single,8+22,524288,8,390054289
poseidon2,,goldilocks,12,single,8+22,262144,8,267655556
poseidon2,,mersenne31,16,single,8+14,262144,8,250385017
poseidon2,,mersenne31,24,single,8+22,131072,8,209583612
poseidon2,,koalabear,16,single,8+20,262144,8,282808518
poseidon2,,koalabear,24,single,8+23,131072,8,206570483
poseidon2,,babybear,16,single,8+13,262144,8,304987568
poseidon2,,babybear,24,single,8+21,131072,8,248434934
neptune,,bls12_381,4,single,6+69,32768,8,325200184
neptune,,bn254,4,single,6+69,32768,8,313504982
neptune,,goldilocks,8,single,6+38,262144,8,316182044
neptune,,goldilocks,12,single,6+42,131072,8,303254520
psquarehash,,mersenne31,16,single,52,262144,8,243261307
psquarehash,,mersenne31,24,single,52,262144,8,356564686
psquarehash,,koalabear,16,single,52,262144,8,309890389
psquarehash,,koalabear,24,single,52,131072,8,230935357
psquarehash,,babybear,16,single,52,262144,8,310683841
psquarehash,,babybear,24,single,52,131072,8,232042656
rescue_prime,,bls12_381,3,current,16,1024,8,343333284
rescue_prime,,bls12_381,3,original,14,1024,8,300340626
rescue_prime,,bls12_381,4,current,13,1024,8,373540495
rescue_prime,,bls12_381,4,original,11,1024,8,316059075
rescue_prime,,bn254,3,current,16,1024,8,337284302
rescue_prime,,bn254,3,original,14,1024,8,295056362
rescue_prime,,bn254,4,current,13,1024,8,366671009
rescue_prime,,bn254,4,original,11,1024,8,310355408
rescue_prime,,goldilocks,8,single,8,16384,8,252597682
rescue_prime,,goldilocks,12,single,8,16384,8,394112983
rescue_prime,,mersenne31,16,single,8,16384,8,328944690
rescue_prime,,mersenne31,24,single,8,8192,8,264867747
rescue_prime,,koalabear,16,single,8,8192,8,235949365
rescue_prime,,koalabear,24,single,8,8192,8,381128012
rescue_prime,,babybear,16,single,8,8192,8,236578751
rescue_prime,,babybear,24,single,8,8192,8,383795355
anemoi,,bls12_381,4,current,20,1024,8,287214941
anemoi,,bls12_381,4,original,14,1024,8,202788687
anemoi,,bn254,4,current,20,1024,8,282302833
anemoi,,bn254,4,original,14,2048,8,395088155
anemoi,,goldilocks,8,single,11,32768,8,346954210
anemoi,,goldilocks,12,single,10,16384,8,237975831
anemoi,,mersenne31,16,single,10,32768,8,341243430
anemoi,,mersenne31,24,single,9,16384,8,239247438
anemoi,,koalabear,16,single,10,16384,8,259856675
anemoi,,koalabear,24,single,9,16384,8,362721200
anemoi,,babybear,16,single,9,16384,8,234973893
anemoi,,babybear,24,single,9,16384,8,363411840
griffin,,bls12_381,3,current,20,2048,8,286592157
griffin,,bls12_381,3,original,14,2048,8,200644751
griffin,,bls12_381,4,current,20,2048,8,288799451
griffin,,bls12_381,4,original,11,4096,8,317740306
griffin,,bn254,3,current,20,2048,8,282106577
griffin,,bn254,3,original,14,4096,8,395020177
griffin,,bn254,4,current,20,2048,8,284008871
griffin,,bn254,4,original,11,4096,8,312820773
griffin,,goldilocks,8,single,8,131072,8,281894781
griffin,,goldilocks,12,single,8,131072,8,300908757
arion,,bls12_381,3,single,11,4096,8,341431030
arion,,bls12_381,4,single,10,4096,8,328825417
arion,,bn254,3,single,11,4096,8,331979891
arion,,bn254,4,single,10,4096,8,319613255
grendel,native,bls12_381,3,single,24,256,8,268269193
grendel,native,bn254,3,single,24,256,8,266975074
xhash,XHash8,goldilocks,12,single,6,32768,8,285511418
xhash,XHash12,goldilocks,12,single,6,32768,8,370034454
xhash,XHash16,mersenne31,24,single,6,32768,8,301166088
xhash,XHash24,mersenne31,24,single,6,32768,8,363380181
reinforced_concrete,,bls12_381,3,single,7,131072,8,240852576
reinforced_concrete,,bn254,3,single,7,131072,8,240647894
skyscraper,,bls12_381,4,single,18,262144,8,286249818
skyscraper,,bn254,4,single,18,262144,8,278424026
monolith,,goldilocks,8,single,6,1048576,8,265542759
monolith,,goldilocks,12,single,6,524288,8,204114093
monolith,,mersenne31,16,single,6,524288,8,214277433
monolith,,mersenne31,24,single,6,262144,8,216949475
polocolo,,bls12_381,3,single,6,1024,8,261160099
polocolo,,bls12_381,4,single,5,1024,8,290646432
polocolo,,bn254,3,single,6,1024,8,234617496
polocolo,,bn254,4,single,5,1024,8,261359071
tip4p,,goldilocks,12,single,5,262144,8,330736188
plain,sha256_compress,-,-,single,-,8388608,8,211053239
plain,keccak_f1600,-,-,single,-,524288,8,203222988
plain,blake2b_compress,-,-,single,-,2097152,8,241856282
plain,blake3_compress,-,-,single,-,4194304,8,271436300
gmimc,,bls12_381,3,single,228,16384,9,258868858
gmimc,,bls12_381,4,single,231,16384,9,264874219
gmimc,,bn254,3,single,228,16384,9,250948890
gmimc,,bn254,4,single,231,16384,9,255305972
gmimc,,goldilocks,8,single,68,524288,9,335970247
gmimc,,goldilocks,12,single,93,262144,9,235144201
gmimc,,mersenne31,16,single,158,262144,9,266767717
gmimc,,mersenne31,24,single,335,131072,9,318402814
gmimc,,koalabear,16,single,158,262144,9,305140474
gmimc,,koalabear,24,single,335,131072,9,333338980
gmimc,,babybear,16,single,158,131072,9,245988573
gmimc,,babybear,24,single,335,65536,9,258933599
gmimc2,alpha=8,bls12_381,3,single,63,32768,9,212700205
gmimc2,alpha=8,bls12_381,4,single,64,32768,9,217219840
gmimc2,alpha=8,bn254,3,single,63,32768,9,209794637
gmimc2,alpha=8,bn254,4,single,64,32768,9,212877396
gmimc2,alpha=4,goldilocks,8,single,88,262144,9,293913777
gmimc2,alpha=4,goldilocks,12,single,96,262144,9,361918460
gmimc2,alpha=2,mersenne31,16,single,176,65536,9,201673032
gmimc2,alpha=2,mersenne31,24,single,264,32768,9,225686580
gmimc2,alpha=2,koalabear,16,single,176,131072,9,290774863
gmimc2,alpha=2,koalabear,24,single,264,65536,9,233640521
gmimc2,alpha=2,babybear,16,single,176,131072,9,290034519
gmimc2,alpha=2,babybear,24,single,264,65536,9,233450846
poseidon,,bls12_381,3,single,8+56,16384,9,254041159
poseidon,,bls12_381,4,single,8+56,16384,9,374890536
poseidon,,bn254,3,single,8+56,16384,9,245704111
poseidon,,bn254,4,single,8+56,16384,9,367268606
poseidon,,goldilocks,8,single,8+22,131072,9,333534605
poseidon,,goldilocks,12,single,8+22,65536,9,319055654
poseidon,,mersenne31,16,single,8+14,65536,9,323194076
poseidon,,mersenne31,24,single,8+22,16384,9,225810982
poseidon,,koalabear,16,single,8+20,32768,9,251091346
poseidon,,koalabear,24,single,8+23,16384,9,299367056
poseidon,,babybear,16,single,8+13,65536,9,401100518
poseidon,,babybear,24,single,8+21,16384,9,286320089
poseidon2,,bls12_381,3,single,8+56,65536,9,316011064
poseidon2,,bls12_381,4,single,8+56,32768,9,284104339
poseidon2,,bn254,3,single,8+56,65536,9,309092587
poseidon2,,bn254,4,single,8+56,32768,9,273652962
poseidon2,,goldilocks,8,single,8+22,524288,9,390835408
poseidon2,,goldilocks,12,single,8+22,262144,9,267796209
poseidon2,,mersenne31,16,single,8+14,262144,9,251127955
poseidon2,,mersenne31,24,single,8+22,131072,9,209281228
poseidon2,,koalabear,16,single,8+20,262144,9,283102307
poseidon2,,koalabear,24,single,8+23,131072,9,206119941
poseidon2,,babybear,16,single,8+13,262144,9,306066453
poseidon2,,babybear,24,single,8+21,131072,9,247738302
neptune,,bls12_381,4,single,6+69,32768,9,325641959
neptune,,bn254,4,single,6+69,32768,9,314308925
neptune,,goldilocks,8,single,6+38,262144,9,316641903
neptune,,goldilocks,12,single,6+42,131072,9,303263426
psquarehash,,mersenne31,16,single,52,262144,9,243255636
psquarehash,,mersenne31,24,single,52,262144,9,354234292
psquarehash,,koalabear,16,single,52,262144,9,311861561
psquarehash,,koalabear,24,single,52,131072,9,230975341
psquarehash,,babybear,16,single,52,262144,9,310817090
psquarehash,,babybear,24,single,52,131072,9,232009333
rescue_prime,,bls12_381,3,current,16,1024,9,343350607
rescue_prime,,bls12_381,3,original,14,1024,9,300366394
rescue_prime,,bls12_381,4,current,13,1024,9,373604974
rescue_prime,,bls12_381,4,original,11,1024,9,316142811
rescue_prime,,bn254,3,current,16,1024,9,337331891
rescue_prime,,bn254,3,original,14,1024,9,295128026
rescue_prime,,bn254,4,current,13,1024,9,366962193
rescue_prime,,bn254,4,original,11,1024,9,310427723
rescue_prime,,goldilocks,8,single,8,16384,9,252589585
rescue_prime,,goldilocks,12,single,8,16384,9,393924481
rescue_prime,,mersenne31,16,single,8,16384,9,327791666
rescue_prime,,mersenne31,24,single,8,8192,9,265081275
rescue_prime,,koalabear,16,single,8,8192,9,236590152
rescue_prime,,koalabear,24,single,8,8192,9,379952204
rescue_prime,,babybear,16,single,8,8192,9,237480135
rescue_prime,,babybear,24,single,8,8192,9,383437306
anemoi,,bls12_381,4,current,20,1024,9,287440072
anemoi,,bls12_381,4,original,14,1024,9,201421702
anemoi,,bn254,4,current,20,1024,9,282414662
anemoi,,bn254,4,original,14,2048,9,395272098
anemoi,,goldilocks,8,single,11,32768,9,346984015
anemoi,,goldilocks,12,single,10,16384,9,238098340
anemoi,,mersenne31,16,single,10,32768,9,340668615
anemoi,,mersenne31,24,single,9,16384,9,239289937
anemoi,,koalabear,16,single,10,16384,9,260077726
anemoi,,koalabear,24,single,9,16384,9,362843668
anemoi,,babybear,16,single,9,16384,9,235136626
anemoi,,babybear,24,single,9,16384,9,363387273
griffin,,bls12_381,3,current,20,2048,9,286667658
griffin,,bls12_381,3,original,14,2048,9,200622670
griffin,,bls12_381,4,current,20,2048,9,288843203
griffin,,bls12_381,4,original,11,4096,9,317775561
griffin,,bn254,3,current,20,2048,9,282123518
griffin,,bn254,3,original,14,4096,9,395033562
griffin,,bn254,4,current,20,2048,9,284076778
griffin,,bn254,4,original,11,4096,9,312852463
griffin,,goldilocks,8,single,8,131072,9,282462281
griffin,,goldilocks,12,single,8,131072,9,300435933
arion,,bls12_381,3,single,11,4096,9,341443233
arion,,bls12_381,4,single,10,4096,9,329138883
arion,,bn254,3,single,11,4096,9,332000750
arion,,bn254,4,single,10,4096,9,319772363
grendel,native,bls12_381,3,single,24,256,9,268268311
grendel,native,bn254,3,single,24,256,9,266711141
xhash,XHash8,goldilocks,12,single,6,32768,9,283420271
xhash,XHash12,goldilocks,12,single,6,32768,9,370023894
xhash,XHash16,mersenne31,24,single,6,32768,9,301044982
xhash,XHash24,mersenne31,24,single,6,32768,9,363352117
reinforced_concrete,,bls12_381,3,single,7,131072,9,240280447
reinforced_concrete,,bn254,3,single,7,131072,9,240519964
skyscraper,,bls12_381,4,single,18,262144,9,286827747
skyscraper,,bn254,4,single,18,262144,9,278241294
monolith,,goldilocks,8,single,6,1048576,9,266354374
monolith,,goldilocks,12,single,6,524288,9,202607889
monolith,,mersenne31,16,single,6,524288,9,213672211
monolith,,mersenne31,24,single,6,262144,9,216423061
polocolo,,bls12_381,3,single,6,1024,9,261154849
polocolo,,bls12_381,4,single,5,1024,9,290485332
polocolo,,bn254,3,single,6,1024,9,234603560
polocolo,,bn254,4,single,5,1024,9,261403103
tip4p,,goldilocks,12,single,5,262144,9,330548176
plain,sha256_compress,-,-,single,-,8388608,9,211122819
plain,keccak_f1600,-,-,single,-,524288,9,203100119
plain,blake2b_compress,-,-,single,-,2097152,9,239376769
plain,blake3_compress,-,-,single,-,4194304,9,269319644
gmimc,,bls12_381,3,single,228,16384,10,258878857
gmimc,,bls12_381,4,single,231,16384,10,263682342
gmimc,,bn254,3,single,228,16384,10,249804592
gmimc,,bn254,4,single,231,16384,10,253216667
gmimc,,goldilocks,8,single,68,524288,10,335829865
gmimc,,goldilocks,12,single,93,262144,10,235254467
gmimc,,mersenne31,16,single,158,262144,10,266727411
gmimc,,mersenne31,24,single,335,131072,10,318009969
gmimc,,koalabear,16,single,158,262144,10,305303257
gmimc,,koalabear,24,single,335,131072,10,336896998
gmimc,,babybear,16,single,158,131072,10,245787637
gmimc,,babybear,24,single,335,65536,10,259121711
gmimc2,alpha=8,bls12_381,3,single,63,32768,10,212692921
gmimc2,alpha=8,bls12_381,4,single,64,32768,10,216731327
gmimc2,alpha=8,bn254,3,single,63,32768,10,209568003
gmimc2,alpha=8,bn254,4,single,64,32768,10,212319915
gmimc2,alpha=4,goldilocks,8,single,88,262144,10,293357888
gmimc2,alpha=4,goldilocks,12,single,96,262144,10,360960529
gmimc2,alpha=2,mersenne31,16,single,176,65536,10,202932274
gmimc2,alpha=2,mersenne31,24,single,264,32768,10,224229617
gmimc2,alpha=2,koalabear,16,single,176,131072,10,289877937
gmimc2,alpha=2,koalabear,24,single,264,65536,10,234184256
gmimc2,alpha=2,babybear,16,single,176,131072,10,290075626
gmimc2,alpha=2,babybear,24,single,264,65536,10,235132579
poseidon,,bls12_381,3,single,8+56,16384,10,254166161
poseidon,,bls12_381,4,single,8+56,16384,10,374346300
poseidon,,bn254,3,single,8+56,16384,10,245727595
poseidon,,bn254,4,single,8+56,16384,10,366734106
poseidon,,goldilocks,8,single,8+22,131072,10,333331948
poseidon,,goldilocks,12,single,8+22,65536,10,319332580
poseidon,,mersenne31,16,single,8+14,65536,10,318858514
poseidon,,mersenne31,24,single,8+22,16384,10,226639741
poseidon,,koalabear,16,single,8+20,32768,10,251307540
poseidon,,koalabear,24,single,8+23,16384,10,298862243
poseidon,,babybear,16,single,8+13,65536,10,401805695
poseidon,,babybear,24,single,8+21,16384,10,286546652
poseidon2,,bls12_381,3,single,8+56,65536,10,315730920
poseidon2,,bls12_381,4,single,8+56,32768,10,283733266
poseidon2,,bn254,3,single,8+56,65536,10,309277933
poseidon2,,bn254,4,single,8+56,32768,10,273761974
poseidon2,,goldilocks,8,single,8+22,524288,10,390067353
poseidon2,,goldilocks,12,single,8+22,262144,10,267322854
poseidon2,,mersenne31,16,single,8+14,262144,10,250994726
poseidon2,,mersenne31,24,single,8+22,131072,10,209282509
poseidon2,,koalabear,16,single,8+20,262144,10,283609624
poseidon2,,koalabear,24,single,8+23,131072,10,206674216
poseidon2,,babybear,16,single,8+13,262144,10,306379358
poseidon2,,babybear,24,single,8+21,131072,10,247671126
neptune,,bls12_381,4,single,6+69,32768,10,325380460
neptune,,bn254,4,single,6+69,32768,10,313672765
neptune,,goldilocks,8,single,6+38,262144,10,315973494
neptune,,goldilocks,12,single,6+42,131072,10,303186051
psquarehash,,mersenne31,16,single,52,262144,10,243202557
psquarehash,,mersenne31,24,single,52,262144,10,354903652
psquarehash,,koalabear,16,single,52,262144,10,310760313
psquarehash,,koalabear,24,single,52,131072,10,230952138
psquarehash,,babybear,16,single,52,262144,10,310825576
psquarehash,,babybear,24,single,52,131072,10,231607692
rescue_prime,,bls12_381,3,current,16,1024,10,343549808
rescue_prime,,bls12_381,3,original,14,1024,10,300514611
rescue_prime,,bls12_381,4,current,13,1024,10,373613581
rescue_prime,,bls12_381,4,original,11,1024,10,316127803
rescue_prime,,bn254,3,current,16,1024,10,337303427
rescue_prime,,bn254,3,original,14,1024,10,295057083
rescue_prime,,bn254,4,current,13,1024,10,366835085
rescue_prime,,bn254,4,original,11,1024,10,310312527
rescue_prime,,goldilocks,8,single,8,16384,10,253597099
rescue_prime,,goldilocks,12,single,8,16384,10,396233565
rescue_prime,,mersenne31,16,single,8,16384,10,328482025
rescue_prime,,mersenne31,24,single,8,8192,10,265052031
rescue_prime,,koalabear,16,single,8,8192,10,235949094
rescue_prime,,koalabear,24,single,8,8192,10,380278193
rescue_prime,,babybear,16,single,8,8192,10,237348038
rescue_prime,,babybear,24,single,8,8192,10,383457774
anemoi,,bls12_381,4,current,20,1024,10,287353761
anemoi,,bls12_381,4,original,14,1024,10,201344829
anemoi,,bn254,4,current,20,1024,10,282367403
anemoi,,bn254,4,original,14,2048,10,395349772
anemoi,,goldilocks,8,single,11,32768,10,346412577
anemoi,,goldilocks,12,single,10,16384,10,237893867
anemoi,,mersenne31,16,single,10,32768,10,338935416
anemoi,,mersenne31,24,single,9,16384,10,239085154
anemoi,,koalabear,16,single,10,16384,10,258925884
anemoi,,koalabear,24,single,9,16384,10,362862292
anemoi,,babybear,16,single,9,16384,10,234006614
anemoi,,babybear,24,single,9,16384,10,363577609
griffin,,bls12_381,3,current,20,2048,10,286733681
griffin,,bls12_381,3,original,14,2048,10,200781416
griffin,,bls12_381,4,current,20,2048,10,288923503
griffin,,bls12_381,4,original,11,4096,10,320471849
griffin,,bn254,3,current,20,2048,10,282174793
griffin,,bn254,3,original,14,4096,10,395004557
griffin,,bn254,4,current,20,2048,10,284103537
griffin,,bn254,4,original,11,4096,10,313179133
griffin,,goldilocks,8,single,8,131072,10,281882527
griffin,,goldilocks,12,single,8,131072,10,301024503
arion,,bls12_381,3,single,11,4096,10,342226165
arion,,bls12_381,4,single,10,4096,10,329780812
arion,,bn254,3,single,11,4096,10,332008114
arion,,bn254,4,single,10,4096,10,319732728
grendel,native,bls12_381,3,single,24,256,10,268660072
grendel,native,bn254,3,single,24,256,10,266673781
xhash,XHash8,goldilocks,12,single,6,32768,10,283249922
xhash,XHash12,goldilocks,12,single,6,32768,10,369920390
xhash,XHash16,mersenne31,24,single,6,32768,10,301042967
xhash,XHash24,mersenne31,24,single,6,32768,10,362047710
reinforced_concrete,,bls12_381,3,single,7,131072,10,241044474
reinforced_concrete,,bn254,3,single,7,131072,10,240743773
skyscraper,,bls12_381,4,single,18,262144,10,286108764
skyscraper,,bn254,4,single,18,262144,10,278648735
monolith,,goldilocks,8,single,6,1048576,10,264870201
monolith,,goldilocks,12,single,6,524288,10,203091832
monolith,,mersenne31,16,single,6,524288,10,213581501
monolith,,mersenne31,24,single,6,262144,10,217064599
polocolo,,bls12_381,3,single,6,1024,10,261250057
polocolo,,bls12_381,4,single,5,1024,10,291368291
polocolo,,bn254,3,single,6,1024,10,234530995
polocolo,,bn254,4,single,5,1024,10,261560527
tip4p,,goldilocks,12,single,5,262144,10,330791481
plain,sha256_compress,-,-,single,-,8388608,10,211169204
plain,keccak_f1600,-,-,single,-,524288,10,203365414
plain,blake2b_compress,-,-,single,-,2097152,10,240447299
plain,blake3_compress,-,-,single,-,4194304,10,270973865
gmimc,,bls12_381,3,single,228,16384,11,258965128
gmimc,,bls12_381,4,single,231,16384,11,263619825
gmimc,,bn254,3,single,228,16384,11,250807696
gmimc,,bn254,4,single,231,16384,11,254172654
gmimc,,goldilocks,8,single,68,524288,11,335966659
gmimc,,goldilocks,12,single,93,262144,11,235184996
gmimc,,mersenne31,16,single,158,262144,11,266287549
gmimc,,mersenne31,24,single,335,131072,11,321282283
gmimc,,koalabear,16,single,158,262144,11,305118542
gmimc,,koalabear,24,single,335,131072,11,338910049
gmimc,,babybear,16,single,158,131072,11,245713798
gmimc,,babybear,24,single,335,65536,11,259074392
gmimc2,alpha=8,bls12_381,3,single,63,32768,11,213826650
gmimc2,alpha=8,bls12_381,4,single,64,32768,11,217247451
gmimc2,alpha=8,bn254,3,single,63,32768,11,209978880
gmimc2,alpha=8,bn254,4,single,64,32768,11,213086016
gmimc2,alpha=4,goldilocks,8,single,88,262144,11,293334975
gmimc2,alpha=4,goldilocks,12,single,96,262144,11,360818995
gmimc2,alpha=2,mersenne31,16,single,176,65536,11,201580499
gmimc2,alpha=2,mersenne31,24,single,264,32768,11,224589048
gmimc2,alpha=2,koalabear,16,single,176,131072,11,290121651
gmimc2,alpha=2,koalabear,24,single,264,65536,11,233659887
gmimc2,alpha=2,babybear,16,single,176,131072,11,290143573
gmimc2,alpha=2,babybear,24,single,264,65536,11,234048664
poseidon,,bls12_381,3,single,8+56,16384,11,253508953
poseidon,,bls12_381,4,single,8+56,16384,11,374618978
poseidon,,bn254,3,single,8+56,16384,11,245012218
poseidon,,bn254,4,single,8+56,16384,11,366904555
poseidon,,goldilocks,8,single,8+22,131072,11,333416444
poseidon,,goldilocks,12,single,8+22,65536,11,319173483
poseidon,,mersenne31,16,single,8+14,65536,11,321105222
poseidon,,mersenne31,24,single,8+22,16384,11,225826371
poseidon,,koalabear,16,single,8+20,32768,11,251334660
poseidon,,koalabear,24,single,8+23,16384,11,298982167
poseidon,,babybear,16,single,8+13,65536,11,400884664
poseidon,,babybear,24,single,8+21,16384,11,286874164
poseidon2,,bls12_381,3,single,8+56,65536,11,316085112
poseidon2,,bls12_381,4,single,8+56,32768,11,283876283
poseidon2,,bn254,3,single,8+56,65536,11,309384422
poseidon2,,bn254,4,single,8+56,32768,11,273757566
poseidon2,,goldilocks,8,single,8+22,524288,11,390508988
poseidon2,,goldilocks,12,single,8+22,262144,11,267761243
poseidon2,,mersenne31,16,single,8+14,262144,11,250759997
poseidon2,,mersenne31,24,single,8+22,131072,11,209279224
poseidon2,,koalabear,16,single,8+20,262144,11,283532921
poseidon2,,koalabear,24,single,8+23,131072,11,206706005
poseidon2,,babybear,16,single,8+13,262144,11,305941850
poseidon2,,babybear,24,single,8+21,131072,11,247779278
neptune,,bls12_381,4,single,6+69,32768,11,325458476
neptune,,bn254,4,single,6+69,32768,11,313531451
neptune,,goldilocks,8,single,6+38,262144,11,315712666
neptune,,goldilocks,12,single,6+42,131072,11,303361880
psquarehash,,mersenne31,16,single,52,262144,11,243542952
psquarehash,,mersenne31,24,single,52,262144,11,354152118
psquarehash,,koalabear,16,single,52,262144,11,311374591
psquarehash,,koalabear,24,single,52,131072,11,230944523
psquarehash,,babybear,16,single,52,262144,11,309103758
psquarehash,,babybear,24,single,52,131072,11,232174491
rescue_prime,,bls12_381,3,current,16,1024,11,346077801
rescue_prime,,bls12_381,3,original,14,1024,11,302657183
rescue_prime,,bls12_381,4,current,13,1024,11,376415255
rescue_prime,,bls12_381,4,original,11,1024,11,318492861
rescue_prime,,bn254,3,current,16,1024,11,337403464
rescue_prime,,bn254,3,original,14,1024,11,295108870
rescue_prime,,bn254,4,current,13,1024,11,366889026
rescue_prime,,bn254,4,original,11,1024,11,310357591
rescue_prime,,goldilocks,8,single,8,16384,11,252566152
rescue_prime,,goldilocks,12,single,8,16384,11,394487392
rescue_prime,,mersenne31,16,single,8,16384,11,329009220
rescue_prime,,mersenne31,24,single,8,8192,11,264791524
rescue_prime,,koalabear,16,single,8,8192,11,236015067
rescue_prime,,koalabear,24,single,8,8192,11,381844959
rescue_prime,,babybear,16,single,8,8192,11,237103992
rescue_prime,,babybear,24,single,8,8192,11,382861610
anemoi,,bls12_381,4,current,20,1024,11,287343752
anemoi,,bls12_381,4,original,14,1024,11,201251384
anemoi,,bn254,4,current,20,1024,11,282346975
anemoi,,bn254,4,original,14,2048,11,395169937
anemoi,,goldilocks,8,single,11,32768,11,346166988
anemoi,,goldilocks,12,single,10,16384,11,237920287
anemoi,,mersenne31,16,single,10,32768,11,339429620
anemoi,,mersenne31,24,single,9,16384,11,238976120
anemoi,,koalabear,16,single,10,16384,11,258783929
anemoi,,koalabear,24,single,9,16384,11,362531063
anemoi,,babybear,16,single,9,16384,11,233931914
anemoi,,babybear,24,single,9,16384,11,363538746
griffin,,bls12_381,3,current,20,2048,11,286681624
griffin,,bls12_381,3,original,14,2048,11,202418084
griffin,,bls12_381,4,current,20,2048,11,288784273
griffin,,bls12_381,4,original,11,4096,11,317690642
griffin,,bn254,3,current,20,2048,11,282069817
griffin,,bn254,3,original,14,4096,11,394966036
griffin,,bn254,4,current,20,2048,11,283949789
griffin,,bn254,4,original,11,4096,11,312846882
griffin,,goldilocks,8,single,8,131072,11,282154706
griffin,,goldilocks,12,single,8,131072,11,300424231
arion,,bls12_381,3,single,11,4096,11,342587280
arion,,bls12_381,4,single,10,4096,11,328608221
arion,,bn254,3,single,11,4096,11,331730665
arion,,bn254,4,single,10,4096,11,319556257
grendel,native,bls12_381,3,single,24,256,11,268010438
grendel,native,bn254,3,single,24,256,11,266113294
xhash,XHash8,goldilocks,12,single,6,32768,11,283656882
xhash,XHash12,goldilocks,12,single,6,32768,11,370178010
xhash,XHash16,mersenne31,24,single,6,32768,11,301149626
xhash,XHash24,mersenne31,24,single,6,32768,11,363690259
reinforced_concrete,,bls12_381,3,single,7,131072,11,240724757
reinforced_concrete,,bn254,3,single,7,131072,11,240945659
skyscraper,,bls12_381,4,single,18,262144,11,286189755
skyscraper,,bn254,4,single,18,262144,11,278594994
monolith,,goldilocks,8,single,6,1048576,11,266475651
monolith,,goldilocks,12,single,6,524288,11,204103042
monolith,,mersenne31,16,single,6,524288,11,213781275
monolith,,mersenne31,24,single,6,262144,11,216652389
polocolo,,bls12_381,3,single,6,1024,11,261128760
polocolo,,bls12_381,4,single,5,1024,11,290506540
polocolo,,bn254,3,single,6,1024,11,234533539
polocolo,,bn254,4,single,5,1024,11,261509342
tip4p,,goldilocks,12,single,5,262144,11,330927194
plain,sha256_compress,-,-,single,-,8388608,11,211005047
plain,keccak_f1600,-,-,single,-,524288,11,203226604
plain,blake2b_compress,-,-,single,-,2097152,11,239876211
plain,blake3_compress,-,-,single,-,4194304,11,269302051
gmimc,,bls12_381,3,single,228,16384,12,258863999
gmimc,,bls12_381,4,single,231,16384,12,264971380
gmimc,,bn254,3,single,228,16384,12,250655602
gmimc,,bn254,4,single,231,16384,12,254646118
gmimc,,goldilocks,8,single,68,524288,12,336024307
gmimc,,goldilocks,12,single,93,262144,12,237930917
gmimc,,mersenne31,16,single,158,262144,12,266634698
gmimc,,mersenne31,24,single,335,131072,12,322101704
gmimc,,koalabear,16,single,158,262144,12,305345636
gmimc,,koalabear,24,single,335,131072,12,328263366
gmimc,,babybear,16,single,158,131072,12,246137320
gmimc,,babybear,24,single,335,65536,12,259063051
gmimc2,alpha=8,bls12_381,3,single,63,32768,12,212890992
gmimc2,alpha=8,bls12_381,4,single,64,32768,12,217508670
gmimc2,alpha=8,bn254,3,single,63,32768,12,209714647
gmimc2,alpha=8,bn254,4,single,64,32768,12,212955702
gmimc2,alpha=4,goldilocks,8,single,88,262144,12,293992633
gmimc2,alpha=4,goldilocks,12,single,96,262144,12,361133291
gmimc2,alpha=2,mersenne31,16,single,176,65536,12,201788908
gmimc2,alpha=2,mersenne31,24,single,264,32768,12,224608094
gmimc2,alpha=2,koalabear,16,single,176,131072,12,290055778
gmimc2,alpha=2,koalabear,24,single,264,65536,12,235578221
gmimc2,alpha=2,babybear,16,single,176,131072,12,290038786
gmimc2,alpha=2,babybear,24,single,264,65536,12,234705310
poseidon,,bls12_381,3,single,8+56,16384,12,254084208
poseidon,,bls12_381,4,single,8+56,16384,12,375279583
poseidon,,bn254,3,single,8+56,16384,12,245314833
poseidon,,bn254,4,single,8+56,16384,12,367088518
poseidon,,goldilocks,8,single,8+22,131072,12,333346243
poseidon,,goldilocks,12,single,8+22,65536,12,319207807
poseidon,,mersenne31,16,single,8+14,65536,12,321782688
poseidon,,mersenne31,24,single,8+22,16384,12,226132111
poseidon,,koalabear,16,single,8+20,32768,12,251479050
poseidon,,koalabear,24,single,8+23,16384,12,299118902
poseidon,,babybear,16,single,8+13,65536,12,401313485
poseidon,,babybear,24,single,8+21,16384,12,286801397
poseidon2,,bls12_381,3,single,8+56,65536,12,315834985
poseidon2,,bls12_381,4,single,8+56,32768,12,284276089
poseidon2,,bn254,3,single,8+56,65536,12,309039448
poseidon2,,bn254,4,single,8+56,32768,12,273897437
poseidon2,,goldilocks,8,single,8+22,524288,12,390479672
poseidon2,,goldilocks,12,single,8+22,262144,12,268243673
poseidon2,,mersenne31,16,single,8+14,262144,12,250661172
poseidon2,,mersenne31,24,single,8+22,131072,12,209727390
poseidon2,,koalabear,16,single,8+20,262144,12,284233389
poseidon2,,koalabear,24,single,8+23,131072,12,205857470
poseidon2,,babybear,16,single,8+13,262144,12,306546740
poseidon2,,babybear,24,single,8+21,131072,12,248100277
neptune,,bls12_381,4,single,6+69,32768,12,324890173
neptune,,bn254,4,single,6+69,32768,12,313659240
neptune,,goldilocks,8,single,6+38,262144,12,315544362
neptune,,goldilocks,12,single,6+42,131072,12,303857225
psquarehash,,mersenne31,16,single,52,262144,12,243408952
psquarehash,,mersenne31,24,single,52,262144,12,354151797
psquarehash,,koalabear,16,single,52,262144,12,308839945
psquarehash,,koalabear,24,single,52,131072,12,231028340
psquarehash,,babybear,16,single,52,262144,12,310845723
psquarehash,,babybear,24,single,52,131072,12,230968638
rescue_prime,,bls12_381,3,current,16,1024,12,343669422
rescue_prime,,bls12_381,3,original,14,1024,12,300422688
rescue_prime,,bls12_381,4,current,13,1024,12,373665877
rescue_prime,,bls12_381,4,original,11,1024,12,316174539
rescue_prime,,bn254,3,current,16,1024,12,337408153
rescue_prime,,bn254,3,original,14,1024,12,295155697
rescue_prime,,bn254,4,current,13,1024,12,366824444
rescue_prime,,bn254,4,original,11,1024,12,310439754
rescue_prime,,goldilocks,8,single,8,16384,12,252505838
rescue_prime,,goldilocks,12,single,8,16384,12,393714847
rescue_prime,,mersenne31,16,single,8,16384,12,328715100
rescue_prime,,mersenne31,24,single,8,8192,12,264847689
rescue_prime,,koalabear,16,single,8,8192,12,236289399
rescue_prime,,koalabear,24,single,8,8192,12,380553947
rescue_prime,,babybear,16,single,8,8192,12,237601150
rescue_prime,,babybear,24,single,8,8192,12,384018140
anemoi,,bls12_381,4,current,20,1024,12,287323673
anemoi,,bls12_381,4,original,14,1024,12,201314752
anemoi,,bn254,4,current,20,1024,12,282324523
anemoi,,bn254,4,original,14,2048,12,395066192
anemoi,,goldilocks,8,single,11,32768,12,348105069
anemoi,,goldilocks,12,single,10,16384,12,237993433
anemoi,,mersenne31,16,single,10,32768,12,338796576
anemoi,,mersenne31,24,single,9,16384,12,239082428
anemoi,,koalabear,16,single,10,16384,12,258840484
anemoi,,koalabear,24,single,9,16384,12,362613427
anemoi,,babybear,16,single,9,16384,12,233985205
anemoi,,babybear,24,single,9,16384,12,363410967
griffin,,bls12_381,3,current,20,2048,12,286663930
griffin,,bls12_381,3,original,14,2048,12,200645342
griffin,,bls12_381,4,current,20,2048,12,288807876
griffin,,bls12_381,4,original,11,4096,12,317646990
griffin,,bn254,3,current,20,2048,12,282065579
griffin,,bn254,3,original,14,4096,12,394918566
griffin,,bn254,4,current,20,2048,12,284137430
griffin,,bn254,4,original,11,4096,12,312948662
griffin,,goldilocks,8,single,8,131072,12,282178159
griffin,,goldilocks,12,single,8,131072,12,300514730
arion,,bls12_381,3,single,11,4096,12,342183585
arion,,bls12_381,4,single,10,4096,12,329261611
arion,,bn254,3,single,11,4096,12,332026397
arion,,bn254,4,single,10,4096,12,319700577
grendel,native,bls12_381,3,single,24,256,12,268049080
grendel,native,bn254,3,single,24,256,12,266367809
xhash,XHash8,goldilocks,12,single,6,32768,12,282995286
xhash,XHash12,goldilocks,12,single,6,32768,12,370084566
xhash,XHash16,mersenne31,24,single,6,32768,12,300795134
xhash,XHash24,mersenne31,24,single,6,32768,12,362022763
reinforced_concrete,,bls12_381,3,single,7,131072,12,240303169
reinforced_concrete,,bn254,3,single,7,131072,12,240252514
skyscraper,,bls12_381,4,single,18,262144,12,286679540
skyscraper,,bn254,4,single,18,262144,12,278996474
monolith,,goldilocks,8,single,6,1048576,12,265718896
monolith,,goldilocks,12,single,6,524288,12,202922666
monolith,,mersenne31,16,single,6,524288,12,213931866
monolith,,mersenne31,24,single,6,262144,12,216452736
polocolo,,bls12_381,3,single,6,1024,12,261206525
polocolo,,bls12_381,4,single,5,1024,12,290561613
polocolo,,bn254,3,single,6,1024,12,234613539
polocolo,,bn254,4,single,5,1024,12,261488932
tip4p,,goldilocks,12,single,5,262144,12,331344243
plain,sha256_compress,-,-,single,-,8388608,12,211122386
plain,keccak_f1600,-,-,single,-,524288,12,203308628
plain,blake2b_compress,-,-,single,-,2097152,12,241047480
plain,blake3_compress,-,-,single,-,4194304,12,269680247
gmimc,,bls12_381,3,single,228,16384,13,258855472
gmimc,,bls12_381,4,single,231,16384,13,263532852
gmimc,,bn254,3,single,228,16384,13,249991190
gmimc,,bn254,4,single,231,16384,13,253318266
gmimc,,goldilocks,8,single,68,524288,13,335896869
gmimc,,goldilocks,12,single,93,262144,13,235338423
gmimc,,mersenne31,16,single,158,262144,13,267052748
gmimc,,mersenne31,24,single,335,131072,13,315405262
gmimc,,koalabear,16,single,158,262144,13,305568352
gmimc,,koalabear,24,single,335,131072,13,331192579
gmimc,,babybear,16,single,158,131072,13,245614262
gmimc,,babybear,24,single,335,65536,13,259190108
gmimc2,alpha=8,bls12_381,3,single,63,32768,13,212506283
gmimc2,alpha=8,bls12_381,4,single,64,32768,13,217031247
gmimc2,alpha=8,bn254,3,single,63,32768,13,209718814
gmimc2,alpha=8,bn254,4,single,64,32768,13,212454225
gmimc2,alpha=4,goldilocks,8,single,88,262144,13,293805464
gmimc2,alpha=4,goldilocks,12,single,96,262144,13,364286673
gmimc2,alpha=2,mersenne31,16,single,176,65536,13,201628458
gmimc2,alpha=2,mersenne31,24,single,264,32768,13,224978195
gmimc2,alpha=2,koalabear,16,single,176,131072,13,290210497
gmimc2,alpha=2,koalabear,24,single,264,65536,13,233896989
gmimc2,alpha=2,babybear,16,single,176,131072,13,290142800
gmimc2,alpha=2,babybear,24,single,264,65536,13,236181769
poseidon,,bls12_381,3,single,8+56,16384,13,254179105
poseidon,,bls12_381,4,single,8+56,16384,13,373945660
poseidon,,bn254,3,single,8+56,16384,13,245524745
poseidon,,bn254,4,single,8+56,16384,13,366626714
poseidon,,goldilocks,8,single,8+22,131072,13,333715623
poseidon,,goldilocks,12,single,8+22,65536,13,319153675
poseidon,,mersenne31,16,single,8+14,65536,13,321499447
poseidon,,mersenne31,24,single,8+22,16384,13,225503116
poseidon,,koalabear,16,single,8+20,32768,13,250046113
poseidon,,koalabear,24,single,8+23,16384,13,298985252
poseidon,,babybear,16,single,8+13,65536,13,400254777
poseidon,,babybear,24,single,8+21,16384,13,286611512
poseidon2,,bls12_381,3,single,8+56,65536,13,316027905
poseidon2,,bls12_381,4,single,8+56,32768,13,283914262
poseidon2,,bn254,3,single,8+56,65536,13,309111091
poseidon2,,bn254,4,single,8+56,32768,13,273317564
poseidon2,,goldilocks,8,single,8+22,524288,13,390099331
poseidon2,,goldilocks,12,single,8+22,262144,13,268091559
poseidon2,,mersenne31,16,single,8+14,262144,13,250347296
poseidon2,,mersenne31,24,single,8+22,131072,13,209519031
poseidon2,,koalabear,16,single,8+20,262144,13,283178528
poseidon2,,koalabear,24,single,8+23,131072,13,205723780
poseidon2,,babybear,16,single,8+13,262144,13,305828357
poseidon2,,babybear,24,single,8+21,131072,13,247630289
neptune,,bls12_381,4,single,6+69,32768,13,325264874
neptune,,bn254,4,single,6+69,32768,13,313189241
neptune,,goldilocks,8,single,6+38,262144,13,315450546
neptune,,goldilocks,12,single,6+42,131072,13,303682589
psquarehash,,mersenne31,16,single,52,262144,13,243573890
psquarehash,,mersenne31,24,single,52,262144,13,354523962
psquarehash,,koalabear,16,single,52,262144,13,310739304
psquarehash,,koalabear,24,single,52,131072,13,230964190
psquarehash,,babybear,16,single,52,262144,13,309790681
psquarehash,,babybear,24,single,52,131072,13,232385295
rescue_prime,,bls12_381,3,current,16,1024,13,346202534
rescue_prime,,bls12_381,3,original,14,1024,13,302819025
rescue_prime,,bls12_381,4,current,13,1024,13,376526302
rescue_prime,,bls12_381,4,original,11,1024,13,317628705
rescue_prime,,bn254,3,current,16,1024,13,337277508
rescue_prime,,bn254,3,original,14,1024,13,295093590
rescue_prime,,bn254,4,current,13,1024,13,366769452
rescue_prime,,bn254,4,original,11,1024,13,310384961
rescue_prime,,goldilocks,8,single,8,16384,13,252559349
rescue_prime,,goldilocks,12,single,8,16384,13,394622884
rescue_prime,,mersenne31,16,single,8,16384,13,328583273
rescue_prime,,mersenne31,24,single,8,8192,13,264875951
rescue_prime,,koalabear,16,single,8,8192,13,235961987
rescue_prime,,koalabear,24,single,8,8192,13,382594750
rescue_prime,,babybear,16,single,8,8192,13,237742895
rescue_prime,,babybear,24,single,8,8192,13,383538193
anemoi,,bls12_381,4,current,20,1024,13,288560364
anemoi,,bls12_381,4,original,14,1024,13,201246284
anemoi,,bn254,4,current,20,1024,13,282395766
anemoi,,bn254,4,original,14,2048,13,395213778
anemoi,,goldilocks,8,single,11,32768,13,346602921
anemoi,,goldilocks,12,single,10,16384,13,238059196
anemoi,,mersenne31,16,single,10,32768,13,339202805
anemoi,,mersenne31,24,single,9,16384,13,239436159
anemoi,,koalabear,16,single,10,16384,13,259304291
anemoi,,koalabear,24,single,9,16384,13,362946599
anemoi,,babybear,16,single,9,16384,13,234021592
anemoi,,babybear,24,single,9,16384,13,363831221
griffin,,bls12_381,3,current,20,2048,13,286813309
griffin,,bls12_381,3,original,14,2048,13,200767800
griffin,,bls12_381,4,current,20,2048,13,288880031
griffin,,bls12_381,4,original,11,4096,13,317790118
griffin,,bn254,3,current,20,2048,13,282135339
griffin,,bn254,3,original,14,4096,13,395164255
griffin,,bn254,4,current,20,2048,13,284121430
griffin,,bn254,4,original,11,4096,13,312945936
griffin,,goldilocks,8,single,8,131072,13,282439127
griffin,,goldilocks,12,single,8,131072,13,300412118
arion,,bls12_381,3,single,11,4096,13,341106402
arion,,bls12_381,4,single,10,4096,13,331760270
arion,,bn254,3,single,11,4096,13,332263189
arion,,bn254,4,single,10,4096,13,319864123
grendel,native,bls12_381,3,single,24,256,13,268569001
grendel,native,bn254,3,single,24,256,13,266060895
xhash,XHash8,goldilocks,12,single,6,32768,13,284447980
xhash,XHash12,goldilocks,12,single,6,32768,13,370309466
xhash,XHash16,mersenne31,24,single,6,32768,13,301383342
xhash,XHash24,mersenne31,24,single,6,32768,13,363008855
reinforced_concrete,,bls12_381,3,single,7,131072,13,240177484
reinforced_concrete,,bn254,3,single,7,131072,13,240890957
skyscraper,,bls12_381,4,single,18,262144,13,286392984
skyscraper,,bn254,4,single,18,262144,13,277814215
monolith,,goldilocks,8,single,6,1048576,13,265571962
monolith,,goldilocks,12,single,6,524288,13,204144048
monolith,,mersenne31,16,single,6,524288,13,213591019
monolith,,mersenne31,24,single,6,262144,13,217811314
polocolo,,bls12_381,3,single,6,1024,13,261867710
polocolo,,bls12_381,4,single,5,1024,13,293239306
polocolo,,bn254,3,single,6,1024,13,234902387
polocolo,,bn254,4,single,5,1024,13,261763886
tip4p,,goldilocks,12,single,5,262144,13,331270595
plain,sha256_compress,-,-,single,-,8388608,13,211081169
plain,keccak_f1600,-,-,single,-,524288,13,203176180
plain,blake2b_compress,-,-,single,-,2097152,13,240180910
plain,blake3_compress,-,-,single,-,4194304,13,270169532
gmimc,,bls12_381,3,single,228,16384,14,258911457
gmimc,,bls12_381,4,single,231,16384,14,263757521
gmimc,,bn254,3,single,228,16384,14,251670327
gmimc,,bn254,4,single,231,16384,14,254627162
gmimc,,goldilocks,8,single,68,524288,14,336058090
gmimc,,goldilocks,12,single,93,262144,14,235001653
gmimc,,mersenne31,16,single,158,262144,14,266511347
gmimc,,mersenne31,24,single,335,131072,14,317714165
gmimc,,koalabear,16,single,158,262144,14,305325387
gmimc,,koalabear,24,single,335,131072,14,329667519
gmimc,,babybear,16,single,158,131072,14,245732774
gmimc,,babybear,24,single,335,65536,14,259232768
gmimc2,alpha=8,bls12_381,3,single,63,32768,14,213378993
gmimc2,alpha=8,bls12_381,4,single,64,32768,14,217302904
gmimc2,alpha=8,bn254,3,single,63,32768,14,209528619
gmimc2,alpha=8,bn254,4,single,64,32768,14,212793529
gmimc2,alpha=4,goldilocks,8,single,88,262144,14,293922252
gmimc2,alpha=4,goldilocks,12,single,96,262144,14,361596667
gmimc2,alpha=2,mersenne31,16,single,176,65536,14,201649076
gmimc2,alpha=2,mersenne31,24,single,264,32768,14,224722427
gmimc2,alpha=2,koalabear,16,single,176,131072,14,290152408
gmimc2,alpha=2,koalabear,24,single,264,65536,14,234420187
gmimc2,alpha=2,babybear,16,single,176,131072,14,289992659
gmimc2,alpha=2,babybear,24,single,264,65536,14,234560258
poseidon,,bls12_381,3,single,8+56,16384,14,254365193
poseidon,,bls12_381,4,single,8+56,16384,14,374919298
poseidon,,bn254,3,single,8+56,16384,14,245881662
poseidon,,bn254,4,single,8+56,16384,14,367207319
poseidon,,goldilocks,8,single,8+22,131072,14,333766578
poseidon,,goldilocks,12,single,8+22,65536,14,319331507
poseidon,,mersenne31,16,single,8+14,65536,14,323114976
poseidon,,mersenne31,24,single,8+22,16384,14,226427553
poseidon,,koalabear,16,single,8+20,32768,14,250876354
poseidon,,koalabear,24,single,8+23,16384,14,299083476
poseidon,,babybear,16,single,8+13,65536,14,402685188
poseidon,,babybear,24,single,8+21,16384,14,286522075
poseidon2,,bls12_381,3,single,8+56,65536,14,316167265
poseidon2,,bls12_381,4,single,8+56,32768,14,284295916
poseidon2,,bn254,3,single,8+56,65536,14,308885169
poseidon2,,bn254,4,single,8+56,32768,14,273747276
poseidon2,,goldilocks,8,single,8+22,524288,14,390533593
poseidon2,,goldilocks,12,single,8+22,262144,14,267917914
poseidon2,,mersenne31,16,single,8+14,262144,14,250787127
poseidon2,,mersenne31,24,single,8+22,131072,14,209413002
poseidon2,,koalabear,16,single,8+20,262144,14,286149730
poseidon2,,koalabear,24,single,8+23,131072,14,206098349
poseidon2,,babybear,16,single,8+13,262144,14,305612865
poseidon2,,babybear,24,single,8+21,131072,14,248435554
neptune,,bls12_381,4,single,6+69,32768,14,324595753
neptune,,bn254,4,single,6+69,32768,14,313476127
neptune,,goldilocks,8,single,6+38,262144,14,316170020
neptune,,goldilocks,12,single,6+42,131072,14,303024108
psquarehash,,mersenne31,16,single,52,262144,14,243332900
psquarehash,,mersenne31,24,single,52,262144,14,354202300
psquarehash,,koalabear,16,single,52,262144,14,308745648
psquarehash,,koalabear,24,single,52,131072,14,230949221
psquarehash,,babybear,16,single,52,262144,14,310815545
psquarehash,,babybear,24,single,52,131072,14,232017087
rescue_prime,,bls12_381,3,current,16,1024,14,343738460
rescue_prime,,bls12_381,3,original,14,1024,14,300517034
rescue_prime,,bls12_381,4,current,13,1024,14,373801460
rescue_prime,,bls12_381,4,original,11,1024,14,316318868
rescue_prime,,bn254,3,current,16,1024,14,337485166
rescue_prime,,bn254,3,original,14,1024,14,295248289
rescue_prime,,bn254,4,current,13,1024,14,366981126
rescue_prime,,bn254,4,original,11,1024,14,310411912
rescue_prime,,goldilocks,8,single,8,16384,14,252793115
rescue_prime,,goldilocks,12,single,8,16384,14,393827968
rescue_prime,,mersenne31,16,single,8,16384,14,327790772
rescue_prime,,mersenne31,24,single,8,8192,14,265129825
rescue_prime,,koalabear,16,single,8,8192,14,236793621
rescue_prime,,koalabear,24,single,8,8192,14,380342321
rescue_prime,,babybear,16,single,8,8192,14,237772059
rescue_prime,,babybear,24,single,8,8192,14,383904116
anemoi,,bls12_381,4,current,20,1024,14,287358698
anemoi,,bls12_381,4,original,14,1024,14,202644576
anemoi,,bn254,4,current,20,1024,14,282302060
anemoi,,bn254,4,original,14,2048,14,395210041
anemoi,,goldilocks,8,single,11,32768,14,346543280
anemoi,,goldilocks,12,single,10,16384,14,238024831
anemoi,,mersenne31,16,single,10,32768,14,340698990
anemoi,,mersenne31,24,single,9,16384,14,238980677
anemoi,,koalabear,16,single,10,16384,14,259854078
anemoi,,koalabear,24,single,9,16384,14,362829630
anemoi,,babybear,16,single,9,16384,14,234940830
anemoi,,babybear,24,single,9,16384,14,363569512
griffin,,bls12_381,3,current,20,2048,14,287638892
griffin,,bls12_381,3,original,14,2048,14,200824946
griffin,,bls12_381,4,current,20,2048,14,289577554
griffin,,bls12_381,4,original,11,4096,14,317873793
griffin,,bn254,3,current,20,2048,14,282214517
griffin,,bn254,3,original,14,4096,14,395219188
griffin,,bn254,4,current,20,2048,14,284202300
griffin,,bn254,4,original,11,4096,14,313049970
griffin,,goldilocks,8,single,8,131072,14,281940745
griffin,,goldilocks,12,single,8,131072,14,300226411
arion,,bls12_381,3,single,11,4096,14,341310914
arion,,bls12_381,4,single,10,4096,14,328972991
arion,,bn254,3,single,11,4096,14,332167400
arion,,bn254,4,single,10,4096,14,319805803
grendel,native,bls12_381,3,single,24,256,14,267933052
grendel,native,bn254,3,single,24,256,14,266508051
xhash,XHash8,goldilocks,12,single,6,32768,14,283314542
xhash,XHash12,goldilocks,12,single,6,32768,14,369895943
xhash,XHash16,mersenne31,24,single,6,32768,14,301121133
xhash,XHash24,mersenne31,24,single,6,32768,14,361472735
reinforced_concrete,,bls12_381,3,single,7,131072,14,241064701
reinforced_concrete,,bn254,3,single,7,131072,14,240173927
skyscraper,,bls12_381,4,single,18,262144,14,286666154
skyscraper,,bn254,4,single,18,262144,14,278867814
monolith,,goldilocks,8,single,6,1048576,14,266057889
monolith,,goldilocks,12,single,6,524288,14,202906245
monolith,,mersenne31,16,single,6,524288,14,213669615
monolith,,mersenne31,24,single,6,262144,14,216401529
polocolo,,bls12_381,3,single,6,1024,14,261207917
polocolo,,bls12_381,4,single,5,1024,14,290617406
polocolo,,bn254,3,single,6,1024,14,234561400
polocolo,,bn254,4,single,5,1024,14,261509822
tip4p,,goldilocks,12,single,5,262144,14,331380590
plain,sha256_compress,-,-,single,-,8388608,14,211089475
plain,keccak_f1600,-,-,single,-,524288,14,203186538
plain,blake2b_compress,-,-,single,-,2097152,14,240254718
plain,blake3_compress,-,-,single,-,4194304,14,268733348
gmimc,,bls12_381,3,single,228,16384,15,258861283
gmimc,,bls12_381,4,single,231,16384,15,265022545
gmimc,,bn254,3,single,228,16384,15,250724279
gmimc,,bn254,4,single,231,16384,15,255316579
gmimc,,goldilocks,8,single,68,524288,15,336004188
gmimc,,goldilocks,12,single,93,262144,15,235092844
gmimc,,mersenne31,16,single,158,262144,15,272231243
gmimc,,mersenne31,24,single,335,131072,15,322249178
gmimc,,koalabear,16,single,158,262144,15,305963420
gmimc,,koalabear,24,single,335,131072,15,332494691
gmimc,,babybear,16,single,158,131072,15,245858678
gmimc,,babybear,24,single,335,65536,15,259065324
gmimc2,alpha=8,bls12_381,3,single,63,32768,15,212712798
gmimc2,alpha=8,bls12_381,4,single,64,32768,15,217145219
gmimc2,alpha=8,bn254,3,single,63,32768,15,209640718
gmimc2,alpha=8,bn254,4,single,64,32768,15,213477246
gmimc2,alpha=4,goldilocks,8,single,88,262144,15,293724121
gmimc2,alpha=4,goldilocks,12,single,96,262144,15,361700100
gmimc2,alpha=2,mersenne31,16,single,176,65536,15,201714058
gmimc2,alpha=2,mersenne31,24,single,264,32768,15,225669576
gmimc2,alpha=2,koalabear,16,single,176,131072,15,290011414
gmimc2,alpha=2,koalabear,24,single,264,65536,15,234812439
gmimc2,alpha=2,babybear,16,single,176,131072,15,290320292
gmimc2,alpha=2,babybear,24,single,264,65536,15,232902742
poseidon,,bls12_381,3,single,8+56,16384,15,254319016
poseidon,,bls12_381,4,single,8+56,16384,15,375386581
poseidon,,bn254,3,single,8+56,16384,15,245557596
poseidon,,bn254,4,single,8+56,16384,15,366898602
poseidon,,goldilocks,8,single,8+22,131072,15,333946574
poseidon,,goldilocks,12,single,8+22,65536,15,319720624
poseidon,,mersenne31,16,single,8+14,65536,15,318359481
poseidon,,mersenne31,24,single,8+22,16384,15,226114938
poseidon,,koalabear,16,single,8+20,32768,15,252390633
poseidon,,koalabear,24,single,8+23,16384,15,299047888
poseidon,,babybear,16,single,8+13,65536,15,401728700
poseidon,,babybear,24,single,8+21,16384,15,286747606
poseidon2,,bls12_381,3,single,8+56,65536,15,315924712
poseidon2,,bls12_381,4,single,8+56,32768,15,284397014
poseidon2,,bn254,3,single,8+56,65536,15,308950591
poseidon2,,bn254,4,single,8+56,32768,15,273728871
poseidon2,,goldilocks,8,single,8+22,524288,15,390211531
poseidon2,,goldilocks,12,single,8+22,262144,15,267676363
poseidon2,,mersenne31,16,single,8+14,262144,15,250692139
poseidon2,,mersenne31,24,single,8+22,131072,15,209974262
poseidon2,,koalabear,16,single,8+20,262144,15,286558273
poseidon2,,koalabear,24,single,8+23,131072,15,206248149
poseidon2,,babybear,16,single,8+13,262144,15,306187178
poseidon2,,babybear,24,single,8+21,131072,15,247827608
neptune,,bls12_381,4,single,6+69,32768,15,324977446
neptune,,bn254,4,single,6+69,32768,15,314211150
neptune,,goldilocks,8,single,6+38,262144,15,316069071
neptune,,goldilocks,12,single,6+42,131072,15,303781673
psquarehash,,mersenne31,16,single,52,262144,15,243338210
psquarehash,,mersenne31,24,single,52,262144,15,354296847
psquarehash,,koalabear,16,single,52,262144,15,311417490
psquarehash,,koalabear,24,single,52,131072,15,230627449
psquarehash,,babybear,16,single,52,262144,15,308947245
psquarehash,,babybear,24,single,52,131072,15,230465507
rescue_prime,,bls12_381,3,current,16,1024,15,343489664
rescue_prime,,bls12_381,3,original,14,1024,15,300498529
rescue_prime,,bls12_381,4,current,13,1024,15,373806780
rescue_prime,,bls12_381,4,original,11,1024,15,316226695
rescue_prime,,bn254,3,current,16,1024,15,337503680
rescue_prime,,bn254,3,original,14,1024,15,295138524
rescue_prime,,bn254,4,current,13,1024,15,366877393
rescue_prime,,bn254,4,original,11,1024,15,310455433
rescue_prime,,goldilocks,8,single,8,16384,15,252886970
rescue_prime,,goldilocks,12,single,8,16384,15,394596955
rescue_prime,,mersenne31,16,single,8,16384,15,328301707
rescue_prime,,mersenne31,24,single,8,8192,15,264969125
rescue_prime,,koalabear,16,single,8,8192,15,236955383
rescue_prime,,koalabear,24,single,8,8192,15,381530260
rescue_prime,,babybear,16,single,8,8192,15,237565363
rescue_prime,,babybear,24,single,8,8192,15,382878479
anemoi,,bls12_381,4,current,20,1024,15,287452363
anemoi,,bls12_381,4,original,14,1024,15,202377296
anemoi,,bn254,4,current,20,1024,15,282394373
anemoi,,bn254,4,original,14,2048,15,395318082
anemoi,,goldilocks,8,single,11,32768,15,350341096
anemoi,,goldilocks,12,single,10,16384,15,238398830
anemoi,,mersenne31,16,single,10,32768,15,341289864
anemoi,,mersenne31,24,single,9,16384,15,239143922
anemoi,,koalabear,16,single,10,16384,15,259812149
anemoi,,koalabear,24,single,9,16384,15,362893128
anemoi,,babybear,16,single,9,16384,15,235003467
anemoi,,babybear,24,single,9,16384,15,363854545
griffin,,bls12_381,3,current,20,2048,15,286854836
griffin,,bls12_381,3,original,14,2048,15,200786835
griffin,,bls12_381,4,current,20,2048,15,288994204
griffin,,bls12_381,4,original,11,4096,15,318016119
griffin,,bn254,3,current,20,2048,15,282279077
griffin,,bn254,3,original,14,4096,15,395292023
griffin,,bn254,4,current,20,2048,15,284334558
griffin,,bn254,4,original,11,4096,15,313103910
griffin,,goldilocks,8,single,8,131072,15,281820511
griffin,,goldilocks,12,single,8,131072,15,300707840
arion,,bls12_381,3,single,11,4096,15,344216222
arion,,bls12_381,4,single,10,4096,15,329219111
arion,,bn254,3,single,11,4096,15,332189681
arion,,bn254,4,single,10,4096,15,319868960
grendel,native,bls12_381,3,single,24,256,15,269409741
grendel,native,bn254,3,single,24,256,15,267482831
xhash,XHash8,goldilocks,12,single,6,32768,15,283546124
xhash,XHash12,goldilocks,12,single,6,32768,15,369785716
xhash,XHash16,mersenne31,24,single,6,32768,15,301167999
xhash,XHash24,mersenne31,24,single,6,32768,15,362950786
reinforced_concrete,,bls12_381,3,single,7,131072,15,240461795
reinforced_concrete,,bn254,3,single,7,131072,15,240373710
skyscraper,,bls12_381,4,single,18,262144,15,286648771
skyscraper,,bn254,4,single,18,262144,15,278721520
monolith,,goldilocks,8,single,6,1048576,15,265407083
monolith,,goldilocks,12,single,6,524288,15,203458727
monolith,,mersenne31,16,single,6,524288,15,213222841
monolith,,mersenne31,24,single,6,262144,15,216864846
polocolo,,bls12_381,3,single,6,1024,15,261316560
polocolo,,bls12_381,4,single,5,1024,15,290674584
polocolo,,bn254,3,single,6,1024,15,234743150
polocolo,,bn254,4,single,5,1024,15,261649623
tip4p,,goldilocks,12,single,5,262144,15,331223786
plain,sha256_compress,-,-,single,-,8388608,15,211191786
plain,keccak_f1600,-,-,single,-,524288,15,203210603
plain,blake2b_compress,-,-,single,-,2097152,15,240722602
plain,blake3_compress,-,-,single,-,4194304,15,270327026
gmimc,,bls12_381,3,single,228,16384,16,258897861
gmimc,,bls12_381,4,single,231,16384,16,263630694
gmimc,,bn254,3,single,228,16384,16,250483369
gmimc,,bn254,4,single,231,16384,16,254090288
gmimc,,goldilocks,8,single,68,524288,16,336079309
gmimc,,goldilocks,12,single,93,262144,16,235147916
gmimc,,mersenne31,16,single,158,262144,16,267477080
gmimc,,mersenne31,24,single,335,131072,16,315765534
gmimc,,koalabear,16,single,158,262144,16,305831032
gmimc,,koalabear,24,single,335,131072,16,332907232
gmimc,,babybear,16,single,158,131072,16,245723787
gmimc,,babybear,24,single,335,65536,16,259143139
gmimc2,alpha=8,bls12_381,3,single,63,32768,16,212921718
gmimc2,alpha=8,bls12_381,4,single,64,32768,16,217731375
gmimc2,alpha=8,bn254,3,single,63,32768,16,210064710
gmimc2,alpha=8,bn254,4,single,64,32768,16,212477509
gmimc2,alpha=4,goldilocks,8,single,88,262144,16,293711488
gmimc2,alpha=4,goldilocks,12,single,96,262144,16,361069350
gmimc2,alpha=2,mersenne31,16,single,176,65536,16,201707455
gmimc2,alpha=2,mersenne31,24,single,264,32768,16,224050992
gmimc2,alpha=2,koalabear,16,single,176,131072,16,290657532
gmimc2,alpha=2,koalabear,24,single,264,65536,16,234777133
gmimc2,alpha=2,babybear,16,single,176,131072,16,291099958
gmimc2,alpha=2,babybear,24,single,264,65536,16,233430627
poseidon,,bls12_381,3,single,8+56,16384,16,254454669
poseidon,,bls12_381,4,single,8+56,16384,16,374801598
poseidon,,bn254,3,single,8+56,16384,16,245593863
poseidon,,bn254,4,single,8+56,16384,16,367051778
poseidon,,goldilocks,8,single,8+22,131072,16,333760826
poseidon,,goldilocks,12,single,8+22,65536,16,319075759
poseidon,,mersenne31,16,single,8+14,65536,16,319638169
poseidon,,mersenne31,24,single,8+22,16384,16,226100983
poseidon,,koalabear,16,single,8+20,32768,16,253360104
poseidon,,koalabear,24,single,8+23,16384,16,299427377
poseidon,,babybear,16,single,8+13,65536,16,401565244
poseidon,,babybear,24,single,8+21,16384,16,286260326
poseidon2,,bls12_381,3,single,8+56,65536,16,316002667
poseidon2,,bls12_381,4,single,8+56,32768,16,284028555
poseidon2,,bn254,3,single,8+56,65536,16,309307527
poseidon2,,bn254,4,single,8+56,32768,16,273691622
poseidon2,,goldilocks,8,single,8+22,524288,16,390422845
poseidon2,,goldilocks,12,single,8+22,262144,16,267754649
poseidon2,,mersenne31,16,single,8+14,262144,16,250474592
poseidon2,,mersenne31,24,single,8+22,131072,16,209955266
poseidon2,,koalabear,16,single,8+20,262144,16,284156515
poseidon2,,koalabear,24,single,8+23,131072,16,208098917
poseidon2,,babybear,16,single,8+13,262144,16,305759788
poseidon2,,babybear,24,single,8+21,131072,16,247789536
neptune,,bls12_381,4,single,6+69,32768,16,324867941
neptune,,bn254,4,single,6+69,32768,16,313307361
neptune,,goldilocks,8,single,6+38,262144,16,315850092
neptune,,goldilocks,12,single,6+42,131072,16,302802594
psquarehash,,mersenne31,16,single,52,262144,16,243455397
psquarehash,,mersenne31,24,single,52,262144,16,354186841
psquarehash,,koalabear,16,single,52,262144,16,310886097
psquarehash,,koalabear,24,single,52,131072,16,230030965
psquarehash,,babybear,16,single,52,262144,16,310881218
psquarehash,,babybear,24,single,52,131072,16,230554563
rescue_prime,,bls12_381,3,current,16,1024,16,343623003
rescue_prime,,bls12_381,3,original,14,1024,16,300442975
rescue_prime,,bls12_381,4,current,13,1024,16,373716621
rescue_prime,,bls12_381,4,original,11,1024,16,316226204
rescue_prime,,bn254,3,current,16,1024,16,337413772
rescue_prime,,bn254,3,original,14,1024,16,295155144
rescue_prime,,bn254,4,current,13,1024,16,367014258
rescue_prime,,bn254,4,original,11,1024,16,310478515
rescue_prime,,goldilocks,8,single,8,16384,16,252687217
rescue_prime,,goldilocks,12,single,8,16384,16,394671945
rescue_prime,,mersenne31,16,single,8,16384,16,328811249
rescue_prime,,mersenne31,24,single,8,8192,16,265012976
rescue_prime,,koalabear,16,single,8,8192,16,236733168
rescue_prime,,koalabear,24,single,8,8192,16,381339284
rescue_prime,,babybear,16,single,8,8192,16,236753025
rescue_prime,,babybear,24,single,8,8192,16,383132964
anemoi,,bls12_381,4,current,20,1024,16,288441922
anemoi,,bls12_381,4,original,14,1024,16,201278243
anemoi,,bn254,4,current,20,1024,16,282294065
anemoi,,bn254,4,original,14,2048,16,395114451
anemoi,,goldilocks,8,single,11,32768,16,346880590
anemoi,,goldilocks,12,single,10,16384,16,238087178
anemoi,,mersenne31,16,single,10,32768,16,341390672
anemoi,,mersenne31,24,single,9,16384,16,239485831
anemoi,,koalabear,16,single,10,16384,16,260078697
anemoi,,koalabear,24,single,9,16384,16,362881616
anemoi,,babybear,16,single,9,16384,16,235125403
anemoi,,babybear,24,single,9,16384,16,363636958
griffin,,bls12_381,3,current,20,2048,16,288331065
griffin,,bls12_381,3,original,14,2048,16,200772979
griffin,,bls12_381,4,current,20,2048,16,289519735
griffin,,bls12_381,4,original,11,4096,16,317825873
griffin,,bn254,3,current,20,2048,16,282212883
griffin,,bn254,3,original,14,4096,16,395115002
griffin,,bn254,4,current,20,2048,16,284184947
griffin,,bn254,4,original,11,4096,16,313039661
griffin,,goldilocks,8,single,8,131072,16,281981220
griffin,,goldilocks,12,single,8,131072,16,300692471
arion,,bls12_381,3,single,11,4096,16,341413495
arion,,bls12_381,4,single,10,4096,16,330750061
arion,,bn254,3,single,11,4096,16,332297733
arion,,bn254,4,single,10,4096,16,319873289
grendel,native,bls12_381,3,single,24,256,16,267970261
grendel,native,bn254,3,single,24,256,16,266250278
xhash,XHash8,goldilocks,12,single,6,32768,16,283403327
xhash,XHash12,goldilocks,12,single,6,32768,16,369923043
xhash,XHash16,mersenne31,24,single,6,32768,16,301163661
xhash,XHash24,mersenne31,24,single,6,32768,16,363673927
reinforced_concrete,,bls12_381,3,single,7,131072,16,240294663
reinforced_concrete,,bn254,3,single,7,131072,16,240933686
skyscraper,,bls12_381,4,single,18,262144,16,286793432
skyscraper,,bn254,4,single,18,262144,16,278524692
monolith,,goldilocks,8,single,6,1048576,16,265123814
monolith,,goldilocks,12,single,6,524288,16,203500134
monolith,,mersenne31,16,single,6,524288,16,213715240
monolith,,mersenne31,24,single,6,262144,16,217219498
polocolo,,bls12_381,3,single,6,1024,16,261336006
polocolo,,bls12_381,4,single,5,1024,16,291179176
polocolo,,bn254,3,single,6,1024,16,234762415
polocolo,,bn254,4,single,5,1024,16,261608124
tip4p,,goldilocks,12,single,5,262144,16,331190204
plain,sha256_compress,-,-,single,-,8388608,16,211146301
plain,keccak_f1600,-,-,single,-,524288,16,203348591
plain,blake2b_compress,-,-,single,-,2097152,16,240931702
plain,blake3_compress,-,-,single,-,4194304,16,268647096
gmimc,,bls12_381,3,single,228,16384,17,259084700
gmimc,,bls12_381,4,single,231,16384,17,263681098
gmimc,,bn254,3,single,228,16384,17,250433646
gmimc,,bn254,4,single,231,16384,17,253619749
gmimc,,goldilocks,8,single,68,524288,17,335998497
gmimc,,goldilocks,12,single,93,262144,17,234632052
gmimc,,mersenne31,16,single,158,262144,17,266172242
gmimc,,mersenne31,24,single,335,131072,17,326592503
gmimc,,koalabear,16,single,158,262144,17,305499141
gmimc,,koalabear,24,single,335,131072,17,335808562
gmimc,,babybear,16,single,158,131072,17,245668824
gmimc,,babybear,24,single,335,65536,17,259202409
gmimc2,alpha=8,bls12_381,3,single,63,32768,17,213432953
gmimc2,alpha=8,bls12_381,4,single,64,32768,17,217356864
gmimc2,alpha=8,bn254,3,single,63,32768,17,210020036
gmimc2,alpha=8,bn254,4,single,64,32768,17,213031453
gmimc2,alpha=4,goldilocks,8,single,88,262144,17,293677634
gmimc2,alpha=4,goldilocks,12,single,96,262144,17,361421639
gmimc2,alpha=2,mersenne31,16,single,176,65536,17,201550993
gmimc2,alpha=2,mersenne31,24,single,264,32768,17,224683914
gmimc2,alpha=2,koalabear,16,single,176,131072,17,290127631
gmimc2,alpha=2,koalabear,24,single,264,65536,17,234307936
gmimc2,alpha=2,babybear,16,single,176,131072,17,290086345
gmimc2,alpha=2,babybear,24,single,264,65536,17,234135544
poseidon,,bls12_381,3,single,8+56,16384,17,254193811
poseidon,,bls12_381,4,single,8+56,16384,17,375110916
poseidon,,bn254,3,single,8+56,16384,17,246299812
poseidon,,bn254,4,single,8+56,16384,17,367283190
poseidon,,goldilocks,8,single,8+22,131072,17,334408948
poseidon,,goldilocks,12,single,8+22,65536,17,319743035
poseidon,,mersenne31,16,single,8+14,65536,17,320710503
poseidon,,mersenne31,24,single,8+22,16384,17,226210787
poseidon,,koalabear,16,single,8+20,32768,17,250994263
poseidon,,koalabear,24,single,8+23,16384,17,299390839
poseidon,,babybear,16,single,8+13,65536,17,401018031
poseidon,,babybear,24,single,8+21,16384,17,286801396
poseidon2,,bls12_381,3,single,8+56,65536,17,315991766
poseidon2,,bls12_381,4,single,8+56,32768,17,284164870
poseidon2,,bn254,3,single,8+56,65536,17,309066517
poseidon2,,bn254,4,single,8+56,32768,17,273786990
poseidon2,,goldilocks,8,single,8+22,524288,17,390717485
poseidon2,,goldilocks,12,single,8+22,262144,17,267715486
poseidon2,,mersenne31,16,single,8+14,262144,17,251224192
poseidon2,,mersenne31,24,single,8+22,131072,17,210319355
poseidon2,,koalabear,16,single,8+20,262144,17,284969544
poseidon2,,koalabear,24,single,8+23,131072,17,206729548
poseidon2,,babybear,16,single,8+13,262144,17,306036135
poseidon2,,babybear,24,single,8+21,131072,17,248386130
neptune,,bls12_381,4,single,6+69,32768,17,325730001
neptune,,bn254,4,single,6+69,32768,17,314044909
neptune,,goldilocks,8,single,6+38,262144,17,315791852
neptune,,goldilocks,12,single,6+42,131072,17,303232988
psquarehash,,mersenne31,16,single,52,262144,17,243353418
psquarehash,,mersenne31,24,single,52,262144,17,354423052
psquarehash,,koalabear,16,single,52,262144,17,311398244
psquarehash,,koalabear,24,single,52,131072,17,231004975
psquarehash,,babybear,16,single,52,262144,17,310435244
psquarehash,,babybear,24,single,52,131072,17,231409360
rescue_prime,,bls12_381,3,current,16,1024,17,346397146
rescue_prime,,bls12_381,3,original,14,1024,17,303004090
rescue_prime,,bls12_381,4,current,13,1024,17,376838654
rescue_prime,,bls12_381,4,original,11,1024,17,317305030
rescue_prime,,bn254,3,current,16,1024,17,337554053
rescue_prime,,bn254,3,original,14,1024,17,295157469
rescue_prime,,bn254,4,current,13,1024,17,366872813
rescue_prime,,bn254,4,original,11,1024,17,310428581
rescue_prime,,goldilocks,8,single,8,16384,17,252618528
rescue_prime,,goldilocks,12,single,8,16384,17,393652770
rescue_prime,,mersenne31,16,single,8,16384,17,329175168
rescue_prime,,mersenne31,24,single,8,8192,17,264840163
rescue_prime,,koalabear,16,single,8,8192,17,235554295
rescue_prime,,koalabear,24,single,8,8192,17,380849648
rescue_prime,,babybear,16,single,8,8192,17,237736772
rescue_prime,,babybear,24,single,8,8192,17,383565252
anemoi,,bls12_381,4,current,20,1024,17,287465868
anemoi,,bls12_381,4,original,14,1024,17,201335760
anemoi,,bn254,4,current,20,1024,17,282376889
anemoi,,bn254,4,original,14,2048,17,395324443
anemoi,,goldilocks,8,single,11,32768,17,348358972
anemoi,,goldilocks,12,single,10,16384,17,238071538
anemoi,,mersenne31,16,single,10,32768,17,338989125
anemoi,,mersenne31,24,single,9,16384,17,239208282
anemoi,,koalabear,16,single,10,16384,17,258871451
anemoi,,koalabear,24,single,9,16384,17,363177699
anemoi,,babybear,16,single,9,16384,17,234034826
anemoi,,babybear,24,single,9,16384,17,363757192
griffin,,bls12_381,3,current,20,2048,17,286781750
griffin,,bls12_381,3,original,14,2048,17,200755306
griffin,,bls12_381,4,current,20,2048,17,288923671
griffin,,bls12_381,4,original,11,4096,17,317873772
griffin,,bn254,3,current,20,2048,17,282250273
griffin,,bn254,3,original,14,4096,17,395173991
griffin,,bn254,4,current,20,2048,17,284137709
griffin,,bn254,4,original,11,4096,17,313019182
griffin,,goldilocks,8,single,8,131072,17,281796765
griffin,,goldilocks,12,single,8,131072,17,300237030
arion,,bls12_381,3,single,11,4096,17,341473336
arion,,bls12_381,4,single,10,4096,17,331702049
arion,,bn254,3,single,11,4096,17,332204298
arion,,bn254,4,single,10,4096,17,319722927
grendel,native,bls12_381,3,single,24,256,17,268046464
grendel,native,bn254,3,single,24,256,17,266625499
xhash,XHash8,goldilocks,12,single,6,32768,17,284134974
xhash,XHash12,goldilocks,12,single,6,32768,17,370137192
xhash,XHash16,mersenne31,24,single,6,32768,17,301212181
xhash,XHash24,mersenne31,24,single,6,32768,17,363018982
reinforced_concrete,,bls12_381,3,single,7,131072,17,240244088
reinforced_concrete,,bn254,3,single,7,131072,17,240193333
skyscraper,,bls12_381,4,single,18,262144,17,286754098
skyscraper,,bn254,4,single,18,262144,17,278745845
monolith,,goldilocks,8,single,6,1048576,17,265894854
monolith,,goldilocks,12,single,6,524288,17,204839476
monolith,,mersenne31,16,single,6,524288,17,214546363
monolith,,mersenne31,24,single,6,262144,17,216497870
polocolo,,bls12_381,3,single,6,1024,17,261331868
polocolo,,bls12_381,4,single,5,1024,17,290667871
polocolo,,bn254,3,single,6,1024,17,234665565
polocolo,,bn254,4,single,5,1024,17,261606662
tip4p,,goldilocks,12,single,5,262144,17,331209980
plain,sha256_compress,-,-,single,-,8388608,17,211104513
plain,keccak_f1600,-,-,single,-,524288,17,203191698
plain,blake2b_compress,-,-,single,-,2097152,17,240058831
plain,blake3_compress,-,-,single,-,4194304,17,267935957
gmimc,,bls12_381,3,single,228,16384,18,258996374
gmimc,,bls12_381,4,single,231,16384,18,264744905
gmimc,,bn254,3,single,228,16384,18,249757753
gmimc,,bn254,4,single,231,16384,18,254753968
gmimc,,goldilocks,8,single,68,524288,18,336099065
gmimc,,goldilocks,12,single,93,262144,18,234728071
gmimc,,mersenne31,16,single,158,262144,18,266985481
gmimc,,mersenne31,24,single,335,131072,18,316070583
gmimc,,koalabear,16,single,158,262144,18,305436695
gmimc,,koalabear,24,single,335,131072,18,333978643
gmimc,,babybear,16,single,158,131072,18,245748792
gmimc,,babybear,24,single,335,65536,18,259016302
gmimc2,alpha=8,bls12_381,3,single,63,32768,18,212554292
gmimc2,alpha=8,bls12_381,4,single,64,32768,18,217759486
gmimc2,alpha=8,bn254,3,single,63,32768,18,209672728
gmimc2,alpha=8,bn254,4,single,64,32768,18,212921678
gmimc2,alpha=4,goldilocks,8,single,88,262144,18,293830109
gmimc2,alpha=4,goldilocks,12,single,96,262144,18,364091256
gmimc2,alpha=2,mersenne31,16,single,176,65536,18,201568485
gmimc2,alpha=2,mersenne31,24,single,264,32768,18,224674527
gmimc2,alpha=2,koalabear,16,single,176,131072,18,290063210
gmimc2,alpha=2,koalabear,24,single,264,65536,18,234518340
gmimc2,alpha=2,babybear,16,single,176,131072,18,290136007
gmimc2,alpha=2,babybear,24,single,264,65536,18,233502973
poseidon,,bls12_381,3,single,8+56,16384,18,254382634
poseidon,,bls12_381,4,single,8+56,16384,18,375416837
poseidon,,bn254,3,single,8+56,16384,18,245363122
poseidon,,bn254,4,single,8+56,16384,18,367622464
poseidon,,goldilocks,8,single,8+22,131072,18,334318468
poseidon,,goldilocks,12,single,8+22,65536,18,319767020
poseidon,,mersenne31,16,single,8+14,65536,18,329705278
poseidon,,mersenne31,24,single,8+22,16384,18,225490241
poseidon,,koalabear,16,single,8+20,32768,18,249941196
poseidon,,koalabear,24,single,8+23,16384,18,299217444
poseidon,,babybear,16,single,8+13,65536,18,400434871
poseidon,,babybear,24,single,8+21,16384,18,286754508
poseidon2,,bls12_381,3,single,8+56,65536,18,316110598
poseidon2,,bls12_381,4,single,8+56,32768,18,284394729
poseidon2,,bn254,3,single,8+56,65536,18,309164509
poseidon2,,bn254,4,single,8+56,32768,18,273743889
poseidon2,,goldilocks,8,single,8+22,524288,18,390954127
poseidon2,,goldilocks,12,single,8+22,262144,18,267858873
poseidon2,,mersenne31,16,single,8+14,262144,18,250285028
poseidon2,,mersenne31,24,single,8+22,131072,18,209803081
poseidon2,,koalabear,16,single,8+20,262144,18,283515045
poseidon2,,koalabear,24,single,8+23,131072,18,206909915
poseidon2,,babybear,16,single,8+13,262144,18,305779976
poseidon2,,babybear,24,single,8+21,131072,18,248736825
neptune,,bls12_381,4,single,6+69,32768,18,325695827
neptune,,bn254,4,single,6+69,32768,18,313857769
neptune,,goldilocks,8,single,6+38,262144,18,318124360
neptune,,goldilocks,12,single,6+42,131072,18,303627104
psquarehash,,mersenne31,16,single,52,262144,18,243371550
psquarehash,,mersenne31,24,single,52,262144,18,354331701
psquarehash,,koalabear,16,single,52,262144,18,312869692
psquarehash,,koalabear,24,single,52,131072,18,230920678
psquarehash,,babybear,16,single,52,262144,18,310861902
psquarehash,,babybear,24,single,52,131072,18,232213954
rescue_prime,,bls12_381,3,current,16,1024,18,343668608
rescue_prime,,bls12_381,3,original,14,1024,18,300518275
rescue_prime,,bls12_381,4,current,13,1024,18,373759981
rescue_prime,,bls12_381,4,original,11,1024,18,316305051
rescue_prime,,bn254,3,current,16,1024,18,337360271
rescue_prime,,bn254,3,original,14,1024,18,295044878
rescue_prime,,bn254,4,current,13,1024,18,366890336
rescue_prime,,bn254,4,original,11,1024,18,310444952
rescue_prime,,goldilocks,8,single,8,16384,18,252570158
rescue_prime,,goldilocks,12,single,8,16384,18,394192988
rescue_prime,,mersenne31,16,single,8,16384,18,328062519
rescue_prime,,mersenne31,24,single,8,8192,18,264944398
rescue_prime,,koalabear,16,single,8,8192,18,236525550
rescue_prime,,koalabear,24,single,8,8192,18,380760972
rescue_prime,,babybear,16,single,8,8192,18,237922910
rescue_prime,,babybear,24,single,8,8192,18,383083001
anemoi,,bls12_381,4,current,20,1024,18,288092318
anemoi,,bls12_381,4,original,14,1024,18,201243268
anemoi,,bn254,4,current,20,1024,18,282341303
anemoi,,bn254,4,original,14,2048,18,395290049
anemoi,,goldilocks,8,single,11,32768,18,346431320
anemoi,,goldilocks,12,single,10,16384,18,238026714
anemoi,,mersenne31,16,single,10,32768,18,340003369
anemoi,,mersenne31,24,single,9,16384,18,239750485
anemoi,,koalabear,16,single,10,16384,18,258847396
anemoi,,koalabear,24,single,9,16384,18,362325526
anemoi,,babybear,16,single,9,16384,18,233764641
anemoi,,babybear,24,single,9,16384,18,363364538
griffin,,bls12_381,3,current,20,2048,18,289401714
griffin,,bls12_381,3,original,14,2048,18,202584323
griffin,,bls12_381,4,current,20,2048,18,289019700
griffin,,bls12_381,4,original,11,4096,18,318168363
griffin,,bn254,3,current,20,2048,18,282167587
griffin,,bn254,3,original,14,4096,18,395137984
griffin,,bn254,4,current,20,2048,18,284219402
griffin,,bn254,4,original,11,4096,18,313013261
griffin,,goldilocks,8,single,8,131072,18,281960360
griffin,,goldilocks,12,single,8,131072,18,300587615
arion,,bls12_381,3,single,11,4096,18,341276539
arion,,bls12_381,4,single,10,4096,18,329089678
arion,,bn254,3,single,11,4096,18,332091717
arion,,bn254,4,single,10,4096,18,319736853
grendel,native,bls12_381,3,single,24,256,18,268059838
grendel,native,bn254,3,single,24,256,18,267027720
xhash,XHash8,goldilocks,12,single,6,32768,18,283171974
xhash,XHash12,goldilocks,12,single,6,32768,18,369705927
xhash,XHash16,mersenne31,24,single,6,32768,18,301163361
xhash,XHash24,mersenne31,24,single,6,32768,18,362352087
reinforced_concrete,,bls12_381,3,single,7,131072,18,239804446
reinforced_concrete,,bn254,3,single,7,131072,18,240652951
skyscraper,,bls12_381,4,single,18,262144,18,286998494
skyscraper,,bn254,4,single,18,262144,18,279588028
monolith,,goldilocks,8,single,6,1048576,18,265404147
monolith,,goldilocks,12,single,6,524288,18,204044592
monolith,,mersenne31,16,single,6,524288,18,214213722
monolith,,mersenne31,24,single,6,262144,18,217082451
polocolo,,bls12_381,3,single,6,1024,18,264662030
polocolo,,bls12_381,4,single,5,1024,18,297572692
polocolo,,bn254,3,single,6,1024,18,236993313
polocolo,,bn254,4,single,5,1024,18,262799220
tip4p,,goldilocks,12,single,5,262144,18,332763752
plain,sha256_compress,-,-,single,-,8388608,18,213291829
plain,keccak_f1600,-,-,single,-,524288,18,203499663
plain,blake2b_compress,-,-,single,-,2097152,18,239935481
plain,blake3_compress,-,-,single,-,4194304,18,270004101
gmimc,,bls12_381,3,single,228,16384,19,260950234
gmimc,,bls12_381,4,single,231,16384,19,267675992
gmimc,,bn254,3,single,228,16384,19,254900641
gmimc,,bn254,4,single,231,16384,19,255385537
gmimc,,goldilocks,8,single,68,524288,19,337023482
gmimc,,goldilocks,12,single,93,262144,19,235305069
gmimc,,mersenne31,16,single,158,262144,19,266627953
gmimc,,mersenne31,24,single,335,131072,19,317402972
gmimc,,koalabear,16,single,158,262144,19,305609838
gmimc,,koalabear,24,single,335,131072,19,329391332
gmimc,,babybear,16,single,158,131072,19,245939840
gmimc,,babybear,24,single,335,65536,19,259315501
gmimc2,alpha=8,bls12_381,3,single,63,32768,19,212976830
gmimc2,alpha=8,bls12_381,4,single,64,32768,19,216697453
gmimc2,alpha=8,bn254,3,single,63,32768,19,209800976
gmimc2,alpha=8,bn254,4,single,64,32768,19,212368845
gmimc2,alpha=4,goldilocks,8,single,88,262144,19,294047955
gmimc2,alpha=4,goldilocks,12,single,96,262144,19,361068087
gmimc2,alpha=2,mersenne31,16,single,176,65536,19,201581750
gmimc2,alpha=2,mersenne31,24,single,264,32768,19,224669227
gmimc2,alpha=2,koalabear,16,single,176,131072,19,290435486
gmimc2,alpha=2,koalabear,24,single,264,65536,19,233953624
gmimc2,alpha=2,babybear,16,single,176,131072,19,290354294
gmimc2,alpha=2,babybear,24,single,264,65536,19,234255658
poseidon,,bls12_381,3,single,8+56,16384,19,254548113
poseidon,,bls12_381,4,single,8+56,16384,19,375112418
poseidon,,bn254,3,single,8+56,16384,19,246280175
poseidon,,bn254,4,single,8+56,16384,19,367038933
poseidon,,goldilocks,8,single,8+22,131072,19,333676358
poseidon,,goldilocks,12,single,8+22,65536,19,319338328
poseidon,,mersenne31,16,single,8+14,65536,19,322954064
poseidon,,mersenne31,24,single,8+22,16384,19,225486484
poseidon,,koalabear,16,single,8+20,32768,19,253375613
poseidon,,koalabear,24,single,8+23,16384,19,299387422
poseidon,,babybear,16,single,8+13,65536,19,401831430
poseidon,,babybear,24,single,8+21,16384,19,286988456
poseidon2,,bls12_381,3,single,8+56,65536,19,316092113
poseidon2,,bls12_381,4,single,8+56,32768,19,284093997
poseidon2,,bn254,3,single,8+56,65536,19,309192291
poseidon2,,bn254,4,single,8+56,32768,19,274047376
poseidon2,,goldilocks,8,single,8+22,524288,19,390666349
poseidon2,,goldilocks,12,single,8+22,262144,19,267919487
poseidon2,,mersenne31,16,single,8+14,262144,19,250909825
poseidon2,,mersenne31,24,single,8+22,131072,19,209637151
poseidon2,,koalabear,16,single,8+20,262144,19,283708867
poseidon2,,koalabear,24,single,8+23,131072,19,207247776
poseidon2,,babybear,16,single,8+13,262144,19,306603384
poseidon2,,babybear,24,single,8+21,131072,19,248256949
neptune,,bls12_381,4,single,6+69,32768,19,325665400
neptune,,bn254,4,single,6+69,32768,19,314270791
neptune,,goldilocks,8,single,6+38,262144,19,316047169
neptune,,goldilocks,12,single,6+42,131072,19,303623547
psquarehash,,mersenne31,16,single,52,262144,19,242643640
psquarehash,,mersenne31,24,single,52,262144,19,354567842
psquarehash,,koalabear,16,single,52,262144,19,311670241
psquarehash,,koalabear,24,single,52,131072,19,230953188
psquarehash,,babybear,16,single,52,262144,19,310785719
psquarehash,,babybear,24,single,52,131072,19,232277652
rescue_prime,,bls12_381,3,current,16,1024,19,343834297
rescue_prime,,bls12_381,3,original,14,1024,19,300748605
rescue_prime,,bls12_381,4,current,13,1024,19,374081752
rescue_prime,,bls12_381,4,original,11,1024,19,316472253
rescue_prime,,bn254,3,current,16,1024,19,337549795
rescue_prime,,bn254,3,original,14,1024,19,295455526
rescue_prime,,bn254,4,current,13,1024,19,367113433
rescue_prime,,bn254,4,original,11,1024,19,310527967
rescue_prime,,goldilocks,8,single,8,16384,19,252691624
rescue_prime,,goldilocks,12,single,8,16384,19,394027228
rescue_prime,,mersenne31,16,single,8,16384,19,329489966
rescue_prime,,mersenne31,24,single,8,8192,19,264996224
rescue_prime,,koalabear,16,single,8,8192,19,236274751
rescue_prime,,koalabear,24,single,8,8192,19,381382273
rescue_prime,,babybear,16,single,8,8192,19,237569911
rescue_prime,,babybear,24,single,8,8192,19,383974786
anemoi,,bls12_381,4,current,20,1024,19,287631927
anemoi,,bls12_381,4,original,14,1024,19,201375134
anemoi,,bn254,4,current,20,1024,19,282414379
anemoi,,bn254,4,original,14,2048,19,395399553
anemoi,,goldilocks,8,single,11,32768,19,348219571
anemoi,,goldilocks,12,single,10,16384,19,238091125
anemoi,,mersenne31,16,single,10,32768,19,338140900
anemoi,,mersenne31,24,single,9,16384,19,239302157
anemoi,,koalabear,16,single,10,16384,19,258971057
anemoi,,koalabear,24,single,9,16384,19,362852841
anemoi,,babybear,16,single,9,16384,19,234006022
anemoi,,babybear,24,single,9,16384,19,363615045
griffin,,bls12_381,3,current,20,2048,19,286900862
griffin,,bls12_381,3,original,14,2048,19,200855933
griffin,,bls12_381,4,current,20,2048,19,291481690
griffin,,bls12_381,4,original,11,4096,19,318036396
griffin,,bn254,3,current,20,2048,19,282326164
griffin,,bn254,3,original,14,4096,19,395341735
griffin,,bn254,4,current,20,2048,19,284306655
griffin,,bn254,4,original,11,4096,19,313135729
griffin,,goldilocks,8,single,8,131072,19,281838833
griffin,,goldilocks,12,single,8,131072,19,300557918
arion,,bls12_381,3,single,11,4096,19,343000769
arion,,bls12_381,4,single,10,4096,19,329597998
arion,,bn254,3,single,11,4096,19,332197805
arion,,bn254,4,single,10,4096,19,319898074
grendel,native,bls12_381,3,single,24,256,19,268571655
grendel,native,bn254,3,single,24,256,19,266430605
xhash,XHash8,goldilocks,12,single,6,32768,19,283259227
xhash,XHash12,goldilocks,12,single,6,32768,19,370067672
xhash,XHash16,mersenne31,24,single,6,32768,19,301322036
xhash,XHash24,mersenne31,24,single,6,32768,19,362963148
reinforced_concrete,,bls12_381,3,single,7,131072,19,239842005
reinforced_concrete,,bn254,3,single,7,131072,19,239864848
skyscraper,,bls12_381,4,single,18,262144,19,286485946
skyscraper,,bn254,4,single,18,262144,19,279048069
monolith,,goldilocks,8,single,6,1048576,19,264997106
monolith,,goldilocks,12,single,6,524288,19,203229889
monolith,,mersenne31,16,single,6,524288,19,213409819
monolith,,mersenne31,24,single,6,262144,19,216737517
polocolo,,bls12_381,3,single,6,1024,19,263283905
polocolo,,bls12_381,4,single,5,1024,19,290744743
polocolo,,bn254,3,single,6,1024,19,234755662
polocolo,,bn254,4,single,5,1024,19,261575854
tip4p,,goldilocks,12,single,5,262144,19,330577919
plain,sha256_compress,-,-,single,-,8388608,19,211085546
plain,keccak_f1600,-,-,single,-,524288,19,203122929
plain,blake2b_compress,-,-,single,-,2097152,19,240052940
plain,blake3_compress,-,-,single,-,4194304,19,268616399
gmimc,,bls12_381,3,single,228,16384,20,259212839
gmimc,,bls12_381,4,single,231,16384,20,263945571
gmimc,,bn254,3,single,228,16384,20,251604543
gmimc,,bn254,4,single,231,16384,20,253537384
gmimc,,goldilocks,8,single,68,524288,20,336383966
gmimc,,goldilocks,12,single,93,262144,20,235741104
gmimc,,mersenne31,16,single,158,262144,20,266565917
gmimc,,mersenne31,24,single,335,131072,20,316738912
gmimc,,koalabear,16,single,158,262144,20,305519008
gmimc,,koalabear,24,single,335,131072,20,329793894
gmimc,,babybear,16,single,158,131072,20,245784048
gmimc,,babybear,24,single,335,65536,20,259365654
gmimc2,alpha=8,bls12_381,3,single,63,32768,20,212386848
gmimc2,alpha=8,bls12_381,4,single,64,32768,20,217563280
gmimc2,alpha=8,bn254,3,single,63,32768,20,209714695
gmimc2,alpha=8,bn254,4,single,64,32768,20,212799720
gmimc2,alpha=4,goldilocks,8,single,88,262144,20,293988334
gmimc2,alpha=4,goldilocks,12,single,96,262144,20,361709625
gmimc2,alpha=2,mersenne31,16,single,176,65536,20,201620572
gmimc2,alpha=2,mersenne31,24,single,264,32768,20,224634842
gmimc2,alpha=2,koalabear,16,single,176,131072,20,290322855
gmimc2,alpha=2,koalabear,24,single,264,65536,20,234062697
gmimc2,alpha=2,babybear,16,single,176,131072,20,290172995
gmimc2,alpha=2,babybear,24,single,264,65536,20,233442328
poseidon,,bls12_381,3,single,8+56,16384,20,254188140
poseidon,,bls12_381,4,single,8+56,16384,20,375235818
poseidon,,bn254,3,single,8+56,16384,20,245631132
poseidon,,bn254,4,single,8+56,16384,20,367255367
poseidon,,goldilocks,8,single,8+22,131072,20,333965608
poseidon,,goldilocks,12,single,8+22,65536,20,319192215
poseidon,,mersenne31,16,single,8+14,65536,20,321121660
poseidon,,mersenne31,24,single,8+22,16384,20,225660589
poseidon,,koalabear,16,single,8+20,32768,20,251715461
poseidon,,koalabear,24,single,8+23,16384,20,298881746
poseidon,,babybear,16,single,8+13,65536,20,401766779
poseidon,,babybear,24,single,8+21,16384,20,286106738
poseidon2,,bls12_381,3,single,8+56,65536,20,316341730
poseidon2,,bls12_381,4,single,8+56,32768,20,284098094
poseidon2,,bn254,3,single,8+56,65536,20,309359794
poseidon2,,bn254,4,single,8+56,32768,20,273867118
poseidon2,,goldilocks,8,single,8+22,524288,20,390248348
poseidon2,,goldilocks,12,single,8+22,262144,20,267748747
poseidon2,,mersenne31,16,single,8+14,262144,20,249886995
poseidon2,,mersenne31,24,single,8+22,131072,20,209246981
poseidon2,,koalabear,16,single,8+20,262144,20,284470490
poseidon2,,koalabear,24,single,8+23,131072,20,206800641
poseidon2,,babybear,16,single,8+13,262144,20,305479174
poseidon2,,babybear,24,single,8+21,131072,20,249103820
neptune,,bls12_381,4,single,6+69,32768,20,325474633
neptune,,bn254,4,single,6+69,32768,20,313926857
neptune,,goldilocks,8,single,6+38,262144,20,316076745
neptune,,goldilocks,12,single,6+42,131072,20,303604351
psquarehash,,mersenne31,16,single,52,262144,20,243361912
psquarehash,,mersenne31,24,single,52,262144,20,354406871
psquarehash,,koalabear,16,single,52,262144,20,311866799
psquarehash,,koalabear,24,single,52,131072,20,229968949
psquarehash,,babybear,16,single,52,262144,20,310845360
psquarehash,,babybear,24,single,52,131072,20,232148059
rescue_prime,,bls12_381,3,current,16,1024,20,343812075
rescue_prime,,bls12_381,3,original,14,1024,20,300707698
rescue_prime,,bls12_381,4,current,13,1024,20,374488432
rescue_prime,,bls12_381,4,original,11,1024,20,318813718
rescue_prime,,bn254,3,current,16,1024,20,337673597
rescue_prime,,bn254,3,original,14,1024,20,295314512
rescue_prime,,bn254,4,current,13,1024,20,367123541
rescue_prime,,bn254,4,original,11,1024,20,310553194
rescue_prime,,goldilocks,8,single,8,16384,20,253625509
rescue_prime,,goldilocks,12,single,8,16384,20,393866328
rescue_prime,,mersenne31,16,single,8,16384,20,328062448
rescue_prime,,mersenne31,24,single,8,8192,20,264912067
rescue_prime,,koalabear,16,single,8,8192,20,236654801
rescue_prime,,koalabear,24,single,8,8192,20,380767443
rescue_prime,,babybear,16,single,8,8192,20,237711525
rescue_prime,,babybear,24,single,8,8192,20,384048533
anemoi,,bls12_381,4,current,20,1024,20,287600378
anemoi,,bls12_381,4,original,14,1024,20,201321644
anemoi,,bn254,4,current,20,1024,20,282408869
anemoi,,bn254,4,original,14,2048,20,395367232
anemoi,,goldilocks,8,single,11,32768,20,346999771
anemoi,,goldilocks,12,single,10,16384,20,238066798
anemoi,,mersenne31,16,single,10,32768,20,339312528
anemoi,,mersenne31,24,single,9,16384,20,239379492
anemoi,,koalabear,16,single,10,16384,20,259121769
anemoi,,koalabear,24,single,9,16384,20,362942900
anemoi,,babybear,16,single,9,16384,20,234099557
anemoi,,babybear,24,single,9,16384,20,363748024
griffin,,bls12_381,3,current,20,2048,20,286905931
griffin,,bls12_381,3,original,14,2048,20,202643203
griffin,,bls12_381,4,current,20,2048,20,288979254
griffin,,bls12_381,4,original,11,4096,20,317910490
griffin,,bn254,3,current,20,2048,20,285375802
griffin,,bn254,3,original,14,4096,20,395398350
griffin,,bn254,4,current,20,2048,20,284337653
griffin,,bn254,4,original,11,4096,20,313163431
griffin,,goldilocks,8,single,8,131072,20,282347293
griffin,,goldilocks,12,single,8,131072,20,300973225
arion,,bls12_381,3,single,11,4096,20,341627434
arion,,bls12_381,4,single,10,4096,20,329207317
arion,,bn254,3,single,11,4096,20,332209887
arion,,bn254,4,single,10,4096,20,319960751
grendel,native,bls12_381,3,single,24,256,20,268503157
grendel,native,bn254,3,single,24,256,20,266466621
xhash,XHash8,goldilocks,12,single,6,32768,20,283681757
xhash,XHash12,goldilocks,12,single,6,32768,20,369733848
xhash,XHash16,mersenne31,24,single,6,32768,20,301472747
xhash,XHash24,mersenne31,24,single,6,32768,20,362258732
reinforced_concrete,,bls12_381,3,single,7,131072,20,240468566
reinforced_concrete,,bn254,3,single,7,131072,20,240322673
skyscraper,,bls12_381,4,single,18,262144,20,286556918
skyscraper,,bn254,4,single,18,262144,20,278240991
monolith,,goldilocks,8,single,6,1048576,20,265820324
monolith,,goldilocks,12,single,6,524288,20,202985202
monolith,,mersenne31,16,single,6,524288,20,213583193
monolith,,mersenne31,24,single,6,262144,20,217233513
polocolo,,bls12_381,3,single,6,1024,20,263437161
polocolo,,bls12_381,4,single,5,1024,20,290748680
polocolo,,bn254,3,single,6,1024,20,234777483
polocolo,,bn254,4,single,5,1024,20,261631888
tip4p,,goldilocks,12,single,5,262144,20,330793190
plain,sha256_compress,-,-,single,-,8388608,20,211086367
plain,keccak_f1600,-,-,single,-,524288,20,203277237
plain,blake2b_compress,-,-,single,-,2097152,20,239273754
plain,blake3_compress,-,-,single,-,4194304,20,270824053
gmimc,,bls12_381,3,single,228,16384,21,258898641
gmimc,,bls12_381,4,single,231,16384,21,265179506
gmimc,,bn254,3,single,228,16384,21,251514635
gmimc,,bn254,4,single,231,16384,21,254932009
gmimc,,goldilocks,8,single,68,524288,21,336074538
gmimc,,goldilocks,12,single,93,262144,21,234965574
gmimc,,mersenne31,16,single,158,262144,21,270236135
gmimc,,mersenne31,24,single,335,131072,21,315976046
gmimc,,koalabear,16,single,158,262144,21,305440351
gmimc,,koalabear,24,single,335,131072,21,335923085
gmimc,,babybear,16,single,158,131072,21,245684242
gmimc,,babybear,24,single,335,65536,21,259058450
gmimc2,alpha=8,bls12_381,3,single,63,32768,21,212921987
gmimc2,alpha=8,bls12_381,4,single,64,32768,21,217111205
gmimc2,alpha=8,bn254,3,single,63,32768,21,209687114
gmimc2,alpha=8,bn254,4,single,64,32768,21,212961671
gmimc2,alpha=4,goldilocks,8,single,88,262144,21,294096837
gmimc2,alpha=4,goldilocks,12,single,96,262144,21,362591483
gmimc2,alpha=2,mersenne31,16,single,176,65536,21,201492943
gmimc2,alpha=2,mersenne31,24,single,264,32768,21,224658867
gmimc2,alpha=2,koalabear,16,single,176,131072,21,290091293
gmimc2,alpha=2,koalabear,24,single,264,65536,21,234747287
gmimc2,alpha=2,babybear,16,single,176,131072,21,290277150
gmimc2,alpha=2,babybear,24,single,264,65536,21,233743781
poseidon,,bls12_381,3,single,8+56,16384,21,254561297
poseidon,,bls12_381,4,single,8+56,16384,21,375685689
poseidon,,bn254,3,single,8+56,16384,21,245277902
poseidon,,bn254,4,single,8+56,16384,21,367519390
poseidon,,goldilocks,8,single,8+22,131072,21,333383149
poseidon,,goldilocks,12,single,8+22,65536,21,319257157
poseidon,,mersenne31,16,single,8+14,65536,21,325878378
poseidon,,mersenne31,24,single,8+22,16384,21,225772978
poseidon,,koalabear,16,single,8+20,32768,21,252986695
poseidon,,koalabear,24,single,8+23,16384,21,299003534
poseidon,,babybear,16,single,8+13,65536,21,400366643
poseidon,,babybear,24,single,8+21,16384,21,286900621
poseidon2,,bls12_381,3,single,8+56,65536,21,315965656
poseidon2,,bls12_381,4,single,8+56,32768,21,284549388
poseidon2,,bn254,3,single,8+56,65536,21,309343694
poseidon2,,bn254,4,single,8+56,32768,21,273956686
poseidon2,,goldilocks,8,single,8+22,524288,21,390350969
poseidon2,,goldilocks,12,single,8+22,262144,21,267939743
poseidon2,,mersenne31,16,single,8+14,262144,21,250678042
poseidon2,,mersenne31,24,single,8+22,131072,21,209832425
poseidon2,,koalabear,16,single,8+20,262144,21,286920868
poseidon2,,koalabear,24,single,8+23,131072,21,206434827
poseidon2,,babybear,16,single,8+13,262144,21,304633573
poseidon2,,babybear,24,single,8+21,131072,21,248930897
neptune,,bls12_381,4,single,6+69,32768,21,325803838
neptune,,bn254,4,single,6+69,32768,21,314488666
neptune,,goldilocks,8,single,6+38,262144,21,315887299
neptune,,goldilocks,12,single,6+42,131072,21,303401061
psquarehash,,mersenne31,16,single,52,262144,21,243171055
psquarehash,,mersenne31,24,single,52,262144,21,354473866
psquarehash,,koalabear,16,single,52,262144,21,311957838
psquarehash,,koalabear,24,single,52,131072,21,231043296
psquarehash,,babybear,16,single,52,262144,21,310873291
psquarehash,,babybear,24,single,52,131072,21,232063161
rescue_prime,,bls12_381,3,current,16,1024,21,343872448
rescue_prime,,bls12_381,3,original,14,1024,21,300790683
rescue_prime,,bls12_381,4,current,13,1024,21,374029203
rescue_prime,,bls12_381,4,original,11,1024,21,316340496
rescue_prime,,bn254,3,current,16,1024,21,337712579
rescue_prime,,bn254,3,original,14,1024,21,295315904
rescue_prime,,bn254,4,current,13,1024,21,367078717
rescue_prime,,bn254,4,original,11,1024,21,310558374
rescue_prime,,goldilocks,8,single,8,16384,21,252576920
rescue_prime,,goldilocks,12,single,8,16384,21,393875284
rescue_prime,,mersenne31,16,single,8,16384,21,327978411
rescue_prime,,mersenne31,24,single,8,8192,21,264651399
rescue_prime,,koalabear,16,single,8,8192,21,236054148
rescue_prime,,koalabear,24,single,8,8192,21,380928214
rescue_prime,,babybear,16,single,8,8192,21,236534506
rescue_prime,,babybear,24,single,8,8192,21,383342054
anemoi,,bls12_381,4,current,20,1024,21,287899446
anemoi,,bls12_381,4,original,14,1024,21,201441347
anemoi,,bn254,4,current,20,1024,21,282474301
anemoi,,bn254,4,original,14,2048,21,395446620
anemoi,,goldilocks,8,single,11,32768,21,346897320
anemoi,,goldilocks,12,single,10,16384,21,238157388
anemoi,,mersenne31,16,single,10,32768,21,341921032
anemoi,,mersenne31,24,single,9,16384,21,239384962
anemoi,,koalabear,16,single,10,16384,21,259696783
anemoi,,koalabear,24,single,9,16384,21,363029461
anemoi,,babybear,16,single,9,16384,21,235026728
anemoi,,babybear,24,single,9,16384,21,363946524
griffin,,bls12_381,3,current,20,2048,21,286952558
griffin,,bls12_381,3,original,14,2048,21,200846335
griffin,,bls12_381,4,current,20,2048,21,289265359
griffin,,bls12_381,4,original,11,4096,21,317975491
griffin,,bn254,3,current,20,2048,21,282208774
griffin,,bn254,3,original,14,4096,21,395398189
griffin,,bn254,4,current,20,2048,21,284304831
griffin,,bn254,4,original,11,4096,21,313093200
griffin,,goldilocks,8,single,8,131072,21,282544201
griffin,,goldilocks,12,single,8,131072,21,301660809
arion,,bls12_381,3,single,11,4096,21,341273101
arion,,bls12_381,4,single,10,4096,21,331881384
arion,,bn254,3,single,11,4096,21,332284928
arion,,bn254,4,single,10,4096,21,319765707
grendel,native,bls12_381,3,single,24,256,21,269318430
grendel,native,bn254,3,single,24,256,21,266621431
xhash,XHash8,goldilocks,12,single,6,32768,21,283406221
xhash,XHash12,goldilocks,12,single,6,32768,21,370131111
xhash,XHash16,mersenne31,24,single,6,32768,21,301996236
xhash,XHash24,mersenne31,24,single,6,32768,21,363719000
reinforced_concrete,,bls12_381,3,single,7,131072,21,241482881
reinforced_concrete,,bn254,3,single,7,131072,21,240224080
skyscraper,,bls12_381,4,single,18,262144,21,286354831
skyscraper,,bn254,4,single,18,262144,21,279042097
monolith,,goldilocks,8,single,6,1048576,21,265512028
monolith,,goldilocks,12,single,6,524288,21,203545538
monolith,,mersenne31,16,single,6,524288,21,213795921
monolith,,mersenne31,24,single,6,262144,21,216590923
polocolo,,bls12_381,3,single,6,1024,21,261437384
polocolo,,bls12_381,4,single,5,1024,21,290778466
polocolo,,bn254,3,single,6,1024,21,234802118
polocolo,,bn254,4,single,5,1024,21,261603886
tip4p,,goldilocks,12,single,5,262144,21,331094753
plain,sha256_compress,-,-,single,-,8388608,21,211104111
plain,keccak_f1600,-,-,single,-,524288,21,203114863
plain,blake2b_compress,-,-,single,-,2097152,21,240085050
plain,blake3_compress,-,-,single,-,4194304,21,269132192
gmimc,,bls12_381,3,single,228,16384,22,258881449
gmimc,,bls12_381,4,single,231,16384,22,263762118
gmimc,,bn254,3,single,228,16384,22,250848370
gmimc,,bn254,4,single,231,16384,22,254367174
gmimc,,goldilocks,8,single,68,524288,22,335991833
gmimc,,goldilocks,12,single,93,262144,22,235431906
gmimc,,mersenne31,16,single,158,262144,22,266385539
gmimc,,mersenne31,24,single,335,131072,22,319721724
gmimc,,koalabear,16,single,158,262144,22,305251327
gmimc,,koalabear,24,single,335,131072,22,333728354
gmimc,,babybear,16,single,158,131072,22,245791351
gmimc,,babybear,24,single,335,65536,22,259166491
gmimc2,alpha=8,bls12_381,3,single,63,32768,22,212992208
gmimc2,alpha=8,bls12_381,4,single,64,32768,22,217168011
gmimc2,alpha=8,bn254,3,single,63,32768,22,209632260
gmimc2,alpha=8,bn254,4,single,64,32768,22,212565902
gmimc2,alpha=4,goldilocks,8,single,88,262144,22,293769214
gmimc2,alpha=4,goldilocks,12,single,96,262144,22,362491175
gmimc2,alpha=2,mersenne31,16,single,176,65536,22,201634187
gmimc2,alpha=2,mersenne31,24,single,264,32768,22,224651423
gmimc2,alpha=2,koalabear,16,single,176,131072,22,290248055
gmimc2,alpha=2,koalabear,24,single,264,65536,22,235468974
gmimc2,alpha=2,babybear,16,single,176,131072,22,290350406
gmimc2,alpha=2,babybear,24,single,264,65536,22,234171380
poseidon,,bls12_381,3,single,8+56,16384,22,254355813
poseidon,,bls12_381,4,single,8+56,16384,22,375351734
poseidon,,bn254,3,single,8+56,16384,22,245442008
poseidon,,bn254,4,single,8+56,16384,22,367049071
poseidon,,goldilocks,8,single,8+22,131072,22,333698048
poseidon,,goldilocks,12,single,8+22,65536,22,319307249
poseidon,,mersenne31,16,single,8+14,65536,22,319256806
poseidon,,mersenne31,24,single,8+22,16384,22,225239401
poseidon,,koalabear,16,single,8+20,32768,22,250662712
poseidon,,koalabear,24,single,8+23,16384,22,299215099
poseidon,,babybear,16,single,8+13,65536,22,401234714
poseidon,,babybear,24,single,8+21,16384,22,286684937
poseidon2,,bls12_381,3,single,8+56,65536,22,316054312
poseidon2,,bls12_381,4,single,8+56,32768,22,283933607
poseidon2,,bn254,3,single,8+56,65536,22,309038272
poseidon2,,bn254,4,single,8+56,32768,22,273698463
poseidon2,,goldilocks,8,single,8+22,524288,22,390915754
poseidon2,,goldilocks,12,single,8+22,262144,22,267703602
poseidon2,,mersenne31,16,single,8+14,262144,22,250397167
poseidon2,,mersenne31,24,single,8+22,131072,22,209518799
poseidon2,,koalabear,16,single,8+20,262144,22,285775028
poseidon2,,koalabear,24,single,8+23,131072,22,207378089
poseidon2,,babybear,16,single,8+13,262144,22,304838566
poseidon2,,babybear,24,single,8+21,131072,22,248961865
neptune,,bls12_381,4,single,6+69,32768,22,325395626
neptune,,bn254,4,single,6+69,32768,22,313052022
neptune,,goldilocks,8,single,6+38,262144,22,315654134
neptune,,goldilocks,12,single,6+42,131072,22,303378558
psquarehash,,mersenne31,16,single,52,262144,22,243537971
psquarehash,,mersenne31,24,single,52,262144,22,354532726
psquarehash,,koalabear,16,single,52,262144,22,312770687
psquarehash,,koalabear,24,single,52,131072,22,232110109
psquarehash,,babybear,16,single,52,262144,22,311117899
psquarehash,,babybear,24,single,52,131072,22,232175370
rescue_prime,,bls12_381,3,current,16,1024,22,343908325
rescue_prime,,bls12_381,3,original,14,1024,22,300669006
rescue_prime,,bls12_381,4,current,13,1024,22,373812318
rescue_prime,,bls12_381,4,original,11,1024,22,316344183
rescue_prime,,bn254,3,current,16,1024,22,337501444
rescue_prime,,bn254,3,original,14,1024,22,295236966
rescue_prime,,bn254,4,current,13,1024,22,367067385
rescue_prime,,bn254,4,original,11,1024,22,310502007
rescue_prime,,goldilocks,8,single,8,16384,22,252615672
rescue_prime,,goldilocks,12,single,8,16384,22,394025775
rescue_prime,,mersenne31,16,single,8,16384,22,327254318
rescue_prime,,mersenne31,24,single,8,8192,22,264922946
rescue_prime,,koalabear,16,single,8,8192,22,236832852
rescue_prime,,koalabear,24,single,8,8192,22,381559804
rescue_prime,,babybear,16,single,8,8192,22,237144986
rescue_prime,,babybear,24,single,8,8192,22,383751127
anemoi,,bls12_381,4,current,20,1024,22,288565171
anemoi,,bls12_381,4,original,14,1024,22,201325150
anemoi,,bn254,4,current,20,1024,22,282396685
anemoi,,bn254,4,original,14,2048,22,395392018
anemoi,,goldilocks,8,single,11,32768,22,346731579
anemoi,,goldilocks,12,single,10,16384,22,238179800
anemoi,,mersenne31,16,single,10,32768,22,341032401
anemoi,,mersenne31,24,single,9,16384,22,239342802
anemoi,,koalabear,16,single,10,16384,22,259871568
anemoi,,koalabear,24,single,9,16384,22,362917732
anemoi,,babybear,16,single,9,16384,22,235067995
anemoi,,babybear,24,single,9,16384,22,363747302
griffin,,bls12_381,3,current,20,2048,22,287726223
griffin,,bls12_381,3,original,14,2048,22,200853068
griffin,,bls12_381,4,current,20,2048,22,289118695
griffin,,bls12_381,4,original,11,4096,22,320752139
griffin,,bn254,3,current,20,2048,22,282334048
griffin,,bn254,3,original,14,4096,22,395267185
griffin,,bn254,4,current,20,2048,22,284318315
griffin,,bn254,4,original,11,4096,22,313176345
griffin,,goldilocks,8,single,8,131072,22,281754284
griffin,,goldilocks,12,single,8,131072,22,300722044
arion,,bls12_381,3,single,11,4096,22,341644775
arion,,bls12_381,4,single,10,4096,22,329057937
arion,,bn254,3,single,11,4096,22,332322547
arion,,bn254,4,single,10,4096,22,319841798
grendel,native,bls12_381,3,single,24,256,22,268549703
grendel,native,bn254,3,single,24,256,22,266206415
xhash,XHash8,goldilocks,12,single,6,32768,22,283534831
xhash,XHash12,goldilocks,12,single,6,32768,22,369963367
xhash,XHash16,mersenne31,24,single,6,32768,22,301386226
xhash,XHash24,mersenne31,24,single,6,32768,22,362805843
reinforced_concrete,,bls12_381,3,single,7,131072,22,240772895
reinforced_concrete,,bn254,3,single,7,131072,22,240963650
skyscraper,,bls12_381,4,single,18,262144,22,286674357
skyscraper,,bn254,4,single,18,262144,22,278785418
monolith,,goldilocks,8,single,6,1048576,22,265721269
monolith,,goldilocks,12,single,6,524288,22,205194589
monolith,,mersenne31,16,single,6,524288,22,213078430
monolith,,mersenne31,24,single,6,262144,22,217357385
polocolo,,bls12_381,3,single,6,1024,22,261402288
polocolo,,bls12_381,4,single,5,1024,22,290815125
polocolo,,bn254,3,single,6,1024,22,234851942
polocolo,,bn254,4,single,5,1024,22,261768563
tip4p,,goldilocks,12,single,5,262144,22,330618072
plain,sha256_compress,-,-,single,-,8388608,22,211177538
plain,keccak_f1600,-,-,single,-,524288,22,203326068
plain,blake2b_compress,-,-,single,-,2097152,22,239777535
plain,blake3_compress,-,-,single,-,4194304,22,271523850
gmimc,,bls12_381,3,single,228,16384,23,258926633
gmimc,,bls12_381,4,single,231,16384,23,263457578
gmimc,,bn254,3,single,228,16384,23,249820459
gmimc,,bn254,4,single,231,16384,23,253569043
gmimc,,goldilocks,8,single,68,524288,23,336265244
gmimc,,goldilocks,12,single,93,262144,23,234813630
gmimc,,mersenne31,16,single,158,262144,23,267246698
gmimc,,mersenne31,24,single,335,131072,23,317582497
gmimc,,koalabear,16,single,158,262144,23,305211512
gmimc,,koalabear,24,single,335,131072,23,334092985
gmimc,,babybear,16,single,158,131072,23,245804546
gmimc,,babybear,24,single,335,65536,23,259448798
gmimc2,alpha=8,bls12_381,3,single,63,32768,23,212648887
gmimc2,alpha=8,bls12_381,4,single,64,32768,23,217334622
gmimc2,alpha=8,bn254,3,single,63,32768,23,209836292
gmimc2,alpha=8,bn254,4,single,64,32768,23,212995775
gmimc2,alpha=4,goldilocks,8,single,88,262144,23,294029179
gmimc2,alpha=4,goldilocks,12,single,96,262144,23,361732237
gmimc2,alpha=2,mersenne31,16,single,176,65536,23,201500327
gmimc2,alpha=2,mersenne31,24,single,264,32768,23,224738896
gmimc2,alpha=2,koalabear,16,single,176,131072,23,290770070
gmimc2,alpha=2,koalabear,24,single,264,65536,23,235137916
gmimc2,alpha=2,babybear,16,single,176,131072,23,290403475
gmimc2,alpha=2,babybear,24,single,264,65536,23,233556841
poseidon,,bls12_381,3,single,8+56,16384,23,253706219
poseidon,,bls12_381,4,single,8+56,16384,23,375602072
poseidon,,bn254,3,single,8+56,16384,23,245282520
poseidon,,bn254,4,single,8+56,16384,23,366949334
poseidon,,goldilocks,8,single,8+22,131072,23,333870961
poseidon,,goldilocks,12,single,8+22,65536,23,326751047
poseidon,,mersenne31,16,single,8+14,65536,23,324764405
poseidon,,mersenne31,24,single,8+22,16384,23,226026051
poseidon,,koalabear,16,single,8+20,32768,23,250456437
poseidon,,koalabear,24,single,8+23,16384,23,298801586
poseidon,,babybear,16,single,8+13,65536,23,401029851
poseidon,,babybear,24,single,8+21,16384,23,286530038
poseidon2,,bls12_381,3,single,8+56,65536,23,316184184
poseidon2,,bls12_381,4,single,8+56,32768,23,284195316
poseidon2,,bn254,3,single,8+56,65536,23,309006954
poseidon2,,bn254,4,single,8+56,32768,23,273974870
poseidon2,,goldilocks,8,single,8+22,524288,23,390511609
poseidon2,,goldilocks,12,single,8+22,262144,23,267567227
poseidon2,,mersenne31,16,single,8+14,262144,23,250501281
poseidon2,,mersenne31,24,single,8+22,131072,23,209633713
poseidon2,,koalabear,16,single,8+20,262144,23,284331871
poseidon2,,koalabear,24,single,8+23,131072,23,207839511
poseidon2,,babybear,16,single,8+13,262144,23,305798980
poseidon2,,babybear,24,single,8+21,131072,23,248486056
neptune,,bls12_381,4,single,6+69,32768,23,325899657
neptune,,bn254,4,single,6+69,32768,23,313451037
neptune,,goldilocks,8,single,6+38,262144,23,315755553
neptune,,goldilocks,12,single,6+42,131072,23,303034044
psquarehash,,mersenne31,16,single,52,262144,23,243579268
psquarehash,,mersenne31,24,single,52,262144,23,354497400
psquarehash,,koalabear,16,single,52,262144,23,311306992
psquarehash,,koalabear,24,single,52,131072,23,231116683
psquarehash,,babybear,16,single,52,262144,23,310822236
psquarehash,,babybear,24,single,52,131072,23,231198485
rescue_prime,,bls12_381,3,current,16,1024,23,343832513
rescue_prime,,bls12_381,3,original,14,1024,23,300685566
rescue_prime,,bls12_381,4,current,13,1024,23,374077683
rescue_prime,,bls12_381,4,original,11,1024,23,316466511
rescue_prime,,bn254,3,current,16,1024,23,337540376
rescue_prime,,bn254,3,original,14,1024,23,295251163
rescue_prime,,bn254,4,current,13,1024,23,367104184
rescue_prime,,bn254,4,original,11,1024,23,310677295
rescue_prime,,goldilocks,8,single,8,16384,23,253647850
rescue_prime,,goldilocks,12,single,8,16384,23,394900940
rescue_prime,,mersenne31,16,single,8,16384,23,328153778
rescue_prime,,mersenne31,24,single,8,8192,23,264846765
rescue_prime,,koalabear,16,single,8,8192,23,236407147
rescue_prime,,koalabear,24,single,8,8192,23,381062995
rescue_prime,,babybear,16,single,8,8192,23,237202824
rescue_prime,,babybear,24,single,8,8192,23,383987760
anemoi,,bls12_381,4,current,20,1024,23,287604776
anemoi,,bls12_381,4,original,14,1024,23,201480369
anemoi,,bn254,4,current,20,1024,23,282478768
anemoi,,bn254,4,original,14,2048,23,395490581
anemoi,,goldilocks,8,single,11,32768,23,346975375
anemoi,,goldilocks,12,single,10,16384,23,238185189
anemoi,,mersenne31,16,single,10,32768,23,340676856
anemoi,,mersenne31,24,single,9,16384,23,239392726
anemoi,,koalabear,16,single,10,16384,23,260061644
anemoi,,koalabear,24,single,9,16384,23,363147380
anemoi,,babybear,16,single,9,16384,23,235136413
anemoi,,babybear,24,single,9,16384,23,363843722
griffin,,bls12_381,3,current,20,2048,23,289092405
griffin,,bls12_381,3,original,14,2048,23,202771752
griffin,,bls12_381,4,current,20,2048,23,289694820
griffin,,bls12_381,4,original,11,4096,23,318112187
griffin,,bn254,3,current,20,2048,23,282427272
griffin,,bn254,3,original,14,4096,23,395504157
griffin,,bn254,4,current,20,2048,23,284319538
griffin,,bn254,4,original,11,4096,23,313143573
griffin,,goldilocks,8,single,8,131072,23,281608682
griffin,,goldilocks,12,single,8,131072,23,300598433
arion,,bls12_381,3,single,11,4096,23,342008585
arion,,bls12_381,4,single,10,4096,23,329115996
arion,,bn254,3,single,11,4096,23,332138483
arion,,bn254,4,single,10,4096,23,319959818
grendel,native,bls12_381,3,single,24,256,23,268349919
grendel,native,bn254,3,single,24,256,23,266450200
xhash,XHash8,goldilocks,12,single,6,32768,23,283559678
xhash,XHash12,goldilocks,12,single,6,32768,23,369842460
xhash,XHash16,mersenne31,24,single,6,32768,23,301236585
xhash,XHash24,mersenne31,24,single,6,32768,23,362500121
reinforced_concrete,,bls12_381,3,single,7,131072,23,240564425
reinforced_concrete,,bn254,3,single,7,131072,23,240897777
skyscraper,,bls12_381,4,single,18,262144,23,286208747
skyscraper,,bn254,4,single,18,262144,23,278169086
monolith,,goldilocks,8,single,6,1048576,23,265703916
monolith,,goldilocks,12,single,6,524288,23,202720326
monolith,,mersenne31,16,single,6,524288,23,213425278
monolith,,mersenne31,24,single,6,262144,23,216728369
polocolo,,bls12_381,3,single,6,1024,23,261414691
polocolo,,bls12_381,4,single,5,1024,23,290844599
polocolo,,bn254,3,single,6,1024,23,234845058
polocolo,,bn254,4,single,5,1024,23,261772861
tip4p,,goldilocks,12,single,5,262144,23,330769766
plain,sha256_compress,-,-,single,-,8388608,23,211129057
plain,keccak_f1600,-,-,single,-,524288,23,203235438
plain,blake2b_compress,-,-,single,-,2097152,23,241338080
plain,blake3_compress,-,-,single,-,4194304,23,270254338
gmimc,,bls12_381,3,single,228,16384,24,259150401
gmimc,,bls12_381,4,single,231,16384,24,265078407
gmimc,,bn254,3,single,228,16384,24,251318397
gmimc,,bn254,4,single,231,16384,24,256041863
gmimc,,goldilocks,8,single,68,524288,24,336247641
gmimc,,goldilocks,12,single,93,262144,24,234936970
gmimc,,mersenne31,16,single,158,262144,24,267427786
gmimc,,mersenne31,24,single,335,131072,24,325046993
gmimc,,koalabear,16,single,158,262144,24,305732516
gmimc,,koalabear,24,single,335,131072,24,331460787
gmimc,,babybear,16,single,158,131072,24,245848688
gmimc,,babybear,24,single,335,65536,24,259197850
gmimc2,alpha=8,bls12_381,3,single,63,32768,24,213089640
gmimc2,alpha=8,bls12_381,4,single,64,32768,24,217559642
gmimc2,alpha=8,bn254,3,single,63,32768,24,209761272
gmimc2,alpha=8,bn254,4,single,64,32768,24,213216227
gmimc2,alpha=4,goldilocks,8,single,88,262144,24,294141690
gmimc2,alpha=4,goldilocks,12,single,96,262144,24,362074466
gmimc2,alpha=2,mersenne31,16,single,176,65536,24,205748173
gmimc2,alpha=2,mersenne31,24,single,264,32768,24,224681709
gmimc2,alpha=2,koalabear,16,single,176,131072,24,290437027
gmimc2,alpha=2,koalabear,24,single,264,65536,24,234836843
gmimc2,alpha=2,babybear,16,single,176,131072,24,290350306
gmimc2,alpha=2,babybear,24,single,264,65536,24,235287736
poseidon,,bls12_381,3,single,8+56,16384,24,254880603
poseidon,,bls12_381,4,single,8+56,16384,24,375775245
poseidon,,bn254,3,single,8+56,16384,24,245518320
poseidon,,bn254,4,single,8+56,16384,24,367393084
poseidon,,goldilocks,8,single,8+22,131072,24,334595765
poseidon,,goldilocks,12,single,8+22,65536,24,319336504
poseidon,,mersenne31,16,single,8+14,65536,24,321482272
poseidon,,mersenne31,24,single,8+22,16384,24,225875960
poseidon,,koalabear,16,single,8+20,32768,24,251827558
poseidon,,koalabear,24,single,8+23,16384,24,299453835
poseidon,,babybear,16,single,8+13,65536,24,401973704
poseidon,,babybear,24,single,8+21,16384,24,286450268
poseidon2,,bls12_381,3,single,8+56,65536,24,316361355
poseidon2,,bls12_381,4,single,8+56,32768,24,284654183
poseidon2,,bn254,3,single,8+56,65536,24,309216235
poseidon2,,bn254,4,single,8+56,32768,24,274178149
poseidon2,,goldilocks,8,single,8+22,524288,24,390827769
poseidon2,,goldilocks,12,single,8+22,262144,24,267771509
poseidon2,,mersenne31,16,single,8+14,262144,24,250573936
poseidon2,,mersenne31,24,single,8+22,131072,24,209602876
poseidon2,,koalabear,16,single,8+20,262144,24,284158646
poseidon2,,koalabear,24,single,8+23,131072,24,208179797
poseidon2,,babybear,16,single,8+13,262144,24,305886624
poseidon2,,babybear,24,single,8+21,131072,24,247890733
neptune,,bls12_381,4,single,6+69,32768,24,325040090
neptune,,bn254,4,single,6+69,32768,24,314054484
neptune,,goldilocks,8,single,6+38,262144,24,315389800
neptune,,goldilocks,12,single,6+42,131072,24,303900082
psquarehash,,mersenne31,16,single,52,262144,24,243859942
psquarehash,,mersenne31,24,single,52,262144,24,354607435
psquarehash,,koalabear,16,single,52,262144,24,310979329
psquarehash,,koalabear,24,single,52,131072,24,230855915
psquarehash,,babybear,16,single,52,262144,24,309251340
psquarehash,,babybear,24,single,52,131072,24,230686789
rescue_prime,,bls12_381,3,current,16,1024,24,343975339
rescue_prime,,bls12_381,3,original,14,1024,24,300832861
rescue_prime,,bls12_381,4,current,13,1024,24,374180766
rescue_prime,,bls12_381,4,original,11,1024,24,316743389
rescue_prime,,bn254,3,current,16,1024,24,337761349
rescue_prime,,bn254,3,original,14,1024,24,295477415
rescue_prime,,bn254,4,current,13,1024,24,367270064
rescue_prime,,bn254,4,original,11,1024,24,310719243
rescue_prime,,goldilocks,8,single,8,16384,24,252777975
rescue_prime,,goldilocks,12,single,8,16384,24,393975942
rescue_prime,,mersenne31,16,single,8,16384,24,329283408
rescue_prime,,mersenne31,24,single,8,8192,24,265189164
rescue_prime,,koalabear,16,single,8,8192,24,236228733
rescue_prime,,koalabear,24,single,8,8192,24,381172489
rescue_prime,,babybear,16,single,8,8192,24,236637818
rescue_prime,,babybear,24,single,8,8192,24,384284053
anemoi,,bls12_381,4,current,20,1024,24,287679015
anemoi,,bls12_381,4,original,14,1024,24,201552043
anemoi,,bn254,4,current,20,1024,24,282515146
anemoi,,bn254,4,original,14,2048,24,395556324
anemoi,,goldilocks,8,single,11,32768,24,346512701
anemoi,,goldilocks,12,single,10,16384,24,238061518
anemoi,,mersenne31,16,single,10,32768,24,339681807
anemoi,,mersenne31,24,single,9,16384,24,239635649
anemoi,,koalabear,16,single,10,16384,24,258982036
anemoi,,koalabear,24,single,9,16384,24,363027476
anemoi,,babybear,16,single,9,16384,24,234383506
anemoi,,babybear,24,single,9,16384,24,363997870
griffin,,bls12_381,3,current,20,2048,24,286905999
griffin,,bls12_381,3,original,14,2048,24,200914662
griffin,,bls12_381,4,current,20,2048,24,289169970
griffin,,bls12_381,4,original,11,4096,24,318132484
griffin,,bn254,3,current,20,2048,24,282412865
griffin,,bn254,3,original,14,4096,24,395386757
griffin,,bn254,4,current,20,2048,24,284274012
griffin,,bn254,4,original,11,4096,24,313220417
griffin,,goldilocks,8,single,8,131072,24,281878185
griffin,,goldilocks,12,single,8,131072,24,300563598
arion,,bls12_381,3,single,11,4096,24,341534950
arion,,bls12_381,4,single,10,4096,24,329343751
arion,,bn254,3,single,11,4096,24,332354126
arion,,bn254,4,single,10,4096,24,319996306
grendel,native,bls12_381,3,single,24,256,24,268164122
grendel,native,bn254,3,single,24,256,24,266803069
xhash,XHash8,goldilocks,12,single,6,32768,24,283460433
xhash,XHash12,goldilocks,12,single,6,32768,24,369962374
xhash,XHash16,mersenne31,24,single,6,32768,24,301552365
xhash,XHash24,mersenne31,24,single,6,32768,24,361500653
reinforced_concrete,,bls12_381,3,single,7,131072,24,241031287
reinforced_concrete,,bn254,3,single,7,131072,24,240617504
skyscraper,,bls12_381,4,single,18,262144,24,286576173
skyscraper,,bn254,4,single,18,262144,24,278781180
monolith,,goldilocks,8,single,6,1048576,24,265818179
monolith,,goldilocks,12,single,6,524288,24,203317552
monolith,,mersenne31,16,single,6,524288,24,213771414
monolith,,mersenne31,24,single,6,262144,24,216795445
polocolo,,bls12_381,3,single,6,1024,24,263554179
polocolo,,bls12_381,4,single,5,1024,24,291314717
polocolo,,bn254,3,single,6,1024,24,234890464
polocolo,,bn254,4,single,5,1024,24,261807866
tip4p,,goldilocks,12,single,5,262144,24,331424319
plain,sha256_compress,-,-,single,-,8388608,24,211153763
plain,keccak_f1600,-,-,single,-,524288,24,203188411
plain,blake2b_compress,-,-,single,-,2097152,24,241885333
plain,blake3_compress,-,-,single,-,4194304,24,269429507
gmimc,,bls12_381,3,single,228,16384,25,258964784
gmimc,,bls12_381,4,single,231,16384,25,264022494
gmimc,,bn254,3,single,228,16384,25,249940002
gmimc,,bn254,4,single,231,16384,25,254426624
gmimc,,goldilocks,8,single,68,524288,25,336072283
gmimc,,goldilocks,12,single,93,262144,25,235042347
gmimc,,mersenne31,16,single,158,262144,25,267436142
gmimc,,mersenne31,24,single,335,131072,25,317855607
gmimc,,koalabear,16,single,158,262144,25,305520229
gmimc,,koalabear,24,single,335,131072,25,336385028
gmimc,,babybear,16,single,158,131072,25,245966999
gmimc,,babybear,24,single,335,65536,25,259915229
gmimc2,alpha=8,bls12_381,3,single,63,32768,25,212674554
gmimc2,alpha=8,bls12_381,4,single,64,32768,25,216899138
gmimc2,alpha=8,bn254,3,single,63,32768,25,209768735
gmimc2,alpha=8,bn254,4,single,64,32768,25,212705462
gmimc2,alpha=4,goldilocks,8,single,88,262144,25,294007869
gmimc2,alpha=4,goldilocks,12,single,96,262144,25,361026928
gmimc2,alpha=2,mersenne31,16,single,176,65536,25,201581919
gmimc2,alpha=2,mersenne31,24,single,264,32768,25,224834454
gmimc2,alpha=2,koalabear,16,single,176,131072,25,290455683
gmimc2,alpha=2,koalabear,24,single,264,65536,25,236438738
gmimc2,alpha=2,babybear,16,single,176,131072,25,290601987
gmimc2,alpha=2,babybear,24,single,264,65536,25,234371349
poseidon,,bls12_381,3,single,8+56,16384,25,254318671
poseidon,,bls12_381,4,single,8+56,16384,25,375403276
poseidon,,bn254,3,single,8+56,16384,25,245564785
poseidon,,bn254,4,single,8+56,16384,25,367208353
poseidon,,goldilocks,8,single,8+22,131072,25,334230683
poseidon,,goldilocks,12,single,8+22,65536,25,319144112
poseidon,,mersenne31,16,single,8+14,65536,25,326303089
poseidon,,mersenne31,24,single,8+22,16384,25,226202665
poseidon,,koalabear,16,single,8+20,32768,25,249857245
poseidon,,koalabear,24,single,8+23,16384,25,299589033
poseidon,,babybear,16,single,8+13,65536,25,401292472
poseidon,,babybear,24,single,8+21,16384,25,286536492
poseidon2,,bls12_381,3,single,8+56,65536,25,316126764
poseidon2,,bls12_381,4,single,8+56,32768,25,284167336
poseidon2,,bn254,3,single,8+56,65536,25,309160918
poseidon2,,bn254,4,single,8+56,32768,25,274308654
poseidon2,,goldilocks,8,single,8+22,524288,25,390488875
poseidon2,,goldilocks,12,single,8+22,262144,25,267544445
poseidon2,,mersenne31,16,single,8+14,262144,25,250712173
poseidon2,,mersenne31,24,single,8+22,131072,25,209532776
poseidon2,,koalabear,16,single,8+20,262144,25,285777304
poseidon2,,koalabear,24,single,8+23,131072,25,206479170
poseidon2,,babybear,16,single,8+13,262144,25,305186872
poseidon2,,babybear,24,single,8+21,131072,25,247775876
neptune,,bls12_381,4,single,6+69,32768,25,325248459
neptune,,bn254,4,single,6+69,32768,25,313514293
neptune,,goldilocks,8,single,6+38,262144,25,315791928
neptune,,goldilocks,12,single,6+42,131072,25,304042915
psquarehash,,mersenne31,16,single,52,262144,25,243403205
psquarehash,,mersenne31,24,single,52,262144,25,354664134
psquarehash,,koalabear,16,single,52,262144,25,312319530
psquarehash,,koalabear,24,single,52,131072,25,230984691
psquarehash,,babybear,16,single,52,262144,25,310572606
psquarehash,,babybear,24,single,52,131072,25,231216503
rescue_prime,,bls12_381,3,current,16,1024,25,343737456
rescue_prime,,bls12_381,3,original,14,1024,25,300667387
rescue_prime,,bls12_381,4,current,13,1024,25,374073210
rescue_prime,,bls12_381,4,original,11,1024,25,316485755
rescue_prime,,bn254,3,current,16,1024,25,337631006
rescue_prime,,bn254,3,original,14,1024,25,295342177
rescue_prime,,bn254,4,current,13,1024,25,367117364
rescue_prime,,bn254,4,original,11,1024,25,310543241
rescue_prime,,goldilocks,8,single,8,16384,25,252753557
rescue_prime,,goldilocks,12,single,8,16384,25,395502102
rescue_prime,,mersenne31,16,single,8,16384,25,328874784
rescue_prime,,mersenne31,24,single,8,8192,25,265218248
rescue_prime,,koalabear,16,single,8,8192,25,235152488
rescue_prime,,koalabear,24,single,8,8192,25,380569349
rescue_prime,,babybear,16,single,8,8192,25,238319836
rescue_prime,,babybear,24,single,8,8192,25,383640528
anemoi,,bls12_381,4,current,20,1024,25,288365530
anemoi,,bls12_381,4,original,14,1024,25,203054982
anemoi,,bn254,4,current,20,1024,25,282462290
anemoi,,bn254,4,original,14,2048,25,395437111
anemoi,,goldilocks,8,single,11,32768,25,346311747
anemoi,,goldilocks,12,single,10,16384,25,238281324
anemoi,,mersenne31,16,single,10,32768,25,339469171
anemoi,,mersenne31,24,single,9,16384,25,239335083
anemoi,,koalabear,16,single,10,16384,25,258805665
anemoi,,koalabear,24,single,9,16384,25,363186007
anemoi,,babybear,16,single,9,16384,25,234026103
anemoi,,babybear,24,single,9,16384,25,364138878
griffin,,bls12_381,3,current,20,2048,25,287048559
griffin,,bls12_381,3,original,14,2048,25,201831105
griffin,,bls12_381,4,current,20,2048,25,289083472
griffin,,bls12_381,4,original,11,4096,25,318020723
griffin,,bn254,3,current,20,2048,25,282338218
griffin,,bn254,3,original,14,4096,25,395356741
griffin,,bn254,4,current,20,2048,25,284264998
griffin,,bn254,4,original,11,4096,25,313085451
griffin,,goldilocks,8,single,8,131072,25,281722156
griffin,,goldilocks,12,single,8,131072,25,300998135
arion,,bls12_381,3,single,11,4096,25,341675723
arion,,bls12_381,4,single,10,4096,25,329365051
arion,,bn254,3,single,11,4096,25,332397036
arion,,bn254,4,single,10,4096,25,320021592
grendel,native,bls12_381,3,single,24,256,25,268423707
grendel,native,bn254,3,single,24,256,25,266148667
xhash,XHash8,goldilocks,12,single,6,32768,25,283349057
xhash,XHash12,goldilocks,12,single,6,32768,25,369919388
xhash,XHash16,mersenne31,24,single,6,32768,25,301418170
xhash,XHash24,mersenne31,24,single,6,32768,25,362618637
reinforced_concrete,,bls12_381,3,single,7,131072,25,240456058
reinforced_concrete,,bn254,3,single,7,131072,25,240437152
skyscraper,,bls12_381,4,single,18,262144,25,286405177
skyscraper,,bn254,4,single,18,262144,25,279094015
monolith,,goldilocks,8,single,6,1048576,25,265131505
monolith,,goldilocks,12,single,6,524288,25,203942931
monolith,,mersenne31,16,single,6,524288,25,213296048
monolith,,mersenne31,24,single,6,262144,25,216066305
polocolo,,bls12_381,3,single,6,1024,25,263117803
polocolo,,bls12_381,4,single,5,1024,25,290819485
polocolo,,bn254,3,single,6,1024,25,234843241
polocolo,,bn254,4,single,5,1024,25,261835667
tip4p,,goldilocks,12,single,5,262144,25,330953218
plain,sha256_compress,-,-,single,-,8388608,25,211088083
plain,keccak_f1600,-,-,single,-,524288,25,203098573
plain,blake2b_compress,-,-,single,-,2097152,25,241674114
plain,blake3_compress,-,-,single,-,4194304,25,269514025
gmimc,,bls12_381,3,single,228,16384,26,259140361
gmimc,,bls12_381,4,single,231,16384,26,263986306
gmimc,,bn254,3,single,228,16384,26,250374261
gmimc,,bn254,4,single,231,16384,26,253810021
gmimc,,goldilocks,8,single,68,524288,26,336148986
gmimc,,goldilocks,12,single,93,262144,26,235776424
gmimc,,mersenne31,16,single,158,262144,26,266283849
gmimc,,mersenne31,24,single,335,131072,26,327380823
gmimc,,koalabear,16,single,158,262144,26,305233248
gmimc,,koalabear,24,single,335,131072,26,329448346
gmimc,,babybear,16,single,158,131072,26,245717249
gmimc,,babybear,24,single,335,65536,26,259293928
gmimc2,alpha=8,bls12_381,3,single,63,32768,26,213181653
gmimc2,alpha=8,bls12_381,4,single,64,32768,26,217486628
gmimc2,alpha=8,bn254,3,single,63,32768,26,209712301
gmimc2,alpha=8,bn254,4,single,64,32768,26,212974988
gmimc2,alpha=4,goldilocks,8,single,88,262144,26,293866329
gmimc2,alpha=4,goldilocks,12,single,96,262144,26,361305102
gmimc2,alpha=2,mersenne31,16,single,176,65536,26,202379159
gmimc2,alpha=2,mersenne31,24,single,264,32768,26,224270224
gmimc2,alpha=2,koalabear,16,single,176,131072,26,290198845
gmimc2,alpha=2,koalabear,24,single,264,65536,26,234231798
gmimc2,alpha=2,babybear,16,single,176,131072,26,290230555
gmimc2,alpha=2,babybear,24,single,264,65536,26,237123521
poseidon,,bls12_381,3,single,8+56,16384,26,254388602
poseidon,,bls12_381,4,single,8+56,16384,26,375234480
poseidon,,bn254,3,single,8+56,16384,26,245367315
poseidon,,bn254,4,single,8+56,16384,26,367551174
poseidon,,goldilocks,8,single,8+22,131072,26,333553968
poseidon,,goldilocks,12,single,8+22,65536,26,319202330
poseidon,,mersenne31,16,single,8+14,65536,26,326196239
poseidon,,mersenne31,24,single,8+22,16384,26,226508236
poseidon,,koalabear,16,single,8+20,32768,26,251565416
poseidon,,koalabear,24,single,8+23,16384,26,299055394
poseidon,,babybear,16,single,8+13,65536,26,401554350
poseidon,,babybear,24,single,8+21,16384,26,286630718
poseidon2,,bls12_381,3,single,8+56,65536,26,316051252
poseidon2,,bls12_381,4,single,8+56,32768,26,284298861
poseidon2,,bn254,3,single,8+56,65536,26,309301109
poseidon2,,bn254,4,single,8+56,32768,26,273940546
poseidon2,,goldilocks,8,single,8+22,524288,26,390851482
poseidon2,,goldilocks,12,single,8+22,262144,26,267856437
poseidon2,,mersenne31,16,single,8+14,262144,26,249757899
poseidon2,,mersenne31,24,single,8+22,131072,26,209358500
poseidon2,,koalabear,16,single,8+20,262144,26,289993141
poseidon2,,koalabear,24,single,8+23,131072,26,209267150
poseidon2,,babybear,16,single,8+13,262144,26,306462495
poseidon2,,babybear,24,single,8+21,131072,26,247772839
neptune,,bls12_381,4,single,6+69,32768,26,325588543
neptune,,bn254,4,single,6+69,32768,26,313470490
neptune,,goldilocks,8,single,6+38,262144,26,315810763
neptune,,goldilocks,12,single,6+42,131072,26,303027537
psquarehash,,mersenne31,16,single,52,262144,26,243531905
psquarehash,,mersenne31,24,single,52,262144,26,354443240
psquarehash,,koalabear,16,single,52,262144,26,307743569
psquarehash,,koalabear,24,single,52,131072,26,231078205
psquarehash,,babybear,16,single,52,262144,26,309808046
psquarehash,,babybear,24,single,52,131072,26,232254172
rescue_prime,,bls12_381,3,current,16,1024,26,346545813
rescue_prime,,bls12_381,3,original,14,1024,26,303049278
rescue_prime,,bls12_381,4,current,13,1024,26,376964452
rescue_prime,,bls12_381,4,original,11,1024,26,318888704
rescue_prime,,bn254,3,current,16,1024,26,337615477
rescue_prime,,bn254,3,original,14,1024,26,295440721
rescue_prime,,bn254,4,current,13,1024,26,367079152
rescue_prime,,bn254,4,original,11,1024,26,310680146
rescue_prime,,goldilocks,8,single,8,16384,26,252755240
rescue_prime,,goldilocks,12,single,8,16384,26,393751520
rescue_prime,,mersenne31,16,single,8,16384,26,328990671
rescue_prime,,mersenne31,24,single,8,8192,26,265100097
rescue_prime,,koalabear,16,single,8,8192,26,235916565
rescue_prime,,koalabear,24,single,8,8192,26,380693220
rescue_prime,,babybear,16,single,8,8192,26,237486179
rescue_prime,,babybear,24,single,8,8192,26,383477582
anemoi,,bls12_381,4,current,20,1024,26,289604325
anemoi,,bls12_381,4,original,14,1024,26,201439843
anemoi,,bn254,4,current,20,1024,26,282499449
anemoi,,bn254,4,original,14,2048,26,395352572
anemoi,,goldilocks,8,single,11,32768,26,347599703
anemoi,,goldilocks,12,single,10,16384,26,238183822
anemoi,,mersenne31,16,single,10,32768,26,339472967
anemoi,,mersenne31,24,single,9,16384,26,239446211
anemoi,,koalabear,16,single,10,16384,26,258951358
anemoi,,koalabear,24,single,9,16384,26,363143788
anemoi,,babybear,16,single,9,16384,26,234160946
anemoi,,babybear,24,single,9,16384,26,363731346
griffin,,bls12_381,3,current,20,2048,26,286991503
griffin,,bls12_381,3,original,14,2048,26,200910284
griffin,,bls12_381,4,current,20,2048,26,289188949
griffin,,bls12_381,4,original,11,4096,26,318072740
griffin,,bn254,3,current,20,2048,26,282343928
griffin,,bn254,3,original,14,4096,26,395409368
griffin,,bn254,4,current,20,2048,26,284354765
griffin,,bn254,4,original,11,4096,26,313235571
griffin,,goldilocks,8,single,8,131072,26,282758672
griffin,,goldilocks,12,single,8,131072,26,301076310
arion,,bls12_381,3,single,11,4096,26,341693857
arion,,bls12_381,4,single,10,4096,26,329235267
arion,,bn254,3,single,11,4096,26,332316815
arion,,bn254,4,single,10,4096,26,319825895
grendel,native,bls12_381,3,single,24,256,26,268959779
grendel,native,bn254,3,single,24,256,26,267083001
xhash,XHash8,goldilocks,12,single,6,32768,26,284241434
xhash,XHash12,goldilocks,12,single,6,32768,26,370189673
xhash,XHash16,mersenne31,24,single,6,32768,26,301481357
xhash,XHash24,mersenne31,24,single,6,32768,26,362382725
reinforced_concrete,,bls12_381,3,single,7,131072,26,240846867
reinforced_concrete,,bn254,3,single,7,131072,26,240696868
skyscraper,,bls12_381,4,single,18,262144,26,286738029
skyscraper,,bn254,4,single,18,262144,26,278533006
monolith,,goldilocks,8,single,6,1048576,26,265253053
monolith,,goldilocks,12,single,6,524288,26,203200743
monolith,,mersenne31,16,single,6,524288,26,213544050
monolith,,mersenne31,24,single,6,262144,26,216855859
polocolo,,bls12_381,3,single,6,1024,26,261415211
polocolo,,bls12_381,4,single,5,1024,26,290878675
polocolo,,bn254,3,single,6,1024,26,234878736
polocolo,,bn254,4,single,5,1024,26,261809588
tip4p,,goldilocks,12,single,5,262144,26,331677912
plain,sha256_compress,-,-,single,-,8388608,26,211148113
plain,keccak_f1600,-,-,single,-,524288,26,203305529
plain,blake2b_compress,-,-,single,-,2097152,26,239291332
plain,blake3_compress,-,-,single,-,4194304,26,270599012
gmimc,,bls12_381,3,single,228,16384,27,259141933
gmimc,,bls12_381,4,single,231,16384,27,265172562
gmimc,,bn254,3,single,228,16384,27,251979109
gmimc,,bn254,4,single,231,16384,27,256413635
gmimc,,goldilocks,8,single,68,524288,27,336057214
gmimc,,goldilocks,12,single,93,262144,27,235477224
gmimc,,mersenne31,16,single,158,262144,27,268016857
gmimc,,mersenne31,24,single,335,131072,27,318250792
gmimc,,koalabear,16,single,158,262144,27,305427981
gmimc,,koalabear,24,single,335,131072,27,333198202
gmimc,,babybear,16,single,158,131072,27,245977304
gmimc,,babybear,24,single,335,65536,27,259362125
gmimc2,alpha=8,bls12_381,3,single,63,32768,27,212931747
gmimc2,alpha=8,bls12_381,4,single,64,32768,27,217450620
gmimc2,alpha=8,bn254,3,single,63,32768,27,209734111
gmimc2,alpha=8,bn254,4,single,64,32768,27,213414419
gmimc2,alpha=4,goldilocks,8,single,88,262144,27,293732678
gmimc2,alpha=4,goldilocks,12,single,96,262144,27,361229300
gmimc2,alpha=2,mersenne31,16,single,176,65536,27,201691924
gmimc2,alpha=2,mersenne31,24,single,264,32768,27,224781498
gmimc2,alpha=2,koalabear,16,single,176,131072,27,290469501
gmimc2,alpha=2,koalabear,24,single,264,65536,27,236489887
gmimc2,alpha=2,babybear,16,single,176,131072,27,290234261
gmimc2,alpha=2,babybear,24,single,264,65536,27,234471686
poseidon,,bls12_381,3,single,8+56,16384,27,254218463
poseidon,,bls12_381,4,single,8+56,16384,27,375731358
poseidon,,bn254,3,single,8+56,16384,27,245895171
poseidon,,bn254,4,single,8+56,16384,27,367605424
poseidon,,goldilocks,8,single,8+22,131072,27,333922315
poseidon,,goldilocks,12,single,8+22,65536,27,319234860
poseidon,,mersenne31,16,single,8+14,65536,27,325746558
poseidon,,mersenne31,24,single,8+22,16384,27,226178108
poseidon,,koalabear,16,single,8+20,32768,27,249508542
poseidon,,koalabear,24,single,8+23,16384,27,299504814
poseidon,,babybear,16,single,8+13,65536,27,401371779
poseidon,,babybear,24,single,8+21,16384,27,286958921
poseidon2,,bls12_381,3,single,8+56,65536,27,316203015
poseidon2,,bls12_381,4,single,8+56,32768,27,284687777
poseidon2,,bn254,3,single,8+56,65536,27,309262026
poseidon2,,bn254,4,single,8+56,32768,27,273927961
poseidon2,,goldilocks,8,single,8+22,524288,27,390402943
poseidon2,,goldilocks,12,single,8+22,262144,27,267713209
poseidon2,,mersenne31,16,single,8+14,262144,27,251353710
poseidon2,,mersenne31,24,single,8+22,131072,27,209520642
poseidon2,,koalabear,16,single,8+20,262144,27,285454430
poseidon2,,koalabear,24,single,8+23,131072,27,207231855
poseidon2,,babybear,16,single,8+13,262144,27,306710578
poseidon2,,babybear,24,single,8+21,131072,27,247957655
neptune,,bls12_381,4,single,6+69,32768,27,325774540
neptune,,bn254,4,single,6+69,32768,27,314157674
neptune,,goldilocks,8,single,6+38,262144,27,315813909
neptune,,goldilocks,12,single,6+42,131072,27,303234362
psquarehash,,mersenne31,16,single,52,262144,27,243619248
psquarehash,,mersenne31,24,single,52,262144,27,354603910
psquarehash,,koalabear,16,single,52,262144,27,311733524
psquarehash,,koalabear,24,single,52,131072,27,231087592
psquarehash,,babybear,16,single,52,262144,27,311023157
psquarehash,,babybear,24,single,52,131072,27,232032197
rescue_prime,,bls12_381,3,current,16,1024,27,343897474
rescue_prime,,bls12_381,3,original,14,1024,27,300785056
rescue_prime,,bls12_381,4,current,13,1024,27,374037964
rescue_prime,,bls12_381,4,original,11,1024,27,316481014
rescue_prime,,bn254,3,current,16,1024,27,337685737
rescue_prime,,bn254,3,original,14,1024,27,295346213
rescue_prime,,bn254,4,current,13,1024,27,367157087
rescue_prime,,bn254,4,original,11,1024,27,313196196
rescue_prime,,goldilocks,8,single,8,16384,27,252943110
rescue_prime,,goldilocks,12,single,8,16384,27,393843772
rescue_prime,,mersenne31,16,single,8,16384,27,328133377
rescue_prime,,mersenne31,24,single,8,8192,27,264971225
rescue_prime,,koalabear,16,single,8,8192,27,236117550
rescue_prime,,koalabear,24,single,8,8192,27,381814845
rescue_prime,,babybear,16,single,8,8192,27,238181136
rescue_prime,,babybear,24,single,8,8192,27,383370843
anemoi,,bls12_381,4,current,20,1024,27,288442773
anemoi,,bls12_381,4,original,14,1024,27,201421319
anemoi,,bn254,4,current,20,1024,27,282521148
anemoi,,bn254,4,original,14,2048,27,395534010
anemoi,,goldilocks,8,single,11,32768,27,347190948
anemoi,,goldilocks,12,single,10,16384,27,238136453
anemoi,,mersenne31,16,single,10,32768,27,339947584
anemoi,,mersenne31,24,single,9,16384,27,239690306
anemoi,,koalabear,16,single,10,16384,27,258929305
anemoi,,koalabear,24,single,9,16384,27,363028071
anemoi,,babybear,16,single,9,16384,27,234188866
anemoi,,babybear,24,single,9,16384,27,363932030
griffin,,bls12_381,3,current,20,2048,27,287077563
griffin,,bls12_381,3,original,14,2048,27,201009189
griffin,,bls12_381,4,current,20,2048,27,289260061
griffin,,bls12_381,4,original,11,4096,27,318182754
griffin,,bn254,3,current,20,2048,27,282349768
griffin,,bn254,3,original,14,4096,27,395480930
griffin,,bn254,4,current,20,2048,27,284388388
griffin,,bn254,4,original,11,4096,27,313240440
griffin,,goldilocks,8,single,8,131072,27,283830355
griffin,,goldilocks,12,single,8,131072,27,301017861
arion,,bls12_381,3,single,11,4096,27,341470700
arion,,bls12_381,4,single,10,4096,27,329292664
arion,,bn254,3,single,11,4096,27,332387036
arion,,bn254,4,single,10,4096,27,319945979
grendel,native,bls12_381,3,single,24,256,27,268142091
grendel,native,bn254,3,single,24,256,27,266625617
xhash,XHash8,goldilocks,12,single,6,32768,27,283600285
xhash,XHash12,goldilocks,12,single,6,32768,27,369958150
xhash,XHash16,mersenne31,24,single,6,32768,27,301508357
xhash,XHash24,mersenne31,24,single,6,32768,27,363540477
reinforced_concrete,,bls12_381,3,single,7,131072,27,241277753
reinforced_concrete,,bn254,3,single,7,131072,27,240710463
skyscraper,,bls12_381,4,single,18,262144,27,286694397
skyscraper,,bn254,4,single,18,262144,27,278886366
monolith,,goldilocks,8,single,6,1048576,27,266686941
monolith,,goldilocks,12,single,6,524288,27,203864293
monolith,,mersenne31,16,single,6,524288,27,213492995
monolith,,mersenne31,24,single,6,262144,27,216302084
polocolo,,bls12_381,3,single,6,1024,27,263546493
polocolo,,bls12_381,4,single,5,1024,27,290899183
polocolo,,bn254,3,single,6,1024,27,234909433
polocolo,,bn254,4,single,5,1024,27,261874499
tip4p,,goldilocks,12,single,5,262144,27,331315684
plain,sha256_compress,-,-,single,-,8388608,27,211169734
plain,keccak_f1600,-,-,single,-,524288,27,202984539
plain,blake2b_compress,-,-,single,-,2097152,27,240950201
plain,blake3_compress,-,-,single,-,4194304,27,269499667
gmimc,,bls12_381,3,single,228,16384,28,259131583
gmimc,,bls12_381,4,single,231,16384,28,263624148
gmimc,,bn254,3,single,228,16384,28,250511286
gmimc,,bn254,4,single,231,16384,28,254491804
gmimc,,goldilocks,8,single,68,524288,28,336169714
gmimc,,goldilocks,12,single,93,262144,28,234556483
gmimc,,mersenne31,16,single,158,262144,28,266117938
gmimc,,mersenne31,24,single,335,131072,28,322132255
gmimc,,koalabear,16,single,158,262144,28,305439162
gmimc,,koalabear,24,single,335,131072,28,331722975
gmimc,,babybear,16,single,158,131072,28,245863671
gmimc,,babybear,24,single,335,65536,28,259985539
gmimc2,alpha=8,bls12_381,3,single,63,32768,28,213409469
gmimc2,alpha=8,bls12_381,4,single,64,32768,28,216638642
gmimc2,alpha=8,bn254,3,single,63,32768,28,209657818
gmimc2,alpha=8,bn254,4,single,64,32768,28,213380825
gmimc2,alpha=4,goldilocks,8,single,88,262144,28,293947539
gmimc2,alpha=4,goldilocks,12,single,96,262144,28,362246780
gmimc2,alpha=2,mersenne31,16,single,176,65536,28,202590333
gmimc2,alpha=2,mersenne31,24,single,264,32768,28,224275964
gmimc2,alpha=2,koalabear,16,single,176,131072,28,290473047
gmimc2,alpha=2,koalabear,24,single,264,65536,28,233814698
gmimc2,alpha=2,babybear,16,single,176,131072,28,290383319
gmimc2,alpha=2,babybear,24,single,264,65536,28,234745537
poseidon,,bls12_381,3,single,8+56,16384,28,254823824
poseidon,,bls12_381,4,single,8+56,16384,28,375513760
poseidon,,bn254,3,single,8+56,16384,28,245204720
poseidon,,bn254,4,single,8+56,16384,28,366769191
poseidon,,goldilocks,8,single,8+22,131072,28,333830112
poseidon,,goldilocks,12,single,8+22,65536,28,319055736
poseidon,,mersenne31,16,single,8+14,65536,28,321655623
poseidon,,mersenne31,24,single,8+22,16384,28,225030192
poseidon,,koalabear,16,single,8+20,32768,28,253067913
poseidon,,koalabear,24,single,8+23,16384,28,299352689
poseidon,,babybear,16,single,8+13,65536,28,403112721
poseidon,,babybear,24,single,8+21,16384,28,286633643
poseidon2,,bls12_381,3,single,8+56,65536,28,315925796
poseidon2,,bls12_381,4,single,8+56,32768,28,283887962
poseidon2,,bn254,3,single,8+56,65536,28,308946546
poseidon2,,bn254,4,single,8+56,32768,28,273902864
poseidon2,,goldilocks,8,single,8+22,524288,28,390460760
poseidon2,,goldilocks,12,single,8+22,262144,28,267792076
poseidon2,,mersenne31,16,single,8+14,262144,28,250952290
poseidon2,,mersenne31,24,single,8+22,131072,28,209657478
poseidon2,,koalabear,16,single,8+20,262144,28,284276187
poseidon2,,koalabear,24,single,8+23,131072,28,207796420
poseidon2,,babybear,16,single,8+13,262144,28,305723493
poseidon2,,babybear,24,single,8+21,131072,28,247947776
neptune,,bls12_381,4,single,6+69,32768,28,325405490
neptune,,bn254,4,single,6+69,32768,28,313825122
neptune,,goldilocks,8,single,6+38,262144,28,315713149
neptune,,goldilocks,12,single,6+42,131072,28,303003301
psquarehash,,mersenne31,16,single,52,262144,28,243654464
psquarehash,,mersenne31,24,single,52,262144,28,354494254
psquarehash,,koalabear,16,single,52,262144,28,312648173
psquarehash,,koalabear,24,single,52,131072,28,229727831
psquarehash,,babybear,16,single,52,262144,28,310884747
psquarehash,,babybear,24,single,52,131072,28,230387974
rescue_prime,,bls12_381,3,current,16,1024,28,343934472
rescue_prime,,bls12_381,3,original,14,1024,28,300777000
rescue_prime,,bls12_381,4,current,13,1024,28,374168236
rescue_prime,,bls12_381,4,original,11,1024,28,316530206
rescue_prime,,bn254,3,current,16,1024,28,337633920
rescue_prime,,bn254,3,original,14,1024,28,295411394
rescue_prime,,bn254,4,current,13,1024,28,367152306
rescue_prime,,bn254,4,original,11,1024,28,310616856
rescue_prime,,goldilocks,8,single,8,16384,28,252778873
rescue_prime,,goldilocks,12,single,8,16384,28,394928548
rescue_prime,,mersenne31,16,single,8,16384,28,328172671
rescue_prime,,mersenne31,24,single,8,8192,28,265206835
rescue_prime,,koalabear,16,single,8,8192,28,237437827
rescue_prime,,koalabear,24,single,8,8192,28,380495028
rescue_prime,,babybear,16,single,8,8192,28,237317402
rescue_prime,,babybear,24,single,8,8192,28,383205743
anemoi,,bls12_381,4,current,20,1024,28,287606130
anemoi,,bls12_381,4,original,14,1024,28,201493734
anemoi,,bn254,4,current,20,1024,28,282445276
anemoi,,bn254,4,original,14,2048,28,395415858
anemoi,,goldilocks,8,single,11,32768,28,346843838
anemoi,,goldilocks,12,single,10,16384,28,238280903
anemoi,,mersenne31,16,single,10,32768,28,341949574
anemoi,,mersenne31,24,single,9,16384,28,239468701
anemoi,,koalabear,16,single,10,16384,28,259930115
anemoi,,koalabear,24,single,9,16384,28,362963810
anemoi,,babybear,16,single,9,16384,28,235105810
anemoi,,babybear,24,single,9,16384,28,363833846
griffin,,bls12_381,3,current,20,2048,28,287076930
griffin,,bls12_381,3,original,14,2048,28,200952562
griffin,,bls12_381,4,current,20,2048,28,291428762
griffin,,bls12_381,4,original,11,4096,28,318155934
griffin,,bn254,3,current,20,2048,28,282401724
griffin,,bn254,3,original,14,4096,28,395557804
griffin,,bn254,4,current,20,2048,28,284373739
griffin,,bn254,4,original,11,4096,28,313254775
griffin,,goldilocks,8,single,8,131072,28,282190640
griffin,,goldilocks,12,single,8,131072,28,301279840
arion,,bls12_381,3,single,11,4096,28,341833756
arion,,bls12_381,4,single,10,4096,28,330379544
arion,,bn254,3,single,11,4096,28,332270798
arion,,bn254,4,single,10,4096,28,320116857
grendel,native,bls12_381,3,single,24,256,28,268857968
grendel,native,bn254,3,single,24,256,28,266816673
xhash,XHash8,goldilocks,12,single,6,32768,28,283545712
xhash,XHash12,goldilocks,12,single,6,32768,28,369947309
xhash,XHash16,mersenne31,24,single,6,32768,28,301459685
xhash,XHash24,mersenne31,24,single,6,32768,28,362361935
reinforced_concrete,,bls12_381,3,single,7,131072,28,241418154
reinforced_concrete,,bn254,3,single,7,131072,28,240938157
skyscraper,,bls12_381,4,single,18,262144,28,286646697
skyscraper,,bn254,4,single,18,262144,28,279354321
monolith,,goldilocks,8,single,6,1048576,28,267383722
monolith,,goldilocks,12,single,6,524288,28,203217334
monolith,,mersenne31,16,single,6,524288,28,214413605
monolith,,mersenne31,24,single,6,262144,28,216703704
polocolo,,bls12_381,3,single,6,1024,28,261489859
polocolo,,bls12_381,4,single,5,1024,28,290898432
polocolo,,bn254,3,single,6,1024,28,234931384
polocolo,,bn254,4,single,5,1024,28,261820026
tip4p,,goldilocks,12,single,5,262144,28,331336311
plain,sha256_compress,-,-,single,-,8388608,28,211183950
plain,keccak_f1600,-,-,single,-,524288,28,203332930
plain,blake2b_compress,-,-,single,-,2097152,28,240100582
plain,blake3_compress,-,-,single,-,4194304,28,269733583
gmimc,,bls12_381,3,single,228,16384,29,259101948
gmimc,,bls12_381,4,single,231,16384,29,264353680
gmimc,,bn254,3,single,228,16384,29,250630107
gmimc,,bn254,4,single,231,16384,29,255516808
gmimc,,goldilocks,8,single,68,524288,29,335998543
gmimc,,goldilocks,12,single,93,262144,29,236725025
gmimc,,mersenne31,16,single,158,262144,29,267131481
gmimc,,mersenne31,24,single,335,131072,29,315496464
gmimc,,koalabear,16,single,158,262144,29,305326000
gmimc,,koalabear,24,single,335,131072,29,330041823
gmimc,,babybear,16,single,158,131072,29,245814539
gmimc,,babybear,24,single,335,65536,29,259377092
gmimc2,alpha=8,bls12_381,3,single,63,32768,29,212734557
gmimc2,alpha=8,bls12_381,4,single,64,32768,29,217540277
gmimc2,alpha=8,bn254,3,single,63,32768,29,209578280
gmimc2,alpha=8,bn254,4,single,64,32768,29,212767559
gmimc2,alpha=4,goldilocks,8,single,88,262144,29,294012130
gmimc2,alpha=4,goldilocks,12,single,96,262144,29,361056917
gmimc2,alpha=2,mersenne31,16,single,176,65536,29,201559686
gmimc2,alpha=2,mersenne31,24,single,264,32768,29,228664714
gmimc2,alpha=2,koalabear,16,single,176,131072,29,290232747
gmimc2,alpha=2,koalabear,24,single,264,65536,29,234631573
gmimc2,alpha=2,babybear,16,single,176,131072,29,290633797
gmimc2,alpha=2,babybear,24,single,264,65536,29,237685038
poseidon,,bls12_381,3,single,8+56,16384,29,254210427
poseidon,,bls12_381,4,single,8+56,16384,29,375696983
poseidon,,bn254,3,single,8+56,16384,29,245939934
poseidon,,bn254,4,single,8+56,16384,29,367460562
poseidon,,goldilocks,8,single,8+22,131072,29,334572739
poseidon,,goldilocks,12,single,8+22,65536,29,319880576
poseidon,,mersenne31,16,single,8+14,65536,29,324343775
poseidon,,mersenne31,24,single,8+22,16384,29,225468160
poseidon,,koalabear,16,single,8+20,32768,29,253690215
poseidon,,koalabear,24,single,8+23,16384,29,299095868
poseidon,,babybear,16,single,8+13,65536,29,401306896
poseidon,,babybear,24,single,8+21,16384,29,286375089
poseidon2,,bls12_381,3,single,8+56,65536,29,316008420
poseidon2,,bls12_381,4,single,8+56,32768,29,284285394
poseidon2,,bn254,3,single,8+56,65536,29,309099801
poseidon2,,bn254,4,single,8+56,32768,29,274028849
poseidon2,,goldilocks,8,single,8+22,524288,29,390624866
poseidon2,,goldilocks,12,single,8+22,262144,29,267678133
poseidon2,,mersenne31,16,single,8+14,262144,29,250508540
poseidon2,,mersenne31,24,single,8+22,131072,29,209706990
poseidon2,,koalabear,16,single,8+20,262144,29,284227836
poseidon2,,koalabear,24,single,8+23,131072,29,207016954
poseidon2,,babybear,16,single,8+13,262144,29,305444171
poseidon2,,babybear,24,single,8+21,131072,29,247749405
neptune,,bls12_381,4,single,6+69,32768,29,325662700
neptune,,bn254,4,single,6+69,32768,29,313447595
neptune,,goldilocks,8,single,6+38,262144,29,316116603
neptune,,goldilocks,12,single,6+42,131072,29,303537107
psquarehash,,mersenne31,16,single,52,262144,29,243396631
psquarehash,,mersenne31,24,single,52,262144,29,354363239
psquarehash,,koalabear,16,single,52,262144,29,311311785
psquarehash,,koalabear,24,single,52,131072,29,230989007
psquarehash,,babybear,16,single,52,262144,29,310885518
psquarehash,,babybear,24,single,52,131072,29,232016837
rescue_prime,,bls12_381,3,current,16,1024,29,344010845
rescue_prime,,bls12_381,3,original,14,1024,29,300759658
rescue_prime,,bls12_381,4,current,13,1024,29,374063149
rescue_prime,,bls12_381,4,original,11,1024,29,316434617
rescue_prime,,bn254,3,current,16,1024,29,337587031
rescue_prime,,bn254,3,original,14,1024,29,295327186
rescue_prime,,bn254,4,current,13,1024,29,367047579
rescue_prime,,bn254,4,original,11,1024,29,310565991
rescue_prime,,goldilocks,8,single,8,16384,29,252652526
rescue_prime,,goldilocks,12,single,8,16384,29,393912007
rescue_prime,,mersenne31,16,single,8,16384,29,328555496
rescue_prime,,mersenne31,24,single,8,8192,29,265228906
rescue_prime,,koalabear,16,single,8,8192,29,235575296
rescue_prime,,koalabear,24,single,8,8192,29,380453490
rescue_prime,,babybear,16,single,8,8192,29,237376522
rescue_prime,,babybear,24,single,8,8192,29,383453786
anemoi,,bls12_381,4,current,20,1024,29,287621788
anemoi,,bls12_381,4,original,14,1024,29,201353431
anemoi,,bn254,4,current,20,1024,29,282443051
anemoi,,bn254,4,original,14,2048,29,395418322
anemoi,,goldilocks,8,single,11,32768,29,346907107
anemoi,,goldilocks,12,single,10,16384,29,238228514
anemoi,,mersenne31,16,single,10,32768,29,341937871
anemoi,,mersenne31,24,single,9,16384,29,239453302
anemoi,,koalabear,16,single,10,16384,29,259928702
anemoi,,koalabear,24,single,9,16384,29,362966424
anemoi,,babybear,16,single,9,16384,29,235347912
anemoi,,babybear,24,single,9,16384,29,363779644
griffin,,bls12_381,3,current,20,2048,29,286998834
griffin,,bls12_381,3,original,14,2048,29,200920792
griffin,,bls12_381,4,current,20,2048,29,289178737
griffin,,bls12_381,4,original,11,4096,29,318221766
griffin,,bn254,3,current,20,2048,29,282482755
griffin,,bn254,3,original,14,4096,29,395455983
griffin,,bn254,4,current,20,2048,29,284362849
griffin,,bn254,4,original,11,4096,29,313219990
griffin,,goldilocks,8,single,8,131072,29,281754014
griffin,,goldilocks,12,single,8,131072,29,300708792
arion,,bls12_381,3,single,11,4096,29,341612423
arion,,bls12_381,4,single,10,4096,29,329356321
arion,,bn254,3,single,11,4096,29,332338143
arion,,bn254,4,single,10,4096,29,319926922
grendel,native,bls12_381,3,single,24,256,29,268566101
grendel,native,bn254,3,single,24,256,29,267107335
xhash,XHash8,goldilocks,12,single,6,32768,29,283414376
xhash,XHash12,goldilocks,12,single,6,32768,29,370154615
xhash,XHash16,mersenne31,24,single,6,32768,29,301360851
xhash,XHash24,mersenne31,24,single,6,32768,29,362907063
reinforced_concrete,,bls12_381,3,single,7,131072,29,240840815
reinforced_concrete,,bn254,3,single,7,131072,29,240592461
skyscraper,,bls12_381,4,single,18,262144,29,286473012
skyscraper,,bn254,4,single,18,262144,29,278915560
monolith,,goldilocks,8,single,6,1048576,29,265825310
monolith,,goldilocks,12,single,6,524288,29,204972683
monolith,,mersenne31,16,single,6,524288,29,213458099
monolith,,mersenne31,24,single,6,262144,29,216907384
polocolo,,bls12_381,3,single,6,1024,29,261485030
polocolo,,bls12_381,4,single,5,1024,29,290819282
polocolo,,bn254,3,single,6,1024,29,234886158
polocolo,,bn254,4,single,5,1024,29,261842468
tip4p,,goldilocks,12,single,5,262144,29,331481733
plain,sha256_compress,-,-,single,-,8388608,29,211152400
plain,keccak_f1600,-,-,single,-,524288,29,203003243
plain,blake2b_compress,-,-,single,-,2097152,29,239777819
plain,blake3_compress,-,-,single,-,4194304,29,272604898
gmimc,,bls12_381,3,single,228,16384,30,259017148
gmimc,,bls12_381,4,single,231,16384,30,265349671
gmimc,,bn254,3,single,228,16384,30,250823248
gmimc,,bn254,4,single,231,16384,30,255793375
gmimc,,goldilocks,8,single,68,524288,30,336067392
gmimc,,goldilocks,12,single,93,262144,30,235998527
gmimc,,mersenne31,16,single,158,262144,30,266567718
gmimc,,mersenne31,24,single,335,131072,30,316654778
gmimc,,koalabear,16,single,158,262144,30,305459068
gmimc,,koalabear,24,single,335,131072,30,332603448
gmimc,,babybear,16,single,158,131072,30,245941356
gmimc,,babybear,24,single,335,65536,30,259418509
gmimc2,alpha=8,bls12_381,3,single,63,32768,30,212759814
gmimc2,alpha=8,bls12_381,4,single,64,32768,30,217462331
gmimc2,alpha=8,bn254,3,single,63,32768,30,209321639
gmimc2,alpha=8,bn254,4,single,64,32768,30,212825336
gmimc2,alpha=4,goldilocks,8,single,88,262144,30,293962847
gmimc2,alpha=4,goldilocks,12,single,96,262144,30,361580484
gmimc2,alpha=2,mersenne31,16,single,176,65536,30,201550279
gmimc2,alpha=2,mersenne31,24,single,264,32768,30,227561933
gmimc2,alpha=2,koalabear,16,single,176,131072,30,290550280
gmimc2,alpha=2,koalabear,24,single,264,65536,30,233720580
gmimc2,alpha=2,babybear,16,single,176,131072,30,290242836
gmimc2,alpha=2,babybear,24,single,264,65536,30,233947694
poseidon,,bls12_381,3,single,8+56,16384,30,254452860
poseidon,,bls12_381,4,single,8+56,16384,30,375902185
poseidon,,bn254,3,single,8+56,16384,30,246232169
poseidon,,bn254,4,single,8+56,16384,30,367814933
poseidon,,goldilocks,8,single,8+22,131072,30,334105536
poseidon,,goldilocks,12,single,8+22,65536,30,319164417
poseidon,,mersenne31,16,single,8+14,65536,30,323163599
poseidon,,mersenne31,24,single,8+22,16384,30,225332758
poseidon,,koalabear,16,single,8+20,32768,30,251970893
poseidon,,koalabear,24,single,8+23,16384,30,299039282
poseidon,,babybear,16,single,8+13,65536,30,402022572
poseidon,,babybear,24,single,8+21,16384,30,286548612
poseidon2,,bls12_381,3,single,8+56,65536,30,316281771
poseidon2,,bls12_381,4,single,8+56,32768,30,284499924
poseidon2,,bn254,3,single,8+56,65536,30,309293853
poseidon2,,bn254,4,single,8+56,32768,30,274044127
poseidon2,,goldilocks,8,single,8+22,524288,30,390574040
poseidon2,,goldilocks,12,single,8+22,262144,30,267527090
poseidon2,,mersenne31,16,single,8+14,262144,30,250713843
poseidon2,,mersenne31,24,single,8+22,131072,30,209699475
poseidon2,,koalabear,16,single,8+20,262144,30,285425083
poseidon2,,koalabear,24,single,8+23,131072,30,206304502
poseidon2,,babybear,16,single,8+13,262144,30,305377215
poseidon2,,babybear,24,single,8+21,131072,30,247880599
neptune,,bls12_381,4,single,6+69,32768,30,325849930
neptune,,bn254,4,single,6+69,32768,30,314380448
neptune,,goldilocks,8,single,6+38,262144,30,315753653
neptune,,goldilocks,12,single,6+42,131072,30,303438903
psquarehash,,mersenne31,16,single,52,262144,30,243563322
psquarehash,,mersenne31,24,single,52,262144,30,354552802
psquarehash,,koalabear,16,single,52,262144,30,309040950
psquarehash,,koalabear,24,single,52,131072,30,231055731
psquarehash,,babybear,16,single,52,262144,30,310898462
psquarehash,,babybear,24,single,52,131072,30,231174543
rescue_prime,,bls12_381,3,current,16,1024,30,343983793
rescue_prime,,bls12_381,3,original,14,1024,30,300839506
rescue_prime,,bls12_381,4,current,13,1024,30,374118391
rescue_prime,,bls12_381,4,original,11,1024,30,316584596
rescue_prime,,bn254,3,current,16,1024,30,337682609
rescue_prime,,bn254,3,original,14,1024,30,295486162
rescue_prime,,bn254,4,current,13,1024,30,367359111
rescue_prime,,bn254,4,original,11,1024,30,310725368
rescue_prime,,goldilocks,8,single,8,16384,30,253060739
rescue_prime,,goldilocks,12,single,8,16384,30,393846655
rescue_prime,,mersenne31,16,single,8,16384,30,328235607
rescue_prime,,mersenne31,24,single,8,8192,30,265156170
rescue_prime,,koalabear,16,single,8,8192,30,236003156
rescue_prime,,koalabear,24,single,8,8192,30,380604210
rescue_prime,,babybear,16,single,8,8192,30,237733919
rescue_prime,,babybear,24,single,8,8192,30,384022408
anemoi,,bls12_381,4,current,20,1024,30,287665058
anemoi,,bls12_381,4,original,14,1024,30,203109762
anemoi,,bn254,4,current,20,1024,30,282494577
anemoi,,bn254,4,original,14,2048,30,395566498
anemoi,,goldilocks,8,single,11,32768,30,347144239
anemoi,,goldilocks,12,single,10,16384,30,238198367
anemoi,,mersenne31,16,single,10,32768,30,341674768
anemoi,,mersenne31,24,single,9,16384,30,239913212
anemoi,,koalabear,16,single,10,16384,30,260066038
anemoi,,koalabear,24,single,9,16384,30,363235687
anemoi,,babybear,16,single,9,16384,30,235366305
anemoi,,babybear,24,single,9,16384,30,363973185
griffin,,bls12_381,3,current,20,2048,30,287011738
griffin,,bls12_381,3,original,14,2048,30,200999579
griffin,,bls12_381,4,current,20,2048,30,289217029
griffin,,bls12_381,4,original,11,4096,30,318407452
griffin,,bn254,3,current,20,2048,30,282346540
griffin,,bn254,3,original,14,4096,30,395436986
griffin,,bn254,4,current,20,2048,30,284366294
griffin,,bn254,4,original,11,4096,30,313157021
griffin,,goldilocks,8,single,8,131072,30,281873617
griffin,,goldilocks,12,single,8,131072,30,300927460
arion,,bls12_381,3,single,11,4096,30,341464084
arion,,bls12_381,4,single,10,4096,30,329183098
arion,,bn254,3,single,11,4096,30,332426067
arion,,bn254,4,single,10,4096,30,319903367
grendel,native,bls12_381,3,single,24,256,30,268242867
grendel,native,bn254,3,single,24,256,30,266329061
xhash,XHash8,goldilocks,12,single,6,32768,30,283970334
xhash,XHash12,goldilocks,12,single,6,32768,30,370105283
xhash,XHash16,mersenne31,24,single,6,32768,30,301577675
xhash,XHash24,mersenne31,24,single,6,32768,30,362879511
reinforced_concrete,,bls12_381,3,single,7,131072,30,240756167
reinforced_concrete,,bn254,3,single,7,131072,30,240881020
skyscraper,,bls12_381,4,single,18,262144,30,286381330
skyscraper,,bn254,4,single,18,262144,30,279246658
monolith,,goldilocks,8,single,6,1048576,30,265543202
monolith,,goldilocks,12,single,6,524288,30,203485194
monolith,,mersenne31,16,single,6,524288,30,213633135
monolith,,mersenne31,24,single,6,262144,30,216883930
polocolo,,bls12_381,3,single,6,1024,30,261636042
polocolo,,bls12_381,4,single,5,1024,30,290971817
polocolo,,bn254,3,single,6,1024,30,234926213
polocolo,,bn254,4,single,5,1024,30,261802743
tip4p,,goldilocks,12,single,5,262144,30,331237175
plain,sha256_compress,-,-,single,-,8388608,30,211158882
plain,keccak_f1600,-,-,single,-,524288,30,203078814
plain,blake2b_compress,-,-,single,-,2097152,30,241367208
plain,blake3_compress,-,-,single,-,4194304,30,269692325
gmimc,,bls12_381,3,single,228,16384,31,258916941
gmimc,,bls12_381,4,single,231,16384,31,263849407
gmimc,,bn254,3,single,228,16384,31,250325918
gmimc,,bn254,4,single,231,16384,31,253642334
gmimc,,goldilocks,8,single,68,524288,31,336456398
gmimc,,goldilocks,12,single,93,262144,31,234875858
gmimc,,mersenne31,16,single,158,262144,31,267216008
gmimc,,mersenne31,24,single,335,131072,31,328659239
gmimc,,koalabear,16,single,158,262144,31,305342500
gmimc,,koalabear,24,single,335,131072,31,330541034
gmimc,,babybear,16,single,158,131072,31,245691018
gmimc,,babybear,24,single,335,65536,31,259333158
gmimc2,alpha=8,bls12_381,3,single,63,32768,31,213078138
gmimc2,alpha=8,bls12_381,4,single,64,32768,31,216573580
gmimc2,alpha=8,bn254,3,single,63,32768,31,209786137
gmimc2,alpha=8,bn254,4,single,64,32768,31,212558337
gmimc2,alpha=4,goldilocks,8,single,88,262144,31,294008221
gmimc2,alpha=4,goldilocks,12,single,96,262144,31,362061502
gmimc2,alpha=2,mersenne31,16,single,176,65536,31,201507157
gmimc2,alpha=2,mersenne31,24,single,264,32768,31,224723278
gmimc2,alpha=2,koalabear,16,single,176,131072,31,290267872
gmimc2,alpha=2,koalabear,24,single,264,65536,31,235099937
gmimc2,alpha=2,babybear,16,single,176,131072,31,290474267
gmimc2,alpha=2,babybear,24,single,264,65536,31,233847678
poseidon,,bls12_381,3,single,8+56,16384,31,254372158
poseidon,,bls12_381,4,single,8+56,16384,31,374860608
poseidon,,bn254,3,single,8+56,16384,31,245491555
poseidon,,bn254,4,single,8+56,16384,31,366670925
poseidon,,goldilocks,8,single,8+22,131072,31,333716568
poseidon,,goldilocks,12,single,8+22,65536,31,319205713
poseidon,,mersenne31,16,single,8+14,65536,31,322645060
poseidon,,mersenne31,24,single,8+22,16384,31,225446149
poseidon,,koalabear,16,single,8+20,32768,31,251848303
poseidon,,koalabear,24,single,8+23,16384,31,299338160
poseidon,,babybear,16,single,8+13,65536,31,400652141
poseidon,,babybear,24,single,8+21,16384,31,286664238
poseidon2,,bls12_381,3,single,8+56,65536,31,316072679
poseidon2,,bls12_381,4,single,8+56,32768,31,284160360
poseidon2,,bn254,3,single,8+56,65536,31,309180351
poseidon2,,bn254,4,single,8+56,32768,31,273818766
poseidon2,,goldilocks,8,single,8+22,524288,31,390599076
poseidon2,,goldilocks,12,single,8+22,262144,31,267763281
poseidon2,,mersenne31,16,single,8+14,262144,31,250881015
poseidon2,,mersenne31,24,single,8+22,131072,31,209419752
poseidon2,,koalabear,16,single,8+20,262144,31,286796685
poseidon2,,koalabear,24,single,8+23,131072,31,206238559
poseidon2,,babybear,16,single,8+13,262144,31,305706890
poseidon2,,babybear,24,single,8+21,131072,31,248739824
neptune,,bls12_381,4,single,6+69,32768,31,325636079
neptune,,bn254,4,single,6+69,32768,31,313639493
neptune,,goldilocks,8,single,6+38,262144,31,315962534
neptune,,goldilocks,12,single,6+42,131072,31,303389329
psquarehash,,mersenne31,16,single,52,262144,31,242117500
psquarehash,,mersenne31,24,single,52,262144,31,354420504
psquarehash,,koalabear,16,single,52,262144,31,311421007
psquarehash,,koalabear,24,single,52,131072,31,230810542
psquarehash,,babybear,16,single,52,262144,31,310846664
psquarehash,,babybear,24,single,52,131072,31,232152219
rescue_prime,,bls12_381,3,current,16,1024,31,343924401
rescue_prime,,bls12_381,3,original,14,1024,31,300778652
rescue_prime,,bls12_381,4,current,13,1024,31,374143869
rescue_prime,,bls12_381,4,original,11,1024,31,316622727
rescue_prime,,bn254,3,current,16,1024,31,337687087
rescue_prime,,bn254,3,original,14,1024,31,295414909
rescue_prime,,bn254,4,current,13,1024,31,367118691
rescue_prime,,bn254,4,original,11,1024,31,310611986
rescue_prime,,goldilocks,8,single,8,16384,31,252741482
rescue_prime,,goldilocks,12,single,8,16384,31,394082305
rescue_prime,,mersenne31,16,single,8,16384,31,329478539
rescue_prime,,mersenne31,24,single,8,8192,31,265161830
rescue_prime,,koalabear,16,single,8,8192,31,235550048
rescue_prime,,koalabear,24,single,8,8192,31,381048059
rescue_prime,,babybear,16,single,8,8192,31,237594147
rescue_prime,,babybear,24,single,8,8192,31,382116195
anemoi,,bls12_381,4,current,20,1024,31,287661992
anemoi,,bls12_381,4,original,14,1024,31,203082531
anemoi,,bn254,4,current,20,1024,31,282541504
anemoi,,bn254,4,original,14,2048,31,395567249
anemoi,,goldilocks,8,single,11,32768,31,346410938
anemoi,,goldilocks,12,single,10,16384,31,238045141
anemoi,,mersenne31,16,single,10,32768,31,339394367
anemoi,,mersenne31,24,single,9,16384,31,239279287
anemoi,,koalabear,16,single,10,16384,31,259119318
anemoi,,koalabear,24,single,9,16384,31,362881935
anemoi,,babybear,16,single,9,16384,31,234126368
anemoi,,babybear,24,single,9,16384,31,364260010
griffin,,bls12_381,3,current,20,2048,31,287090405
griffin,,bls12_381,3,original,14,2048,31,200924539
griffin,,bls12_381,4,current,20,2048,31,289472636
griffin,,bls12_381,4,original,11,4096,31,318183933
griffin,,bn254,3,current,20,2048,31,282387316
griffin,,bn254,3,original,14,4096,31,395343731
griffin,,bn254,4,current,20,2048,31,284330557
griffin,,bn254,4,original,11,4096,31,313145960
griffin,,goldilocks,8,single,8,131072,31,282101582
griffin,,goldilocks,12,single,8,131072,31,300676029
arion,,bls12_381,3,single,11,4096,31,341620807
arion,,bls12_381,4,single,10,4096,31,331896216
arion,,bn254,3,single,11,4096,31,332243706
arion,,bn254,4,single,10,4096,31,320087221
grendel,native,bls12_381,3,single,24,256,31,269150803
grendel,native,bn254,3,single,24,256,31,266250984
xhash,XHash8,goldilocks,12,single,6,32768,31,283742068
xhash,XHash12,goldilocks,12,single,6,32768,31,369966392
xhash,XHash16,mersenne31,24,single,6,32768,31,302015051
xhash,XHash24,mersenne31,24,single,6,32768,31,362773482
reinforced_concrete,,bls12_381,3,single,7,131072,31,242559375
reinforced_concrete,,bn254,3,single,7,131072,31,241028445
skyscraper,,bls12_381,4,single,18,262144,31,286653087
skyscraper,,bn254,4,single,18,262144,31,279268148
monolith,,goldilocks,8,single,6,1048576,31,266521159
monolith,,goldilocks,12,single,6,524288,31,204492956
monolith,,mersenne31,16,single,6,524288,31,213523771
monolith,,mersenne31,24,single,6,262144,31,216882727
polocolo,,bls12_381,3,single,6,1024,31,261502291
polocolo,,bls12_381,4,single,5,1024,31,290840662
polocolo,,bn254,3,single,6,1024,31,234892048
polocolo,,bn254,4,single,5,1024,31,261717503
tip4p,,goldilocks,12,single,5,262144,31,331707624
plain,sha256_compress,-,-,single,-,8388608,31,211132623
plain,keccak_f1600,-,-,single,-,524288,31,203356953
plain,blake2b_compress,-,-,single,-,2097152,31,240223420
plain,blake3_compress,-,-,single,-,4194304,31,269319779
gmimc,,bls12_381,3,single,228,16384,32,258923723
gmimc,,bls12_381,4,single,231,16384,32,263984580
gmimc,,bn254,3,single,228,16384,32,250154607
gmimc,,bn254,4,single,231,16384,32,254014750
gmimc,,goldilocks,8,single,68,524288,32,336333277
gmimc,,goldilocks,12,single,93,262144,32,236484083
gmimc,,mersenne31,16,single,158,262144,32,267981468
gmimc,,mersenne31,24,single,335,131072,32,315638789
gmimc,,koalabear,16,single,158,262144,32,305297265
gmimc,,koalabear,24,single,335,131072,32,331272881
gmimc,,babybear,16,single,158,131072,32,245924233
gmimc,,babybear,24,single,335,65536,32,259249151
gmimc2,alpha=8,bls12_381,3,single,63,32768,32,212682970
gmimc2,alpha=8,bls12_381,4,single,64,32768,32,217490022
gmimc2,alpha=8,bn254,3,single,63,32768,32,209427888
gmimc2,alpha=8,bn254,4,single,64,32768,32,213029427
gmimc2,alpha=4,goldilocks,8,single,88,262144,32,293695516
gmimc2,alpha=4,goldilocks,12,single,96,262144,32,361597024
gmimc2,alpha=2,mersenne31,16,single,176,65536,32,201630487
gmimc2,alpha=2,mersenne31,24,single,264,32768,32,224656303
gmimc2,alpha=2,koalabear,16,single,176,131072,32,290573522
gmimc2,alpha=2,koalabear,24,single,264,65536,32,235334195
gmimc2,alpha=2,babybear,16,single,176,131072,32,290268262
gmimc2,alpha=2,babybear,24,single,264,65536,32,233998128
poseidon,,bls12_381,3,single,8+56,16384,32,254328126
poseidon,,bls12_381,4,single,8+56,16384,32,374679689
poseidon,,bn254,3,single,8+56,16384,32,245367332
poseidon,,bn254,4,single,8+56,16384,32,367145321
poseidon,,goldilocks,8,single,8+22,131072,32,335519366
poseidon,,goldilocks,12,single,8+22,65536,32,319920229
poseidon,,mersenne31,16,single,8+14,65536,32,327442273
poseidon,,mersenne31,24,single,8+22,16384,32,226509525
poseidon,,koalabear,16,single,8+20,32768,32,252050670
poseidon,,koalabear,24,single,8+23,16384,32,299211743
poseidon,,babybear,16,single,8+13,65536,32,402673828
poseidon,,babybear,24,single,8+21,16384,32,286437003
poseidon2,,bls12_381,3,single,8+56,65536,32,316313158
poseidon2,,bls12_381,4,single,8+56,32768,32,284227955
poseidon2,,bn254,3,single,8+56,65536,32,309428935
poseidon2,,bn254,4,single,8+56,32768,32,274149373
poseidon2,,goldilocks,8,single,8+22,524288,32,390414680
poseidon2,,goldilocks,12,single,8+22,262144,32,267751989
poseidon2,,mersenne31,16,single,8+14,262144,32,250522134
poseidon2,,mersenne31,24,single,8+22,131072,32,209500543
poseidon2,,koalabear,16,single,8+20,262144,32,286009825
poseidon2,,koalabear,24,single,8+23,131072,32,206952642
poseidon2,,babybear,16,single,8+13,262144,32,305255476
poseidon2,,babybear,24,single,8+21,131072,32,247990714
neptune,,bls12_381,4,single,6+69,32768,32,325126937
neptune,,bn254,4,single,6+69,32768,32,313507906
neptune,,goldilocks,8,single,6+38,262144,32,315624551
neptune,,goldilocks,12,single,6+42,131072,32,303646740
psquarehash,,mersenne31,16,single,52,262144,32,243104634
psquarehash,,mersenne31,24,single,52,262144,32,354385779
psquarehash,,koalabear,16,single,52,262144,32,308981157
psquarehash,,koalabear,24,single,52,131072,32,230985289
psquarehash,,babybear,16,single,52,262144,32,310833479
psquarehash,,babybear,24,single,52,131072,32,232025762
rescue_prime,,bls12_381,3,current,16,1024,32,346595752
rescue_prime,,bls12_381,3,original,14,1024,32,303074471
rescue_prime,,bls12_381,4,current,13,1024,32,376986659
rescue_prime,,bls12_381,4,original,11,1024,32,318991332
rescue_prime,,bn254,3,current,16,1024,32,337724486
rescue_prime,,bn254,3,original,14,1024,32,295380564
rescue_prime,,bn254,4,current,13,1024,32,367147234
rescue_prime,,bn254,4,original,11,1024,32,310615762
rescue_prime,,goldilocks,8,single,8,16384,32,252636274
rescue_prime,,goldilocks,12,single,8,16384,32,394809693
rescue_prime,,mersenne31,16,single,8,16384,32,329302349
rescue_prime,,mersenne31,24,single,8,8192,32,265194901
rescue_prime,,koalabear,16,single,8,8192,32,236302354
rescue_prime,,koalabear,24,single,8,8192,32,380848305
rescue_prime,,babybear,16,single,8,8192,32,237268128
rescue_prime,,babybear,24,single,8,8192,32,384671279
anemoi,,bls12_381,4,current,20,1024,32,287543801
anemoi,,bls12_381,4,original,14,1024,32,201521103
anemoi,,bn254,4,current,20,1024,32,282509865
anemoi,,bn254,4,original,14,2048,32,398421731
anemoi,,goldilocks,8,single,11,32768,32,346408352
anemoi,,goldilocks,12,single,10,16384,32,238133555
anemoi,,mersenne31,16,single,10,32768,32,339550768
anemoi,,mersenne31,24,single,9,16384,32,239362101
anemoi,,koalabear,16,single,10,16384,32,259101795
anemoi,,koalabear,24,single,9,16384,32,363341143
anemoi,,babybear,16,single,9,16384,32,234286476
anemoi,,babybear,24,single,9,16384,32,363960981
griffin,,bls12_381,3,current,20,2048,32,287945932
griffin,,bls12_381,3,original,14,2048,32,200920351
griffin,,bls12_381,4,current,20,2048,32,289161354
griffin,,bls12_381,4,original,11,4096,32,318090168
griffin,,bn254,3,current,20,2048,32,282316293
griffin,,bn254,3,original,14,4096,32,395418460
griffin,,bn254,4,current,20,2048,32,284344082
griffin,,bn254,4,original,11,4096,32,313259281
griffin,,goldilocks,8,single,8,131072,32,282637383
griffin,,goldilocks,12,single,8,131072,32,301050509
arion,,bls12_381,3,single,11,4096,32,342483779
arion,,bls12_381,4,single,10,4096,32,329258176
arion,,bn254,3,single,11,4096,32,332179616
arion,,bn254,4,single,10,4096,32,320024804
grendel,native,bls12_381,3,single,24,256,32,268131508
grendel,native,bn254,3,single,24,256,32,266934291
xhash,XHash8,goldilocks,12,single,6,32768,32,283616802
xhash,XHash12,goldilocks,12,single,6,32768,32,370198185
xhash,XHash16,mersenne31,24,single,6,32768,32,301457790
xhash,XHash24,mersenne31,24,single,6,32768,32,362973585
reinforced_concrete,,bls12_381,3,single,7,131072,32,241031209
reinforced_concrete,,bn254,3,single,7,131072,32,240690383
skyscraper,,bls12_381,4,single,18,262144,32,286213335
skyscraper,,bn254,4,single,18,262144,32,278799371
monolith,,goldilocks,8,single,6,1048576,32,266186634
monolith,,goldilocks,12,single,6,524288,32,205418625
monolith,,mersenne31,16,single,6,524288,32,214075451
monolith,,mersenne31,24,single,6,262144,32,216759376
polocolo,,bls12_381,3,single,6,1024,32,261500728
polocolo,,bls12_381,4,single,5,1024,32,290805555
polocolo,,bn254,3,single,6,1024,32,234830303
polocolo,,bn254,4,single,5,1024,32,261882832
tip4p,,goldilocks,12,single,5,262144,32,330772035
plain,sha256_compress,-,-,single,-,8388608,32,211209826
plain,keccak_f1600,-,-,single,-,524288,32,203239835
plain,blake2b_compress,-,-,single,-,2097152,32,239902039
plain,blake3_compress,-,-,single,-,4194304,32,270439741
gmimc,,bls12_381,3,single,228,16384,33,258981971
gmimc,,bls12_381,4,single,231,16384,33,264720464
gmimc,,bn254,3,single,228,16384,33,249834108
gmimc,,bn254,4,single,231,16384,33,254821257
gmimc,,goldilocks,8,single,68,524288,33,336091655
gmimc,,goldilocks,12,single,93,262144,33,234736076
gmimc,,mersenne31,16,single,158,262144,33,269407242
gmimc,,mersenne31,24,single,335,131072,33,320131393
gmimc,,koalabear,16,single,158,262144,33,305610950
gmimc,,koalabear,24,single,335,131072,33,329258997
gmimc,,babybear,16,single,158,131072,33,245783569
gmimc,,babybear,24,single,335,65536,33,259684233
gmimc2,alpha=8,bls12_381,3,single,63,32768,33,213628306
gmimc2,alpha=8,bls12_381,4,single,64,32768,33,217520459
gmimc2,alpha=8,bn254,3,single,63,32768,33,209228905
gmimc2,alpha=8,bn254,4,single,64,32768,33,212604062
gmimc2,alpha=4,goldilocks,8,single,88,262144,33,294074052
gmimc2,alpha=4,goldilocks,12,single,96,262144,33,361752493
gmimc2,alpha=2,mersenne31,16,single,176,65536,33,201551710
gmimc2,alpha=2,mersenne31,24,single,264,32768,33,224697709
gmimc2,alpha=2,koalabear,16,single,176,131072,33,290354653
gmimc2,alpha=2,koalabear,24,single,264,65536,33,233717864
gmimc2,alpha=2,babybear,16,single,176,131072,33,290528397
gmimc2,alpha=2,babybear,24,single,264,65536,33,238256575
poseidon,,bls12_381,3,single,8+56,16384,33,254496069
poseidon,,bls12_381,4,single,8+56,16384,33,375599838
poseidon,,bn254,3,single,8+56,16384,33,245820228
poseidon,,bn254,4,single,8+56,16384,33,367579711
poseidon,,goldilocks,8,single,8+22,131072,33,334217072
poseidon,,goldilocks,12,single,8+22,65536,33,319226722
poseidon,,mersenne31,16,single,8+14,65536,33,321713057
poseidon,,mersenne31,24,single,8+22,16384,33,226261472
poseidon,,koalabear,16,single,8+20,32768,33,251745139
poseidon,,koalabear,24,single,8+23,16384,33,299103872
poseidon,,babybear,16,single,8+13,65536,33,402283658
poseidon,,babybear,24,single,8+21,16384,33,286799500
poseidon2,,bls12_381,3,single,8+56,65536,33,316098095
poseidon2,,bls12_381,4,single,8+56,32768,33,284730724
poseidon2,,bn254,3,single,8+56,65536,33,309159531
poseidon2,,bn254,4,single,8+56,32768,33,273939460
poseidon2,,goldilocks,8,single,8+22,524288,33,390622748
poseidon2,,goldilocks,12,single,8+22,262144,33,267942445
poseidon2,,mersenne31,16,single,8+14,262144,33,250441894
poseidon2,,mersenne31,24,single,8+22,131072,33,209556677
poseidon2,,koalabear,16,single,8+20,262144,33,283690350
poseidon2,,koalabear,24,single,8+23,131072,33,207561209
poseidon2,,babybear,16,single,8+13,262144,33,306431814
poseidon2,,babybear,24,single,8+21,131072,33,248511467
neptune,,bls12_381,4,single,6+69,32768,33,325977425
neptune,,bn254,4,single,6+69,32768,33,314086647
neptune,,goldilocks,8,single,6+38,262144,33,315136259
neptune,,goldilocks,12,single,6+42,131072,33,303672588
psquarehash,,mersenne31,16,single,52,262144,33,243555146
psquarehash,,mersenne31,24,single,52,262144,33,354398502
psquarehash,,koalabear,16,single,52,262144,33,312017311
psquarehash,,koalabear,24,single,52,131072,33,231182386
psquarehash,,babybear,16,single,52,262144,33,310900052
psquarehash,,babybear,24,single,52,131072,33,231335262
rescue_prime,,bls12_381,3,current,16,1024,33,343893112
rescue_prime,,bls12_381,3,original,14,1024,33,300808917
rescue_prime,,bls12_381,4,current,13,1024,33,374123629
rescue_prime,,bls12_381,4,original,11,1024,33,316583322
rescue_prime,,bn254,3,current,16,1024,33,337669262
rescue_prime,,bn254,3,original,14,1024,33,295403957
rescue_prime,,bn254,4,current,13,1024,33,367288717
rescue_prime,,bn254,4,original,11,1024,33,310666597
rescue_prime,,goldilocks,8,single,8,16384,33,252655930
rescue_prime,,goldilocks,12,single,8,16384,33,394137566
rescue_prime,,mersenne31,16,single,8,16384,33,328282472
rescue_prime,,mersenne31,24,single,8,8192,33,265204318
rescue_prime,,koalabear,16,single,8,8192,33,236899198
rescue_prime,,koalabear,24,single,8,8192,33,380953511
rescue_prime,,babybear,16,single,8,8192,33,238159473
rescue_prime,,babybear,24,single,8,8192,33,383899415
anemoi,,bls12_381,4,current,20,1024,33,287650670
anemoi,,bls12_381,4,original,14,1024,33,202986450
anemoi,,bn254,4,current,20,1024,33,282516697
anemoi,,bn254,4,original,14,2048,33,395519398
anemoi,,goldilocks,8,single,11,32768,33,346346045
anemoi,,goldilocks,12,single,10,16384,33,238141169
anemoi,,mersenne31,16,single,10,32768,33,339384888
anemoi,,mersenne31,24,single,9,16384,33,239623659
anemoi,,koalabear,16,single,10,16384,33,259219716
anemoi,,koalabear,24,single,9,16384,33,362949229
anemoi,,babybear,16,single,9,16384,33,233982438
anemoi,,babybear,24,single,9,16384,33,363641903
griffin,,bls12_381,3,current,20,2048,33,287029980
griffin,,bls12_381,3,original,14,2048,33,200907345
griffin,,bls12_381,4,current,20,2048,33,289200856
griffin,,bls12_381,4,original,11,4096,33,318026128
griffin,,bn254,3,current,20,2048,33,282319257
griffin,,bn254,3,original,14,4096,33,395395707
griffin,,bn254,4,current,20,2048,33,284279169
griffin,,bn254,4,original,11,4096,33,313211482
griffin,,goldilocks,8,single,8,131072,33,281851434
griffin,,goldilocks,12,single,8,131072,33,300945692
arion,,bls12_381,3,single,11,4096,33,341682571
arion,,bls12_381,4,single,10,4096,33,329316795
arion,,bn254,3,single,11,4096,33,332211654
arion,,bn254,4,single,10,4096,33,319929184
grendel,native,bls12_381,3,single,24,256,33,268702674
grendel,native,bn254,3,single,24,256,33,266367130
xhash,XHash8,goldilocks,12,single,6,32768,33,283565286
xhash,XHash12,goldilocks,12,single,6,32768,33,370107635
xhash,XHash16,mersenne31,24,single,6,32768,33,300848320
xhash,XHash24,mersenne31,24,single,6,32768,33,362959708
reinforced_concrete,,bls12_381,3,single,7,131072,33,242037509
reinforced_concrete,,bn254,3,single,7,131072,33,240970095
skyscraper,,bls12_381,4,single,18,262144,33,286473580
skyscraper,,bn254,4,single,18,262144,33,278196644
monolith,,goldilocks,8,single,6,1048576,33,266064866
monolith,,goldilocks,12,single,6,524288,33,204726692
monolith,,mersenne31,16,single,6,524288,33,213602747
monolith,,mersenne31,24,single,6,262144,33,216445811
polocolo,,bls12_381,3,single,6,1024,33,261466303
polocolo,,bls12_381,4,single,5,1024,33,290876838
polocolo,,bn254,3,single,6,1024,33,234883541
polocolo,,bn254,4,single,5,1024,33,261781642
tip4p,,goldilocks,12,single,5,262144,33,331086943
plain,sha256_compress,-,-,single,-,8388608,33,211160554
plain,keccak_f1600,-,-,single,-,524288,33,203126362
plain,blake2b_compress,-,-,single,-,2097152,33,239716903
plain,blake3_compress,-,-,single,-,4194304,33,271353577
gmimc,,bls12_381,3,single,228,16384,34,258976791
gmimc,,bls12_381,4,single,231,16384,34,263949293
gmimc,,bn254,3,single,228,16384,34,251312190
gmimc,,bn254,4,single,231,16384,34,254508663
gmimc,,goldilocks,8,single,68,524288,34,336157918
gmimc,,goldilocks,12,single,93,262144,34,234978559
gmimc,,mersenne31,16,single,158,262144,34,266195810
gmimc,,mersenne31,24,single,335,131072,34,316881489
gmimc,,koalabear,16,single,158,262144,34,305395616
gmimc,,koalabear,24,single,335,131072,34,330531215
gmimc,,babybear,16,single,158,131072,34,246045278
gmimc,,babybear,24,single,335,65536,34,259425259
gmimc2,alpha=8,bls12_381,3,single,63,32768,34,212969043
gmimc2,alpha=8,bls12_381,4,single,64,32768,34,216631317
gmimc2,alpha=8,bn254,3,single,63,32768,34,209767451
gmimc2,alpha=8,bn254,4,single,64,32768,34,212306986
gmimc2,alpha=4,goldilocks,8,single,88,262144,34,294170923
gmimc2,alpha=4,goldilocks,12,single,96,262144,34,361093261
gmimc2,alpha=2,mersenne31,16,single,176,65536,34,203363415
gmimc2,alpha=2,mersenne31,24,single,264,32768,34,227393335
gmimc2,alpha=2,koalabear,16,single,176,131072,34,290448508
gmimc2,alpha=2,koalabear,24,single,264,65536,34,234367637
gmimc2,alpha=2,babybear,16,single,176,131072,34,290268090
gmimc2,alpha=2,babybear,24,single,264,65536,34,234260057
poseidon,,bls12_381,3,single,8+56,16384,34,254632945
poseidon,,bls12_381,4,single,8+56,16384,34,374854113
poseidon,,bn254,3,single,8+56,16384,34,245320614
poseidon,,bn254,4,single,8+56,16384,34,367129570
poseidon,,goldilocks,8,single,8+22,131072,34,333886353
poseidon,,goldilocks,12,single,8+22,65536,34,319024673
poseidon,,mersenne31,16,single,8+14,65536,34,327072030
poseidon,,mersenne31,24,single,8+22,16384,34,226300093
poseidon,,koalabear,16,single,8+20,32768,34,251218434
poseidon,,koalabear,24,single,8+23,16384,34,299191945
poseidon,,babybear,16,single,8+13,65536,34,400928535
poseidon,,babybear,24,single,8+21,16384,34,287050979
poseidon2,,bls12_381,3,single,8+56,65536,34,316019277
poseidon2,,bls12_381,4,single,8+56,32768,34,284014926
poseidon2,,bn254,3,single,8+56,65536,34,309178525
poseidon2,,bn254,4,single,8+56,32768,34,274223871
poseidon2,,goldilocks,8,single,8+22,524288,34,390971980
poseidon2,,goldilocks,12,single,8+22,262144,34,267852065
poseidon2,,mersenne31,16,single,8+14,262144,34,250663617
poseidon2,,mersenne31,24,single,8+22,131072,34,209558581
poseidon2,,koalabear,16,single,8+20,262144,34,289280525
poseidon2,,koalabear,24,single,8+23,131072,34,206562702
poseidon2,,babybear,16,single,8+13,262144,34,305378535
poseidon2,,babybear,24,single,8+21,131072,34,247727982
neptune,,bls12_381,4,single,6+69,32768,34,325291343
neptune,,bn254,4,single,6+69,32768,34,313446730
neptune,,goldilocks,8,single,6+38,262144,34,316041179
neptune,,goldilocks,12,single,6+42,131072,34,303337481
psquarehash,,mersenne31,16,single,52,262144,34,243617431
psquarehash,,mersenne31,24,single,52,262144,34,354496565
psquarehash,,koalabear,16,single,52,262144,34,311643942
psquarehash,,koalabear,24,single,52,131072,34,231037986
psquarehash,,babybear,16,single,52,262144,34,310716699
psquarehash,,babybear,24,single,52,131072,34,232250572
rescue_prime,,bls12_381,3,current,16,1024,34,344081814
rescue_prime,,bls12_381,3,original,14,1024,34,302365445
rescue_prime,,bls12_381,4,current,13,1024,34,377212670
rescue_prime,,bls12_381,4,original,11,1024,34,319162330
rescue_prime,,bn254,3,current,16,1024,34,337779959
rescue_prime,,bn254,3,original,14,1024,34,295538498
rescue_prime,,bn254,4,current,13,1024,34,367348819
rescue_prime,,bn254,4,original,11,1024,34,310735685
rescue_prime,,goldilocks,8,single,8,16384,34,253029958
rescue_prime,,goldilocks,12,single,8,16384,34,394606913
rescue_prime,,mersenne31,16,single,8,16384,34,329136507
rescue_prime,,mersenne31,24,single,8,8192,34,265244442
rescue_prime,,koalabear,16,single,8,8192,34,237326797
rescue_prime,,koalabear,24,single,8,8192,34,381030444
rescue_prime,,babybear,16,single,8,8192,34,236635606
rescue_prime,,babybear,24,single,8,8192,34,383149624
anemoi,,bls12_381,4,current,20,1024,34,287726611
anemoi,,bls12_381,4,original,14,1024,34,201592155
anemoi,,bn254,4,current,20,1024,34,282640257
anemoi,,bn254,4,original,14,2048,34,395694094
anemoi,,goldilocks,8,single,11,32768,34,346844987
anemoi,,goldilocks,12,single,10,16384,34,238167518
anemoi,,mersenne31,16,single,10,32768,34,339578179
anemoi,,mersenne31,24,single,9,16384,34,239654896
anemoi,,koalabear,16,single,10,16384,34,259046110
anemoi,,koalabear,24,single,9,16384,34,363124767
anemoi,,babybear,16,single,9,16384,34,234352248
anemoi,,babybear,24,single,9,16384,34,363979714
griffin,,bls12_381,3,current,20,2048,34,287116161
griffin,,bls12_381,3,original,14,2048,34,201012162
griffin,,bls12_381,4,current,20,2048,34,289305922
griffin,,bls12_381,4,original,11,4096,34,319481336
griffin,,bn254,3,current,20,2048,34,282403355
griffin,,bn254,3,original,14,4096,34,395519587
griffin,,bn254,4,current,20,2048,34,284385658
griffin,,bn254,4,original,11,4096,34,313336344
griffin,,goldilocks,8,single,8,131072,34,281900225
griffin,,goldilocks,12,single,8,131072,34,301155554
arion,,bls12_381,3,single,11,4096,34,341607400
arion,,bls12_381,4,single,10,4096,34,329982167
arion,,bn254,3,single,11,4096,34,332451402
arion,,bn254,4,single,10,4096,34,320025914
grendel,native,bls12_381,3,single,24,256,34,269166922
grendel,native,bn254,3,single,24,256,34,267135746
xhash,XHash8,goldilocks,12,single,6,32768,34,283281315
xhash,XHash12,goldilocks,12,single,6,32768,34,370173717
xhash,XHash16,mersenne31,24,single,6,32768,34,301454352
xhash,XHash24,mersenne31,24,single,6,32768,34,363594494
reinforced_concrete,,bls12_381,3,single,7,131072,34,240672558
reinforced_concrete,,bn254,3,single,7,131072,34,240995051
skyscraper,,bls12_381,4,single,18,262144,34,286500480
skyscraper,,bn254,4,single,18,262144,34,278304215
monolith,,goldilocks,8,single,6,1048576,34,264491766
monolith,,goldilocks,12,single,6,524288,34,203272714
monolith,,mersenne31,16,single,6,524288,34,213766303
monolith,,mersenne31,24,single,6,262144,34,216914595
polocolo,,bls12_381,3,single,6,1024,34,263753256
polocolo,,bls12_381,4,single,5,1024,34,291762212
polocolo,,bn254,3,single,6,1024,34,235021639
polocolo,,bn254,4,single,5,1024,34,261871209
tip4p,,goldilocks,12,single,5,262144,34,331436385
plain,sha256_compress,-,-,single,-,8388608,34,211130147
plain,keccak_f1600,-,-,single,-,524288,34,203104140
plain,blake2b_compress,-,-,single,-,2097152,34,240675283
plain,blake3_compress,-,-,single,-,4194304,34,268911053
gmimc,,bls12_381,3,single,228,16384,35,258876884
gmimc,,bls12_381,4,single,231,16384,35,263982664
gmimc,,bn254,3,single,228,16384,35,250641094
gmimc,,bn254,4,single,231,16384,35,254732881
gmimc,,goldilocks,8,single,68,524288,35,336715029
gmimc,,goldilocks,12,single,93,262144,35,235045774
gmimc,,mersenne31,16,single,158,262144,35,267018457
gmimc,,mersenne31,24,single,335,131072,35,321496623
gmimc,,koalabear,16,single,158,262144,35,305580362
gmimc,,koalabear,24,single,335,131072,35,331660073
gmimc,,babybear,16,single,158,131072,35,246172485
gmimc,,babybear,24,single,335,65536,35,259493226
gmimc2,alpha=8,bls12_381,3,single,63,32768,35,212746768
gmimc2,alpha=8,bls12_381,4,single,64,32768,35,217538902
gmimc2,alpha=8,bn254,3,single,63,32768,35,209656833
gmimc2,alpha=8,bn254,4,single,64,32768,35,212885327
gmimc2,alpha=4,goldilocks,8,single,88,262144,35,294872955
gmimc2,alpha=4,goldilocks,12,single,96,262144,35,362709250
gmimc2,alpha=2,mersenne31,16,single,176,65536,35,201669309
gmimc2,alpha=2,mersenne31,24,single,264,32768,35,226283391
gmimc2,alpha=2,koalabear,16,single,176,131072,35,290704275
gmimc2,alpha=2,koalabear,24,single,264,65536,35,234702634
gmimc2,alpha=2,babybear,16,single,176,131072,35,290359932
gmimc2,alpha=2,babybear,24,single,264,65536,35,234496498
poseidon,,bls12_381,3,single,8+56,16384,35,254825343
poseidon,,bls12_381,4,single,8+56,16384,35,375727275
poseidon,,bn254,3,single,8+56,16384,35,246300164
poseidon,,bn254,4,single,8+56,16384,35,367929574
poseidon,,goldilocks,8,single,8+22,131072,35,334270921
poseidon,,goldilocks,12,single,8+22,65536,35,319384125
poseidon,,mersenne31,16,single,8+14,65536,35,324429652
poseidon,,mersenne31,24,single,8+22,16384,35,225764552
poseidon,,koalabear,16,single,8+20,32768,35,251959488
poseidon,,koalabear,24,single,8+23,16384,35,299286511
poseidon,,babybear,16,single,8+13,65536,35,400915650
poseidon,,babybear,24,single,8+21,16384,35,286703479
poseidon2,,bls12_381,3,single,8+56,65536,35,316526785
poseidon2,,bls12_381,4,single,8+56,32768,35,284441383
poseidon2,,bn254,3,single,8+56,65536,35,309116258
poseidon2,,bn254,4,single,8+56,32768,35,273943526
poseidon2,,goldilocks,8,single,8+22,524288,35,390872364
poseidon2,,goldilocks,12,single,8+22,262144,35,267829081
poseidon2,,mersenne31,16,single,8+14,262144,35,250549073
poseidon2,,mersenne31,24,single,8+22,131072,35,209304635
poseidon2,,koalabear,16,single,8+20,262144,35,286593313
poseidon2,,koalabear,24,single,8+23,131072,35,208712409
poseidon2,,babybear,16,single,8+13,262144,35,304468554
poseidon2,,babybear,24,single,8+21,131072,35,247899511
neptune,,bls12_381,4,single,6+69,32768,35,325451171
neptune,,bn254,4,single,6+69,32768,35,313674396
neptune,,goldilocks,8,single,6+38,262144,35,315621775
neptune,,goldilocks,12,single,6+42,131072,35,303120054
psquarehash,,mersenne31,16,single,52,262144,35,243657025
psquarehash,,mersenne31,24,single,52,262144,35,354749716
psquarehash,,koalabear,16,single,52,262144,35,311752114
psquarehash,,koalabear,24,single,52,131072,35,230260643
psquarehash,,babybear,16,single,52,262144,35,310831173
psquarehash,,babybear,24,single,52,131072,35,232181021
rescue_prime,,bls12_381,3,current,16,1024,35,344137507
rescue_prime,,bls12_381,3,original,14,1024,35,301071076
rescue_prime,,bls12_381,4,current,13,1024,35,374328671
rescue_prime,,bls12_381,4,original,11,1024,35,316718193
rescue_prime,,bn254,3,current,16,1024,35,337862352
rescue_prime,,bn254,3,original,14,1024,35,295526155
rescue_prime,,bn254,4,current,13,1024,35,367332718
rescue_prime,,bn254,4,original,11,1024,35,310758657
rescue_prime,,goldilocks,8,single,8,16384,35,252858348
rescue_prime,,goldilocks,12,single,8,16384,35,393818529
rescue_prime,,mersenne31,16,single,8,16384,35,328971268
rescue_prime,,mersenne31,24,single,8,8192,35,265239212
rescue_prime,,koalabear,16,single,8,8192,35,236895881
rescue_prime,,koalabear,24,single,8,8192,35,381571394
rescue_prime,,babybear,16,single,8,8192,35,236966674
rescue_prime,,babybear,24,single,8,8192,35,384168496
anemoi,,bls12_381,4,current,20,1024,35,287906086
anemoi,,bls12_381,4,original,14,1024,35,201544074
anemoi,,bn254,4,current,20,1024,35,282586085
anemoi,,bn254,4,original,14,2048,35,395558850
anemoi,,goldilocks,8,single,11,32768,35,347956162
anemoi,,goldilocks,12,single,10,16384,35,238179329
anemoi,,mersenne31,16,single,10,32768,35,341831308
anemoi,,mersenne31,24,single,9,16384,35,239319771
anemoi,,koalabear,16,single,10,16384,35,260214894
anemoi,,koalabear,24,single,9,16384,35,363188825
anemoi,,babybear,16,single,9,16384,35,235508007
anemoi,,babybear,24,single,9,16384,35,364287909
griffin,,bls12_381,3,current,20,2048,35,287200878
griffin,,bls12_381,3,original,14,2048,35,202124960
griffin,,bls12_381,4,current,20,2048,35,290842353
griffin,,bls12_381,4,original,11,4096,35,318369809
griffin,,bn254,3,current,20,2048,35,282541593
griffin,,bn254,3,original,14,4096,35,395617941
griffin,,bn254,4,current,20,2048,35,284422036
griffin,,bn254,4,original,11,4096,35,313418928
griffin,,goldilocks,8,single,8,131072,35,281558164
griffin,,goldilocks,12,single,8,131072,35,301284565
arion,,bls12_381,3,single,11,4096,35,341746469
arion,,bls12_381,4,single,10,4096,35,329482934
arion,,bn254,3,single,11,4096,35,332336206
arion,,bn254,4,single,10,4096,35,319939572
grendel,native,bls12_381,3,single,24,256,35,269847002
grendel,native,bn254,3,single,24,256,35,267581729
xhash,XHash8,goldilocks,12,single,6,32768,35,283722639
xhash,XHash12,goldilocks,12,single,6,32768,35,370024037
xhash,XHash16,mersenne31,24,single,6,32768,35,301677478
xhash,XHash24,mersenne31,24,single,6,32768,35,362820257
reinforced_concrete,,bls12_381,3,single,7,131072,35,240936290
reinforced_concrete,,bn254,3,single,7,131072,35,240453969
skyscraper,,bls12_381,4,single,18,262144,35,286740689
skyscraper,,bn254,4,single,18,262144,35,278748103
monolith,,goldilocks,8,single,6,1048576,35,265636434
monolith,,goldilocks,12,single,6,524288,35,205687256
monolith,,mersenne31,16,single,6,524288,35,213923496
monolith,,mersenne31,24,single,6,262144,35,217591129
polocolo,,bls12_381,3,single,6,1024,35,261504944
polocolo,,bls12_381,4,single,5,1024,35,290999035
polocolo,,bn254,3,single,6,1024,35,234996502
polocolo,,bn254,4,single,5,1024,35,262035064
tip4p,,goldilocks,12,single,5,262144,35,331534878
plain,sha256_compress,-,-,single,-,8388608,35,211194356
plain,keccak_f1600,-,-,single,-,524288,35,203069795
plain,blake2b_compress,-,-,single,-,2097152,35,240187231
plain,blake3_compress,-,-,single,-,4194304,35,269631599
gmimc,,bls12_381,3,single,228,16384,36,258852828
gmimc,,bls12_381,4,single,231,16384,36,265216550
gmimc,,bn254,3,single,228,16384,36,250116294
gmimc,,bn254,4,single,231,16384,36,257759145
gmimc,,goldilocks,8,single,68,524288,36,336539549
gmimc,,goldilocks,12,single,93,262144,36,234793211
gmimc,,mersenne31,16,single,158,262144,36,268365684
gmimc,,mersenne31,24,single,335,131072,36,316628505
gmimc,,koalabear,16,single,158,262144,36,305398421
gmimc,,koalabear,24,single,335,131072,36,334100512
gmimc,,babybear,16,single,158,131072,36,246120357
gmimc,,babybear,24,single,335,65536,36,259390392
gmimc2,alpha=8,bls12_381,3,single,63,32768,36,212954706
gmimc2,alpha=8,bls12_381,4,single,64,32768,36,217195750
gmimc2,alpha=8,bn254,3,single,63,32768,36,209564491
gmimc2,alpha=8,bn254,4,single,64,32768,36,213214721
gmimc2,alpha=4,goldilocks,8,single,88,262144,36,294316224
gmimc2,alpha=4,goldilocks,12,single,96,262144,36,362009853
gmimc2,alpha=2,mersenne31,16,single,176,65536,36,201662556
gmimc2,alpha=2,mersenne31,24,single,264,32768,36,224643887
gmimc2,alpha=2,koalabear,16,single,176,131072,36,290667726
gmimc2,alpha=2,koalabear,24,single,264,65536,36,238130258
gmimc2,alpha=2,babybear,16,single,176,131072,36,291115051
gmimc2,alpha=2,babybear,24,single,264,65536,36,234013776
poseidon,,bls12_381,3,single,8+56,16384,36,253915232
poseidon,,bls12_381,4,single,8+56,16384,36,375290247
poseidon,,bn254,3,single,8+56,16384,36,245787004
poseidon,,bn254,4,single,8+56,16384,36,367768833
poseidon,,goldilocks,8,single,8+22,131072,36,333832311
poseidon,,goldilocks,12,single,8+22,65536,36,319392380
poseidon,,mersenne31,16,single,8+14,65536,36,326933811
poseidon,,mersenne31,24,single,8+22,16384,36,225666959
poseidon,,koalabear,16,single,8+20,32768,36,251700604
poseidon,,koalabear,24,single,8+23,16384,36,299499749
poseidon,,babybear,16,single,8+13,65536,36,401124930
poseidon,,babybear,24,single,8+21,16384,36,286661710
poseidon2,,bls12_381,3,single,8+56,65536,36,316202408
poseidon2,,bls12_381,4,single,8+56,32768,36,284881895
poseidon2,,bn254,3,single,8+56,65536,36,309350807
poseidon2,,bn254,4,single,8+56,32768,36,274294642
poseidon2,,goldilocks,8,single,8+22,524288,36,391122660
poseidon2,,goldilocks,12,single,8+22,262144,36,267763288
poseidon2,,mersenne31,16,single,8+14,262144,36,250706637
poseidon2,,mersenne31,24,single,8+22,131072,36,209874541
poseidon2,,koalabear,16,single,8+20,262144,36,286129906
poseidon2,,koalabear,24,single,8+23,131072,36,208687522
poseidon2,,babybear,16,single,8+13,262144,36,304681331
poseidon2,,babybear,24,single,8+21,131072,36,247674461
neptune,,bls12_381,4,single,6+69,32768,36,325987802
neptune,,bn254,4,single,6+69,32768,36,314888744
neptune,,goldilocks,8,single,6+38,262144,36,315610894
neptune,,goldilocks,12,single,6+42,131072,36,303350184
psquarehash,,mersenne31,16,single,52,262144,36,243752192
psquarehash,,mersenne31,24,single,52,262144,36,354409200
psquarehash,,koalabear,16,single,52,262144,36,312117506
psquarehash,,koalabear,24,single,52,131072,36,230936836
psquarehash,,babybear,16,single,52,262144,36,311099403
psquarehash,,babybear,24,single,52,131072,36,231778609
rescue_prime,,bls12_381,3,current,16,1024,36,344243856
rescue_prime,,bls12_381,3,original,14,1024,36,301033645
rescue_prime,,bls12_381,4,current,13,1024,36,374330073
rescue_prime,,bls12_381,4,original,11,1024,36,316735735
rescue_prime,,bn254,3,current,16,1024,36,337865698
rescue_prime,,bn254,3,original,14,1024,36,295545270
rescue_prime,,bn254,4,current,13,1024,36,367425721
rescue_prime,,bn254,4,original,11,1024,36,310814521
rescue_prime,,goldilocks,8,single,8,16384,36,252973532
rescue_prime,,goldilocks,12,single,8,16384,36,393912313
rescue_prime,,mersenne31,16,single,8,16384,36,329037211
rescue_prime,,mersenne31,24,single,8,8192,36,265181584
rescue_prime,,koalabear,16,single,8,8192,36,236191965
rescue_prime,,koalabear,24,single,8,8192,36,380187968
rescue_prime,,babybear,16,single,8,8192,36,237405152
rescue_prime,,babybear,24,single,8,8192,36,382620113
anemoi,,bls12_381,4,current,20,1024,36,287876470
anemoi,,bls12_381,4,original,14,1024,36,201544546
anemoi,,bn254,4,current,20,1024,36,282712300
anemoi,,bn254,4,original,14,2048,36,395711144
anemoi,,goldilocks,8,single,11,32768,36,346829687
anemoi,,goldilocks,12,single,10,16384,36,238218011
anemoi,,mersenne31,16,single,10,32768,36,341416071
anemoi,,mersenne31,24,single,9,16384,36,239442859
anemoi,,koalabear,16,single,10,16384,36,259946462
anemoi,,koalabear,24,single,9,16384,36,363192441
anemoi,,babybear,16,single,9,16384,36,235099303
anemoi,,babybear,24,single,9,16384,36,364150501
griffin,,bls12_381,3,current,20,2048,36,287152948
griffin,,bls12_381,3,original,14,2048,36,201616981
griffin,,bls12_381,4,current,20,2048,36,289391772
griffin,,bls12_381,4,original,11,4096,36,318383494
griffin,,bn254,3,current,20,2048,36,282572149
griffin,,bn254,3,original,14,4096,36,395669456
griffin,,bn254,4,current,20,2048,36,284450178
griffin,,bn254,4,original,11,4096,36,313392858
griffin,,goldilocks,8,single,8,131072,36,282168154
griffin,,goldilocks,12,single,8,131072,36,300951962
arion,,bls12_381,3,single,11,4096,36,341800139
arion,,bls12_381,4,single,10,4096,36,331194562
arion,,bn254,3,single,11,4096,36,332393282
arion,,bn254,4,single,10,4096,36,320066989
grendel,native,bls12_381,3,single,24,256,36,268714716
grendel,native,bn254,3,single,24,256,36,267441747
xhash,XHash8,goldilocks,12,single,6,32768,36,283456211
xhash,XHash12,goldilocks,12,single,6,32768,36,369791622
xhash,XHash16,mersenne31,24,single,6,32768,36,301678299
xhash,XHash24,mersenne31,24,single,6,32768,36,362159762
reinforced_concrete,,bls12_381,3,single,7,131072,36,241681363
reinforced_concrete,,bn254,3,single,7,131072,36,240726498
skyscraper,,bls12_381,4,single,18,262144,36,286613049
skyscraper,,bn254,4,single,18,262144,36,278819065
monolith,,goldilocks,8,single,6,1048576,36,265717816
monolith,,goldilocks,12,single,6,524288,36,203312429
monolith,,mersenne31,16,single,6,524288,36,213780439
monolith,,mersenne31,24,single,6,262144,36,216655120
polocolo,,bls12_381,3,single,6,1024,36,261577970
polocolo,,bls12_381,4,single,5,1024,36,291006348
polocolo,,bn254,3,single,6,1024,36,234994127
polocolo,,bn254,4,single,5,1024,36,261967107
tip4p,,goldilocks,12,single,5,262144,36,332285761
plain,sha256_compress,-,-,single,-,8388608,36,211235052
plain,keccak_f1600,-,-,single,-,524288,36,203337585
plain,blake2b_compress,-,-,single,-,2097152,36,240525382
plain,blake3_compress,-,-,single,-,4194304,36,271004244
gmimc,,bls12_381,3,single,228,16384,37,258923410
gmimc,,bls12_381,4,single,231,16384,37,264094803
gmimc,,bn254,3,single,228,16384,37,250740790
gmimc,,bn254,4,single,231,16384,37,253875257
gmimc,,goldilocks,8,single,68,524288,37,336544458
gmimc,,goldilocks,12,single,93,262144,37,235711949
gmimc,,mersenne31,16,single,158,262144,37,267036450
gmimc,,mersenne31,24,single,335,131072,37,327182054
gmimc,,koalabear,16,single,158,262144,37,305509518
gmimc,,koalabear,24,single,335,131072,37,332649340
gmimc,,babybear,16,single,158,131072,37,246115027
gmimc,,babybear,24,single,335,65536,37,259363873
gmimc2,alpha=8,bls12_381,3,single,63,32768,37,212988539
gmimc2,alpha=8,bls12_381,4,single,64,32768,37,217246445
gmimc2,alpha=8,bn254,3,single,63,32768,37,209718869
gmimc2,alpha=8,bn254,4,single,64,32768,37,212480048
gmimc2,alpha=4,goldilocks,8,single,88,262144,37,294005181
gmimc2,alpha=4,goldilocks,12,single,96,262144,37,361409670
gmimc2,alpha=2,mersenne31,16,single,176,65536,37,201793760
gmimc2,alpha=2,mersenne31,24,single,264,32768,37,224736440
gmimc2,alpha=2,koalabear,16,single,176,131072,37,290944643
gmimc2,alpha=2,koalabear,24,single,264,65536,37,235380209
gmimc2,alpha=2,babybear,16,single,176,131072,37,291423057
gmimc2,alpha=2,babybear,24,single,264,65536,37,236189059
poseidon,,bls12_381,3,single,8+56,16384,37,254792872
poseidon,,bls12_381,4,single,8+56,16384,37,375023418
poseidon,,bn254,3,single,8+56,16384,37,245771525
poseidon,,bn254,4,single,8+56,16384,37,367294486
poseidon,,goldilocks,8,single,8+22,131072,37,333820147
poseidon,,goldilocks,12,single,8+22,65536,37,319468151
poseidon,,mersenne31,16,single,8+14,65536,37,319466186
poseidon,,mersenne31,24,single,8+22,16384,37,226956138
poseidon,,koalabear,16,single,8+20,32768,37,251697649
poseidon,,koalabear,24,single,8+23,16384,37,299318139
poseidon,,babybear,16,single,8+13,65536,37,402954168
poseidon,,babybear,24,single,8+21,16384,37,286780221
poseidon2,,bls12_381,3,single,8+56,65536,37,316294740
poseidon2,,bls12_381,4,single,8+56,32768,37,284459084
poseidon2,,bn254,3,single,8+56,65536,37,309239658
poseidon2,,bn254,4,single,8+56,32768,37,273951099
poseidon2,,goldilocks,8,single,8+22,524288,37,391086472
poseidon2,,goldilocks,12,single,8+22,262144,37,267920772
poseidon2,,mersenne31,16,single,8+14,262144,37,251006877
poseidon2,,mersenne31,24,single,8+22,131072,37,209374626
poseidon2,,koalabear,16,single,8+20,262144,37,285307360
poseidon2,,koalabear,24,single,8+23,131072,37,209746781
poseidon2,,babybear,16,single,8+13,262144,37,305947356
poseidon2,,babybear,24,single,8+21,131072,37,247718032
neptune,,bls12_381,4,single,6+69,32768,37,324218847
neptune,,bn254,4,single,6+69,32768,37,313415741
neptune,,goldilocks,8,single,6+38,262144,37,316553233
neptune,,goldilocks,12,single,6+42,131072,37,303511525
psquarehash,,mersenne31,16,single,52,262144,37,243550965
psquarehash,,mersenne31,24,single,52,262144,37,354598262
psquarehash,,koalabear,16,single,52,262144,37,312322699
psquarehash,,koalabear,24,single,52,131072,37,230909985
psquarehash,,babybear,16,single,52,262144,37,309712511
psquarehash,,babybear,24,single,52,131072,37,230769923
rescue_prime,,bls12_381,3,current,16,1024,37,344170608
rescue_prime,,bls12_381,3,original,14,1024,37,300920884
rescue_prime,,bls12_381,4,current,13,1024,37,374359747
rescue_prime,,bls12_381,4,original,11,1024,37,316808561
rescue_prime,,bn254,3,current,16,1024,37,337854316
rescue_prime,,bn254,3,original,14,1024,37,295536763
rescue_prime,,bn254,4,current,13,1024,37,367296750
rescue_prime,,bn254,4,original,11,1024,37,310737727
rescue_prime,,goldilocks,8,single,8,16384,37,252683029
rescue_prime,,goldilocks,12,single,8,16384,37,393906842
rescue_prime,,mersenne31,16,single,8,16384,37,328253296
rescue_prime,,mersenne31,24,single,8,8192,37,265000365
rescue_prime,,koalabear,16,single,8,8192,37,236002601
rescue_prime,,koalabear,24,single,8,8192,37,380300498
rescue_prime,,babybear,16,single,8,8192,37,237358795
rescue_prime,,babybear,24,single,8,8192,37,383905213
anemoi,,bls12_381,4,current,20,1024,37,287819903
anemoi,,bls12_381,4,original,14,1024,37,201537802
anemoi,,bn254,4,current,20,1024,37,282633092
anemoi,,bn254,4,original,14,2048,37,395637305
anemoi,,goldilocks,8,single,11,32768,37,347062792
anemoi,,goldilocks,12,single,10,16384,37,238298270
anemoi,,mersenne31,16,single,10,32768,37,340460265
anemoi,,mersenne31,24,single,9,16384,37,239693348
anemoi,,koalabear,16,single,10,16384,37,259867945
anemoi,,koalabear,24,single,9,16384,37,363242815
anemoi,,babybear,16,single,9,16384,37,235380859
anemoi,,babybear,24,single,9,16384,37,363984851
griffin,,bls12_381,3,current,20,2048,37,287175389
griffin,,bls12_381,3,original,14,2048,37,201006720
griffin,,bls12_381,4,current,20,2048,37,291915366
griffin,,bls12_381,4,original,11,4096,37,318442003
griffin,,bn254,3,current,20,2048,37,282550698
griffin,,bn254,3,original,14,4096,37,395673073
griffin,,bn254,4,current,20,2048,37,284464905
griffin,,bn254,4,original,11,4096,37,313361329
griffin,,goldilocks,8,single,8,131072,37,281920922
griffin,,goldilocks,12,single,8,131072,37,300953434
arion,,bls12_381,3,single,11,4096,37,341752960
arion,,bls12_381,4,single,10,4096,37,329514161
arion,,bn254,3,single,11,4096,37,332474563
arion,,bn254,4,single,10,4096,37,320111933
grendel,native,bls12_381,3,single,24,256,37,269334513
grendel,native,bn254,3,single,24,256,37,267647280
xhash,XHash8,goldilocks,12,single,6,32768,37,283451551
xhash,XHash12,goldilocks,12,single,6,32768,37,369907007
xhash,XHash16,mersenne31,24,single,6,32768,37,301839450
xhash,XHash24,mersenne31,24,single,6,32768,37,362804666
reinforced_concrete,,bls12_381,3,single,7,131072,37,240918587
reinforced_concrete,,bn254,3,single,7,131072,37,241019997
skyscraper,,bls12_381,4,single,18,262144,37,286812331
skyscraper,,bn254,4,single,18,262144,37,279412725
monolith,,goldilocks,8,single,6,1048576,37,265215677
monolith,,goldilocks,12,single,6,524288,37,204429264
monolith,,mersenne31,16,single,6,524288,37,213908437
monolith,,mersenne31,24,single,6,262144,37,216573576
polocolo,,bls12_381,3,single,6,1024,37,261631059
polocolo,,bls12_381,4,single,5,1024,37,291019322
polocolo,,bn254,3,single,6,1024,37,234954803
polocolo,,bn254,4,single,5,1024,37,262001230
tip4p,,goldilocks,12,single,5,262144,37,331239054
plain,sha256_compress,-,-,single,-,8388608,37,211124015
plain,keccak_f1600,-,-,single,-,524288,37,203065276
plain,blake2b_compress,-,-,single,-,2097152,37,239998488
plain,blake3_compress,-,-,single,-,4194304,37,269519068
gmimc,,bls12_381,3,single,228,16384,38,259109787
gmimc,,bls12_381,4,single,231,16384,38,263916620
gmimc,,bn254,3,single,228,16384,38,250968926
gmimc,,bn254,4,single,231,16384,38,254437838
gmimc,,goldilocks,8,single,68,524288,38,336586706
gmimc,,goldilocks,12,single,93,262144,38,235809339
gmimc,,mersenne31,16,single,158,262144,38,266865530
gmimc,,mersenne31,24,single,335,131072,38,318426294
gmimc,,koalabear,16,single,158,262144,38,305645141
gmimc,,koalabear,24,single,335,131072,38,331020896
gmimc,,babybear,16,single,158,131072,38,246109345
gmimc,,babybear,24,single,335,65536,38,259340980
gmimc2,alpha=8,bls12_381,3,single,63,32768,38,212693367
gmimc2,alpha=8,bls12_381,4,single,64,32768,38,217424787
gmimc2,alpha=8,bn254,3,single,63,32768,38,209964207
gmimc2,alpha=8,bn254,4,single,64,32768,38,212930260
gmimc2,alpha=4,goldilocks,8,single,88,262144,38,294186500
gmimc2,alpha=4,goldilocks,12,single,96,262144,38,361122553
gmimc2,alpha=2,mersenne31,16,single,176,65536,38,201723288
gmimc2,alpha=2,mersenne31,24,single,264,32768,38,224832690
gmimc2,alpha=2,koalabear,16,single,176,131072,38,290597173
gmimc2,alpha=2,koalabear,24,single,264,65536,38,234718491
gmimc2,alpha=2,babybear,16,single,176,131072,38,290514479
gmimc2,alpha=2,babybear,24,single,264,65536,38,234511143
poseidon,,bls12_381,3,single,8+56,16384,38,254837856
poseidon,,bls12_381,4,single,8+56,16384,38,375374904
poseidon,,bn254,3,single,8+56,16384,38,246523720
poseidon,,bn254,4,single,8+56,16384,38,367466096
poseidon,,goldilocks,8,single,8+22,131072,38,334628437
poseidon,,goldilocks,12,single,8+22,65536,38,320030611
poseidon,,mersenne31,16,single,8+14,65536,38,320741278
poseidon,,mersenne31,24,single,8+22,16384,38,225517289
poseidon,,koalabear,16,single,8+20,32768,38,252192101
poseidon,,koalabear,24,single,8+23,16384,38,300001235
poseidon,,babybear,16,single,8+13,65536,38,401885009
poseidon,,babybear,24,single,8+21,16384,38,286996355
poseidon2,,bls12_381,3,single,8+56,65536,38,316385159
poseidon2,,bls12_381,4,single,8+56,32768,38,284589948
poseidon2,,bn254,3,single,8+56,65536,38,309076031
poseidon2,,bn254,4,single,8+56,32768,38,274109155
poseidon2,,goldilocks,8,single,8+22,524288,38,390842355
poseidon2,,goldilocks,12,single,8+22,262144,38,268141203
poseidon2,,mersenne31,16,single,8+14,262144,38,250813215
poseidon2,,mersenne31,24,single,8+22,131072,38,209530166
poseidon2,,koalabear,16,single,8+20,262144,38,284101285
poseidon2,,koalabear,24,single,8+23,131072,38,206237704
poseidon2,,babybear,16,single,8+13,262144,38,305155937
poseidon2,,babybear,24,single,8+21,131072,38,248867119
neptune,,bls12_381,4,single,6+69,32768,38,325492928
neptune,,bn254,4,single,6+69,32768,38,313396594
neptune,,goldilocks,8,single,6+38,262144,38,315040527
neptune,,goldilocks,12,single,6+42,131072,38,302974661
psquarehash,,mersenne31,16,single,52,262144,38,243683503
psquarehash,,mersenne31,24,single,52,262144,38,354511891
psquarehash,,koalabear,16,single,52,262144,38,311908273
psquarehash,,koalabear,24,single,52,131072,38,231295565
psquarehash,,babybear,16,single,52,262144,38,310290441
psquarehash,,babybear,24,single,52,131072,38,232261750
rescue_prime,,bls12_381,3,current,16,1024,38,344215021
rescue_prime,,bls12_381,3,original,14,1024,38,301152096
rescue_prime,,bls12_381,4,current,13,1024,38,374364456
rescue_prime,,bls12_381,4,original,11,1024,38,316754088
rescue_prime,,bn254,3,current,16,1024,38,337780777
rescue_prime,,bn254,3,original,14,1024,38,295509031
rescue_prime,,bn254,4,current,13,1024,38,367283054
rescue_prime,,bn254,4,original,11,1024,38,310752954
rescue_prime,,goldilocks,8,single,8,16384,38,252844200
rescue_prime,,goldilocks,12,single,8,16384,38,394500190
rescue_prime,,mersenne31,16,single,8,16384,38,327873215
rescue_prime,,mersenne31,24,single,8,8192,38,265208052
rescue_prime,,koalabear,16,single,8,8192,38,236567316
rescue_prime,,koalabear,24,single,8,8192,38,380566925
rescue_prime,,babybear,16,single,8,8192,38,237417985
rescue_prime,,babybear,24,single,8,8192,38,383916364
anemoi,,bls12_381,4,current,20,1024,38,287872291
anemoi,,bls12_381,4,original,14,1024,38,201559953
anemoi,,bn254,4,current,20,1024,38,282615729
anemoi,,bn254,4,original,14,2048,38,395603001
anemoi,,goldilocks,8,single,11,32768,38,348221015
anemoi,,goldilocks,12,single,10,16384,38,238238729
anemoi,,mersenne31,16,single,10,32768,38,339037335
anemoi,,mersenne31,24,single,9,16384,38,239174097
anemoi,,koalabear,16,single,10,16384,38,259274755
anemoi,,koalabear,24,single,9,16384,38,363231703
anemoi,,babybear,16,single,9,16384,38,234391140
anemoi,,babybear,24,single,9,16384,38,364173323
griffin,,bls12_381,3,current,20,2048,38,287115698
griffin,,bls12_381,3,original,14,2048,38,201008513
griffin,,bls12_381,4,current,20,2048,38,290276573
griffin,,bls12_381,4,original,11,4096,38,318332017
griffin,,bn254,3,current,20,2048,38,282497879
griffin,,bn254,3,original,14,4096,38,395623198
griffin,,bn254,4,current,20,2048,38,284378593
griffin,,bn254,4,original,11,4096,38,313353454
griffin,,goldilocks,8,single,8,131072,38,282199200
griffin,,goldilocks,12,single,8,131072,38,300941753
arion,,bls12_381,3,single,11,4096,38,341963592
arion,,bls12_381,4,single,10,4096,38,330728470
arion,,bn254,3,single,11,4096,38,332444025
arion,,bn254,4,single,10,4096,38,320179779
grendel,native,bls12_381,3,single,24,256,38,268982856
grendel,native,bn254,3,single,24,256,38,267049683
xhash,XHash8,goldilocks,12,single,6,32768,38,283709583
xhash,XHash12,goldilocks,12,single,6,32768,38,370134562
xhash,XHash16,mersenne31,24,single,6,32768,38,301670163
xhash,XHash24,mersenne31,24,single,6,32768,38,362832868
reinforced_concrete,,bls12_381,3,single,7,131072,38,241020306
reinforced_concrete,,bn254,3,single,7,131072,38,240203229
skyscraper,,bls12_381,4,single,18,262144,38,286855171
skyscraper,,bn254,4,single,18,262144,38,279131939
monolith,,goldilocks,8,single,6,1048576,38,264992188
monolith,,goldilocks,12,single,6,524288,38,204892720
monolith,,mersenne31,16,single,6,524288,38,213474586
monolith,,mersenne31,24,single,6,262144,38,216374525
polocolo,,bls12_381,3,single,6,1024,38,261625218
polocolo,,bls12_381,4,single,5,1024,38,291017307
polocolo,,bn254,3,single,6,1024,38,235010857
polocolo,,bn254,4,single,5,1024,38,262007061
tip4p,,goldilocks,12,single,5,262144,38,331472450
plain,sha256_compress,-,-,single,-,8388608,38,211296697
plain,keccak_f1600,-,-,single,-,524288,38,203359125
plain,blake2b_compress,-,-,single,-,2097152,38,240344884
plain,blake3_compress,-,-,single,-,4194304,38,270687591
gmimc,,bls12_381,3,single,228,16384,39,259017154
gmimc,,bls12_381,4,single,231,16384,39,264960370
gmimc,,bn254,3,single,228,16384,39,250391447
gmimc,,bn254,4,single,231,16384,39,255388544
gmimc,,goldilocks,8,single,68,524288,39,336789425
gmimc,,goldilocks,12,single,93,262144,39,236461457
gmimc,,mersenne31,16,single,158,262144,39,267266899
gmimc,,mersenne31,24,single,335,131072,39,320613700
gmimc,,koalabear,16,single,158,262144,39,305489219
gmimc,,koalabear,24,single,335,131072,39,334721561
gmimc,,babybear,16,single,158,131072,39,246203792
gmimc,,babybear,24,single,335,65536,39,259484507
gmimc2,alpha=8,bls12_381,3,single,63,32768,39,213460700
gmimc2,alpha=8,bls12_381,4,single,64,32768,39,218271569
gmimc2,alpha=8,bn254,3,single,63,32768,39,209615695
gmimc2,alpha=8,bn254,4,single,64,32768,39,212995842
gmimc2,alpha=4,goldilocks,8,single,88,262144,39,294165410
gmimc2,alpha=4,goldilocks,12,single,96,262144,39,363301163
gmimc2,alpha=2,mersenne31,16,single,176,65536,39,201625054
gmimc2,alpha=2,mersenne31,24,single,264,32768,39,224890807
gmimc2,alpha=2,koalabear,16,single,176,131072,39,290810792
gmimc2,alpha=2,koalabear,24,single,264,65536,39,234245979
gmimc2,alpha=2,babybear,16,single,176,131072,39,290671822
gmimc2,alpha=2,babybear,24,single,264,65536,39,234741915
poseidon,,bls12_381,3,single,8+56,16384,39,254813509
poseidon,,bls12_381,4,single,8+56,16384,39,376194876
poseidon,,bn254,3,single,8+56,16384,39,245828731
poseidon,,bn254,4,single,8+56,16384,39,367871162
poseidon,,goldilocks,8,single,8+22,131072,39,334177344
poseidon,,goldilocks,12,single,8+22,65536,39,319888244
poseidon,,mersenne31,16,single,8+14,65536,39,320875358
poseidon,,mersenne31,24,single,8+22,16384,39,225542315
poseidon,,koalabear,16,single,8+20,32768,39,253138349
poseidon,,koalabear,24,single,8+23,16384,39,299965237
poseidon,,babybear,16,single,8+13,65536,39,401595737
poseidon,,babybear,24,single,8+21,16384,39,286681857
poseidon2,,bls12_381,3,single,8+56,65536,39,316424141
poseidon2,,bls12_381,4,single,8+56,32768,39,284638258
poseidon2,,bn254,3,single,8+56,65536,39,309331648
poseidon2,,bn254,4,single,8+56,32768,39,274087554
poseidon2,,goldilocks,8,single,8+22,524288,39,390945999
poseidon2,,goldilocks,12,single,8+22,262144,39,267941269
poseidon2,,mersenne31,16,single,8+14,262144,39,249997441
poseidon2,,mersenne31,24,single,8+22,131072,39,209837901
poseidon2,,koalabear,16,single,8+20,262144,39,283730511
poseidon2,,koalabear,24,single,8+23,131072,39,207314846
poseidon2,,babybear,16,single,8+13,262144,39,306162967
poseidon2,,babybear,24,single,8+21,131072,39,248037508
neptune,,bls12_381,4,single,6+69,32768,39,326297980
neptune,,bn254,4,single,6+69,32768,39,314311674
neptune,,goldilocks,8,single,6+38,262144,39,315628905
neptune,,goldilocks,12,single,6+42,131072,39,303421966
psquarehash,,mersenne31,16,single,52,262144,39,243802795
psquarehash,,mersenne31,24,single,52,262144,39,357086260
psquarehash,,koalabear,16,single,52,262144,39,316700277
psquarehash,,koalabear,24,single,52,131072,39,233009267
psquarehash,,babybear,16,single,52,262144,39,312552227
psquarehash,,babybear,24,single,52,131072,39,232370884
rescue_prime,,bls12_381,3,current,16,1024,39,346821470
rescue_prime,,bls12_381,3,original,14,1024,39,304286712
rescue_prime,,bls12_381,4,current,13,1024,39,374838811
rescue_prime,,bls12_381,4,original,11,1024,39,317128377
rescue_prime,,bn254,3,current,16,1024,39,338060600
rescue_prime,,bn254,3,original,14,1024,39,295803039
rescue_prime,,bn254,4,current,13,1024,39,367989263
rescue_prime,,bn254,4,original,11,1024,39,310992211
rescue_prime,,goldilocks,8,single,8,16384,39,253084598
rescue_prime,,goldilocks,12,single,8,16384,39,394005455
rescue_prime,,mersenne31,16,single,8,16384,39,328270607
rescue_prime,,mersenne31,24,single,8,8192,39,265287650
rescue_prime,,koalabear,16,single,8,8192,39,236655580
rescue_prime,,koalabear,24,single,8,8192,39,380378843
rescue_prime,,babybear,16,single,8,8192,39,238480009
rescue_prime,,babybear,24,single,8,8192,39,383136185
anemoi,,bls12_381,4,current,20,1024,39,287965686
anemoi,,bls12_381,4,original,14,1024,39,202342044
anemoi,,bn254,4,current,20,1024,39,282744019
anemoi,,bn254,4,original,14,2048,39,395814765
anemoi,,goldilocks,8,single,11,32768,39,347445105
anemoi,,goldilocks,12,single,10,16384,39,238325391
anemoi,,mersenne31,16,single,10,32768,39,339978653
anemoi,,mersenne31,24,single,9,16384,39,239310311
anemoi,,koalabear,16,single,10,16384,39,259564146
anemoi,,koalabear,24,single,9,16384,39,363147575
anemoi,,babybear,16,single,9,16384,39,234548243
anemoi,,babybear,24,single,9,16384,39,364090328
griffin,,bls12_381,3,current,20,2048,39,287265717
griffin,,bls12_381,3,original,14,2048,39,201602913
griffin,,bls12_381,4,current,20,2048,39,290067532
griffin,,bls12_381,4,original,11,4096,39,318425691
griffin,,bn254,3,current,20,2048,39,282626919
griffin,,bn254,3,original,14,4096,39,395680384
griffin,,bn254,4,current,20,2048,39,284530937
griffin,,bn254,4,original,11,4096,39,313362711
griffin,,goldilocks,8,single,8,131072,39,282535859
griffin,,goldilocks,12,single,8,131072,39,300792543
arion,,bls12_381,3,single,11,4096,39,341723705
arion,,bls12_381,4,single,10,4096,39,332244562
arion,,bn254,3,single,11,4096,39,332605306
arion,,bn254,4,single,10,4096,39,320211558
grendel,native,bls12_381,3,single,24,256,39,268736815
grendel,native,bn254,3,single,24,256,39,266727110
xhash,XHash8,goldilocks,12,single,6,32768,39,283755137
xhash,XHash12,goldilocks,12,single,6,32768,39,370839609
xhash,XHash16,mersenne31,24,single,6,32768,39,301899741
xhash,XHash24,mersenne31,24,single,6,32768,39,363255608
reinforced_concrete,,bls12_381,3,single,7,131072,39,241392171
reinforced_concrete,,bn254,3,single,7,131072,39,241158935
skyscraper,,bls12_381,4,single,18,262144,39,287393806
skyscraper,,bn254,4,single,18,262144,39,279202902
monolith,,goldilocks,8,single,6,1048576,39,266347641
monolith,,goldilocks,12,single,6,524288,39,203992719
monolith,,mersenne31,16,single,6,524288,39,213547973
monolith,,mersenne31,24,single,6,262144,39,216608191
polocolo,,bls12_381,3,single,6,1024,39,261714133
polocolo,,bls12_381,4,single,5,1024,39,291120600
polocolo,,bn254,3,single,6,1024,39,235123057
polocolo,,bn254,4,single,5,1024,39,262054278
tip4p,,goldilocks,12,single,5,262144,39,331822072
plain,sha256_compress,-,-,single,-,8388608,39,211230642
plain,keccak_f1600,-,-,single,-,524288,39,203209484
plain,blake2b_compress,-,-,single,-,2097152,39,240399717
plain,blake3_compress,-,-,single,-,4194304,39,270426543
gmimc,,bls12_381,3,single,228,16384,40,260550108
gmimc,,bls12_381,4,single,231,16384,40,264205178
gmimc,,bn254,3,single,228,16384,40,251651781
gmimc,,bn254,4,single,231,16384,40,254657597
gmimc,,goldilocks,8,single,68,524288,40,337097119
gmimc,,goldilocks,12,single,93,262144,40,235803588
gmimc,,mersenne31,16,single,158,262144,40,272097916
gmimc,,mersenne31,24,single,335,131072,40,319668343
gmimc,,koalabear,16,single,158,262144,40,305650340
gmimc,,koalabear,24,single,335,131072,40,330136613
gmimc,,babybear,16,single,158,131072,40,246141856
gmimc,,babybear,24,single,335,65536,40,259480670
gmimc2,alpha=8,bls12_381,3,single,63,32768,40,212867501
gmimc2,alpha=8,bls12_381,4,single,64,32768,40,217245822
gmimc2,alpha=8,bn254,3,single,63,32768,40,209628769
gmimc2,alpha=8,bn254,4,single,64,32768,40,212727209
gmimc2,alpha=4,goldilocks,8,single,88,262144,40,293911325
gmimc2,alpha=4,goldilocks,12,single,96,262144,40,361938717
gmimc2,alpha=2,mersenne31,16,single,176,65536,40,201765356
gmimc2,alpha=2,mersenne31,24,single,264,32768,40,224796972
gmimc2,alpha=2,koalabear,16,single,176,131072,40,291069524
gmimc2,alpha=2,koalabear,24,single,264,65536,40,234401298
gmimc2,alpha=2,babybear,16,single,176,131072,40,290967394
gmimc2,alpha=2,babybear,24,single,264,65536,40,235916389
poseidon,,bls12_381,3,single,8+56,16384,40,255211262
poseidon,,bls12_381,4,single,8+56,16384,40,375818141
poseidon,,bn254,3,single,8+56,16384,40,246389258
poseidon,,bn254,4,single,8+56,16384,40,367588243
poseidon,,goldilocks,8,single,8+22,131072,40,334406983
poseidon,,goldilocks,12,single,8+22,65536,40,319646281
poseidon,,mersenne31,16,single,8+14,65536,40,326629179
poseidon,,mersenne31,24,single,8+22,16384,40,226648662
poseidon,,koalabear,16,single,8+20,32768,40,251595736
poseidon,,koalabear,24,single,8+23,16384,40,299461195
poseidon,,babybear,16,single,8+13,65536,40,402070283
poseidon,,babybear,24,single,8+21,16384,40,287175920
poseidon2,,bls12_381,3,single,8+56,65536,40,316162572
poseidon2,,bls12_381,4,single,8+56,32768,40,284219415
poseidon2,,bn254,3,single,8+56,65536,40,309006871
poseidon2,,bn254,4,single,8+56,32768,40,274187780
poseidon2,,goldilocks,8,single,8+22,524288,40,391150470
poseidon2,,goldilocks,12,single,8+22,262144,40,268085108
poseidon2,,mersenne31,16,single,8+14,262144,40,250941764
poseidon2,,mersenne31,24,single,8+22,131072,40,209741159
poseidon2,,koalabear,16,single,8+20,262144,40,283687030
poseidon2,,koalabear,24,single,8+23,131072,40,206448757
poseidon2,,babybear,16,single,8+13,262144,40,305513273
poseidon2,,babybear,24,single,8+21,131072,40,248821252
neptune,,bls12_381,4,single,6+69,32768,40,326176043
neptune,,bn254,4,single,6+69,32768,40,313949978
neptune,,goldilocks,8,single,6+38,262144,40,315986723
neptune,,goldilocks,12,single,6+42,131072,40,303091999
psquarehash,,mersenne31,16,single,52,262144,40,243789139
psquarehash,,mersenne31,24,single,52,262144,40,355337912
psquarehash,,koalabear,16,single,52,262144,40,311745949
psquarehash,,koalabear,24,single,52,131072,40,231204745
psquarehash,,babybear,16,single,52,262144,40,310726003
psquarehash,,babybear,24,single,52,131072,40,232488363
rescue_prime,,bls12_381,3,current,16,1024,40,344336797
rescue_prime,,bls12_381,3,original,14,1024,40,301080400
rescue_prime,,bls12_381,4,current,13,1024,40,374481663
rescue_prime,,bls12_381,4,original,11,1024,40,316871035
rescue_prime,,bn254,3,current,16,1024,40,337915397
rescue_prime,,bn254,3,original,14,1024,40,295589039
rescue_prime,,bn254,4,current,13,1024,40,367410891
rescue_prime,,bn254,4,original,11,1024,40,310853972
rescue_prime,,goldilocks,8,single,8,16384,40,252794617
rescue_prime,,goldilocks,12,single,8,16384,40,393963035
rescue_prime,,mersenne31,16,single,8,16384,40,329324095
rescue_prime,,mersenne31,24,single,8,8192,40,265453831
rescue_prime,,koalabear,16,single,8,8192,40,236014803
rescue_prime,,koalabear,24,single,8,8192,40,381765393
rescue_prime,,babybear,16,single,8,8192,40,238598560
rescue_prime,,babybear,24,single,8,8192,40,384113721
anemoi,,bls12_381,4,current,20,1024,40,287915822
anemoi,,bls12_381,4,original,14,1024,40,203053784
anemoi,,bn254,4,current,20,1024,40,282631798
anemoi,,bn254,4,original,14,2048,40,395700221
anemoi,,goldilocks,8,single,11,32768,40,346701284
anemoi,,goldilocks,12,single,10,16384,40,238266650
anemoi,,mersenne31,16,single,10,32768,40,339652293
anemoi,,mersenne31,24,single,9,16384,40,239573653
anemoi,,koalabear,16,single,10,16384,40,259435365
anemoi,,koalabear,24,single,9,16384,40,363270574
anemoi,,babybear,16,single,9,16384,40,234393353
anemoi,,babybear,24,single,9,16384,40,364123418
griffin,,bls12_381,3,current,20,2048,40,287175608
griffin,,bls12_381,3,original,14,2048,40,201116825
griffin,,bls12_381,4,current,20,2048,40,289429961
griffin,,bls12_381,4,original,11,4096,40,318446048
griffin,,bn254,3,current,20,2048,40,282599798
griffin,,bn254,3,original,14,4096,40,395627264
griffin,,bn254,4,current,20,2048,40,284550453
griffin,,bn254,4,original,11,4096,40,313503172
griffin,,goldilocks,8,single,8,131072,40,281845850
griffin,,goldilocks,12,single,8,131072,40,301130914
arion,,bls12_381,3,single,11,4096,40,341916534
arion,,bls12_381,4,single,10,4096,40,329566788
arion,,bn254,3,single,11,4096,40,332586911
arion,,bn254,4,single,10,4096,40,320143520
grendel,native,bls12_381,3,single,24,256,40,268610639
grendel,native,bn254,3,single,24,256,40,266469960
xhash,XHash8,goldilocks,12,single,6,32768,40,283479712
xhash,XHash12,goldilocks,12,single,6,32768,40,369940167
xhash,XHash16,mersenne31,24,single,6,32768,40,301572640
xhash,XHash24,mersenne31,24,single,6,32768,40,363530931
reinforced_concrete,,bls12_381,3,single,7,131072,40,241217163
reinforced_concrete,,bn254,3,single,7,131072,40,241707399
skyscraper,,bls12_381,4,single,18,262144,40,287109896
skyscraper,,bn254,4,single,18,262144,40,279341560
monolith,,goldilocks,8,single,6,1048576,40,265227067
monolith,,goldilocks,12,single,6,524288,40,204065695
monolith,,mersenne31,16,single,6,524288,40,214248861
monolith,,mersenne31,24,single,6,262144,40,217084952
polocolo,,bls12_381,3,single,6,1024,40,261630787
polocolo,,bls12_381,4,single,5,1024,40,291064004
polocolo,,bn254,3,single,6,1024,40,235039179
polocolo,,bn254,4,single,5,1024,40,262031355
tip4p,,goldilocks,12,single,5,262144,40,331382190
plain,sha256_compress,-,-,single,-,8388608,40,211342120
plain,keccak_f1600,-,-,single,-,524288,40,203259287
plain,blake2b_compress,-,-,single,-,2097152,40,240183371
plain,blake3_compress,-,-,single,-,4194304,40,271561213
gmimc,,bls12_381,3,single,228,16384,41,258963483
gmimc,,bls12_381,4,single,231,16384,41,264191983
gmimc,,bn254,3,single,228,16384,41,251015422
gmimc,,bn254,4,single,231,16384,41,254884430
gmimc,,goldilocks,8,single,68,524288,41,336447254
gmimc,,goldilocks,12,single,93,262144,41,234966063
gmimc,,mersenne31,16,single,158,262144,41,266884233
gmimc,,mersenne31,24,single,335,131072,41,321024425
gmimc,,koalabear,16,single,158,262144,41,305516338
gmimc,,koalabear,24,single,335,131072,41,336383084
gmimc,,babybear,16,single,158,131072,41,246208299
gmimc,,babybear,24,single,335,65536,41,259430235
gmimc2,alpha=8,bls12_381,3,single,63,32768,41,212849326
gmimc2,alpha=8,bls12_381,4,single,64,32768,41,217484658
gmimc2,alpha=8,bn254,3,single,63,32768,41,209896630
gmimc2,alpha=8,bn254,4,single,64,32768,41,214064698
gmimc2,alpha=4,goldilocks,8,single,88,262144,41,295258180
gmimc2,alpha=4,goldilocks,12,single,96,262144,41,362123180
gmimc2,alpha=2,mersenne31,16,single,176,65536,41,204536193
gmimc2,alpha=2,mersenne31,24,single,264,32768,41,224322866
gmimc2,alpha=2,koalabear,16,single,176,131072,41,291021995
gmimc2,alpha=2,koalabear,24,single,264,65536,41,234648840
gmimc2,alpha=2,babybear,16,single,176,131072,41,291102435
gmimc2,alpha=2,babybear,24,single,264,65536,41,234901191
poseidon,,bls12_381,3,single,8+56,16384,41,255022498
poseidon,,bls12_381,4,single,8+56,16384,41,375528189
poseidon,,bn254,3,single,8+56,16384,41,246318725
poseidon,,bn254,4,single,8+56,16384,41,367879656
poseidon,,goldilocks,8,single,8+22,131072,41,334530172
poseidon,,goldilocks,12,single,8+22,65536,41,320171693
poseidon,,mersenne31,16,single,8+14,65536,41,322682133
poseidon,,mersenne31,24,single,8+22,16384,41,225774639
poseidon,,koalabear,16,single,8+20,32768,41,251439685
poseidon,,koalabear,24,single,8+23,16384,41,299714077
poseidon,,babybear,16,single,8+13,65536,41,402475540
poseidon,,babybear,24,single,8+21,16384,41,286635379
poseidon2,,bls12_381,3,single,8+56,65536,41,316266876
poseidon2,,bls12_381,4,single,8+56,32768,41,284540144
poseidon2,,bn254,3,single,8+56,65536,41,309182048
poseidon2,,bn254,4,single,8+56,32768,41,274151994
poseidon2,,goldilocks,8,single,8+22,524288,41,391500523
poseidon2,,goldilocks,12,single,8+22,262144,41,268119281
poseidon2,,mersenne31,16,single,8+14,262144,41,250772427
poseidon2,,mersenne31,24,single,8+22,131072,41,210109478
poseidon2,,koalabear,16,single,8+20,262144,41,285326794
poseidon2,,koalabear,24,single,8+23,131072,41,210245872
poseidon2,,babybear,16,single,8+13,262144,41,306331622
poseidon2,,babybear,24,single,8+21,131072,41,247891785
neptune,,bls12_381,4,single,6+69,32768,41,325834594
neptune,,bn254,4,single,6+69,32768,41,313519743
neptune,,goldilocks,8,single,6+38,262144,41,315492499
neptune,,goldilocks,12,single,6+42,131072,41,304272775
psquarehash,,mersenne31,16,single,52,262144,41,243866032
psquarehash,,mersenne31,24,single,52,262144,41,354526045
psquarehash,,koalabear,16,single,52,262144,41,311515989
psquarehash,,koalabear,24,single,52,131072,41,231041229
psquarehash,,babybear,16,single,52,262144,41,310635494
psquarehash,,babybear,24,single,52,131072,41,232310771
rescue_prime,,bls12_381,3,current,16,1024,41,344323060
rescue_prime,,bls12_381,3,original,14,1024,41,301165930
rescue_prime,,bls12_381,4,current,13,1024,41,374440857
rescue_prime,,bls12_381,4,original,11,1024,41,316862699
rescue_prime,,bn254,3,current,16,1024,41,337879219
rescue_prime,,bn254,3,original,14,1024,41,295688475
rescue_prime,,bn254,4,current,13,1024,41,367481102
rescue_prime,,bn254,4,original,11,1024,41,310893216
rescue_prime,,goldilocks,8,single,8,16384,41,252907296
rescue_prime,,goldilocks,12,single,8,16384,41,394220165
rescue_prime,,mersenne31,16,single,8,16384,41,329103051
rescue_prime,,mersenne31,24,single,8,8192,41,265536114
rescue_prime,,koalabear,16,single,8,8192,41,235621547
rescue_prime,,koalabear,24,single,8,8192,41,380601207
rescue_prime,,babybear,16,single,8,8192,41,236850444
rescue_prime,,babybear,24,single,8,8192,41,383944614
anemoi,,bls12_381,4,current,20,1024,41,287906173
anemoi,,bls12_381,4,original,14,1024,41,201686779
anemoi,,bn254,4,current,20,1024,41,282702760
anemoi,,bn254,4,original,14,2048,41,395737280
anemoi,,goldilocks,8,single,11,32768,41,346701975
anemoi,,goldilocks,12,single,10,16384,41,238248265
anemoi,,mersenne31,16,single,10,32768,41,339972701
anemoi,,mersenne31,24,single,9,16384,41,239261148
anemoi,,koalabear,16,single,10,16384,41,259354113
anemoi,,koalabear,24,single,9,16384,41,363289539
anemoi,,babybear,16,single,9,16384,41,234403040
anemoi,,babybear,24,single,9,16384,41,364174183
griffin,,bls12_381,3,current,20,2048,41,287287347
griffin,,bls12_381,3,original,14,2048,41,201150096
griffin,,bls12_381,4,current,20,2048,41,289514569
griffin,,bls12_381,4,original,11,4096,41,318395955
griffin,,bn254,3,current,20,2048,41,282614966
griffin,,bn254,3,original,14,4096,41,395708125
griffin,,bn254,4,current,20,2048,41,284486163
griffin,,bn254,4,original,11,4096,41,313409056
griffin,,goldilocks,8,single,8,131072,41,281643120
griffin,,goldilocks,12,single,8,131072,41,301315980
arion,,bls12_381,3,single,11,4096,41,342682665
arion,,bls12_381,4,single,10,4096,41,331173880
arion,,bn254,3,single,11,4096,41,332473659
arion,,bn254,4,single,10,4096,41,320181660
grendel,native,bls12_381,3,single,24,256,41,269436682
grendel,native,bn254,3,single,24,256,41,266257592
xhash,XHash8,goldilocks,12,single,6,32768,41,284250652
xhash,XHash12,goldilocks,12,single,6,32768,41,370376421
xhash,XHash16,mersenne31,24,single,6,32768,41,301932622
xhash,XHash24,mersenne31,24,single,6,32768,41,362293047
reinforced_concrete,,bls12_381,3,single,7,131072,41,241090827
reinforced_concrete,,bn254,3,single,7,131072,41,241889229
skyscraper,,bls12_381,4,single,18,262144,41,287169967
skyscraper,,bn254,4,single,18,262144,41,279114175
monolith,,goldilocks,8,single,6,1048576,41,265747459
monolith,,goldilocks,12,single,6,524288,41,203992968
monolith,,mersenne31,16,single,6,524288,41,213913635
monolith,,mersenne31,24,single,6,262144,41,216985375
polocolo,,bls12_381,3,single,6,1024,41,261737977
polocolo,,bls12_381,4,single,5,1024,41,291107265
polocolo,,bn254,3,single,6,1024,41,235051332
polocolo,,bn254,4,single,5,1024,41,261997581
tip4p,,goldilocks,12,single,5,262144,41,332013469
plain,sha256_compress,-,-,single,-,8388608,41,211229069
plain,keccak_f1600,-,-,single,-,524288,41,203215696
plain,blake2b_compress,-,-,single,-,2097152,41,240335976
plain,blake3_compress,-,-,single,-,4194304,41,269696958
gmimc,,bls12_381,3,single,228,16384,42,258890806
gmimc,,bls12_381,4,single,231,16384,42,265373490
gmimc,,bn254,3,single,228,16384,42,250226177
gmimc,,bn254,4,single,231,16384,42,255537991
gmimc,,goldilocks,8,single,68,524288,42,336897364
gmimc,,goldilocks,12,single,93,262144,42,235627298
gmimc,,mersenne31,16,single,158,262144,42,269108569
gmimc,,mersenne31,24,single,335,131072,42,319954136
gmimc,,koalabear,16,single,158,262144,42,305440677
gmimc,,koalabear,24,single,335,131072,42,330206001
gmimc,,babybear,16,single,158,131072,42,246019246
gmimc,,babybear,24,single,335,65536,42,259398626
gmimc2,alpha=8,bls12_381,3,single,63,32768,42,213814129
gmimc2,alpha=8,bls12_381,4,single,64,32768,42,217805266
gmimc2,alpha=8,bn254,3,single,63,32768,42,209877644
gmimc2,alpha=8,bn254,4,single,64,32768,42,213254274
gmimc2,alpha=4,goldilocks,8,single,88,262144,42,294081993
gmimc2,alpha=4,goldilocks,12,single,96,262144,42,362249485
gmimc2,alpha=2,mersenne31,16,single,176,65536,42,201711696
gmimc2,alpha=2,mersenne31,24,single,264,32768,42,224286547
gmimc2,alpha=2,koalabear,16,single,176,131072,42,290763632
gmimc2,alpha=2,koalabear,24,single,264,65536,42,233946608
gmimc2,alpha=2,babybear,16,single,176,131072,42,290830527
gmimc2,alpha=2,babybear,24,single,264,65536,42,235136551
poseidon,,bls12_381,3,single,8+56,16384,42,255323611
poseidon,,bls12_381,4,single,8+56,16384,42,375897728
poseidon,,bn254,3,single,8+56,16384,42,246237273
poseidon,,bn254,4,single,8+56,16384,42,367663993
poseidon,,goldilocks,8,single,8+22,131072,42,334954905
poseidon,,goldilocks,12,single,8+22,65536,42,320258254
poseidon,,mersenne31,16,single,8+14,65536,42,326434153
poseidon,,mersenne31,24,single,8+22,16384,42,225897518
poseidon,,koalabear,16,single,8+20,32768,42,252441987
poseidon,,koalabear,24,single,8+23,16384,42,299936692
poseidon,,babybear,16,single,8+13,65536,42,401173647
poseidon,,babybear,24,single,8+21,16384,42,286804815
poseidon2,,bls12_381,3,single,8+56,65536,42,316604516
poseidon2,,bls12_381,4,single,8+56,32768,42,284781564
poseidon2,,bn254,3,single,8+56,65536,42,309035925
poseidon2,,bn254,4,single,8+56,32768,42,273984489
poseidon2,,goldilocks,8,single,8+22,524288,42,391265062
poseidon2,,goldilocks,12,single,8+22,262144,42,268151471
poseidon2,,mersenne31,16,single,8+14,262144,42,252017474
poseidon2,,mersenne31,24,single,8+22,131072,42,209617648
poseidon2,,koalabear,16,single,8+20,262144,42,283932457
poseidon2,,koalabear,24,single,8+23,131072,42,206579602
poseidon2,,babybear,16,single,8+13,262144,42,305703167
poseidon2,,babybear,24,single,8+21,131072,42,248060159
neptune,,bls12_381,4,single,6+69,32768,42,326078058
neptune,,bn254,4,single,6+69,32768,42,314513479
neptune,,goldilocks,8,single,6+38,262144,42,315935998
neptune,,goldilocks,12,single,6+42,131072,42,303482307
psquarehash,,mersenne31,16,single,52,262144,42,243817852
psquarehash,,mersenne31,24,single,52,262144,42,354731247
psquarehash,,koalabear,16,single,52,262144,42,312054364
psquarehash,,koalabear,24,single,52,131072,42,231270628
psquarehash,,babybear,16,single,52,262144,42,310040061
psquarehash,,babybear,24,single,52,131072,42,232047168
rescue_prime,,bls12_381,3,current,16,1024,42,344401526
rescue_prime,,bls12_381,3,original,14,1024,42,301096589
rescue_prime,,bls12_381,4,current,13,1024,42,374433501
rescue_prime,,bls12_381,4,original,11,1024,42,316845507
rescue_prime,,bn254,3,current,16,1024,42,337908544
rescue_prime,,bn254,3,original,14,1024,42,295706017
rescue_prime,,bn254,4,current,13,1024,42,367513191
rescue_prime,,bn254,4,original,11,1024,42,310899607
rescue_prime,,goldilocks,8,single,8,16384,42,252947541
rescue_prime,,goldilocks,12,single,8,16384,42,394779358
rescue_prime,,mersenne31,16,single,8,16384,42,328269042
rescue_prime,,mersenne31,24,single,8,8192,42,265312115
rescue_prime,,koalabear,16,single,8,8192,42,237130677
rescue_prime,,koalabear,24,single,8,8192,42,380674573
rescue_prime,,babybear,16,single,8,8192,42,237775031
rescue_prime,,babybear,24,single,8,8192,42,383563662
anemoi,,bls12_381,4,current,20,1024,42,287978026
anemoi,,bls12_381,4,original,14,1024,42,201643558
anemoi,,bn254,4,current,20,1024,42,282785123
anemoi,,bn254,4,original,14,2048,42,395832066
anemoi,,goldilocks,8,single,11,32768,42,347302056
anemoi,,goldilocks,12,single,10,16384,42,238321562
anemoi,,mersenne31,16,single,10,32768,42,342080950
anemoi,,mersenne31,24,single,9,16384,42,239937150
anemoi,,koalabear,16,single,10,16384,42,260357848
anemoi,,koalabear,24,single,9,16384,42,363815582
anemoi,,babybear,16,single,9,16384,42,235581171
anemoi,,babybear,24,single,9,16384,42,364350842
griffin,,bls12_381,3,current,20,2048,42,288473081
griffin,,bls12_381,3,original,14,2048,42,201093961
griffin,,bls12_381,4,current,20,2048,42,289423086
griffin,,bls12_381,4,original,11,4096,42,319573043
griffin,,bn254,3,current,20,2048,42,282633981
griffin,,bn254,3,original,14,4096,42,395841653
griffin,,bn254,4,current,20,2048,42,284540233
griffin,,bn254,4,original,11,4096,42,313449872
griffin,,goldilocks,8,single,8,131072,42,281908646
griffin,,goldilocks,12,single,8,131072,42,301583750
arion,,bls12_381,3,single,11,4096,42,341890994
arion,,bls12_381,4,single,10,4096,42,329531090
arion,,bn254,3,single,11,4096,42,335197478
arion,,bn254,4,single,10,4096,42,320207789
grendel,native,bls12_381,3,single,24,256,42,268893186
grendel,native,bn254,3,single,24,256,42,266778545
xhash,XHash8,goldilocks,12,single,6,32768,42,284103307
xhash,XHash12,goldilocks,12,single,6,32768,42,370175926
xhash,XHash16,mersenne31,24,single,6,32768,42,301856970
xhash,XHash24,mersenne31,24,single,6,32768,42,363637018
reinforced_concrete,,bls12_381,3,single,7,131072,42,241164724
reinforced_concrete,,bn254,3,single,7,131072,42,240809380
skyscraper,,bls12_381,4,single,18,262144,42,286844739
skyscraper,,bn254,4,single,18,262144,42,280137196
monolith,,goldilocks,8,single,6,1048576,42,267505072
monolith,,goldilocks,12,single,6,524288,42,205244436
monolith,,mersenne31,16,single,6,524288,42,213706438
monolith,,mersenne31,24,single,6,262144,42,216871532
polocolo,,bls12_381,3,single,6,1024,42,261712338
polocolo,,bls12_381,4,single,5,1024,42,293461082
polocolo,,bn254,3,single,6,1024,42,235131001
polocolo,,bn254,4,single,5,1024,42,262043377
tip4p,,goldilocks,12,single,5,262144,42,332007978
plain,sha256_compress,-,-,single,-,8388608,42,211276788
plain,keccak_f1600,-,-,single,-,524288,42,203230804
plain,blake2b_compress,-,-,single,-,2097152,42,241106836
plain,blake3_compress,-,-,single,-,4194304,42,270776084
gmimc,,bls12_381,3,single,228,16384,43,258911745
gmimc,,bls12_381,4,single,231,16384,43,264149322
gmimc,,bn254,3,single,228,16384,43,251013587
gmimc,,bn254,4,single,231,16384,43,254902745
gmimc,,goldilocks,8,single,68,524288,43,337020334
gmimc,,goldilocks,12,single,93,262144,43,235125410
gmimc,,mersenne31,16,single,158,262144,43,266774417
gmimc,,mersenne31,24,single,335,131072,43,323816723
gmimc,,koalabear,16,single,158,262144,43,305765362
gmimc,,koalabear,24,single,335,131072,43,331994293
gmimc,,babybear,16,single,158,131072,43,246055774
gmimc,,babybear,24,single,335,65536,43,259594010
gmimc2,alpha=8,bls12_381,3,single,63,32768,43,213081741
gmimc2,alpha=8,bls12_381,4,single,64,32768,43,217691654
gmimc2,alpha=8,bn254,3,single,63,32768,43,209653865
gmimc2,alpha=8,bn254,4,single,64,32768,43,212629595
gmimc2,alpha=4,goldilocks,8,single,88,262144,43,294319476
gmimc2,alpha=4,goldilocks,12,single,96,262144,43,361640969
gmimc2,alpha=2,mersenne31,16,single,176,65536,43,201734678
gmimc2,alpha=2,mersenne31,24,single,264,32768,43,227260313
gmimc2,alpha=2,koalabear,16,single,176,131072,43,290742632
gmimc2,alpha=2,koalabear,24,single,264,65536,43,239019596
gmimc2,alpha=2,babybear,16,single,176,131072,43,290963575
gmimc2,alpha=2,babybear,24,single,264,65536,43,233358459
poseidon,,bls12_381,3,single,8+56,16384,43,254775166
poseidon,,bls12_381,4,single,8+56,16384,43,375355744
poseidon,,bn254,3,single,8+56,16384,43,245428682
poseidon,,bn254,4,single,8+56,16384,43,367913649
poseidon,,goldilocks,8,single,8+22,131072,43,334425886
poseidon,,goldilocks,12,single,8+22,65536,43,319753319
poseidon,,mersenne31,16,single,8+14,65536,43,322500072
poseidon,,mersenne31,24,single,8+22,16384,43,226452043
poseidon,,koalabear,16,single,8+20,32768,43,250759743
poseidon,,koalabear,24,single,8+23,16384,43,299671666
poseidon,,babybear,16,single,8+13,65536,43,402540710
poseidon,,babybear,24,single,8+21,16384,43,286880505
poseidon2,,bls12_381,3,single,8+56,65536,43,316729369
poseidon2,,bls12_381,4,single,8+56,32768,43,284585226
poseidon2,,bn254,3,single,8+56,65536,43,309269981
poseidon2,,bn254,4,single,8+56,32768,43,274244906
poseidon2,,goldilocks,8,single,8+22,524288,43,390986371
poseidon2,,goldilocks,12,single,8+22,262144,43,267887877
poseidon2,,mersenne31,16,single,8+14,262144,43,250883143
poseidon2,,mersenne31,24,single,8+22,131072,43,210456164
poseidon2,,koalabear,16,single,8+20,262144,43,285530103
poseidon2,,koalabear,24,single,8+23,131072,43,207356573
poseidon2,,babybear,16,single,8+13,262144,43,306360074
poseidon2,,babybear,24,single,8+21,131072,43,247984808
neptune,,bls12_381,4,single,6+69,32768,43,325253236
neptune,,bn254,4,single,6+69,32768,43,313374902
neptune,,goldilocks,8,single,6+38,262144,43,315650854
neptune,,goldilocks,12,single,6+42,131072,43,303884989
psquarehash,,mersenne31,16,single,52,262144,43,243606557
psquarehash,,mersenne31,24,single,52,262144,43,354682175
psquarehash,,koalabear,16,single,52,262144,43,309494851
psquarehash,,koalabear,24,single,52,131072,43,231231423
psquarehash,,babybear,16,single,52,262144,43,311247997
psquarehash,,babybear,24,single,52,131072,43,232001021
rescue_prime,,bls12_381,3,current,16,1024,43,344296249
rescue_prime,,bls12_381,3,original,14,1024,43,301163343
rescue_prime,,bls12_381,4,current,13,1024,43,374458398
rescue_prime,,bls12_381,4,original,11,1024,43,316969578
rescue_prime,,bn254,3,current,16,1024,43,337901490
rescue_prime,,bn254,3,original,14,1024,43,295608163
rescue_prime,,bn254,4,current,13,1024,43,367442098
rescue_prime,,bn254,4,original,11,1024,43,310812924
rescue_prime,,goldilocks,8,single,8,16384,43,252880094
rescue_prime,,goldilocks,12,single,8,16384,43,394152627
rescue_prime,,mersenne31,16,single,8,16384,43,329232762
rescue_prime,,mersenne31,24,single,8,8192,43,265307977
rescue_prime,,koalabear,16,single,8,8192,43,237239249
rescue_prime,,koalabear,24,single,8,8192,43,380931933
rescue_prime,,babybear,16,single,8,8192,43,237448390
rescue_prime,,babybear,24,single,8,8192,43,382981894
anemoi,,bls12_381,4,current,20,1024,43,287935587
anemoi,,bls12_381,4,original,14,1024,43,201662953
anemoi,,bn254,4,current,20,1024,43,282646845
anemoi,,bn254,4,original,14,2048,43,395746185
anemoi,,goldilocks,8,single,11,32768,43,347094236
anemoi,,goldilocks,12,single,10,16384,43,238298148
anemoi,,mersenne31,16,single,10,32768,43,341972807
anemoi,,mersenne31,24,single,9,16384,43,240058347
anemoi,,koalabear,16,single,10,16384,43,260230449
anemoi,,koalabear,24,single,9,16384,43,363372363
anemoi,,babybear,16,single,9,16384,43,235275079
anemoi,,babybear,24,single,9,16384,43,364481175
griffin,,bls12_381,3,current,20,2048,43,287254164
griffin,,bls12_381,3,original,14,2048,43,201131851
griffin,,bls12_381,4,current,20,2048,43,289392158
griffin,,bls12_381,4,original,11,4096,43,318401433
griffin,,bn254,3,current,20,2048,43,282528353
griffin,,bn254,3,original,14,4096,43,395661817
griffin,,bn254,4,current,20,2048,43,284503774
griffin,,bn254,4,original,11,4096,43,313446676
griffin,,goldilocks,8,single,8,131072,43,282306939
griffin,,goldilocks,12,single,8,131072,43,300526032
arion,,bls12_381,3,single,11,4096,43,343250875
arion,,bls12_381,4,single,10,4096,43,330380797
arion,,bn254,3,single,11,4096,43,332454452
arion,,bn254,4,single,10,4096,43,320244798
grendel,native,bls12_381,3,single,24,256,43,268759706
grendel,native,bn254,3,single,24,256,43,267082933
xhash,XHash8,goldilocks,12,single,6,32768,43,284408146
xhash,XHash12,goldilocks,12,single,6,32768,43,370430581
xhash,XHash16,mersenne31,24,single,6,32768,43,301641497
xhash,XHash24,mersenne31,24,single,6,32768,43,364111965
reinforced_concrete,,bls12_381,3,single,7,131072,43,240249303
reinforced_concrete,,bn254,3,single,7,131072,43,240670019
skyscraper,,bls12_381,4,single,18,262144,43,286995791
skyscraper,,bn254,4,single,18,262144,43,278628436
monolith,,goldilocks,8,single,6,1048576,43,264818221
monolith,,goldilocks,12,single,6,524288,43,204332832
monolith,,mersenne31,16,single,6,524288,43,213809069
monolith,,mersenne31,24,single,6,262144,43,217150122
polocolo,,bls12_381,3,single,6,1024,43,261705255
polocolo,,bls12_381,4,single,5,1024,43,291094550
polocolo,,bn254,3,single,6,1024,43,235020773
polocolo,,bn254,4,single,5,1024,43,261922791
tip4p,,goldilocks,12,single,5,262144,43,331565540
plain,sha256_compress,-,-,single,-,8388608,43,211242213
plain,keccak_f1600,-,-,single,-,524288,43,203116550
plain,blake2b_compress,-,-,single,-,2097152,43,240136463
plain,blake3_compress,-,-,single,-,4194304,43,269395985
gmimc,,bls12_381,3,single,228,16384,44,258986795
gmimc,,bls12_381,4,single,231,16384,44,264207319
gmimc,,bn254,3,single,228,16384,44,250415860
gmimc,,bn254,4,single,231,16384,44,254024212
gmimc,,goldilocks,8,single,68,524288,44,336341284
gmimc,,goldilocks,12,single,93,262144,44,235452040
gmimc,,mersenne31,16,single,158,262144,44,270045368
gmimc,,mersenne31,24,single,335,131072,44,319799665
gmimc,,koalabear,16,single,158,262144,44,305695532
gmimc,,koalabear,24,single,335,131072,44,330142291
gmimc,,babybear,16,single,158,131072,44,246217665
gmimc,,babybear,24,single,335,65536,44,259376894
gmimc2,alpha=8,bls12_381,3,single,63,32768,44,212677003
gmimc2,alpha=8,bls12_381,4,single,64,32768,44,217379150
gmimc2,alpha=8,bn254,3,single,63,32768,44,209965697
gmimc2,alpha=8,bn254,4,single,64,32768,44,213177318
gmimc2,alpha=4,goldilocks,8,single,88,262144,44,294195894
gmimc2,alpha=4,goldilocks,12,single,96,262144,44,362080379
gmimc2,alpha=2,mersenne31,16,single,176,65536,44,201881271
gmimc2,alpha=2,mersenne31,24,single,264,32768,44,224722181
gmimc2,alpha=2,koalabear,16,single,176,131072,44,290962653
gmimc2,alpha=2,koalabear,24,single,264,65536,44,233957928
gmimc2,alpha=2,babybear,16,single,176,131072,44,291147929
gmimc2,alpha=2,babybear,24,single,264,65536,44,239847352
poseidon,,bls12_381,3,single,8+56,16384,44,255079213
poseidon,,bls12_381,4,single,8+56,16384,44,375913567
poseidon,,bn254,3,single,8+56,16384,44,246310339
poseidon,,bn254,4,single,8+56,16384,44,367767445
poseidon,,goldilocks,8,single,8+22,131072,44,334473003
poseidon,,goldilocks,12,single,8+22,65536,44,320065783
poseidon,,mersenne31,16,single,8+14,65536,44,323237910
poseidon,,mersenne31,24,single,8+22,16384,44,226095276
poseidon,,koalabear,16,single,8+20,32768,44,251382487
poseidon,,koalabear,24,single,8+23,16384,44,300044923
poseidon,,babybear,16,single,8+13,65536,44,402295802
poseidon,,babybear,24,single,8+21,16384,44,287400467
poseidon2,,bls12_381,3,single,8+56,65536,44,316274589
poseidon2,,bls12_381,4,single,8+56,32768,44,284716241
poseidon2,,bn254,3,single,8+56,65536,44,309204508
poseidon2,,bn254,4,single,8+56,32768,44,274426655
poseidon2,,goldilocks,8,single,8+22,524288,44,391193016
poseidon2,,goldilocks,12,single,8+22,262144,44,268061080
poseidon2,,mersenne31,16,single,8+14,262144,44,250752870
poseidon2,,mersenne31,24,single,8+22,131072,44,209579535
poseidon2,,koalabear,16,single,8+20,262144,44,284445084
poseidon2,,koalabear,24,single,8+23,131072,44,208081387
poseidon2,,babybear,16,single,8+13,262144,44,306105358
poseidon2,,babybear,24,single,8+21,131072,44,247833254
neptune,,bls12_381,4,single,6+69,32768,44,325671116
neptune,,bn254,4,single,6+69,32768,44,313635518
neptune,,goldilocks,8,single,6+38,262144,44,315027468
neptune,,goldilocks,12,single,6+42,131072,44,303245354
psquarehash,,mersenne31,16,single,52,262144,44,243769390
psquarehash,,mersenne31,24,single,52,262144,44,354465159
psquarehash,,koalabear,16,single,52,262144,44,312164750
psquarehash,,koalabear,24,single,52,131072,44,231150331
psquarehash,,babybear,16,single,52,262144,44,310211029
psquarehash,,babybear,24,single,52,131072,44,232388285
rescue_prime,,bls12_381,3,current,16,1024,44,347193171
rescue_prime,,bls12_381,3,original,14,1024,44,303640382
rescue_prime,,bls12_381,4,current,13,1024,44,377675448
rescue_prime,,bls12_381,4,original,11,1024,44,319512459
rescue_prime,,bn254,3,current,16,1024,44,337924132
rescue_prime,,bn254,3,original,14,1024,44,298450514
rescue_prime,,bn254,4,current,13,1024,44,367599211
rescue_prime,,bn254,4,original,11,1024,44,310935062
rescue_prime,,goldilocks,8,single,8,16384,44,252975282
rescue_prime,,goldilocks,12,single,8,16384,44,394851031
rescue_prime,,mersenne31,16,single,8,16384,44,328259693
rescue_prime,,mersenne31,24,single,8,8192,44,265731307
rescue_prime,,koalabear,16,single,8,8192,44,235923992
rescue_prime,,koalabear,24,single,8,8192,44,380500467
rescue_prime,,babybear,16,single,8,8192,44,237574185
rescue_prime,,babybear,24,single,8,8192,44,383994165
anemoi,,bls12_381,4,current,20,1024,44,287950704
anemoi,,bls12_381,4,original,14,1024,44,201670458
anemoi,,bn254,4,current,20,1024,44,282696917
anemoi,,bn254,4,original,14,2048,44,395751083
anemoi,,goldilocks,8,single,11,32768,44,347003576
anemoi,,goldilocks,12,single,10,16384,44,238224600
anemoi,,mersenne31,16,single,10,32768,44,341053158
anemoi,,mersenne31,24,single,9,16384,44,239648501
anemoi,,koalabear,16,single,10,16384,44,260196986
anemoi,,koalabear,24,single,9,16384,44,363182047
anemoi,,babybear,16,single,9,16384,44,235611787
anemoi,,babybear,24,single,9,16384,44,364148673
griffin,,bls12_381,3,current,20,2048,44,287300199
griffin,,bls12_381,3,original,14,2048,44,201101263
griffin,,bls12_381,4,current,20,2048,44,289476075
griffin,,bls12_381,4,original,11,4096,44,318442609
griffin,,bn254,3,current,20,2048,44,282554652
griffin,,bn254,3,original,14,4096,44,395669270
griffin,,bn254,4,current,20,2048,44,284495228
griffin,,bn254,4,original,11,4096,44,313422519
griffin,,goldilocks,8,single,8,131072,44,282161086
griffin,,goldilocks,12,single,8,131072,44,301024143
arion,,bls12_381,3,single,11,4096,44,341915760
arion,,bls12_381,4,single,10,4096,44,329547520
arion,,bn254,3,single,11,4096,44,332561771
arion,,bn254,4,single,10,4096,44,320148998
grendel,native,bls12_381,3,single,24,256,44,268738225
grendel,native,bn254,3,single,24,256,44,266615359
xhash,XHash8,goldilocks,12,single,6,32768,44,283548839
xhash,XHash12,goldilocks,12,single,6,32768,44,370364057
xhash,XHash16,mersenne31,24,single,6,32768,44,301505784
xhash,XHash24,mersenne31,24,single,6,32768,44,362652843
reinforced_concrete,,bls12_381,3,single,7,131072,44,242117615
reinforced_concrete,,bn254,3,single,7,131072,44,241046233
skyscraper,,bls12_381,4,single,18,262144,44,287753356
skyscraper,,bn254,4,single,18,262144,44,279381582
monolith,,goldilocks,8,single,6,1048576,44,265247128
monolith,,goldilocks,12,single,6,524288,44,204915854
monolith,,mersenne31,16,single,6,524288,44,213860780
monolith,,mersenne31,24,single,6,262144,44,216546228
polocolo,,bls12_381,3,single,6,1024,44,261794586
polocolo,,bls12_381,4,single,5,1024,44,291128193
polocolo,,bn254,3,single,6,1024,44,235096484
polocolo,,bn254,4,single,5,1024,44,262075140
tip4p,,goldilocks,12,single,5,262144,44,331801660
plain,sha256_compress,-,-,single,-,8388608,44,211230314
plain,keccak_f1600,-,-,single,-,524288,44,203323599
plain,blake2b_compress,-,-,single,-,2097152,44,239763395
plain,blake3_compress,-,-,single,-,4194304,44,269857674
gmimc,,bls12_381,3,single,228,16384,45,258850834
gmimc,,bls12_381,4,single,231,16384,45,265344219
gmimc,,bn254,3,single,228,16384,45,250375777
gmimc,,bn254,4,single,231,16384,45,255105635
gmimc,,goldilocks,8,single,68,524288,45,336647877
gmimc,,goldilocks,12,single,93,262144,45,235288773
gmimc,,mersenne31,16,single,158,262144,45,266758582
gmimc,,mersenne31,24,single,335,131072,45,317389769
gmimc,,koalabear,16,single,158,262144,45,305624102
gmimc,,koalabear,24,single,335,131072,45,335629483
gmimc,,babybear,16,single,158,131072,45,246378197
gmimc,,babybear,24,single,335,65536,45,259455956
gmimc2,alpha=8,bls12_381,3,single,63,32768,45,212442289
gmimc2,alpha=8,bls12_381,4,single,64,32768,45,218077250
gmimc2,alpha=8,bn254,3,single,63,32768,45,209738085
gmimc2,alpha=8,bn254,4,single,64,32768,45,213552163
gmimc2,alpha=4,goldilocks,8,single,88,262144,45,293983889
gmimc2,alpha=4,goldilocks,12,single,96,262144,45,362092917
gmimc2,alpha=2,mersenne31,16,single,176,65536,45,201782379
gmimc2,alpha=2,mersenne31,24,single,264,32768,45,227499948
gmimc2,alpha=2,koalabear,16,single,176,131072,45,290795020
gmimc2,alpha=2,koalabear,24,single,264,65536,45,238835020
gmimc2,alpha=2,babybear,16,single,176,131072,45,290859671
gmimc2,alpha=2,babybear,24,single,264,65536,45,234459053
poseidon,,bls12_381,3,single,8+56,16384,45,254992935
poseidon,,bls12_381,4,single,8+56,16384,45,377187866
poseidon,,bn254,3,single,8+56,16384,45,245878703
poseidon,,bn254,4,single,8+56,16384,45,367979558
poseidon,,goldilocks,8,single,8+22,131072,45,334103683
poseidon,,goldilocks,12,single,8+22,65536,45,319617191
poseidon,,mersenne31,16,single,8+14,65536,45,330176303
poseidon,,mersenne31,24,single,8+22,16384,45,226360048
poseidon,,koalabear,16,single,8+20,32768,45,251535504
poseidon,,koalabear,24,single,8+23,16384,45,299340319
poseidon,,babybear,16,single,8+13,65536,45,402312086
poseidon,,babybear,24,single,8+21,16384,45,286819070
poseidon2,,bls12_381,3,single,8+56,65536,45,316427220
poseidon2,,bls12_381,4,single,8+56,32768,45,284610833
poseidon2,,bn254,3,single,8+56,65536,45,309313767
poseidon2,,bn254,4,single,8+56,32768,45,274145957
poseidon2,,goldilocks,8,single,8+22,524288,45,391125231
poseidon2,,goldilocks,12,single,8+22,262144,45,268008567
poseidon2,,mersenne31,16,single,8+14,262144,45,250784962
poseidon2,,mersenne31,24,single,8+22,131072,45,210290218
poseidon2,,koalabear,16,single,8+20,262144,45,289010815
poseidon2,,koalabear,24,single,8+23,131072,45,206334515
poseidon2,,babybear,16,single,8+13,262144,45,304506062
poseidon2,,babybear,24,single,8+21,131072,45,247931539
neptune,,bls12_381,4,single,6+69,32768,45,325983117
neptune,,bn254,4,single,6+69,32768,45,314307327
neptune,,goldilocks,8,single,6+38,262144,45,316486891
neptune,,goldilocks,12,single,6+42,131072,45,303042237
psquarehash,,mersenne31,16,single,52,262144,45,243743212
psquarehash,,mersenne31,24,single,52,262144,45,354334147
psquarehash,,koalabear,16,single,52,262144,45,311699464
psquarehash,,koalabear,24,single,52,131072,45,231149818
psquarehash,,babybear,16,single,52,262144,45,311108260
psquarehash,,babybear,24,single,52,131072,45,232159976
rescue_prime,,bls12_381,3,current,16,1024,45,344325364
rescue_prime,,bls12_381,3,original,14,1024,45,301114544
rescue_prime,,bls12_381,4,current,13,1024,45,374441723
rescue_prime,,bls12_381,4,original,11,1024,45,316852685
rescue_prime,,bn254,3,current,16,1024,45,337928680
rescue_prime,,bn254,3,original,14,1024,45,295585893
rescue_prime,,bn254,4,current,13,1024,45,367471257
rescue_prime,,bn254,4,original,11,1024,45,310878500
rescue_prime,,goldilocks,8,single,8,16384,45,252865540
rescue_prime,,goldilocks,12,single,8,16384,45,394131689
rescue_prime,,mersenne31,16,single,8,16384,45,328313562
rescue_prime,,mersenne31,24,single,8,8192,45,265502735
rescue_prime,,koalabear,16,single,8,8192,45,236397785
rescue_prime,,koalabear,24,single,8,8192,45,383880541
rescue_prime,,babybear,16,single,8,8192,45,237842135
rescue_prime,,babybear,24,single,8,8192,45,384694423
anemoi,,bls12_381,4,current,20,1024,45,287909557
anemoi,,bls12_381,4,original,14,1024,45,201669898
anemoi,,bn254,4,current,20,1024,45,282711464
anemoi,,bn254,4,original,14,2048,45,395740014
anemoi,,goldilocks,8,single,11,32768,45,346825405
anemoi,,goldilocks,12,single,10,16384,45,238279522
anemoi,,mersenne31,16,single,10,32768,45,339604502
anemoi,,mersenne31,24,single,9,16384,45,239620167
anemoi,,koalabear,16,single,10,16384,45,259451016
anemoi,,koalabear,24,single,9,16384,45,363244639
anemoi,,babybear,16,single,9,16384,45,234528282
anemoi,,babybear,24,single,9,16384,45,364142566
griffin,,bls12_381,3,current,20,2048,45,287215249
griffin,,bls12_381,3,original,14,2048,45,201116404
griffin,,bls12_381,4,current,20,2048,45,289431661
griffin,,bls12_381,4,original,11,4096,45,318504340
griffin,,bn254,3,current,20,2048,45,282597510
griffin,,bn254,3,original,14,4096,45,395766784
griffin,,bn254,4,current,20,2048,45,284544929
griffin,,bn254,4,original,11,4096,45,313487726
griffin,,goldilocks,8,single,8,131072,45,281901470
griffin,,goldilocks,12,single,8,131072,45,301168564
arion,,bls12_381,3,single,11,4096,45,343431092
arion,,bls12_381,4,single,10,4096,45,329556173
arion,,bn254,3,single,11,4096,45,332398114
arion,,bn254,4,single,10,4096,45,320149896
grendel,native,bls12_381,3,single,24,256,45,268472455
grendel,native,bn254,3,single,24,256,45,266817962
xhash,XHash8,goldilocks,12,single,6,32768,45,283941542
xhash,XHash12,goldilocks,12,single,6,32768,45,370122130
xhash,XHash16,mersenne31,24,single,6,32768,45,301645746
xhash,XHash24,mersenne31,24,single,6,32768,45,363251622
reinforced_concrete,,bls12_381,3,single,7,131072,45,241708820
reinforced_concrete,,bn254,3,single,7,131072,45,241293905
skyscraper,,bls12_381,4,single,18,262144,45,286859003
skyscraper,,bn254,4,single,18,262144,45,280089273
monolith,,goldilocks,8,single,6,1048576,45,266157859
monolith,,goldilocks,12,single,6,524288,45,203891209
monolith,,mersenne31,16,single,6,524288,45,213336669
monolith,,mersenne31,24,single,6,262144,45,216542511
polocolo,,bls12_381,3,single,6,1024,45,261711760
polocolo,,bls12_381,4,single,5,1024,45,291069892
polocolo,,bn254,3,single,6,1024,45,235046219
polocolo,,bn254,4,single,5,1024,45,261984259
tip4p,,goldilocks,12,single,5,262144,45,331222578
plain,sha256_compress,-,-,single,-,8388608,45,211216247
plain,keccak_f1600,-,-,single,-,524288,45,203176143
plain,blake2b_compress,-,-,single,-,2097152,45,240258119
plain,blake3_compress,-,-,single,-,4194304,45,269661286
gmimc,,bls12_381,3,single,228,16384,46,258863747
gmimc,,bls12_381,4,single,231,16384,46,264184181
gmimc,,bn254,3,single,228,16384,46,251306185
gmimc,,bn254,4,single,231,16384,46,254059570
gmimc,,goldilocks,8,single,68,524288,46,336561915
gmimc,,goldilocks,12,single,93,262144,46,234665978
gmimc,,mersenne31,16,single,158,262144,46,270167091
gmimc,,mersenne31,24,single,335,131072,46,323321993
gmimc,,koalabear,16,single,158,262144,46,305566112
gmimc,,koalabear,24,single,335,131072,46,330990724
gmimc,,babybear,16,single,158,131072,46,246250618
gmimc,,babybear,24,single,335,65536,46,259496621
gmimc2,alpha=8,bls12_381,3,single,63,32768,46,213811507
gmimc2,alpha=8,bls12_381,4,single,64,32768,46,217261525
gmimc2,alpha=8,bn254,3,single,63,32768,46,209621016
gmimc2,alpha=8,bn254,4,single,64,32768,46,212787874
gmimc2,alpha=4,goldilocks,8,single,88,262144,46,293865627
gmimc2,alpha=4,goldilocks,12,single,96,262144,46,362114115
gmimc2,alpha=2,mersenne31,16,single,176,65536,46,201842179
gmimc2,alpha=2,mersenne31,24,single,264,32768,46,224893997
gmimc2,alpha=2,koalabear,16,single,176,131072,46,290694040
gmimc2,alpha=2,koalabear,24,single,264,65536,46,240639111
gmimc2,alpha=2,babybear,16,single,176,131072,46,291207509
gmimc2,alpha=2,babybear,24,single,264,65536,46,235139373
poseidon,,bls12_381,3,single,8+56,16384,46,255542461
poseidon,,bls12_381,4,single,8+56,16384,46,375788379
poseidon,,bn254,3,single,8+56,16384,46,245693717
poseidon,,bn254,4,single,8+56,16384,46,368525786
poseidon,,goldilocks,8,single,8+22,131072,46,334630095
poseidon,,goldilocks,12,single,8+22,65536,46,320260282
poseidon,,mersenne31,16,single,8+14,65536,46,322273233
poseidon,,mersenne31,24,single,8+22,16384,46,227055026
poseidon,,koalabear,16,single,8+20,32768,46,252058331
poseidon,,koalabear,24,single,8+23,16384,46,299838449
poseidon,,babybear,16,single,8+13,65536,46,402251241
poseidon,,babybear,24,single,8+21,16384,46,287322199
poseidon2,,bls12_381,3,single,8+56,65536,46,316203501
poseidon2,,bls12_381,4,single,8+56,32768,46,284453969
poseidon2,,bn254,3,single,8+56,65536,46,308893630
poseidon2,,bn254,4,single,8+56,32768,46,274343284
poseidon2,,goldilocks,8,single,8+22,524288,46,391214506
poseidon2,,goldilocks,12,single,8+22,262144,46,267998097
poseidon2,,mersenne31,16,single,8+14,262144,46,250911367
poseidon2,,mersenne31,24,single,8+22,131072,46,209637537
poseidon2,,koalabear,16,single,8+20,262144,46,288082309
poseidon2,,koalabear,24,single,8+23,131072,46,206451803
poseidon2,,babybear,16,single,8+13,262144,46,306528210
poseidon2,,babybear,24,single,8+21,131072,46,247916681
neptune,,bls12_381,4,single,6+69,32768,46,325735703
neptune,,bn254,4,single,6+69,32768,46,313738153
neptune,,goldilocks,8,single,6+38,262144,46,315429955
neptune,,goldilocks,12,single,6+42,131072,46,304496924
psquarehash,,mersenne31,16,single,52,262144,46,243866301
psquarehash,,mersenne31,24,single,52,262144,46,354569887
psquarehash,,koalabear,16,single,52,262144,46,309987975
psquarehash,,koalabear,24,single,52,131072,46,231243383
psquarehash,,babybear,16,single,52,262144,46,310640655
psquarehash,,babybear,24,single,52,131072,46,232343608
rescue_prime,,bls12_381,3,current,16,1024,46,344388290
rescue_prime,,bls12_381,3,original,14,1024,46,301134530
rescue_prime,,bls12_381,4,current,13,1024,46,374737164
rescue_prime,,bls12_381,4,original,11,1024,46,319484301
rescue_prime,,bn254,3,current,16,1024,46,337971669
rescue_prime,,bn254,3,original,14,1024,46,295617300
rescue_prime,,bn254,4,current,13,1024,46,367413098
rescue_prime,,bn254,4,original,11,1024,46,310856188
rescue_prime,,goldilocks,8,single,8,16384,46,252731928
rescue_prime,,goldilocks,12,single,8,16384,46,394212188
rescue_prime,,mersenne31,16,single,8,16384,46,328514045
rescue_prime,,mersenne31,24,single,8,8192,46,265186843
rescue_prime,,koalabear,16,single,8,8192,46,235426339
rescue_prime,,koalabear,24,single,8,8192,46,381105515
rescue_prime,,babybear,16,single,8,8192,46,237864706
rescue_prime,,babybear,24,single,8,8192,46,382235766
anemoi,,bls12_381,4,current,20,1024,46,288003021
anemoi,,bls12_381,4,original,14,1024,46,201683744
anemoi,,bn254,4,current,20,1024,46,282712975
anemoi,,bn254,4,original,14,2048,46,395769358
anemoi,,goldilocks,8,single,11,32768,46,346557223
anemoi,,goldilocks,12,single,10,16384,46,238289350
anemoi,,mersenne31,16,single,10,32768,46,339948884
anemoi,,mersenne31,24,single,9,16384,46,239472070
anemoi,,koalabear,16,single,10,16384,46,259580957
anemoi,,koalabear,24,single,9,16384,46,363335918
anemoi,,babybear,16,single,9,16384,46,234401163
anemoi,,babybear,24,single,9,16384,46,364146703
griffin,,bls12_381,3,current,20,2048,46,287817424
griffin,,bls12_381,3,original,14,2048,46,201177277
griffin,,bls12_381,4,current,20,2048,46,289482255
griffin,,bls12_381,4,original,11,4096,46,319534866
griffin,,bn254,3,current,20,2048,46,282593482
griffin,,bn254,3,original,14,4096,46,395718431
griffin,,bn254,4,current,20,2048,46,284493893
griffin,,bn254,4,original,11,4096,46,313454322
griffin,,goldilocks,8,single,8,131072,46,282274325
griffin,,goldilocks,12,single,8,131072,46,300981083
arion,,bls12_381,3,single,11,4096,46,341843223
arion,,bls12_381,4,single,10,4096,46,330065865
arion,,bn254,3,single,11,4096,46,332452545
arion,,bn254,4,single,10,4096,46,320124928
grendel,native,bls12_381,3,single,24,256,46,269013895
grendel,native,bn254,3,single,24,256,46,267292749
xhash,XHash8,goldilocks,12,single,6,32768,46,283473376
xhash,XHash12,goldilocks,12,single,6,32768,46,370043272
xhash,XHash16,mersenne31,24,single,6,32768,46,301572859
xhash,XHash24,mersenne31,24,single,6,32768,46,363950527
reinforced_concrete,,bls12_381,3,single,7,131072,46,240748455
reinforced_concrete,,bn254,3,single,7,131072,46,240778862
skyscraper,,bls12_381,4,single,18,262144,46,287314885
skyscraper,,bn254,4,single,18,262144,46,279467811
monolith,,goldilocks,8,single,6,1048576,46,269132226
monolith,,goldilocks,12,single,6,524288,46,204239399
monolith,,mersenne31,16,single,6,524288,46,213248784
monolith,,mersenne31,24,single,6,262144,46,216261365
polocolo,,bls12_381,3,single,6,1024,46,261676443
polocolo,,bls12_381,4,single,5,1024,46,291087024
polocolo,,bn254,3,single,6,1024,46,235132550
polocolo,,bn254,4,single,5,1024,46,262016769
tip4p,,goldilocks,12,single,5,262144,46,330889183
plain,sha256_compress,-,-,single,-,8388608,46,211252003
plain,keccak_f1600,-,-,single,-,524288,46,203286769
plain,blake2b_compress,-,-,single,-,2097152,46,240438245
plain,blake3_compress,-,-,single,-,4194304,46,270592695
gmimc,,bls12_381,3,single,228,16384,47,259139432
gmimc,,bls12_381,4,single,231,16384,47,264211430
gmimc,,bn254,3,single,228,16384,47,251383960
gmimc,,bn254,4,single,231,16384,47,255026817
gmimc,,goldilocks,8,single,68,524288,47,336589025
gmimc,,goldilocks,12,single,93,262144,47,234890347
gmimc,,mersenne31,16,single,158,262144,47,267857564
gmimc,,mersenne31,24,single,335,131072,47,325614536
gmimc,,koalabear,16,single,158,262144,47,305568967
gmimc,,koalabear,24,single,335,131072,47,329293271
gmimc,,babybear,16,single,158,131072,47,246124289
gmimc,,babybear,24,single,335,65536,47,259505406
gmimc2,alpha=8,bls12_381,3,single,63,32768,47,213001262
gmimc2,alpha=8,bls12_381,4,single,64,32768,47,217458712
gmimc2,alpha=8,bn254,3,single,63,32768,47,209717916
gmimc2,alpha=8,bn254,4,single,64,32768,47,212958763
gmimc2,alpha=4,goldilocks,8,single,88,262144,47,294410124
gmimc2,alpha=4,goldilocks,12,single,96,262144,47,361933166
gmimc2,alpha=2,mersenne31,16,single,176,65536,47,201889467
gmimc2,alpha=2,mersenne31,24,single,264,32768,47,224726714
gmimc2,alpha=2,koalabear,16,single,176,131072,47,290925561
gmimc2,alpha=2,koalabear,24,single,264,65536,47,234262223
gmimc2,alpha=2,babybear,16,single,176,131072,47,291460481
gmimc2,alpha=2,babybear,24,single,264,65536,47,233748774
poseidon,,bls12_381,3,single,8+56,16384,47,255280301
poseidon,,bls12_381,4,single,8+56,16384,47,375932757
poseidon,,bn254,3,single,8+56,16384,47,246134589
poseidon,,bn254,4,single,8+56,16384,47,367647464
poseidon,,goldilocks,8,single,8+22,131072,47,334255384
poseidon,,goldilocks,12,single,8+22,65536,47,319680687
poseidon,,mersenne31,16,single,8+14,65536,47,322058731
poseidon,,mersenne31,24,single,8+22,16384,47,226645901
poseidon,,koalabear,16,single,8+20,32768,47,252980663
poseidon,,koalabear,24,single,8+23,16384,47,299403675
poseidon,,babybear,16,single,8+13,65536,47,401596586
poseidon,,babybear,24,single,8+21,16384,47,286767201
poseidon2,,bls12_381,3,single,8+56,65536,47,316297996
poseidon2,,bls12_381,4,single,8+56,32768,47,284656186
poseidon2,,bn254,3,single,8+56,65536,47,309312553
poseidon2,,bn254,4,single,8+56,32768,47,274016103
poseidon2,,goldilocks,8,single,8+22,524288,47,391434286
poseidon2,,goldilocks,12,single,8+22,262144,47,268390880
poseidon2,,mersenne31,16,single,8+14,262144,47,250605224
poseidon2,,mersenne31,24,single,8+22,131072,47,209724278
poseidon2,,koalabear,16,single,8+20,262144,47,286419902
poseidon2,,koalabear,24,single,8+23,131072,47,207260284
poseidon2,,babybear,16,single,8+13,262144,47,306344365
poseidon2,,babybear,24,single,8+21,131072,47,247962976
neptune,,bls12_381,4,single,6+69,32768,47,325369458
neptune,,bn254,4,single,6+69,32768,47,313709188
neptune,,goldilocks,8,single,6+38,262144,47,316061765
neptune,,goldilocks,12,single,6+42,131072,47,303595057
psquarehash,,mersenne31,16,single,52,262144,47,243795047
psquarehash,,mersenne31,24,single,52,262144,47,354371756
psquarehash,,koalabear,16,single,52,262144,47,312647815
psquarehash,,koalabear,24,single,52,131072,47,231266274
psquarehash,,babybear,16,single,52,262144,47,310728768
psquarehash,,babybear,24,single,52,131072,47,232204477
rescue_prime,,bls12_381,3,current,16,1024,47,344385864
rescue_prime,,bls12_381,3,original,14,1024,47,301149066
rescue_prime,,bls12_381,4,current,13,1024,47,374536528
rescue_prime,,bls12_381,4,original,11,1024,47,316860808
rescue_prime,,bn254,3,current,16,1024,47,337885526
rescue_prime,,bn254,3,original,14,1024,47,295601239
rescue_prime,,bn254,4,current,13,1024,47,367470072
rescue_prime,,bn254,4,original,11,1024,47,310865113
rescue_prime,,goldilocks,8,single,8,16384,47,252998445
rescue_prime,,goldilocks,12,single,8,16384,47,394056035
rescue_prime,,mersenne31,16,single,8,16384,47,328706093
rescue_prime,,mersenne31,24,single,8,8192,47,265387167
rescue_prime,,koalabear,16,single,8,8192,47,236638103
rescue_prime,,koalabear,24,single,8,8192,47,380316188
rescue_prime,,babybear,16,single,8,8192,47,237289079
rescue_prime,,babybear,24,single,8,8192,47,383188065
anemoi,,bls12_381,4,current,20,1024,47,287919644
anemoi,,bls12_381,4,original,14,1024,47,201603643
anemoi,,bn254,4,current,20,1024,47,282709658
anemoi,,bn254,4,original,14,2048,47,395755490
anemoi,,goldilocks,8,single,11,32768,47,346545170
anemoi,,goldilocks,12,single,10,16384,47,238338450
anemoi,,mersenne31,16,single,10,32768,47,341137554
anemoi,,mersenne31,24,single,9,16384,47,239661422
anemoi,,koalabear,16,single,10,16384,47,259488875
anemoi,,koalabear,24,single,9,16384,47,363220160
anemoi,,babybear,16,single,9,16384,47,234562254
anemoi,,babybear,24,single,9,16384,47,364226832
griffin,,bls12_381,3,current,20,2048,47,288218332
griffin,,bls12_381,3,original,14,2048,47,201456818
griffin,,bls12_381,4,current,20,2048,47,290956018
griffin,,bls12_381,4,original,11,4096,47,319328268
griffin,,bn254,3,current,20,2048,47,282588111
griffin,,bn254,3,original,14,4096,47,395662446
griffin,,bn254,4,current,20,2048,47,284596304
griffin,,bn254,4,original,11,4096,47,313404257
griffin,,goldilocks,8,single,8,131072,47,283237635
griffin,,goldilocks,12,single,8,131072,47,301411146
arion,,bls12_381,3,single,11,4096,47,341767441
arion,,bls12_381,4,single,10,4096,47,330686574
arion,,bn254,3,single,11,4096,47,332700467
arion,,bn254,4,single,10,4096,47,320113426
grendel,native,bls12_381,3,single,24,256,47,269093393
grendel,native,bn254,3,single,24,256,47,266987287
xhash,XHash8,goldilocks,12,single,6,32768,47,283638724
xhash,XHash12,goldilocks,12,single,6,32768,47,370039544
xhash,XHash16,mersenne31,24,single,6,32768,47,301992762
xhash,XHash24,mersenne31,24,single,6,32768,47,363925608
reinforced_concrete,,bls12_381,3,single,7,131072,47,241122683
reinforced_concrete,,bn254,3,single,7,131072,47,241263055
skyscraper,,bls12_381,4,single,18,262144,47,287140247
skyscraper,,bn254,4,single,18,262144,47,280331614
monolith,,goldilocks,8,single,6,1048576,47,265876280
monolith,,goldilocks,12,single,6,524288,47,203830404
monolith,,mersenne31,16,single,6,524288,47,214233895
monolith,,mersenne31,24,single,6,262144,47,217076136
polocolo,,bls12_381,3,single,6,1024,47,261728239
polocolo,,bls12_381,4,single,5,1024,47,291150862
polocolo,,bn254,3,single,6,1024,47,235117381
polocolo,,bn254,4,single,5,1024,47,261990829
tip4p,,goldilocks,12,single,5,262144,47,332013753
plain,sha256_compress,-,-,single,-,8388608,47,211358172
plain,keccak_f1600,-,-,single,-,524288,47,203274885
plain,blake2b_compress,-,-,single,-,2097152,47,239807485
plain,blake3_compress,-,-,single,-,4194304,47,269561788
gmimc,,bls12_381,3,single,228,16384,48,259119775
gmimc,,bls12_381,4,single,231,16384,48,265695963
gmimc,,bn254,3,single,228,16384,48,250564147
gmimc,,bn254,4,single,231,16384,48,255882355
gmimc,,goldilocks,8,single,68,524288,48,336684562
gmimc,,goldilocks,12,single,93,262144,48,235150502
gmimc,,mersenne31,16,single,158,262144,48,268199903
gmimc,,mersenne31,24,single,335,131072,48,316949843
gmimc,,koalabear,16,single,158,262144,48,305571239
gmimc,,koalabear,24,single,335,131072,48,331723000
gmimc,,babybear,16,single,158,131072,48,246314225
gmimc,,babybear,24,single,335,65536,48,259479817
gmimc2,alpha=8,bls12_381,3,single,63,32768,48,212846212
gmimc2,alpha=8,bls12_381,4,single,64,32768,48,217321986
gmimc2,alpha=8,bn254,3,single,63,32768,48,209734557
gmimc2,alpha=8,bn254,4,single,64,32768,48,213185375
gmimc2,alpha=4,goldilocks,8,single,88,262144,48,293707961
gmimc2,alpha=4,goldilocks,12,single,96,262144,48,363315878
gmimc2,alpha=2,mersenne31,16,single,176,65536,48,201789019
gmimc2,alpha=2,mersenne31,24,single,264,32768,48,224833042
gmimc2,alpha=2,koalabear,16,single,176,131072,48,290802932
gmimc2,alpha=2,koalabear,24,single,264,65536,48,234092245
gmimc2,alpha=2,babybear,16,single,176,131072,48,290627384
gmimc2,alpha=2,babybear,24,single,264,65536,48,235217769
poseidon,,bls12_381,3,single,8+56,16384,48,255516892
poseidon,,bls12_381,4,single,8+56,16384,48,376240100
poseidon,,bn254,3,single,8+56,16384,48,245281704
poseidon,,bn254,4,single,8+56,16384,48,367681156
poseidon,,goldilocks,8,single,8+22,131072,48,334268367
poseidon,,goldilocks,12,single,8+22,65536,48,319720721
poseidon,,mersenne31,16,single,8+14,65536,48,322965014
poseidon,,mersenne31,24,single,8+22,16384,48,225957413
poseidon,,koalabear,16,single,8+20,32768,48,251567711
poseidon,,koalabear,24,single,8+23,16384,48,300033100
poseidon,,babybear,16,single,8+13,65536,48,401357488
poseidon,,babybear,24,single,8+21,16384,48,286779182
poseidon2,,bls12_381,3,single,8+56,65536,48,316326257
poseidon2,,bls12_381,4,single,8+56,32768,48,284750943
poseidon2,,bn254,3,single,8+56,65536,48,309382080
poseidon2,,bn254,4,single,8+56,32768,48,274033955
poseidon2,,goldilocks,8,single,8+22,524288,48,391230974
poseidon2,,goldilocks,12,single,8+22,262144,48,268135212
poseidon2,,mersenne31,16,single,8+14,262144,48,250364914
poseidon2,,mersenne31,24,single,8+22,131072,48,209246475
poseidon2,,koalabear,16,single,8+20,262144,48,285087601
poseidon2,,koalabear,24,single,8+23,131072,48,206590531
poseidon2,,babybear,16,single,8+13,262144,48,305978771
poseidon2,,babybear,24,single,8+21,131072,48,248479020
neptune,,bls12_381,4,single,6+69,32768,48,326274618
neptune,,bn254,4,single,6+69,32768,48,314173034
neptune,,goldilocks,8,single,6+38,262144,48,315856961
neptune,,goldilocks,12,single,6+42,131072,48,303361019
psquarehash,,mersenne31,16,single,52,262144,48,243808912
psquarehash,,mersenne31,24,single,52,262144,48,354399286
psquarehash,,koalabear,16,single,52,262144,48,308301130
psquarehash,,koalabear,24,single,52,131072,48,231106435
psquarehash,,babybear,16,single,52,262144,48,311352352
psquarehash,,babybear,24,single,52,131072,48,231440890
rescue_prime,,bls12_381,3,current,16,1024,48,345370162
rescue_prime,,bls12_381,3,original,14,1024,48,301131472
rescue_prime,,bls12_381,4,current,13,1024,48,374563587
rescue_prime,,bls12_381,4,original,11,1024,48,316957427
rescue_prime,,bn254,3,current,16,1024,48,337959985
rescue_prime,,bn254,3,original,14,1024,48,295655489
rescue_prime,,bn254,4,current,13,1024,48,367476603
rescue_prime,,bn254,4,original,11,1024,48,310884548
rescue_prime,,goldilocks,8,single,8,16384,48,253061302
rescue_prime,,goldilocks,12,single,8,16384,48,395010377
rescue_prime,,mersenne31,16,single,8,16384,48,328264747
rescue_prime,,mersenne31,24,single,8,8192,48,265321854
rescue_prime,,koalabear,16,single,8,8192,48,237455248
rescue_prime,,koalabear,24,single,8,8192,48,381665639
rescue_prime,,babybear,16,single,8,8192,48,237431475
rescue_prime,,babybear,24,single,8,8192,48,383431188
anemoi,,bls12_381,4,current,20,1024,48,287930954
anemoi,,bls12_381,4,original,14,1024,48,201646442
anemoi,,bn254,4,current,20,1024,48,282733682
anemoi,,bn254,4,original,14,2048,48,395817394
anemoi,,goldilocks,8,single,11,32768,48,346784685
anemoi,,goldilocks,12,single,10,16384,48,238348838
anemoi,,mersenne31,16,single,10,32768,48,339349251
anemoi,,mersenne31,24,single,9,16384,48,239603443
anemoi,,koalabear,16,single,10,16384,48,259482171
anemoi,,koalabear,24,single,9,16384,48,363345664
anemoi,,babybear,16,single,9,16384,48,234733273
anemoi,,babybear,24,single,9,16384,48,364531500
griffin,,bls12_381,3,current,20,2048,48,287319120
griffin,,bls12_381,3,original,14,2048,48,201168088
griffin,,bls12_381,4,current,20,2048,48,292079316
griffin,,bls12_381,4,original,11,4096,48,318358866
griffin,,bn254,3,current,20,2048,48,282596776
griffin,,bn254,3,original,14,4096,48,395838042
griffin,,bn254,4,current,20,2048,48,284585022
griffin,,bn254,4,original,11,4096,48,313444943
griffin,,goldilocks,8,single,8,131072,48,283913687
griffin,,goldilocks,12,single,8,131072,48,301378454
arion,,bls12_381,3,single,11,4096,48,341883897
arion,,bls12_381,4,single,10,4096,48,330996462
arion,,bn254,3,single,11,4096,48,332436823
arion,,bn254,4,single,10,4096,48,320209694
grendel,native,bls12_381,3,single,24,256,48,268612092
grendel,native,bn254,3,single,24,256,48,267421979
xhash,XHash8,goldilocks,12,single,6,32768,48,283564474
xhash,XHash12,goldilocks,12,single,6,32768,48,369883240
xhash,XHash16,mersenne31,24,single,6,32768,48,301724240
xhash,XHash24,mersenne31,24,single,6,32768,48,362914067
reinforced_concrete,,bls12_381,3,single,7,131072,48,240946924
reinforced_concrete,,bn254,3,single,7,131072,48,241043514
skyscraper,,bls12_381,4,single,18,262144,48,287270671
skyscraper,,bn254,4,single,18,262144,48,278885099
monolith,,goldilocks,8,single,6,1048576,48,265707464
monolith,,goldilocks,12,single,6,524288,48,203880206
monolith,,mersenne31,16,single,6,524288,48,213710587
monolith,,mersenne31,24,single,6,262144,48,216836959
polocolo,,bls12_381,3,single,6,1024,48,261715975
polocolo,,bls12_381,4,single,5,1024,48,293191214
polocolo,,bn254,3,single,6,1024,48,235051367
polocolo,,bn254,4,single,5,1024,48,261994977
tip4p,,goldilocks,12,single,5,262144,48,331269591
plain,sha256_compress,-,-,single,-,8388608,48,211243115
plain,keccak_f1600,-,-,single,-,524288,48,203176160
plain,blake2b_compress,-,-,single,-,2097152,48,241416682
plain,blake3_compress,-,-,single,-,4194304,48,269632048
gmimc,,bls12_381,3,single,228,16384,49,258906265
gmimc,,bls12_381,4,single,231,16384,49,264245131
gmimc,,bn254,3,single,228,16384,49,251057688
gmimc,,bn254,4,single,231,16384,49,253868140
gmimc,,goldilocks,8,single,68,524288,49,336681345
gmimc,,goldilocks,12,single,93,262144,49,234953193
gmimc,,mersenne31,16,single,158,262144,49,268637269
gmimc,,mersenne31,24,single,335,131072,49,319447339
gmimc,,koalabear,16,single,158,262144,49,305530572
gmimc,,koalabear,24,single,335,131072,49,330624807
gmimc,,babybear,16,single,158,131072,49,246169573
gmimc,,babybear,24,single,335,65536,49,260315618
gmimc2,alpha=8,bls12_381,3,single,63,32768,49,212845710
gmimc2,alpha=8,bls12_381,4,single,64,32768,49,216648316
gmimc2,alpha=8,bn254,3,single,63,32768,49,209795700
gmimc2,alpha=8,bn254,4,single,64,32768,49,212554105
gmimc2,alpha=4,goldilocks,8,single,88,262144,49,293931407
gmimc2,alpha=4,goldilocks,12,single,96,262144,49,361801808
gmimc2,alpha=2,mersenne31,16,single,176,65536,49,204671725
gmimc2,alpha=2,mersenne31,24,single,264,32768,49,224246104
gmimc2,alpha=2,koalabear,16,single,176,131072,49,290887078
gmimc2,alpha=2,koalabear,24,single,264,65536,49,239393090
gmimc2,alpha=2,babybear,16,single,176,131072,49,290747847
gmimc2,alpha=2,babybear,24,single,264,65536,49,234316473
poseidon,,bls12_381,3,single,8+56,16384,49,254896892
poseidon,,bls12_381,4,single,8+56,16384,49,375231514
poseidon,,bn254,3,single,8+56,16384,49,246132984
poseidon,,bn254,4,single,8+56,16384,49,367883082
poseidon,,goldilocks,8,single,8+22,131072,49,334248368
poseidon,,goldilocks,12,single,8+22,65536,49,319526056
poseidon,,mersenne31,16,single,8+14,65536,49,319180250
poseidon,,mersenne31,24,single,8+22,16384,49,224643476
poseidon,,koalabear,16,single,8+20,32768,49,251788864
poseidon,,koalabear,24,single,8+23,16384,49,299666945
poseidon,,babybear,16,single,8+13,65536,49,402605949
poseidon,,babybear,24,single,8+21,16384,49,286897823
poseidon2,,bls12_381,3,single,8+56,65536,49,316051834
poseidon2,,bls12_381,4,single,8+56,32768,49,284485615
poseidon2,,bn254,3,single,8+56,65536,49,309147140
poseidon2,,bn254,4,single,8+56,32768,49,273965987
poseidon2,,goldilocks,8,single,8+22,524288,49,391454611
poseidon2,,goldilocks,12,single,8+22,262144,49,267980171
poseidon2,,mersenne31,16,single,8+14,262144,49,250453648
poseidon2,,mersenne31,24,single,8+22,131072,49,209711974
poseidon2,,koalabear,16,single,8+20,262144,49,285574029
poseidon2,,koalabear,24,single,8+23,131072,49,207433857
poseidon2,,babybear,16,single,8+13,262144,49,304887179
poseidon2,,babybear,24,single,8+21,131072,49,247843031
neptune,,bls12_381,4,single,6+69,32768,49,325475815
neptune,,bn254,4,single,6+69,32768,49,313649845
neptune,,goldilocks,8,single,6+38,262144,49,316253911
neptune,,goldilocks,12,single,6+42,131072,49,303196060
psquarehash,,mersenne31,16,single,52,262144,49,243777162
psquarehash,,mersenne31,24,single,52,262144,49,354575604
psquarehash,,koalabear,16,single,52,262144,49,312116289
psquarehash,,koalabear,24,single,52,131072,49,231267605
psquarehash,,babybear,16,single,52,262144,49,311217880
psquarehash,,babybear,24,single,52,131072,49,232441589
rescue_prime,,bls12_381,3,current,16,1024,49,344459920
rescue_prime,,bls12_381,3,original,14,1024,49,301176716
rescue_prime,,bls12_381,4,current,13,1024,49,374492983
rescue_prime,,bls12_381,4,original,11,1024,49,316845407
rescue_prime,,bn254,3,current,16,1024,49,337924928
rescue_prime,,bn254,3,original,14,1024,49,295609102
rescue_prime,,bn254,4,current,13,1024,49,367462636
rescue_prime,,bn254,4,original,11,1024,49,310892492
rescue_prime,,goldilocks,8,single,8,16384,49,253105584
rescue_prime,,goldilocks,12,single,8,16384,49,394430472
rescue_prime,,mersenne31,16,single,8,16384,49,328454430
rescue_prime,,mersenne31,24,single,8,8192,49,265238798
rescue_prime,,koalabear,16,single,8,8192,49,235964993
rescue_prime,,koalabear,24,single,8,8192,49,380694041
rescue_prime,,babybear,16,single,8,8192,49,237640274
rescue_prime,,babybear,24,single,8,8192,49,387697108
anemoi,,bls12_381,4,current,20,1024,49,288364614
anemoi,,bls12_381,4,original,14,1024,49,201877453
anemoi,,bn254,4,current,20,1024,49,282809042
anemoi,,bn254,4,original,14,2048,49,395811302
anemoi,,goldilocks,8,single,11,32768,49,347602432
anemoi,,goldilocks,12,single,10,16384,49,238381950
anemoi,,mersenne31,16,single,10,32768,49,341324000
anemoi,,mersenne31,24,single,9,16384,49,239250422
anemoi,,koalabear,16,single,10,16384,49,260394365
anemoi,,koalabear,24,single,9,16384,49,363850386
anemoi,,babybear,16,single,9,16384,49,235505765
anemoi,,babybear,24,single,9,16384,49,364413879
griffin,,bls12_381,3,current,20,2048,49,287358613
griffin,,bls12_381,3,original,14,2048,49,201126831
griffin,,bls12_381,4,current,20,2048,49,289483995
griffin,,bls12_381,4,original,11,4096,49,320216426
griffin,,bn254,3,current,20,2048,49,282667747
griffin,,bn254,3,original,14,4096,49,395774062
griffin,,bn254,4,current,20,2048,49,284587645
griffin,,bn254,4,original,11,4096,49,313405618
griffin,,goldilocks,8,single,8,131072,49,281712753
griffin,,goldilocks,12,single,8,131072,49,301622008
arion,,bls12_381,3,single,11,4096,49,341900627
arion,,bls12_381,4,single,10,4096,49,330968378
arion,,bn254,3,single,11,4096,49,332438004
arion,,bn254,4,single,10,4096,49,320236974
grendel,native,bls12_381,3,single,24,256,49,268819599
grendel,native,bn254,3,single,24,256,49,267108421
xhash,XHash8,goldilocks,12,single,6,32768,49,283469325
xhash,XHash12,goldilocks,12,single,6,32768,49,369808339
xhash,XHash16,mersenne31,24,single,6,32768,49,302390263
xhash,XHash24,mersenne31,24,single,6,32768,49,363491434
reinforced_concrete,,bls12_381,3,single,7,131072,49,241278342
reinforced_concrete,,bn254,3,single,7,131072,49,240731841
skyscraper,,bls12_381,4,single,18,262144,49,287078560
skyscraper,,bn254,4,single,18,262144,49,279018879
monolith,,goldilocks,8,single,6,1048576,49,265301475
monolith,,goldilocks,12,single,6,524288,49,204194823
monolith,,mersenne31,16,single,6,524288,49,213661283
monolith,,mersenne31,24,single,6,262144,49,217068801
polocolo,,bls12_381,3,single,6,1024,49,261707459
polocolo,,bls12_381,4,single,5,1024,49,291184673
polocolo,,bn254,3,single,6,1024,49,235134791
polocolo,,bn254,4,single,5,1024,49,262064966
tip4p,,goldilocks,12,single,5,262144,49,331364027
plain,sha256_compress,-,-,single,-,8388608,49,211256750
plain,keccak_f1600,-,-,single,-,524288,49,203189395
plain,blake2b_compress,-,-,single,-,2097152,49,240072048
plain,blake3_compress,-,-,single,-,4194304,49,269529095
gmimc,,bls12_381,3,single,228,16384,50,258975683
gmimc,,bls12_381,4,single,231,16384,50,264455844
gmimc,,bn254,3,single,228,16384,50,250242594
gmimc,,bn254,4,single,231,16384,50,255139885
gmimc,,goldilocks,8,single,68,524288,50,336588500
gmimc,,goldilocks,12,single,93,262144,50,235097091
gmimc,,mersenne31,16,single,158,262144,50,268265293
gmimc,,mersenne31,24,single,335,131072,50,315643079
gmimc,,koalabear,16,single,158,262144,50,305581216
gmimc,,koalabear,24,single,335,131072,50,339055710
gmimc,,babybear,16,single,158,131072,50,246150818
gmimc,,babybear,24,single,335,65536,50,259466200
gmimc2,alpha=8,bls12_381,3,single,63,32768,50,213842282
gmimc2,alpha=8,bls12_381,4,single,64,32768,50,217700731
gmimc2,alpha=8,bn254,3,single,63,32768,50,209964966
gmimc2,alpha=8,bn254,4,single,64,32768,50,213090286
gmimc2,alpha=4,goldilocks,8,single,88,262144,50,294127573
gmimc2,alpha=4,goldilocks,12,single,96,262144,50,362509019
gmimc2,alpha=2,mersenne31,16,single,176,65536,50,201772246
gmimc2,alpha=2,mersenne31,24,single,264,32768,50,224895928
gmimc2,alpha=2,koalabear,16,single,176,131072,50,290898168
gmimc2,alpha=2,koalabear,24,single,264,65536,50,237250115
gmimc2,alpha=2,babybear,16,single,176,131072,50,290804933
gmimc2,alpha=2,babybear,24,single,264,65536,50,234933204
poseidon,,bls12_381,3,single,8+56,16384,50,255035240
poseidon,,bls12_381,4,single,8+56,16384,50,376272558
poseidon,,bn254,3,single,8+56,16384,50,245705745
poseidon,,bn254,4,single,8+56,16384,50,367502500
poseidon,,goldilocks,8,single,8+22,131072,50,334949707
poseidon,,goldilocks,12,single,8+22,65536,50,319405340
poseidon,,mersenne31,16,single,8+14,65536,50,327859237
poseidon,,mersenne31,24,single,8+22,16384,50,226158607
poseidon,,koalabear,16,single,8+20,32768,50,252192017
poseidon,,koalabear,24,single,8+23,16384,50,299506565
poseidon,,babybear,16,single,8+13,65536,50,400432456
poseidon,,babybear,24,single,8+21,16384,50,286727955
poseidon2,,bls12_381,3,single,8+56,65536,50,316468251
poseidon2,,bls12_381,4,single,8+56,32768,50,284600098
poseidon2,,bn254,3,single,8+56,65536,50,309331935
poseidon2,,bn254,4,single,8+56,32768,50,274081222
poseidon2,,goldilocks,8,single,8+22,524288,50,391385169
poseidon2,,goldilocks,12,single,8+22,262144,50,267998094
poseidon2,,mersenne31,16,single,8+14,262144,50,250589241
poseidon2,,mersenne31,24,single,8+22,131072,50,209745215
poseidon2,,koalabear,16,single,8+20,262144,50,284612401
poseidon2,,koalabear,24,single,8+23,131072,50,208887713
poseidon2,,babybear,16,single,8+13,262144,50,306159466
poseidon2,,babybear,24,single,8+21,131072,50,248148480
neptune,,bls12_381,4,single,6+69,32768,50,325605175
neptune,,bn254,4,single,6+69,32768,50,314729020
neptune,,goldilocks,8,single,6+38,262144,50,316661823
neptune,,goldilocks,12,single,6+42,131072,50,303647752
psquarehash,,mersenne31,16,single,52,262144,50,243843826
psquarehash,,mersenne31,24,single,52,262144,50,354465317
psquarehash,,koalabear,16,single,52,262144,50,312121267
psquarehash,,koalabear,24,single,52,131072,50,231341312
psquarehash,,babybear,16,single,52,262144,50,311419466
psquarehash,,babybear,24,single,52,131072,50,232267853
rescue_prime,,bls12_381,3,current,16,1024,50,344350104
rescue_prime,,bls12_381,3,original,14,1024,50,301163200
rescue_prime,,bls12_381,4,current,13,1024,50,374548847
rescue_prime,,bls12_381,4,original,11,1024,50,316964929
rescue_prime,,bn254,3,current,16,1024,50,337973999
rescue_prime,,bn254,3,original,14,1024,50,295594995
rescue_prime,,bn254,4,current,13,1024,50,367456143
rescue_prime,,bn254,4,original,11,1024,50,310923138
rescue_prime,,goldilocks,8,single,8,16384,50,252867037
rescue_prime,,goldilocks,12,single,8,16384,50,394782638
rescue_prime,,mersenne31,16,single,8,16384,50,328901054
rescue_prime,,mersenne31,24,single,8,8192,50,265110246
rescue_prime,,koalabear,16,single,8,8192,50,236004145
rescue_prime,,koalabear,24,single,8,8192,50,380912418
rescue_prime,,babybear,16,single,8,8192,50,237840918
rescue_prime,,babybear,24,single,8,8192,50,383912595
anemoi,,bls12_381,4,current,20,1024,50,287954737
anemoi,,bls12_381,4,original,14,1024,50,201723655
anemoi,,bn254,4,current,20,1024,50,282706079
anemoi,,bn254,4,original,14,2048,50,395807022
anemoi,,goldilocks,8,single,11,32768,50,349204755
anemoi,,goldilocks,12,single,10,16384,50,238334050
anemoi,,mersenne31,16,single,10,32768,50,342243758
anemoi,,mersenne31,24,single,9,16384,50,239585969
anemoi,,koalabear,16,single,10,16384,50,260447975
anemoi,,koalabear,24,single,9,16384,50,363468290
anemoi,,babybear,16,single,9,16384,50,235476269
anemoi,,babybear,24,single,9,16384,50,364449724
griffin,,bls12_381,3,current,20,2048,50,287307477
griffin,,bls12_381,3,original,14,2048,50,201186270
griffin,,bls12_381,4,current,20,2048,50,289467173
griffin,,bls12_381,4,original,11,4096,50,321234527
griffin,,bn254,3,current,20,2048,50,282624976
griffin,,bn254,3,original,14,4096,50,395741340
griffin,,bn254,4,current,20,2048,50,284524757
griffin,,bn254,4,original,11,4096,50,313490295
griffin,,goldilocks,8,single,8,131072,50,282547292
griffin,,goldilocks,12,single,8,131072,50,301324521
arion,,bls12_381,3,single,11,4096,50,341863978
arion,,bls12_381,4,single,10,4096,50,329512436
arion,,bn254,3,single,11,4096,50,332659386
arion,,bn254,4,single,10,4096,50,320089557
grendel,native,bls12_381,3,single,24,256,50,268943370
grendel,native,bn254,3,single,24,256,50,266499102
xhash,XHash8,goldilocks,12,single,6,32768,50,283450409
xhash,XHash12,goldilocks,12,single,6,32768,50,369758205
xhash,XHash16,mersenne31,24,single,6,32768,50,301982511
xhash,XHash24,mersenne31,24,single,6,32768,50,363337104
reinforced_concrete,,bls12_381,3,single,7,131072,50,240455043
reinforced_concrete,,bn254,3,single,7,131072,50,240477304
skyscraper,,bls12_381,4,single,18,262144,50,286677981
skyscraper,,bn254,4,single,18,262144,50,279996845
monolith,,goldilocks,8,single,6,1048576,50,264645508
monolith,,goldilocks,12,single,6,524288,50,203202939
monolith,,mersenne31,16,single,6,524288,50,213505782
monolith,,mersenne31,24,single,6,262144,50,216701103
polocolo,,bls12_381,3,single,6,1024,50,261690376
polocolo,,bls12_381,4,single,5,1024,50,291151180
polocolo,,bn254,3,single,6,1024,50,235145400
polocolo,,bn254,4,single,5,1024,50,262059415
tip4p,,goldilocks,12,single,5,262144,50,332161977
plain,sha256_compress,-,-,single,-,8388608,50,211234347
plain,keccak_f1600,-,-,single,-,524288,50,203146323
plain,blake2b_compress,-,-,single,-,2097152,50,239524233
plain,blake3_compress,-,-,single,-,4194304,50,269104630
gmimc,,bls12_381,3,single,228,16384,51,258976264
gmimc,,bls12_381,4,single,231,16384,51,265513169
gmimc,,bn254,3,single,228,16384,51,251440812
gmimc,,bn254,4,single,231,16384,51,255814005
gmimc,,goldilocks,8,single,68,524288,51,336831122
gmimc,,goldilocks,12,single,93,262144,51,235586134
gmimc,,mersenne31,16,single,158,262144,51,269316066
gmimc,,mersenne31,24,single,335,131072,51,317600866
gmimc,,koalabear,16,single,158,262144,51,305600511
gmimc,,koalabear,24,single,335,131072,51,332594025
gmimc,,babybear,16,single,158,131072,51,246264660
gmimc,,babybear,24,single,335,65536,51,259518938
gmimc2,alpha=8,bls12_381,3,single,63,32768,51,212721416
gmimc2,alpha=8,bls12_381,4,single,64,32768,51,217804595
gmimc2,alpha=8,bn254,3,single,63,32768,51,209776443
gmimc2,alpha=8,bn254,4,single,64,32768,51,213657996
gmimc2,alpha=4,goldilocks,8,single,88,262144,51,293980677
gmimc2,alpha=4,goldilocks,12,single,96,262144,51,362781967
gmimc2,alpha=2,mersenne31,16,single,176,65536,51,201833379
gmimc2,alpha=2,mersenne31,24,single,264,32768,51,224962782
gmimc2,alpha=2,koalabear,16,single,176,131072,51,291662665
gmimc2,alpha=2,koalabear,24,single,264,65536,51,234767244
gmimc2,alpha=2,babybear,16,single,176,131072,51,290925318
gmimc2,alpha=2,babybear,24,single,264,65536,51,234074329
poseidon,,bls12_381,3,single,8+56,16384,51,255623969
poseidon,,bls12_381,4,single,8+56,16384,51,375370471
poseidon,,bn254,3,single,8+56,16384,51,246211129
poseidon,,bn254,4,single,8+56,16384,51,367939926
poseidon,,goldilocks,8,single,8+22,131072,51,335169236
poseidon,,goldilocks,12,single,8+22,65536,51,320484205
poseidon,,mersenne31,16,single,8+14,65536,51,324135968
poseidon,,mersenne31,24,single,8+22,16384,51,227769878
poseidon,,koalabear,16,single,8+20,32768,51,251439460
poseidon,,koalabear,24,single,8+23,16384,51,299944943
poseidon,,babybear,16,single,8+13,65536,51,403093538
poseidon,,babybear,24,single,8+21,16384,51,286887712
poseidon2,,bls12_381,3,single,8+56,65536,51,316289576
poseidon2,,bls12_381,4,single,8+56,32768,51,285000695
poseidon2,,bn254,3,single,8+56,65536,51,310733924
poseidon2,,bn254,4,single,8+56,32768,51,274225279
poseidon2,,goldilocks,8,single,8+22,524288,51,391248212
poseidon2,,goldilocks,12,single,8+22,262144,51,267997752
poseidon2,,mersenne31,16,single,8+14,262144,51,251009175
poseidon2,,mersenne31,24,single,8+22,131072,51,210023996
poseidon2,,koalabear,16,single,8+20,262144,51,288900132
poseidon2,,koalabear,24,single,8+23,131072,51,208693509
poseidon2,,babybear,16,single,8+13,262144,51,306909216
poseidon2,,babybear,24,single,8+21,131072,51,248286647
neptune,,bls12_381,4,single,6+69,32768,51,326048432
neptune,,bn254,4,single,6+69,32768,51,314350862
neptune,,goldilocks,8,single,6+38,262144,51,316117965
neptune,,goldilocks,12,single,6+42,131072,51,303548807
psquarehash,,mersenne31,16,single,52,262144,51,243823828
psquarehash,,mersenne31,24,single,52,262144,51,354730060
psquarehash,,koalabear,16,single,52,262144,51,308454885
psquarehash,,koalabear,24,single,52,131072,51,231161936
psquarehash,,babybear,16,single,52,262144,51,311375482
psquarehash,,babybear,24,single,52,131072,51,232499746
rescue_prime,,bls12_381,3,current,16,1024,51,347177937
rescue_prime,,bls12_381,3,original,14,1024,51,303654244
rescue_prime,,bls12_381,4,current,13,1024,51,377581844
rescue_prime,,bls12_381,4,original,11,1024,51,319532455
rescue_prime,,bn254,3,current,16,1024,51,337905971
rescue_prime,,bn254,3,original,14,1024,51,295671045
rescue_prime,,bn254,4,current,13,1024,51,367436995
rescue_prime,,bn254,4,original,11,1024,51,310911195
rescue_prime,,goldilocks,8,single,8,16384,51,252871265
rescue_prime,,goldilocks,12,single,8,16384,51,393882655
rescue_prime,,mersenne31,16,single,8,16384,51,329019794
rescue_prime,,mersenne31,24,single,8,8192,51,265245609
rescue_prime,,koalabear,16,single,8,8192,51,235766892
rescue_prime,,koalabear,24,single,8,8192,51,380259186
rescue_prime,,babybear,16,single,8,8192,51,237587423
rescue_prime,,babybear,24,single,8,8192,51,383931369
anemoi,,bls12_381,4,current,20,1024,51,288064220
anemoi,,bls12_381,4,original,14,1024,51,201686805
anemoi,,bn254,4,current,20,1024,51,282797008
anemoi,,bn254,4,original,14,2048,51,395850803
anemoi,,goldilocks,8,single,11,32768,51,346920787
anemoi,,goldilocks,12,single,10,16384,51,238205799
anemoi,,mersenne31,16,single,10,32768,51,341359865
anemoi,,mersenne31,24,single,9,16384,51,239628838
anemoi,,koalabear,16,single,10,16384,51,260434558
anemoi,,koalabear,24,single,9,16384,51,363339979
anemoi,,babybear,16,single,9,16384,51,235435903
anemoi,,babybear,24,single,9,16384,51,364536375
griffin,,bls12_381,3,current,20,2048,51,287355546
griffin,,bls12_381,3,original,14,2048,51,201177574
griffin,,bls12_381,4,current,20,2048,51,290389937
griffin,,bls12_381,4,original,11,4096,51,318597840
griffin,,bn254,3,current,20,2048,51,282636958
griffin,,bn254,3,original,14,4096,51,395768288
griffin,,bn254,4,current,20,2048,51,284593545
griffin,,bn254,4,original,11,4096,51,313484693
griffin,,goldilocks,8,single,8,131072,51,282703843
griffin,,goldilocks,12,single,8,131072,51,301823893
arion,,bls12_381,3,single,11,4096,51,341954516
arion,,bls12_381,4,single,10,4096,51,329673656
arion,,bn254,3,single,11,4096,51,332489168
arion,,bn254,4,single,10,4096,51,320152835
grendel,native,bls12_381,3,single,24,256,51,269018459
grendel,native,bn254,3,single,24,256,51,267688914
xhash,XHash8,goldilocks,12,single,6,32768,51,283739318
xhash,XHash12,goldilocks,12,single,6,32768,51,369849994
xhash,XHash16,mersenne31,24,single,6,32768,51,302020260
xhash,XHash24,mersenne31,24,single,6,32768,51,363687037
reinforced_concrete,,bls12_381,3,single,7,131072,51,241922515
reinforced_concrete,,bn254,3,single,7,131072,51,240931623
skyscraper,,bls12_381,4,single,18,262144,51,287130375
skyscraper,,bn254,4,single,18,262144,51,279806078
monolith,,goldilocks,8,single,6,1048576,51,265133850
monolith,,goldilocks,12,single,6,524288,51,204035184
monolith,,mersenne31,16,single,6,524288,51,213890089
monolith,,mersenne31,24,single,6,262144,51,216860580
polocolo,,bls12_381,3,single,6,1024,51,263961439
polocolo,,bls12_381,4,single,5,1024,51,293596618
polocolo,,bn254,3,single,6,1024,51,235126054
polocolo,,bn254,4,single,5,1024,51,262099039
tip4p,,goldilocks,12,single,5,262144,51,332779470
plain,sha256_compress,-,-,single,-,8388608,51,211258381
plain,keccak_f1600,-,-,single,-,524288,51,203264003
plain,blake2b_compress,-,-,single,-,2097152,51,239989963
plain,blake3_compress,-,-,single,-,4194304,51,269105762
gmimc,,bls12_381,3,single,228,16384,52,258967136
gmimc,,bls12_381,4,single,231,16384,52,264442888
gmimc,,bn254,3,single,228,16384,52,251045893
gmimc,,bn254,4,single,231,16384,52,253906028
gmimc,,goldilocks,8,single,68,524288,52,337162981
gmimc,,goldilocks,12,single,93,262144,52,236770406
gmimc,,mersenne31,16,single,158,262144,52,268390194
gmimc,,mersenne31,24,single,335,131072,52,319754280
gmimc,,koalabear,16,single,158,262144,52,305601061
gmimc,,koalabear,24,single,335,131072,52,334687005
gmimc,,babybear,16,single,158,131072,52,246498966
gmimc,,babybear,24,single,335,65536,52,259438467
gmimc2,alpha=8,bls12_381,3,single,63,32768,52,212916490
gmimc2,alpha=8,bls12_381,4,single,64,32768,52,217385411
gmimc2,alpha=8,bn254,3,single,63,32768,52,210050004
gmimc2,alpha=8,bn254,4,single,64,32768,52,213093231
gmimc2,alpha=4,goldilocks,8,single,88,262144,52,295145042
gmimc2,alpha=4,goldilocks,12,single,96,262144,52,362087348
gmimc2,alpha=2,mersenne31,16,single,176,65536,52,201948083
gmimc2,alpha=2,mersenne31,24,single,264,32768,52,228889630
gmimc2,alpha=2,koalabear,16,single,176,131072,52,290929384
gmimc2,alpha=2,koalabear,24,single,264,65536,52,234548394
gmimc2,alpha=2,babybear,16,single,176,131072,52,291138364
gmimc2,alpha=2,babybear,24,single,264,65536,52,234654442
poseidon,,bls12_381,3,single,8+56,16384,52,255069702
poseidon,,bls12_381,4,single,8+56,16384,52,375648890
poseidon,,bn254,3,single,8+56,16384,52,246288673
poseidon,,bn254,4,single,8+56,16384,52,367482610
poseidon,,goldilocks,8,single,8+22,131072,52,334533046
poseidon,,goldilocks,12,single,8+22,65536,52,319863884
poseidon,,mersenne31,16,single,8+14,65536,52,325884234
poseidon,,mersenne31,24,single,8+22,16384,52,224783256
poseidon,,koalabear,16,single,8+20,32768,52,251657206
poseidon,,koalabear,24,single,8+23,16384,52,300119778
poseidon,,babybear,16,single,8+13,65536,52,402434254
poseidon,,babybear,24,single,8+21,16384,52,287054332
poseidon2,,bls12_381,3,single,8+56,65536,52,316489649
poseidon2,,bls12_381,4,single,8+56,32768,52,284169501
poseidon2,,bn254,3,single,8+56,65536,52,309426369
poseidon2,,bn254,4,single,8+56,32768,52,274123629
poseidon2,,goldilocks,8,single,8+22,524288,52,391416826
poseidon2,,goldilocks,12,single,8+22,262144,52,267887926
poseidon2,,mersenne31,16,single,8+14,262144,52,251522663
poseidon2,,mersenne31,24,single,8+22,131072,52,209286256
poseidon2,,koalabear,16,single,8+20,262144,52,284128976
poseidon2,,koalabear,24,single,8+23,131072,52,206609844
poseidon2,,babybear,16,single,8+13,262144,52,306583708
poseidon2,,babybear,24,single,8+21,131072,52,248397454
neptune,,bls12_381,4,single,6+69,32768,52,325508552
neptune,,bn254,4,single,6+69,32768,52,313435121
neptune,,goldilocks,8,single,6+38,262144,52,316401013
neptune,,goldilocks,12,single,6+42,131072,52,303179516
psquarehash,,mersenne31,16,single,52,262144,52,243871246
psquarehash,,mersenne31,24,single,52,262144,52,354731301
psquarehash,,koalabear,16,single,52,262144,52,312225019
psquarehash,,koalabear,24,single,52,131072,52,231151816
psquarehash,,babybear,16,single,52,262144,52,311676234
psquarehash,,babybear,24,single,52,131072,52,230767368
rescue_prime,,bls12_381,3,current,16,1024,52,344652036
rescue_prime,,bls12_381,3,original,14,1024,52,301208362
rescue_prime,,bls12_381,4,current,13,1024,52,374627491
rescue_prime,,bls12_381,4,original,11,1024,52,316886169
rescue_prime,,bn254,3,current,16,1024,52,337973286
rescue_prime,,bn254,3,original,14,1024,52,295693366
rescue_prime,,bn254,4,current,13,1024,52,367461019
rescue_prime,,bn254,4,original,11,1024,52,310879504
rescue_prime,,goldilocks,8,single,8,16384,52,252690095
rescue_prime,,goldilocks,12,single,8,16384,52,394577703
rescue_prime,,mersenne31,16,single,8,16384,52,328928142
rescue_prime,,mersenne31,24,single,8,8192,52,265211074
rescue_prime,,koalabear,16,single,8,8192,52,236189891
rescue_prime,,koalabear,24,single,8,8192,52,380996433
rescue_prime,,babybear,16,single,8,8192,52,237638268
rescue_prime,,babybear,24,single,8,8192,52,384421643
anemoi,,bls12_381,4,current,20,1024,52,287972558
anemoi,,bls12_381,4,original,14,1024,52,201686344
anemoi,,bn254,4,current,20,1024,52,282736313
anemoi,,bn254,4,original,14,2048,52,395792943
anemoi,,goldilocks,8,single,11,32768,52,346677691
anemoi,,goldilocks,12,single,10,16384,52,238288833
anemoi,,mersenne31,16,single,10,32768,52,340659204
anemoi,,mersenne31,24,single,9,16384,52,239829853
anemoi,,koalabear,16,single,10,16384,52,259473190
anemoi,,koalabear,24,single,9,16384,52,363279054
anemoi,,babybear,16,single,9,16384,52,234614367
anemoi,,babybear,24,single,9,16384,52,364212489
griffin,,bls12_381,3,current,20,2048,52,289987453
griffin,,bls12_381,3,original,14,2048,52,201109556
griffin,,bls12_381,4,current,20,2048,52,289498048
griffin,,bls12_381,4,original,11,4096,52,318438270
griffin,,bn254,3,current,20,2048,52,282673375
griffin,,bn254,3,original,14,4096,52,395785128
griffin,,bn254,4,current,20,2048,52,284553679
griffin,,bn254,4,original,11,4096,52,313382231
griffin,,goldilocks,8,single,8,131072,52,281896834
griffin,,goldilocks,12,single,8,131072,52,301550701
arion,,bls12_381,3,single,11,4096,52,342841602
arion,,bls12_381,4,single,10,4096,52,329637738
arion,,bn254,3,single,11,4096,52,332577722
arion,,bn254,4,single,10,4096,52,320210791
grendel,native,bls12_381,3,single,24,256,52,268563468
grendel,native,bn254,3,single,24,256,52,267011407
xhash,XHash8,goldilocks,12,single,6,32768,52,283853851
xhash,XHash12,goldilocks,12,single,6,32768,52,370315153
xhash,XHash16,mersenne31,24,single,6,32768,52,301661369
xhash,XHash24,mersenne31,24,single,6,32768,52,362227499
reinforced_concrete,,bls12_381,3,single,7,131072,52,239976778
reinforced_concrete,,bn254,3,single,7,131072,52,240704637
skyscraper,,bls12_381,4,single,18,262144,52,287239348
skyscraper,,bn254,4,single,18,262144,52,278621573
monolith,,goldilocks,8,single,6,1048576,52,266068025
monolith,,goldilocks,12,single,6,524288,52,203680269
monolith,,mersenne31,16,single,6,524288,52,213590559
monolith,,mersenne31,24,single,6,262144,52,216753581
polocolo,,bls12_381,3,single,6,1024,52,261727594
polocolo,,bls12_381,4,single,5,1024,52,293678431
polocolo,,bn254,3,single,6,1024,52,235101206
polocolo,,bn254,4,single,5,1024,52,262057700
tip4p,,goldilocks,12,single,5,262144,52,331274677
plain,sha256_compress,-,-,single,-,8388608,52,211344262
plain,keccak_f1600,-,-,single,-,524288,52,203196816
plain,blake2b_compress,-,-,single,-,2097152,52,239809956
plain,blake3_compress,-,-,single,-,4194304,52,269425098
gmimc,,bls12_381,3,single,228,16384,53,259013562
gmimc,,bls12_381,4,single,231,16384,53,264523327
gmimc,,bn254,3,single,228,16384,53,251661082
gmimc,,bn254,4,single,231,16384,53,254907198
gmimc,,goldilocks,8,single,68,524288,53,336795053
gmimc,,goldilocks,12,single,93,262144,53,234634143
gmimc,,mersenne31,16,single,158,262144,53,266622330
gmimc,,mersenne31,24,single,335,131072,53,325063040
gmimc,,koalabear,16,single,158,262144,53,305604777
gmimc,,koalabear,24,single,335,131072,53,330137541
gmimc,,babybear,16,single,158,131072,53,246253116
gmimc,,babybear,24,single,335,65536,53,259477028
gmimc2,alpha=8,bls12_381,3,single,63,32768,53,212620185
gmimc2,alpha=8,bls12_381,4,single,64,32768,53,217300773
gmimc2,alpha=8,bn254,3,single,63,32768,53,209696051
gmimc2,alpha=8,bn254,4,single,64,32768,53,213396566
gmimc2,alpha=4,goldilocks,8,single,88,262144,53,294138089
gmimc2,alpha=4,goldilocks,12,single,96,262144,53,361286480
gmimc2,alpha=2,mersenne31,16,single,176,65536,53,201950577
gmimc2,alpha=2,mersenne31,24,single,264,32768,53,227836761
gmimc2,alpha=2,koalabear,16,single,176,131072,53,290930605
gmimc2,alpha=2,koalabear,24,single,264,65536,53,234496125
gmimc2,alpha=2,babybear,16,single,176,131072,53,290786626
gmimc2,alpha=2,babybear,24,single,264,65536,53,234235007
poseidon,,bls12_381,3,single,8+56,16384,53,254963303
poseidon,,bls12_381,4,single,8+56,16384,53,377074083
poseidon,,bn254,3,single,8+56,16384,53,246644498
poseidon,,bn254,4,single,8+56,16384,53,367715885
poseidon,,goldilocks,8,single,8+22,131072,53,333979591
poseidon,,goldilocks,12,single,8+22,65536,53,319698845
poseidon,,mersenne31,16,single,8+14,65536,53,328124821
poseidon,,mersenne31,24,single,8+22,16384,53,225620590
poseidon,,koalabear,16,single,8+20,32768,53,251945804
poseidon,,koalabear,24,single,8+23,16384,53,300039026
poseidon,,babybear,16,single,8+13,65536,53,402620842
poseidon,,babybear,24,single,8+21,16384,53,286899112
poseidon2,,bls12_381,3,single,8+56,65536,53,316499035
poseidon2,,bls12_381,4,single,8+56,32768,53,284601909
poseidon2,,bn254,3,single,8+56,65536,53,309198071
poseidon2,,bn254,4,single,8+56,32768,53,274144167
poseidon2,,goldilocks,8,single,8+22,524288,53,391004294
poseidon2,,goldilocks,12,single,8+22,262144,53,268115300
poseidon2,,mersenne31,16,single,8+14,262144,53,251038678
poseidon2,,mersenne31,24,single,8+22,131072,53,209592367
poseidon2,,koalabear,16,single,8+20,262144,53,285149893
poseidon2,,koalabear,24,single,8+23,131072,53,207111712
poseidon2,,babybear,16,single,8+13,262144,53,305105714
poseidon2,,babybear,24,single,8+21,131072,53,248181389
neptune,,bls12_381,4,single,6+69,32768,53,325406640
neptune,,bn254,4,single,6+69,32768,53,314215608
neptune,,goldilocks,8,single,6+38,262144,53,315864960
neptune,,goldilocks,12,single,6+42,131072,53,303459909
psquarehash,,mersenne31,16,single,52,262144,53,243754616
psquarehash,,mersenne31,24,single,52,262144,53,354506500
psquarehash,,koalabear,16,single,52,262144,53,308553688
psquarehash,,koalabear,24,single,52,131072,53,231150614
psquarehash,,babybear,16,single,52,262144,53,309595344
psquarehash,,babybear,24,single,52,131072,53,230833491
rescue_prime,,bls12_381,3,current,16,1024,53,344420852
rescue_prime,,bls12_381,3,original,14,1024,53,301151915
rescue_prime,,bls12_381,4,current,13,1024,53,374561356
rescue_prime,,bls12_381,4,original,11,1024,53,316922406
rescue_prime,,bn254,3,current,16,1024,53,337990466
rescue_prime,,bn254,3,original,14,1024,53,295617844
rescue_prime,,bn254,4,current,13,1024,53,367510280
rescue_prime,,bn254,4,original,11,1024,53,310920430
rescue_prime,,goldilocks,8,single,8,16384,53,252761989
rescue_prime,,goldilocks,12,single,8,16384,53,394078218
rescue_prime,,mersenne31,16,single,8,16384,53,328189121
rescue_prime,,mersenne31,24,single,8,8192,53,265285342
rescue_prime,,koalabear,16,single,8,8192,53,236522673
rescue_prime,,koalabear,24,single,8,8192,53,380498842
rescue_prime,,babybear,16,single,8,8192,53,238039998
rescue_prime,,babybear,24,single,8,8192,53,383547168
anemoi,,bls12_381,4,current,20,1024,53,287950035
anemoi,,bls12_381,4,original,14,1024,53,203260585
anemoi,,bn254,4,current,20,1024,53,282710063
anemoi,,bn254,4,original,14,2048,53,395801899
anemoi,,goldilocks,8,single,11,32768,53,346705141
anemoi,,goldilocks,12,single,10,16384,53,238246182
anemoi,,mersenne31,16,single,10,32768,53,340338994
anemoi,,mersenne31,24,single,9,16384,53,239989741
anemoi,,koalabear,16,single,10,16384,53,259442353
anemoi,,koalabear,24,single,9,16384,53,363594072
anemoi,,babybear,16,single,9,16384,53,234481438
anemoi,,babybear,24,single,9,16384,53,364228206
griffin,,bls12_381,3,current,20,2048,53,287316591
griffin,,bls12_381,3,original,14,2048,53,201134583
griffin,,bls12_381,4,current,20,2048,53,289470396
griffin,,bls12_381,4,original,11,4096,53,318495636
griffin,,bn254,3,current,20,2048,53,282640854
griffin,,bn254,3,original,14,4096,53,395833628
griffin,,bn254,4,current,20,2048,53,284576220
griffin,,bn254,4,original,11,4096,53,313473721
griffin,,goldilocks,8,single,8,131072,53,282766569
griffin,,goldilocks,12,single,8,131072,53,301761524
arion,,bls12_381,3,single,11,4096,53,341852302
arion,,bls12_381,4,single,10,4096,53,331272602
arion,,bn254,3,single,11,4096,53,332543067
arion,,bn254,4,single,10,4096,53,320139939
grendel,native,bls12_381,3,single,24,256,53,269016774
grendel,native,bn254,3,single,24,256,53,267411935
xhash,XHash8,goldilocks,12,single,6,32768,53,283794680
xhash,XHash12,goldilocks,12,single,6,32768,53,370038204
xhash,XHash16,mersenne31,24,single,6,32768,53,301470050
xhash,XHash24,mersenne31,24,single,6,32768,53,362878795
reinforced_concrete,,bls12_381,3,single,7,131072,53,242346025
reinforced_concrete,,bn254,3,single,7,131072,53,241067394
skyscraper,,bls12_381,4,single,18,262144,53,287131075
skyscraper,,bn254,4,single,18,262144,53,278835232
monolith,,goldilocks,8,single,6,1048576,53,266986430
monolith,,goldilocks,12,single,6,524288,53,203666834
monolith,,mersenne31,16,single,6,524288,53,213761418
monolith,,mersenne31,24,single,6,262144,53,217315239
polocolo,,bls12_381,3,single,6,1024,53,261735016
polocolo,,bls12_381,4,single,5,1024,53,291144635
polocolo,,bn254,3,single,6,1024,53,235090025
polocolo,,bn254,4,single,5,1024,53,262057950
tip4p,,goldilocks,12,single,5,262144,53,331546895
plain,sha256_compress,-,-,single,-,8388608,53,211307823
plain,keccak_f1600,-,-,single,-,524288,53,203306781
plain,blake2b_compress,-,-,single,-,2097152,53,239616995
plain,blake3_compress,-,-,single,-,4194304,53,269576611
gmimc,,bls12_381,3,single,228,16384,54,258943199
gmimc,,bls12_381,4,single,231,16384,54,265248392
gmimc,,bn254,3,single,228,16384,54,252482657
gmimc,,bn254,4,single,231,16384,54,256589170
gmimc,,goldilocks,8,single,68,524288,54,337128144
gmimc,,goldilocks,12,single,93,262144,54,237401675
gmimc,,mersenne31,16,single,158,262144,54,266620786
gmimc,,mersenne31,24,single,335,131072,54,325630078
gmimc,,koalabear,16,single,158,262144,54,305566294
gmimc,,koalabear,24,single,335,131072,54,331406152
gmimc,,babybear,16,single,158,131072,54,246372028
gmimc,,babybear,24,single,335,65536,54,259561084
gmimc2,alpha=8,bls12_381,3,single,63,32768,54,213060538
gmimc2,alpha=8,bls12_381,4,single,64,32768,54,217465700
gmimc2,alpha=8,bn254,3,single,63,32768,54,209390460
gmimc2,alpha=8,bn254,4,single,64,32768,54,213169652
gmimc2,alpha=4,goldilocks,8,single,88,262144,54,293538358
gmimc2,alpha=4,goldilocks,12,single,96,262144,54,362363191
gmimc2,alpha=2,mersenne31,16,single,176,65536,54,201802120
gmimc2,alpha=2,mersenne31,24,single,264,32768,54,224630389
gmimc2,alpha=2,koalabear,16,single,176,131072,54,291365126
gmimc2,alpha=2,koalabear,24,single,264,65536,54,240462564
gmimc2,alpha=2,babybear,16,single,176,131072,54,290889216
gmimc2,alpha=2,babybear,24,single,264,65536,54,239899212
poseidon,,bls12_381,3,single,8+56,16384,54,255204232
poseidon,,bls12_381,4,single,8+56,16384,54,375950461
poseidon,,bn254,3,single,8+56,16384,54,246073209
poseidon,,bn254,4,single,8+56,16384,54,368291359
poseidon,,goldilocks,8,single,8+22,131072,54,334585422
poseidon,,goldilocks,12,single,8+22,65536,54,319770808
poseidon,,mersenne31,16,single,8+14,65536,54,329211079
poseidon,,mersenne31,24,single,8+22,16384,54,227688323
poseidon,,koalabear,16,single,8+20,32768,54,251584428
poseidon,,koalabear,24,single,8+23,16384,54,299717655
poseidon,,babybear,16,single,8+13,65536,54,404074016
poseidon,,babybear,24,single,8+21,16384,54,287135983
poseidon2,,bls12_381,3,single,8+56,65536,54,316451766
poseidon2,,bls12_381,4,single,8+56,32768,54,284554800
poseidon2,,bn254,3,single,8+56,65536,54,309123331
poseidon2,,bn254,4,single,8+56,32768,54,274304805
poseidon2,,goldilocks,8,single,8+22,524288,54,391467718
poseidon2,,goldilocks,12,single,8+22,262144,54,268528811
poseidon2,,mersenne31,16,single,8+14,262144,54,250676511
poseidon2,,mersenne31,24,single,8+22,131072,54,210613595
poseidon2,,koalabear,16,single,8+20,262144,54,285776913
poseidon2,,koalabear,24,single,8+23,131072,54,207329878
poseidon2,,babybear,16,single,8+13,262144,54,305020023
poseidon2,,babybear,24,single,8+21,131072,54,248255917
neptune,,bls12_381,4,single,6+69,32768,54,326073306
neptune,,bn254,4,single,6+69,32768,54,314880439
neptune,,goldilocks,8,single,6+38,262144,54,316010261
neptune,,goldilocks,12,single,6+42,131072,54,303790045
psquarehash,,mersenne31,16,single,52,262144,54,243265773
psquarehash,,mersenne31,24,single,52,262144,54,354490799
psquarehash,,koalabear,16,single,52,262144,54,310301262
psquarehash,,koalabear,24,single,52,131072,54,231220754
psquarehash,,babybear,16,single,52,262144,54,311457232
psquarehash,,babybear,24,single,52,131072,54,230965938
rescue_prime,,bls12_381,3,current,16,1024,54,347427571
rescue_prime,,bls12_381,3,original,14,1024,54,303564122
rescue_prime,,bls12_381,4,current,13,1024,54,377717323
rescue_prime,,bls12_381,4,original,11,1024,54,317089658
rescue_prime,,bn254,3,current,16,1024,54,338101011
rescue_prime,,bn254,3,original,14,1024,54,295725865
rescue_prime,,bn254,4,current,13,1024,54,367823164
rescue_prime,,bn254,4,original,11,1024,54,311071011
rescue_prime,,goldilocks,8,single,8,16384,54,252919182
rescue_prime,,goldilocks,12,single,8,16384,54,393952251
rescue_prime,,mersenne31,16,single,8,16384,54,329558569
rescue_prime,,mersenne31,24,single,8,8192,54,265121575
rescue_prime,,koalabear,16,single,8,8192,54,236747191
rescue_prime,,koalabear,24,single,8,8192,54,380174956
rescue_prime,,babybear,16,single,8,8192,54,237874147
rescue_prime,,babybear,24,single,8,8192,54,384485761
anemoi,,bls12_381,4,current,20,1024,54,288068316
anemoi,,bls12_381,4,original,14,1024,54,203208547
anemoi,,bn254,4,current,20,1024,54,282726593
anemoi,,bn254,4,original,14,2048,54,395901393
anemoi,,goldilocks,8,single,11,32768,54,346492092
anemoi,,goldilocks,12,single,10,16384,54,238290385
anemoi,,mersenne31,16,single,10,32768,54,340057117
anemoi,,mersenne31,24,single,9,16384,54,240929777
anemoi,,koalabear,16,single,10,16384,54,259566493
anemoi,,koalabear,24,single,9,16384,54,363514793
anemoi,,babybear,16,single,9,16384,54,237600645
anemoi,,babybear,24,single,9,16384,54,364619186
griffin,,bls12_381,3,current,20,2048,54,287409944
griffin,,bls12_381,3,original,14,2048,54,201274333
griffin,,bls12_381,4,current,20,2048,54,289573948
griffin,,bls12_381,4,original,11,4096,54,318629645
griffin,,bn254,3,current,20,2048,54,282627648
griffin,,bn254,3,original,14,4096,54,395818358
griffin,,bn254,4,current,20,2048,54,284644627
griffin,,bn254,4,original,11,4096,54,313485712
griffin,,goldilocks,8,single,8,131072,54,282132813
griffin,,goldilocks,12,single,8,131072,54,301484075
arion,,bls12_381,3,single,11,4096,54,341949012
arion,,bls12_381,4,single,10,4096,54,329665127
arion,,bn254,3,single,11,4096,54,332701612
arion,,bn254,4,single,10,4096,54,320095554
grendel,native,bls12_381,3,single,24,256,54,269213120
grendel,native,bn254,3,single,24,256,54,266940854
xhash,XHash8,goldilocks,12,single,6,32768,54,283580538
xhash,XHash12,goldilocks,12,single,6,32768,54,369816247
xhash,XHash16,mersenne31,24,single,6,32768,54,301655726
xhash,XHash24,mersenne31,24,single,6,32768,54,362195717
reinforced_concrete,,bls12_381,3,single,7,131072,54,240867911
reinforced_concrete,,bn254,3,single,7,131072,54,241244385
skyscraper,,bls12_381,4,single,18,262144,54,287550607
skyscraper,,bn254,4,single,18,262144,54,279606993
monolith,,goldilocks,8,single,6,1048576,54,267189398
monolith,,goldilocks,12,single,6,524288,54,204003763
monolith,,mersenne31,16,single,6,524288,54,215285685
monolith,,mersenne31,24,single,6,262144,54,216730315
polocolo,,bls12_381,3,single,6,1024,54,263941479
polocolo,,bls12_381,4,single,5,1024,54,291115028
polocolo,,bn254,3,single,6,1024,54,235106865
polocolo,,bn254,4,single,5,1024,54,262062618
tip4p,,goldilocks,12,single,5,262144,54,331668400
plain,sha256_compress,-,-,single,-,8388608,54,211302823
plain,keccak_f1600,-,-,single,-,524288,54,203107198
plain,blake2b_compress,-,-,single,-,2097152,54,240014697
plain,blake3_compress,-,-,single,-,4194304,54,269755563
gmimc,,bls12_381,3,single,228,16384,55,259234783
gmimc,,bls12_381,4,single,231,16384,55,264275352
gmimc,,bn254,3,single,228,16384,55,250900760
gmimc,,bn254,4,single,231,16384,55,254766844
gmimc,,goldilocks,8,single,68,524288,55,336754204
gmimc,,goldilocks,12,single,93,262144,55,236038165
gmimc,,mersenne31,16,single,158,262144,55,266428787
gmimc,,mersenne31,24,single,335,131072,55,316735134
gmimc,,koalabear,16,single,158,262144,55,306134385
gmimc,,koalabear,24,single,335,131072,55,331047250
gmimc,,babybear,16,single,158,131072,55,246443530
gmimc,,babybear,24,single,335,65536,55,259520958
gmimc2,alpha=8,bls12_381,3,single,63,32768,55,212927689
gmimc2,alpha=8,bls12_381,4,single,64,32768,55,217014265
gmimc2,alpha=8,bn254,3,single,63,32768,55,209678247
gmimc2,alpha=8,bn254,4,single,64,32768,55,212486925
gmimc2,alpha=4,goldilocks,8,single,88,262144,55,294607776
gmimc2,alpha=4,goldilocks,12,single,96,262144,55,361557915
gmimc2,alpha=2,mersenne31,16,single,176,65536,55,201909830
gmimc2,alpha=2,mersenne31,24,single,264,32768,55,223262842
gmimc2,alpha=2,koalabear,16,single,176,131072,55,291059324
gmimc2,alpha=2,koalabear,24,single,264,65536,55,235065639
gmimc2,alpha=2,babybear,16,single,176,131072,55,291576961
gmimc2,alpha=2,babybear,24,single,264,65536,55,233776469
poseidon,,bls12_381,3,single,8+56,16384,55,255371614
poseidon,,bls12_381,4,single,8+56,16384,55,375479290
poseidon,,bn254,3,single,8+56,16384,55,246233418
poseidon,,bn254,4,single,8+56,16384,55,367852979
poseidon,,goldilocks,8,single,8+22,131072,55,334449097
poseidon,,goldilocks,12,single,8+22,65536,55,320460205
poseidon,,mersenne31,16,single,8+14,65536,55,324785809
poseidon,,mersenne31,24,single,8+22,16384,55,224988477
poseidon,,koalabear,16,single,8+20,32768,55,253691906
poseidon,,koalabear,24,single,8+23,16384,55,299945890
poseidon,,babybear,16,single,8+13,65536,55,402687053
poseidon,,babybear,24,single,8+21,16384,55,287073285
poseidon2,,bls12_381,3,single,8+56,65536,55,316257202
poseidon2,,bls12_381,4,single,8+56,32768,55,284449752
poseidon2,,bn254,3,single,8+56,65536,55,309086782
poseidon2,,bn254,4,single,8+56,32768,55,273832763
poseidon2,,goldilocks,8,single,8+22,524288,55,391282221
poseidon2,,goldilocks,12,single,8+22,262144,55,268421380
poseidon2,,mersenne31,16,single,8+14,262144,55,252180150
poseidon2,,mersenne31,24,single,8+22,131072,55,209394606
poseidon2,,koalabear,16,single,8+20,262144,55,285755452
poseidon2,,koalabear,24,single,8+23,131072,55,207849840
poseidon2,,babybear,16,single,8+13,262144,55,305955320
poseidon2,,babybear,24,single,8+21,131072,55,248483693
neptune,,bls12_381,4,single,6+69,32768,55,325495134
neptune,,bn254,4,single,6+69,32768,55,313748844
neptune,,goldilocks,8,single,6+38,262144,55,315619990
neptune,,goldilocks,12,single,6+42,131072,55,303748286
psquarehash,,mersenne31,16,single,52,262144,55,243795161
psquarehash,,mersenne31,24,single,52,262144,55,354397143
psquarehash,,koalabear,16,single,52,262144,55,309279021
psquarehash,,koalabear,24,single,52,131072,55,230520324
psquarehash,,babybear,16,single,52,262144,55,309759329
psquarehash,,babybear,24,single,52,131072,55,232069239
rescue_prime,,bls12_381,3,current,16,1024,55,344502573
rescue_prime,,bls12_381,3,original,14,1024,55,301195786
rescue_prime,,bls12_381,4,current,13,1024,55,374590519
rescue_prime,,bls12_381,4,original,11,1024,55,316941991
rescue_prime,,bn254,3,current,16,1024,55,337983561
rescue_prime,,bn254,3,original,14,1024,55,295640624
rescue_prime,,bn254,4,current,13,1024,55,367471866
rescue_prime,,bn254,4,original,11,1024,55,310858062
rescue_prime,,goldilocks,8,single,8,16384,55,252928018
rescue_prime,,goldilocks,12,single,8,16384,55,393954845
rescue_prime,,mersenne31,16,single,8,16384,55,328658586
rescue_prime,,mersenne31,24,single,8,8192,55,265255164
rescue_prime,,koalabear,16,single,8,8192,55,235898394
rescue_prime,,koalabear,24,single,8,8192,55,381566344
rescue_prime,,babybear,16,single,8,8192,55,237277461
rescue_prime,,babybear,24,single,8,8192,55,384007787
anemoi,,bls12_381,4,current,20,1024,55,288000258
anemoi,,bls12_381,4,original,14,1024,55,203288877
anemoi,,bn254,4,current,20,1024,55,282650370
anemoi,,bn254,4,original,14,2048,55,395759607
anemoi,,goldilocks,8,single,11,32768,55,346913819
anemoi,,goldilocks,12,single,10,16384,55,238342612
anemoi,,mersenne31,16,single,10,32768,55,339745454
anemoi,,mersenne31,24,single,9,16384,55,239767465
anemoi,,koalabear,16,single,10,16384,55,259408688
anemoi,,koalabear,24,single,9,16384,55,363305961
anemoi,,babybear,16,single,9,16384,55,234761910
anemoi,,babybear,24,single,9,16384,55,364194190
griffin,,bls12_381,3,current,20,2048,55,287328542
griffin,,bls12_381,3,original,14,2048,55,201153255
griffin,,bls12_381,4,current,20,2048,55,289446630
griffin,,bls12_381,4,original,11,4096,55,318498920
griffin,,bn254,3,current,20,2048,55,282666530
griffin,,bn254,3,original,14,4096,55,395851328
griffin,,bn254,4,current,20,2048,55,284530363
griffin,,bn254,4,original,11,4096,55,313447149
griffin,,goldilocks,8,single,8,131072,55,281742152
griffin,,goldilocks,12,single,8,131072,55,301188843
arion,,bls12_381,3,single,11,4096,55,342101646
arion,,bls12_381,4,single,10,4096,55,329717154
arion,,bn254,3,single,11,4096,55,332574232
arion,,bn254,4,single,10,4096,55,320140527
grendel,native,bls12_381,3,single,24,256,55,268344386
grendel,native,bn254,3,single,24,256,55,266778780
xhash,XHash8,goldilocks,12,single,6,32768,55,283339628
xhash,XHash12,goldilocks,12,single,6,32768,55,369935400
xhash,XHash16,mersenne31,24,single,6,32768,55,301608306
xhash,XHash24,mersenne31,24,single,6,32768,55,363728481
reinforced_concrete,,bls12_381,3,single,7,131072,55,241503198
reinforced_concrete,,bn254,3,single,7,131072,55,240837514
skyscraper,,bls12_381,4,single,18,262144,55,287141943
skyscraper,,bn254,4,single,18,262144,55,279726425
monolith,,goldilocks,8,single,6,1048576,55,267887512
monolith,,goldilocks,12,single,6,524288,55,204631295
monolith,,mersenne31,16,single,6,524288,55,215361888
monolith,,mersenne31,24,single,6,262144,55,216412391
polocolo,,bls12_381,3,single,6,1024,55,263882598
polocolo,,bls12_381,4,single,5,1024,55,291100560
polocolo,,bn254,3,single,6,1024,55,235147490
polocolo,,bn254,4,single,5,1024,55,262103543
tip4p,,goldilocks,12,single,5,262144,55,331676735
plain,sha256_compress,-,-,single,-,8388608,55,211251416
plain,keccak_f1600,-,-,single,-,524288,55,203293585
plain,blake2b_compress,-,-,single,-,2097152,55,239892958
plain,blake3_compress,-,-,single,-,4194304,55,271067344
gmimc,,bls12_381,3,single,228,16384,56,259170051
gmimc,,bls12_381,4,single,231,16384,56,264291642
gmimc,,bn254,3,single,228,16384,56,252008248
gmimc,,bn254,4,single,231,16384,56,254709456
gmimc,,goldilocks,8,single,68,524288,56,336872294
gmimc,,goldilocks,12,single,93,262144,56,234891021
gmimc,,mersenne31,16,single,158,262144,56,267504907
gmimc,,mersenne31,24,single,335,131072,56,326272957
gmimc,,koalabear,16,single,158,262144,56,305560141
gmimc,,koalabear,24,single,335,131072,56,331915311
gmimc,,babybear,16,single,158,131072,56,246298127
gmimc,,babybear,24,single,335,65536,56,259529033
gmimc2,alpha=8,bls12_381,3,single,63,32768,56,213406163
gmimc2,alpha=8,bls12_381,4,single,64,32768,56,217199260
gmimc2,alpha=8,bn254,3,single,63,32768,56,209502137
gmimc2,alpha=8,bn254,4,single,64,32768,56,213342854
gmimc2,alpha=4,goldilocks,8,single,88,262144,56,294381481
gmimc2,alpha=4,goldilocks,12,single,96,262144,56,361822859
gmimc2,alpha=2,mersenne31,16,single,176,65536,56,201948131
gmimc2,alpha=2,mersenne31,24,single,264,32768,56,223050544
gmimc2,alpha=2,koalabear,16,single,176,131072,56,291074411
gmimc2,alpha=2,koalabear,24,single,264,65536,56,234086438
gmimc2,alpha=2,babybear,16,single,176,131072,56,291018957
gmimc2,alpha=2,babybear,24,single,264,65536,56,234224967
poseidon,,bls12_381,3,single,8+56,16384,56,255012432
poseidon,,bls12_381,4,single,8+56,16384,56,376618538
poseidon,,bn254,3,single,8+56,16384,56,245264587
poseidon,,bn254,4,single,8+56,16384,56,367533220
poseidon,,goldilocks,8,single,8+22,131072,56,334557307
poseidon,,goldilocks,12,single,8+22,65536,56,319720482
poseidon,,mersenne31,16,single,8+14,65536,56,324419243
poseidon,,mersenne31,24,single,8+22,16384,56,225321929
poseidon,,koalabear,16,single,8+20,32768,56,252113825
poseidon,,koalabear,24,single,8+23,16384,56,300101420
poseidon,,babybear,16,single,8+13,65536,56,402949161
poseidon,,babybear,24,single,8+21,16384,56,286759007
poseidon2,,bls12_381,3,single,8+56,65536,56,316150151
poseidon2,,bls12_381,4,single,8+56,32768,56,284698276
poseidon2,,bn254,3,single,8+56,65536,56,309303346
poseidon2,,bn254,4,single,8+56,32768,56,273999594
poseidon2,,goldilocks,8,single,8+22,524288,56,391737100
poseidon2,,goldilocks,12,single,8+22,262144,56,268324348
poseidon2,,mersenne31,16,single,8+14,262144,56,253733302
poseidon2,,mersenne31,24,single,8+22,131072,56,210013512
poseidon2,,koalabear,16,single,8+20,262144,56,285751334
poseidon2,,koalabear,24,single,8+23,131072,56,207382977
poseidon2,,babybear,16,single,8+13,262144,56,306552314
poseidon2,,babybear,24,single,8+21,131072,56,248364359
neptune,,bls12_381,4,single,6+69,32768,56,325699205
neptune,,bn254,4,single,6+69,32768,56,315435555
neptune,,goldilocks,8,single,6+38,262144,56,316547142
neptune,,goldilocks,12,single,6+42,131072,56,303754386
psquarehash,,mersenne31,16,single,52,262144,56,242948628
psquarehash,,mersenne31,24,single,52,262144,56,354522336
psquarehash,,koalabear,16,single,52,262144,56,310834897
psquarehash,,koalabear,24,single,52,131072,56,230507700
psquarehash,,babybear,16,single,52,262144,56,311391518
psquarehash,,babybear,24,single,52,131072,56,232331187
rescue_prime,,bls12_381,3,current,16,1024,56,344453841
rescue_prime,,bls12_381,3,original,14,1024,56,303262507
rescue_prime,,bls12_381,4,current,13,1024,56,377611393
rescue_prime,,bls12_381,4,original,11,1024,56,319395404
rescue_prime,,bn254,3,current,16,1024,56,337935019
rescue_prime,,bn254,3,original,14,1024,56,295686009
rescue_prime,,bn254,4,current,13,1024,56,367490911
rescue_prime,,bn254,4,original,11,1024,56,310941686
rescue_prime,,goldilocks,8,single,8,16384,56,253034276
rescue_prime,,goldilocks,12,single,8,16384,56,394072062
rescue_prime,,mersenne31,16,single,8,16384,56,327877034
rescue_prime,,mersenne31,24,single,8,8192,56,265630563
rescue_prime,,koalabear,16,single,8,8192,56,236419417
rescue_prime,,koalabear,24,single,8,8192,56,380644370
rescue_prime,,babybear,16,single,8,8192,56,238107532
rescue_prime,,babybear,24,single,8,8192,56,383752518
anemoi,,bls12_381,4,current,20,1024,56,288060719
anemoi,,bls12_381,4,original,14,1024,56,202781147
anemoi,,bn254,4,current,20,1024,56,282759523
anemoi,,bn254,4,original,14,2048,56,395855535
anemoi,,goldilocks,8,single,11,32768,56,347130072
anemoi,,goldilocks,12,single,10,16384,56,238369922
anemoi,,mersenne31,16,single,10,32768,56,341499410
anemoi,,mersenne31,24,single,9,16384,56,239634185
anemoi,,koalabear,16,single,10,16384,56,260401542
anemoi,,koalabear,24,single,9,16384,56,363306291
anemoi,,babybear,16,single,9,16384,56,235532049
anemoi,,babybear,24,single,9,16384,56,364375168
griffin,,bls12_381,3,current,20,2048,56,287383824
griffin,,bls12_381,3,original,14,2048,56,201222495
griffin,,bls12_381,4,current,20,2048,56,292168275
griffin,,bls12_381,4,original,11,4096,56,318494931
griffin,,bn254,3,current,20,2048,56,282634900
griffin,,bn254,3,original,14,4096,56,395778050
griffin,,bn254,4,current,20,2048,56,284625600
griffin,,bn254,4,original,11,4096,56,313491070
griffin,,goldilocks,8,single,8,131072,56,281977701
griffin,,goldilocks,12,single,8,131072,56,301556388
arion,,bls12_381,3,single,11,4096,56,342577424
arion,,bls12_381,4,single,10,4096,56,329634728
arion,,bn254,3,single,11,4096,56,332509200
arion,,bn254,4,single,10,4096,56,320174370
grendel,native,bls12_381,3,single,24,256,56,268392615
grendel,native,bn254,3,single,24,256,56,266723316
xhash,XHash8,goldilocks,12,single,6,32768,56,283334016
xhash,XHash12,goldilocks,12,single,6,32768,56,370012662
xhash,XHash16,mersenne31,24,single,6,32768,56,301892857
xhash,XHash24,mersenne31,24,single,6,32768,56,362591023
reinforced_concrete,,bls12_381,3,single,7,131072,56,241666402
reinforced_concrete,,bn254,3,single,7,131072,56,241040202
skyscraper,,bls12_381,4,single,18,262144,56,287273998
skyscraper,,bn254,4,single,18,262144,56,279478932
monolith,,goldilocks,8,single,6,1048576,56,266964666
monolith,,goldilocks,12,single,6,524288,56,203879489
monolith,,mersenne31,16,single,6,524288,56,214877662
monolith,,mersenne31,24,single,6,262144,56,216947329
polocolo,,bls12_381,3,single,6,1024,56,261772564
polocolo,,bls12_381,4,single,5,1024,56,291167604
polocolo,,bn254,3,single,6,1024,56,235146297
polocolo,,bn254,4,single,5,1024,56,262076111
tip4p,,goldilocks,12,single,5,262144,56,331985572
plain,sha256_compress,-,-,single,-,8388608,56,211334681
plain,keccak_f1600,-,-,single,-,524288,56,203302962
plain,blake2b_compress,-,-,single,-,2097152,56,239501456
plain,blake3_compress,-,-,single,-,4194304,56,270426967
gmimc,,bls12_381,3,single,228,16384,57,258914092
gmimc,,bls12_381,4,single,231,16384,57,265501602
gmimc,,bn254,3,single,228,16384,57,251806009
gmimc,,bn254,4,single,231,16384,57,256453444
gmimc,,goldilocks,8,single,68,524288,57,336650058
gmimc,,goldilocks,12,single,93,262144,57,235715551
gmimc,,mersenne31,16,single,158,262144,57,266510027
gmimc,,mersenne31,24,single,335,131072,57,318762310
gmimc,,koalabear,16,single,158,262144,57,305933167
gmimc,,koalabear,24,single,335,131072,57,334229914
gmimc,,babybear,16,single,158,131072,57,246293208
gmimc,,babybear,24,single,335,65536,57,259486782
gmimc2,alpha=8,bls12_381,3,single,63,32768,57,212697017
gmimc2,alpha=8,bls12_381,4,single,64,32768,57,217359440
gmimc2,alpha=8,bn254,3,single,63,32768,57,209616641
gmimc2,alpha=8,bn254,4,single,64,32768,57,213534973
gmimc2,alpha=4,goldilocks,8,single,88,262144,57,294224537
gmimc2,alpha=4,goldilocks,12,single,96,262144,57,361905342
gmimc2,alpha=2,mersenne31,16,single,176,65536,57,201969059
gmimc2,alpha=2,mersenne31,24,single,264,32768,57,223017402
gmimc2,alpha=2,koalabear,16,single,176,131072,57,291644856
gmimc2,alpha=2,koalabear,24,single,264,65536,57,239262900
gmimc2,alpha=2,babybear,16,single,176,131072,57,290979292
gmimc2,alpha=2,babybear,24,single,264,65536,57,233702219
poseidon,,bls12_381,3,single,8+56,16384,57,255172892
poseidon,,bls12_381,4,single,8+56,16384,57,375710740
poseidon,,bn254,3,single,8+56,16384,57,245709166
poseidon,,bn254,4,single,8+56,16384,57,367958914
poseidon,,goldilocks,8,single,8+22,131072,57,335400061
poseidon,,goldilocks,12,single,8+22,65536,57,319716243
poseidon,,mersenne31,16,single,8+14,65536,57,320367089
poseidon,,mersenne31,24,single,8+22,16384,57,226489631
poseidon,,koalabear,16,single,8+20,32768,57,251526988
poseidon,,koalabear,24,single,8+23,16384,57,299609500
poseidon,,babybear,16,single,8+13,65536,57,402622249
poseidon,,babybear,24,single,8+21,16384,57,287038889
poseidon2,,bls12_381,3,single,8+56,65536,57,316215521
poseidon2,,bls12_381,4,single,8+56,32768,57,285004297
poseidon2,,bn254,3,single,8+56,65536,57,309224287
poseidon2,,bn254,4,single,8+56,32768,57,274066567
poseidon2,,goldilocks,8,single,8+22,524288,57,391664683
poseidon2,,goldilocks,12,single,8+22,262144,57,268022273
poseidon2,,mersenne31,16,single,8+14,262144,57,253663310
poseidon2,,mersenne31,24,single,8+22,131072,57,209822856
poseidon2,,koalabear,16,single,8+20,262144,57,284210955
poseidon2,,koalabear,24,single,8+23,131072,57,207106249
poseidon2,,babybear,16,single,8+13,262144,57,305840874
poseidon2,,babybear,24,single,8+21,131072,57,248098611
neptune,,bls12_381,4,single,6+69,32768,57,326017027
neptune,,bn254,4,single,6+69,32768,57,314417631
neptune,,goldilocks,8,single,6+38,262144,57,315711149
neptune,,goldilocks,12,single,6+42,131072,57,304015072
psquarehash,,mersenne31,16,single,52,262144,57,243824515
psquarehash,,mersenne31,24,single,52,262144,57,354567970
psquarehash,,koalabear,16,single,52,262144,57,311964757
psquarehash,,koalabear,24,single,52,131072,57,231411558
psquarehash,,babybear,16,single,52,262144,57,311426181
psquarehash,,babybear,24,single,52,131072,57,232151731
rescue_prime,,bls12_381,3,current,16,1024,57,347236270
rescue_prime,,bls12_381,3,original,14,1024,57,303653146
rescue_prime,,bls12_381,4,current,13,1024,57,377070861
rescue_prime,,bls12_381,4,original,11,1024,57,316932221
rescue_prime,,bn254,3,current,16,1024,57,337968992
rescue_prime,,bn254,3,original,14,1024,57,295644540
rescue_prime,,bn254,4,current,13,1024,57,367491269
rescue_prime,,bn254,4,original,11,1024,57,310854794
rescue_prime,,goldilocks,8,single,8,16384,57,252876991
rescue_prime,,goldilocks,12,single,8,16384,57,393870175
rescue_prime,,mersenne31,16,single,8,16384,57,328700532
rescue_prime,,mersenne31,24,single,8,8192,57,265318349
rescue_prime,,koalabear,16,single,8,8192,57,236372699
rescue_prime,,koalabear,24,single,8,8192,57,381634990
rescue_prime,,babybear,16,single,8,8192,57,237654714
rescue_prime,,babybear,24,single,8,8192,57,383754250
anemoi,,bls12_381,4,current,20,1024,57,288040981
anemoi,,bls12_381,4,original,14,1024,57,202605619
anemoi,,bn254,4,current,20,1024,57,282779830
anemoi,,bn254,4,original,14,2048,57,395857237
anemoi,,goldilocks,8,single,11,32768,57,346908768
anemoi,,goldilocks,12,single,10,16384,57,238342530
anemoi,,mersenne31,16,single,10,32768,57,341547759
anemoi,,mersenne31,24,single,9,16384,57,239626379
anemoi,,koalabear,16,single,10,16384,57,260316402
anemoi,,koalabear,24,single,9,16384,57,363777730
anemoi,,babybear,16,single,9,16384,57,235479710
anemoi,,babybear,24,single,9,16384,57,364299185
griffin,,bls12_381,3,current,20,2048,57,287352114
griffin,,bls12_381,3,original,14,2048,57,201163384
griffin,,bls12_381,4,current,20,2048,57,289554590
griffin,,bls12_381,4,original,11,4096,57,318466056
griffin,,bn254,3,current,20,2048,57,282642824
griffin,,bn254,3,original,14,4096,57,395786866
griffin,,bn254,4,current,20,2048,57,284560538
griffin,,bn254,4,original,11,4096,57,313505828
griffin,,goldilocks,8,single,8,131072,57,281815327
griffin,,goldilocks,12,single,8,131072,57,301206203
arion,,bls12_381,3,single,11,4096,57,341863319
arion,,bls12_381,4,single,10,4096,57,329556591
arion,,bn254,3,single,11,4096,57,332491416
arion,,bn254,4,single,10,4096,57,320214083
grendel,native,bls12_381,3,single,24,256,57,268829791
grendel,native,bn254,3,single,24,256,57,267349345
xhash,XHash8,goldilocks,12,single,6,32768,57,283958522
xhash,XHash12,goldilocks,12,single,6,32768,57,369881506
xhash,XHash16,mersenne31,24,single,6,32768,57,301514529
xhash,XHash24,mersenne31,24,single,6,32768,57,362730403
reinforced_concrete,,bls12_381,3,single,7,131072,57,241527281
reinforced_concrete,,bn254,3,single,7,131072,57,241081288
skyscraper,,bls12_381,4,single,18,262144,57,287336084
skyscraper,,bn254,4,single,18,262144,57,279474793
monolith,,goldilocks,8,single,6,1048576,57,264881794
monolith,,goldilocks,12,single,6,524288,57,203538952
monolith,,mersenne31,16,single,6,524288,57,215330327
monolith,,mersenne31,24,single,6,262144,57,217188078
polocolo,,bls12_381,3,single,6,1024,57,261714364
polocolo,,bls12_381,4,single,5,1024,57,292679399
polocolo,,bn254,3,single,6,1024,57,235085874
polocolo,,bn254,4,single,5,1024,57,262011149
tip4p,,goldilocks,12,single,5,262144,57,331052627
plain,sha256_compress,-,-,single,-,8388608,57,211289025
plain,keccak_f1600,-,-,single,-,524288,57,203426663
plain,blake2b_compress,-,-,single,-,2097152,57,240085977
plain,blake3_compress,-,-,single,-,4194304,57,268441686
gmimc,,bls12_381,3,single,228,16384,58,258980385
gmimc,,bls12_381,4,single,231,16384,58,264236428
gmimc,,bn254,3,single,228,16384,58,251253016
gmimc,,bn254,4,single,231,16384,58,255219146
gmimc,,goldilocks,8,single,68,524288,58,336907167
gmimc,,goldilocks,12,single,93,262144,58,235754193
gmimc,,mersenne31,16,single,158,262144,58,266489277
gmimc,,mersenne31,24,single,335,131072,58,319224644
gmimc,,koalabear,16,single,158,262144,58,305931774
gmimc,,koalabear,24,single,335,131072,58,331587226
gmimc,,babybear,16,single,158,131072,58,247905419
gmimc,,babybear,24,single,335,65536,58,260717311
gmimc2,alpha=8,bls12_381,3,single,63,32768,58,212927617
gmimc2,alpha=8,bls12_381,4,single,64,32768,58,218188147
gmimc2,alpha=8,bn254,3,single,63,32768,58,209433457
gmimc2,alpha=8,bn254,4,single,64,32768,58,212812462
gmimc2,alpha=4,goldilocks,8,single,88,262144,58,294252579
gmimc2,alpha=4,goldilocks,12,single,96,262144,58,362355512
gmimc2,alpha=2,mersenne31,16,single,176,65536,58,202060790
gmimc2,alpha=2,mersenne31,24,single,264,32768,58,223421146
gmimc2,alpha=2,koalabear,16,single,176,131072,58,291057869
gmimc2,alpha=2,koalabear,24,single,264,65536,58,236771013
gmimc2,alpha=2,babybear,16,single,176,131072,58,291275845
gmimc2,alpha=2,babybear,24,single,264,65536,58,239579100
poseidon,,bls12_381,3,single,8+56,16384,58,254918024
poseidon,,bls12_381,4,single,8+56,16384,58,375700900
poseidon,,bn254,3,single,8+56,16384,58,246110946
poseidon,,bn254,4,single,8+56,16384,58,367795558
poseidon,,goldilocks,8,single,8+22,131072,58,333943338
poseidon,,goldilocks,12,single,8+22,65536,58,320026632
poseidon,,mersenne31,16,single,8+14,65536,58,325099862
poseidon,,mersenne31,24,single,8+22,16384,58,225208666
poseidon,,koalabear,16,single,8+20,32768,58,250995034
poseidon,,koalabear,24,single,8+23,16384,58,300218807
poseidon,,babybear,16,single,8+13,65536,58,403030562
poseidon,,babybear,24,single,8+21,16384,58,287068273
poseidon2,,bls12_381,3,single,8+56,65536,58,316545567
poseidon2,,bls12_381,4,single,8+56,32768,58,284533026
poseidon2,,bn254,3,single,8+56,65536,58,309106666
poseidon2,,bn254,4,single,8+56,32768,58,274355627
poseidon2,,goldilocks,8,single,8+22,524288,58,391390580
poseidon2,,goldilocks,12,single,8+22,262144,58,268064261
poseidon2,,mersenne31,16,single,8+14,262144,58,253031498
poseidon2,,mersenne31,24,single,8+22,131072,58,209926990
poseidon2,,koalabear,16,single,8+20,262144,58,285489613
poseidon2,,koalabear,24,single,8+23,131072,58,207133990
poseidon2,,babybear,16,single,8+13,262144,58,306922103
poseidon2,,babybear,24,single,8+21,131072,58,247956355
neptune,,bls12_381,4,single,6+69,32768,58,325606479
neptune,,bn254,4,single,6+69,32768,58,313783656
neptune,,goldilocks,8,single,6+38,262144,58,315877609
neptune,,goldilocks,12,single,6+42,131072,58,303727864
psquarehash,,mersenne31,16,single,52,262144,58,243782114
psquarehash,,mersenne31,24,single,52,262144,58,354866277
psquarehash,,koalabear,16,single,52,262144,58,312247886
psquarehash,,koalabear,24,single,52,131072,58,231375049
psquarehash,,babybear,16,single,52,262144,58,311388900
psquarehash,,babybear,24,single,52,131072,58,232524718
rescue_prime,,bls12_381,3,current,16,1024,58,344369271
rescue_prime,,bls12_381,3,original,14,1024,58,301241178
rescue_prime,,bls12_381,4,current,13,1024,58,374561130
rescue_prime,,bls12_381,4,original,11,1024,58,316972284
rescue_prime,,bn254,3,current,16,1024,58,337975463
rescue_prime,,bn254,3,original,14,1024,58,295605907
rescue_prime,,bn254,4,current,13,1024,58,367497440
rescue_prime,,bn254,4,original,11,1024,58,310853811
rescue_prime,,goldilocks,8,single,8,16384,58,252943745
rescue_prime,,goldilocks,12,single,8,16384,58,394044449
rescue_prime,,mersenne31,16,single,8,16384,58,329015900
rescue_prime,,mersenne31,24,single,8,8192,58,265058583
rescue_prime,,koalabear,16,single,8,8192,58,236273953
rescue_prime,,koalabear,24,single,8,8192,58,381286628
rescue_prime,,babybear,16,single,8,8192,58,237237524
rescue_prime,,babybear,24,single,8,8192,58,382862183
anemoi,,bls12_381,4,current,20,1024,58,288026894
anemoi,,bls12_381,4,original,14,1024,58,201693794
anemoi,,bn254,4,current,20,1024,58,282692045
anemoi,,bn254,4,original,14,2048,58,395805168
anemoi,,goldilocks,8,single,11,32768,58,346980150
anemoi,,goldilocks,12,single,10,16384,58,238173753
anemoi,,mersenne31,16,single,10,32768,58,341524936
anemoi,,mersenne31,24,single,9,16384,58,239407530
anemoi,,koalabear,16,single,10,16384,58,260578832
anemoi,,koalabear,24,single,9,16384,58,363219325
anemoi,,babybear,16,single,9,16384,58,235649787
anemoi,,babybear,24,single,9,16384,58,364213484
griffin,,bls12_381,3,current,20,2048,58,287258147
griffin,,bls12_381,3,original,14,2048,58,202417957
griffin,,bls12_381,4,current,20,2048,58,289478827
griffin,,bls12_381,4,original,11,4096,58,318451768
griffin,,bn254,3,current,20,2048,58,282615872
griffin,,bn254,3,original,14,4096,58,395737302
griffin,,bn254,4,current,20,2048,58,284518288
griffin,,bn254,4,original,11,4096,58,313360134
griffin,,goldilocks,8,single,8,131072,58,281942444
griffin,,goldilocks,12,single,8,131072,58,301522974
arion,,bls12_381,3,single,11,4096,58,341913712
arion,,bls12_381,4,single,10,4096,58,330979429
arion,,bn254,3,single,11,4096,58,332581483
arion,,bn254,4,single,10,4096,58,320166994
grendel,native,bls12_381,3,single,24,256,58,268488001
grendel,native,bn254,3,single,24,256,58,267008266
xhash,XHash8,goldilocks,12,single,6,32768,58,283723252
xhash,XHash12,goldilocks,12,single,6,32768,58,370228403
xhash,XHash16,mersenne31,24,single,6,32768,58,301537110
xhash,XHash24,mersenne31,24,single,6,32768,58,364293553
reinforced_concrete,,bls12_381,3,single,7,131072,58,241063052
reinforced_concrete,,bn254,3,single,7,131072,58,241083211
skyscraper,,bls12_381,4,single,18,262144,58,287440658
skyscraper,,bn254,4,single,18,262144,58,279540856
monolith,,goldilocks,8,single,6,1048576,58,266344886
monolith,,goldilocks,12,single,6,524288,58,205605834
monolith,,mersenne31,16,single,6,524288,58,215108952
monolith,,mersenne31,24,single,6,262144,58,216707389
polocolo,,bls12_381,3,single,6,1024,58,261657387
polocolo,,bls12_381,4,single,5,1024,58,291149629
polocolo,,bn254,3,single,6,1024,58,235164900
polocolo,,bn254,4,single,5,1024,58,262033741
tip4p,,goldilocks,12,single,5,262144,58,331679768
plain,sha256_compress,-,-,single,-,8388608,58,211286299
plain,keccak_f1600,-,-,single,-,524288,58,203223712
plain,blake2b_compress,-,-,single,-,2097152,58,240207714
plain,blake3_compress,-,-,single,-,4194304,58,271196523
gmimc,,bls12_381,3,single,228,16384,59,258900966
gmimc,,bls12_381,4,single,231,16384,59,264855353
gmimc,,bn254,3,single,228,16384,59,252426828
gmimc,,bn254,4,single,231,16384,59,255540718
gmimc,,goldilocks,8,single,68,524288,59,336933535
gmimc,,goldilocks,12,single,93,262144,59,235494006
gmimc,,mersenne31,16,single,158,262144,59,266595104
gmimc,,mersenne31,24,single,335,131072,59,322878851
gmimc,,koalabear,16,single,158,262144,59,305554788
gmimc,,koalabear,24,single,335,131072,59,334963504
gmimc,,babybear,16,single,158,131072,59,246265244
gmimc,,babybear,24,single,335,65536,59,259587439
gmimc2,alpha=8,bls12_381,3,single,63,32768,59,212969614
gmimc2,alpha=8,bls12_381,4,single,64,32768,59,217449486
gmimc2,alpha=8,bn254,3,single,63,32768,59,209497416
gmimc2,alpha=8,bn254,4,single,64,32768,59,213157556
gmimc2,alpha=4,goldilocks,8,single,88,262144,59,293821763
gmimc2,alpha=4,goldilocks,12,single,96,262144,59,361986391
gmimc2,alpha=2,mersenne31,16,single,176,65536,59,201764827
gmimc2,alpha=2,mersenne31,24,single,264,32768,59,223073135
gmimc2,alpha=2,koalabear,16,single,176,131072,59,290809293
gmimc2,alpha=2,koalabear,24,single,264,65536,59,234824054
gmimc2,alpha=2,babybear,16,single,176,131072,59,290965345
gmimc2,alpha=2,babybear,24,single,264,65536,59,234456256
poseidon,,bls12_381,3,single,8+56,16384,59,254607282
poseidon,,bls12_381,4,single,8+56,16384,59,375368869
poseidon,,bn254,3,single,8+56,16384,59,245760110
poseidon,,bn254,4,single,8+56,16384,59,367472623
poseidon,,goldilocks,8,single,8+22,131072,59,334659716
poseidon,,goldilocks,12,single,8+22,65536,59,320402223
poseidon,,mersenne31,16,single,8+14,65536,59,320518260
poseidon,,mersenne31,24,single,8+22,16384,59,226481764
poseidon,,koalabear,16,single,8+20,32768,59,251413084
poseidon,,koalabear,24,single,8+23,16384,59,299919507
poseidon,,babybear,16,single,8+13,65536,59,401247709
poseidon,,babybear,24,single,8+21,16384,59,287084302
poseidon2,,bls12_381,3,single,8+56,65536,59,316323181
poseidon2,,bls12_381,4,single,8+56,32768,59,284653669
poseidon2,,bn254,3,single,8+56,65536,59,309376450
poseidon2,,bn254,4,single,8+56,32768,59,274020079
poseidon2,,goldilocks,8,single,8+22,524288,59,391310358
poseidon2,,goldilocks,12,single,8+22,262144,59,268161491
poseidon2,,mersenne31,16,single,8+14,262144,59,252794976
poseidon2,,mersenne31,24,single,8+22,131072,59,209514297
poseidon2,,koalabear,16,single,8+20,262144,59,285365370
poseidon2,,koalabear,24,single,8+23,131072,59,208265534
poseidon2,,babybear,16,single,8+13,262144,59,305682727
poseidon2,,babybear,24,single,8+21,131072,59,248263437
neptune,,bls12_381,4,single,6+69,32768,59,325308421
neptune,,bn254,4,single,6+69,32768,59,313722771
neptune,,goldilocks,8,single,6+38,262144,59,316261385
neptune,,goldilocks,12,single,6+42,131072,59,303627396
psquarehash,,mersenne31,16,single,52,262144,59,242346121
psquarehash,,mersenne31,24,single,52,262144,59,354697751
psquarehash,,koalabear,16,single,52,262144,59,312762616
psquarehash,,koalabear,24,single,52,131072,59,231002332
psquarehash,,babybear,16,single,52,262144,59,311343815
psquarehash,,babybear,24,single,52,131072,59,232198136
rescue_prime,,bls12_381,3,current,16,1024,59,344400708
rescue_prime,,bls12_381,3,original,14,1024,59,301190232
rescue_prime,,bls12_381,4,current,13,1024,59,374508581
rescue_prime,,bls12_381,4,original,11,1024,59,316965611
rescue_prime,,bn254,3,current,16,1024,59,337958781
rescue_prime,,bn254,3,original,14,1024,59,295637876
rescue_prime,,bn254,4,current,13,1024,59,367449429
rescue_prime,,bn254,4,original,11,1024,59,310837559
rescue_prime,,goldilocks,8,single,8,16384,59,252914188
rescue_prime,,goldilocks,12,single,8,16384,59,393923230
rescue_prime,,mersenne31,16,single,8,16384,59,328400179
rescue_prime,,mersenne31,24,single,8,8192,59,265154292
rescue_prime,,koalabear,16,single,8,8192,59,236417742
rescue_prime,,koalabear,24,single,8,8192,59,380482083
rescue_prime,,babybear,16,single,8,8192,59,237649734
rescue_prime,,babybear,24,single,8,8192,59,383740472
anemoi,,bls12_381,4,current,20,1024,59,289925070
anemoi,,bls12_381,4,original,14,1024,59,201696999
anemoi,,bn254,4,current,20,1024,59,282720497
anemoi,,bn254,4,original,14,2048,59,395879146
anemoi,,goldilocks,8,single,11,32768,59,346616789
anemoi,,goldilocks,12,single,10,16384,59,238292014
anemoi,,mersenne31,16,single,10,32768,59,340148301
anemoi,,mersenne31,24,single,9,16384,59,239771459
anemoi,,koalabear,16,single,10,16384,59,259512679
anemoi,,koalabear,24,single,9,16384,59,363446058
anemoi,,babybear,16,single,9,16384,59,234569518
anemoi,,babybear,24,single,9,16384,59,364501531
griffin,,bls12_381,3,current,20,2048,59,288626874
griffin,,bls12_381,3,original,14,2048,59,201173862
griffin,,bls12_381,4,current,20,2048,59,289661929
griffin,,bls12_381,4,original,11,4096,59,319039085
griffin,,bn254,3,current,20,2048,59,282629357
griffin,,bn254,3,original,14,4096,59,395789328
griffin,,bn254,4,current,20,2048,59,284546980
griffin,,bn254,4,original,11,4096,59,313536212
griffin,,goldilocks,8,single,8,131072,59,282318195
griffin,,goldilocks,12,single,8,131072,59,303705782
arion,,bls12_381,3,single,11,4096,59,342060996
arion,,bls12_381,4,single,10,4096,59,329728009
arion,,bn254,3,single,11,4096,59,332613792
arion,,bn254,4,single,10,4096,59,320208190
grendel,native,bls12_381,3,single,24,256,59,268985000
grendel,native,bn254,3,single,24,256,59,267166461
xhash,XHash8,goldilocks,12,single,6,32768,59,283620288
xhash,XHash12,goldilocks,12,single,6,32768,59,370180152
xhash,XHash16,mersenne31,24,single,6,32768,59,301749276
xhash,XHash24,mersenne31,24,single,6,32768,59,362794069
reinforced_concrete,,bls12_381,3,single,7,131072,59,241034990
reinforced_concrete,,bn254,3,single,7,131072,59,241456207
skyscraper,,bls12_381,4,single,18,262144,59,287728255
skyscraper,,bn254,4,single,18,262144,59,279453662
monolith,,goldilocks,8,single,6,1048576,59,265185369
monolith,,goldilocks,12,single,6,524288,59,205526575
monolith,,mersenne31,16,single,6,524288,59,215062185
monolith,,mersenne31,24,single,6,262144,59,217134126
polocolo,,bls12_381,3,single,6,1024,59,261740712
polocolo,,bls12_381,4,single,5,1024,59,291135241
polocolo,,bn254,3,single,6,1024,59,235209263
polocolo,,bn254,4,single,5,1024,59,262083413
tip4p,,goldilocks,12,single,5,262144,59,331584228
plain,sha256_compress,-,-,single,-,8388608,59,211298030
plain,keccak_f1600,-,-,single,-,524288,59,203208113
plain,blake2b_compress,-,-,single,-,2097152,59,240193798
plain,blake3_compress,-,-,single,-,4194304,59,269333401
gmimc,,bls12_381,3,single,228,16384,60,258861301
gmimc,,bls12_381,4,single,231,16384,60,265863326
gmimc,,bn254,3,single,228,16384,60,251144922
gmimc,,bn254,4,single,231,16384,60,256472367
gmimc,,goldilocks,8,single,68,524288,60,336821926
gmimc,,goldilocks,12,single,93,262144,60,234713967
gmimc,,mersenne31,16,single,158,262144,60,267402432
gmimc,,mersenne31,24,single,335,131072,60,317422835
gmimc,,koalabear,16,single,158,262144,60,305466141
gmimc,,koalabear,24,single,335,131072,60,337263941
gmimc,,babybear,16,single,158,131072,60,246357646
gmimc,,babybear,24,single,335,65536,60,259699648
gmimc2,alpha=8,bls12_381,3,single,63,32768,60,213030958
gmimc2,alpha=8,bls12_381,4,single,64,32768,60,217572836
gmimc2,alpha=8,bn254,3,single,63,32768,60,209995576
gmimc2,alpha=8,bn254,4,single,64,32768,60,213208901
gmimc2,alpha=4,goldilocks,8,single,88,262144,60,294025773
gmimc2,alpha=4,goldilocks,12,single,96,262144,60,362132584
gmimc2,alpha=2,mersenne31,16,single,176,65536,60,201980419
gmimc2,alpha=2,mersenne31,24,single,264,32768,60,223149457
gmimc2,alpha=2,koalabear,16,single,176,131072,60,290904921
gmimc2,alpha=2,koalabear,24,single,264,65536,60,234140556
gmimc2,alpha=2,babybear,16,single,176,131072,60,291054630
gmimc2,alpha=2,babybear,24,single,264,65536,60,237498291
poseidon,,bls12_381,3,single,8+56,16384,60,255143974
poseidon,,bls12_381,4,single,8+56,16384,60,375829298
poseidon,,bn254,3,single,8+56,16384,60,246169734
poseidon,,bn254,4,single,8+56,16384,60,367986683
poseidon,,goldilocks,8,single,8+22,131072,60,334318517
poseidon,,goldilocks,12,single,8+22,65536,60,319927204
poseidon,,mersenne31,16,single,8+14,65536,60,323853031
poseidon,,mersenne31,24,single,8+22,16384,60,224660431
poseidon,,koalabear,16,single,8+20,32768,60,251847455
poseidon,,koalabear,24,single,8+23,16384,60,299769226
poseidon,,babybear,16,single,8+13,65536,60,402463979
poseidon,,babybear,24,single,8+21,16384,60,287109709
poseidon2,,bls12_381,3,single,8+56,65536,60,316350931
poseidon2,,bls12_381,4,single,8+56,32768,60,284698954
poseidon2,,bn254,3,single,8+56,65536,60,309374024
poseidon2,,bn254,4,single,8+56,32768,60,274254386
poseidon2,,goldilocks,8,single,8+22,524288,60,391586413
poseidon2,,goldilocks,12,single,8+22,262144,60,268300299
poseidon2,,mersenne31,16,single,8+14,262144,60,253785577
poseidon2,,mersenne31,24,single,8+22,131072,60,209892784
poseidon2,,koalabear,16,single,8+20,262144,60,284239866
poseidon2,,koalabear,24,single,8+23,131072,60,207779585
poseidon2,,babybear,16,single,8+13,262144,60,306778042
poseidon2,,babybear,24,single,8+21,131072,60,248345350
neptune,,bls12_381,4,single,6+69,32768,60,326063612
neptune,,bn254,4,single,6+69,32768,60,314286593
neptune,,goldilocks,8,single,6+38,262144,60,316182677
neptune,,goldilocks,12,single,6+42,131072,60,303330079
psquarehash,,mersenne31,16,single,52,262144,60,242355306
psquarehash,,mersenne31,24,single,52,262144,60,354429659
psquarehash,,koalabear,16,single,52,262144,60,308803999
psquarehash,,koalabear,24,single,52,131072,60,231321958
psquarehash,,babybear,16,single,52,262144,60,311299251
psquarehash,,babybear,24,single,52,131072,60,231056001
rescue_prime,,bls12_381,3,current,16,1024,60,344487359
rescue_prime,,bls12_381,3,original,14,1024,60,301206050
rescue_prime,,bls12_381,4,current,13,1024,60,374567950
rescue_prime,,bls12_381,4,original,11,1024,60,316863278
rescue_prime,,bn254,3,current,16,1024,60,337933012
rescue_prime,,bn254,3,original,14,1024,60,295633187
rescue_prime,,bn254,4,current,13,1024,60,367481659
rescue_prime,,bn254,4,original,11,1024,60,310874498
rescue_prime,,goldilocks,8,single,8,16384,60,252953320
rescue_prime,,goldilocks,12,single,8,16384,60,394632686
rescue_prime,,mersenne31,16,single,8,16384,60,328602455
rescue_prime,,mersenne31,24,single,8,8192,60,265351078
rescue_prime,,koalabear,16,single,8,8192,60,236572580
rescue_prime,,koalabear,24,single,8,8192,60,381203380
rescue_prime,,babybear,16,single,8,8192,60,237333091
rescue_prime,,babybear,24,single,8,8192,60,383194591
anemoi,,bls12_381,4,current,20,1024,60,288027033
anemoi,,bls12_381,4,original,14,1024,60,201664027
anemoi,,bn254,4,current,20,1024,60,282711219
anemoi,,bn254,4,original,14,2048,60,395826586
anemoi,,goldilocks,8,single,11,32768,60,346790724
anemoi,,goldilocks,12,single,10,16384,60,238261146
anemoi,,mersenne31,16,single,10,32768,60,340449092
anemoi,,mersenne31,24,single,9,16384,60,239736833
anemoi,,koalabear,16,single,10,16384,60,259695981
anemoi,,koalabear,24,single,9,16384,60,362963436
anemoi,,babybear,16,single,9,16384,60,234521438
anemoi,,babybear,24,single,9,16384,60,364494697
griffin,,bls12_381,3,current,20,2048,60,287347483
griffin,,bls12_381,3,original,14,2048,60,201216922
griffin,,bls12_381,4,current,20,2048,60,289532866
griffin,,bls12_381,4,original,11,4096,60,321389476
griffin,,bn254,3,current,20,2048,60,282633584
griffin,,bn254,3,original,14,4096,60,395924269
griffin,,bn254,4,current,20,2048,60,284559783
griffin,,bn254,4,original,11,4096,60,313526383
griffin,,goldilocks,8,single,8,131072,60,282196256
griffin,,goldilocks,12,single,8,131072,60,301401966
arion,,bls12_381,3,single,11,4096,60,341946140
arion,,bls12_381,4,single,10,4096,60,329622331
arion,,bn254,3,single,11,4096,60,332509446
arion,,bn254,4,single,10,4096,60,320241541
grendel,native,bls12_381,3,single,24,256,60,268830450
grendel,native,bn254,3,single,24,256,60,266907967
xhash,XHash8,goldilocks,12,single,6,32768,60,283592135
xhash,XHash12,goldilocks,12,single,6,32768,60,370034438
xhash,XHash16,mersenne31,24,single,6,32768,60,301773791
xhash,XHash24,mersenne31,24,single,6,32768,60,363569097
reinforced_concrete,,bls12_381,3,single,7,131072,60,242171212
reinforced_concrete,,bn254,3,single,7,131072,60,241422804
skyscraper,,bls12_381,4,single,18,262144,60,286803566
skyscraper,,bn254,4,single,18,262144,60,279188446
monolith,,goldilocks,8,single,6,1048576,60,266473796
monolith,,goldilocks,12,single,6,524288,60,204980684
monolith,,mersenne31,16,single,6,524288,60,215622141
monolith,,mersenne31,24,single,6,262144,60,217393861
polocolo,,bls12_381,3,single,6,1024,60,261738998
polocolo,,bls12_381,4,single,5,1024,60,291221111
polocolo,,bn254,3,single,6,1024,60,235151615
polocolo,,bn254,4,single,5,1024,60,262115512
tip4p,,goldilocks,12,single,5,262144,60,331508506
plain,sha256_compress,-,-,single,-,8388608,60,211361578
plain,keccak_f1600,-,-,single,-,524288,60,203162397
plain,blake2b_compress,-,-,single,-,2097152,60,240126010
plain,blake3_compress,-,-,single,-,4194304,60,269360189
gmimc,,bls12_381,3,single,228,16384,61,259236782
gmimc,,bls12_381,4,single,231,16384,61,264340159
gmimc,,bn254,3,single,228,16384,61,250406000
gmimc,,bn254,4,single,231,16384,61,254804920
gmimc,,goldilocks,8,single,68,524288,61,336870225
gmimc,,goldilocks,12,single,93,262144,61,236179515
gmimc,,mersenne31,16,single,158,262144,61,266418433
gmimc,,mersenne31,24,single,335,131072,61,318006424
gmimc,,koalabear,16,single,158,262144,61,305577980
gmimc,,koalabear,24,single,335,131072,61,334612115
gmimc,,babybear,16,single,158,131072,61,246383985
gmimc,,babybear,24,single,335,65536,61,259573131
gmimc2,alpha=8,bls12_381,3,single,63,32768,61,213332090
gmimc2,alpha=8,bls12_381,4,single,64,32768,61,216730180
gmimc2,alpha=8,bn254,3,single,63,32768,61,209945913
gmimc2,alpha=8,bn254,4,single,64,32768,61,212551532
gmimc2,alpha=4,goldilocks,8,single,88,262144,61,294043064
gmimc2,alpha=4,goldilocks,12,single,96,262144,61,361602371
gmimc2,alpha=2,mersenne31,16,single,176,65536,61,201942417
gmimc2,alpha=2,mersenne31,24,single,264,32768,61,222975250
gmimc2,alpha=2,koalabear,16,single,176,131072,61,291015987
gmimc2,alpha=2,koalabear,24,single,264,65536,61,235008036
gmimc2,alpha=2,babybear,16,single,176,131072,61,291084165
gmimc2,alpha=2,babybear,24,single,264,65536,61,234332033
poseidon,,bls12_381,3,single,8+56,16384,61,254709642
poseidon,,bls12_381,4,single,8+56,16384,61,375731504
poseidon,,bn254,3,single,8+56,16384,61,246023040
poseidon,,bn254,4,single,8+56,16384,61,368409321
poseidon,,goldilocks,8,single,8+22,131072,61,334763618
poseidon,,goldilocks,12,single,8+22,65536,61,319901646
poseidon,,mersenne31,16,single,8+14,65536,61,319992716
poseidon,,mersenne31,24,single,8+22,16384,61,225244461
poseidon,,koalabear,16,single,8+20,32768,61,250864006
poseidon,,koalabear,24,single,8+23,16384,61,300006177
poseidon,,babybear,16,single,8+13,65536,61,403770761
poseidon,,babybear,24,single,8+21,16384,61,287469070
poseidon2,,bls12_381,3,single,8+56,65536,61,316423957
poseidon2,,bls12_381,4,single,8+56,32768,61,284546829
poseidon2,,bn254,3,single,8+56,65536,61,309514295
poseidon2,,bn254,4,single,8+56,32768,61,273982137
poseidon2,,goldilocks,8,single,8+22,524288,61,391495942
poseidon2,,goldilocks,12,single,8+22,262144,61,268410745
poseidon2,,mersenne31,16,single,8+14,262144,61,253642288
poseidon2,,mersenne31,24,single,8+22,131072,61,210114979
poseidon2,,koalabear,16,single,8+20,262144,61,286274377
poseidon2,,koalabear,24,single,8+23,131072,61,207721116
poseidon2,,babybear,16,single,8+13,262144,61,305981734
poseidon2,,babybear,24,single,8+21,131072,61,248075414
neptune,,bls12_381,4,single,6+69,32768,61,325820486
neptune,,bn254,4,single,6+69,32768,61,313984187
neptune,,goldilocks,8,single,6+38,262144,61,315449366
neptune,,goldilocks,12,single,6+42,131072,61,303968381
psquarehash,,mersenne31,16,single,52,262144,61,244063699
psquarehash,,mersenne31,24,single,52,262144,61,354539954
psquarehash,,koalabear,16,single,52,262144,61,310724606
psquarehash,,koalabear,24,single,52,131072,61,231390856
psquarehash,,babybear,16,single,52,262144,61,311484276
psquarehash,,babybear,24,single,52,131072,61,232516650
rescue_prime,,bls12_381,3,current,16,1024,61,344491566
rescue_prime,,bls12_381,3,original,14,1024,61,301724528
rescue_prime,,bls12_381,4,current,13,1024,61,376728056
rescue_prime,,bls12_381,4,original,11,1024,61,317069653
rescue_prime,,bn254,3,current,16,1024,61,338008982
rescue_prime,,bn254,3,original,14,1024,61,295712964
rescue_prime,,bn254,4,current,13,1024,61,367547691
rescue_prime,,bn254,4,original,11,1024,61,310967971
rescue_prime,,goldilocks,8,single,8,16384,61,252910239
rescue_prime,,goldilocks,12,single,8,16384,61,393875339
rescue_prime,,mersenne31,16,single,8,16384,61,329646776
rescue_prime,,mersenne31,24,single,8,8192,61,265216967
rescue_prime,,koalabear,16,single,8,8192,61,236552241
rescue_prime,,koalabear,24,single,8,8192,61,380549036
rescue_prime,,babybear,16,single,8,8192,61,238168852
rescue_prime,,babybear,24,single,8,8192,61,384032326
anemoi,,bls12_381,4,current,20,1024,61,287973862
anemoi,,bls12_381,4,original,14,1024,61,201704221
anemoi,,bn254,4,current,20,1024,61,282745031
anemoi,,bn254,4,original,14,2048,61,395844578
anemoi,,goldilocks,8,single,11,32768,61,346205619
anemoi,,goldilocks,12,single,10,16384,61,238349961
anemoi,,mersenne31,16,single,10,32768,61,340034437
anemoi,,mersenne31,24,single,9,16384,61,239748814
anemoi,,koalabear,16,single,10,16384,61,259485717
anemoi,,koalabear,24,single,9,16384,61,363451636
anemoi,,babybear,16,single,9,16384,61,234509864
anemoi,,babybear,24,single,9,16384,61,364053060
griffin,,bls12_381,3,current,20,2048,61,287296947
griffin,,bls12_381,3,original,14,2048,61,201219626
griffin,,bls12_381,4,current,20,2048,61,289493702
griffin,,bls12_381,4,original,11,4096,61,318458178
griffin,,bn254,3,current,20,2048,61,282674179
griffin,,bn254,3,original,14,4096,61,395810715
griffin,,bn254,4,current,20,2048,61,284537481
griffin,,bn254,4,original,11,4096,61,313466440
griffin,,goldilocks,8,single,8,131072,61,281626641
griffin,,goldilocks,12,single,8,131072,61,301293753
arion,,bls12_381,3,single,11,4096,61,342009528
arion,,bls12_381,4,single,10,4096,61,329852470
arion,,bn254,3,single,11,4096,61,332460633
arion,,bn254,4,single,10,4096,61,320282597
grendel,native,bls12_381,3,single,24,256,61,268278207
grendel,native,bn254,3,single,24,256,61,266602155
xhash,XHash8,goldilocks,12,single,6,32768,61,283953910
xhash,XHash12,goldilocks,12,single,6,32768,61,369868187
xhash,XHash16,mersenne31,24,single,6,32768,61,301781504
xhash,XHash24,mersenne31,24,single,6,32768,61,363872102
reinforced_concrete,,bls12_381,3,single,7,131072,61,242006764
reinforced_concrete,,bn254,3,single,7,131072,61,241397496
skyscraper,,bls12_381,4,single,18,262144,61,287637463
skyscraper,,bn254,4,single,18,262144,61,279670285
monolith,,goldilocks,8,single,6,1048576,61,266726678
monolith,,goldilocks,12,single,6,524288,61,204359803
monolith,,mersenne31,16,single,6,524288,61,214847091
monolith,,mersenne31,24,single,6,262144,61,216469483
polocolo,,bls12_381,3,single,6,1024,61,261738396
polocolo,,bls12_381,4,single,5,1024,61,291175385
polocolo,,bn254,3,single,6,1024,61,235173405
polocolo,,bn254,4,single,5,1024,61,262127874
tip4p,,goldilocks,12,single,5,262144,61,331427282
plain,sha256_compress,-,-,single,-,8388608,61,211305263
plain,keccak_f1600,-,-,single,-,524288,61,203336581
plain,blake2b_compress,-,-,single,-,2097152,61,240064865
plain,blake3_compress,-,-,single,-,4194304,61,269717917
gmimc,,bls12_381,3,single,228,16384,62,259286835
gmimc,,bls12_381,4,single,231,16384,62,264230884
gmimc,,bn254,3,single,228,16384,62,251202348
gmimc,,bn254,4,single,231,16384,62,254741471
gmimc,,goldilocks,8,single,68,524288,62,336994225
gmimc,,goldilocks,12,single,93,262144,62,235163186
gmimc,,mersenne31,16,single,158,262144,62,267017701
gmimc,,mersenne31,24,single,335,131072,62,315263718
gmimc,,koalabear,16,single,158,262144,62,305573019
gmimc,,koalabear,24,single,335,131072,62,333965616
gmimc,,babybear,16,single,158,131072,62,246408179
gmimc,,babybear,24,single,335,65536,62,259562651
gmimc2,alpha=8,bls12_381,3,single,63,32768,62,212771072
gmimc2,alpha=8,bls12_381,4,single,64,32768,62,217467327
gmimc2,alpha=8,bn254,3,single,63,32768,62,209772819
gmimc2,alpha=8,bn254,4,single,64,32768,62,213254015
gmimc2,alpha=4,goldilocks,8,single,88,262144,62,294612116
gmimc2,alpha=4,goldilocks,12,single,96,262144,62,361851135
gmimc2,alpha=2,mersenne31,16,single,176,65536,62,201922880
gmimc2,alpha=2,mersenne31,24,single,264,32768,62,223121453
gmimc2,alpha=2,koalabear,16,single,176,131072,62,290903978
gmimc2,alpha=2,koalabear,24,single,264,65536,62,234226595
gmimc2,alpha=2,babybear,16,single,176,131072,62,291150208
gmimc2,alpha=2,babybear,24,single,264,65536,62,234088868
poseidon,,bls12_381,3,single,8+56,16384,62,255180612
poseidon,,bls12_381,4,single,8+56,16384,62,375858780
poseidon,,bn254,3,single,8+56,16384,62,246183449
poseidon,,bn254,4,single,8+56,16384,62,367502105
poseidon,,goldilocks,8,single,8+22,131072,62,334869254
poseidon,,goldilocks,12,single,8+22,65536,62,320315949
poseidon,,mersenne31,16,single,8+14,65536,62,327746515
poseidon,,mersenne31,24,single,8+22,16384,62,225812241
poseidon,,koalabear,16,single,8+20,32768,62,252232192
poseidon,,koalabear,24,single,8+23,16384,62,300404631
poseidon,,babybear,16,single,8+13,65536,62,401491590
poseidon,,babybear,24,single,8+21,16384,62,287034105
poseidon2,,bls12_381,3,single,8+56,65536,62,316414438
poseidon2,,bls12_381,4,single,8+56,32768,62,284650050
poseidon2,,bn254,3,single,8+56,65536,62,309207260
poseidon2,,bn254,4,single,8+56,32768,62,274219799
poseidon2,,goldilocks,8,single,8+22,524288,62,391951192
poseidon2,,goldilocks,12,single,8+22,262144,62,268593606
poseidon2,,mersenne31,16,single,8+14,262144,62,253889018
poseidon2,,mersenne31,24,single,8+22,131072,62,209596309
poseidon2,,koalabear,16,single,8+20,262144,62,285448242
poseidon2,,koalabear,24,single,8+23,131072,62,206567890
poseidon2,,babybear,16,single,8+13,262144,62,306550837
poseidon2,,babybear,24,single,8+21,131072,62,248342714
neptune,,bls12_381,4,single,6+69,32768,62,325830113
neptune,,bn254,4,single,6+69,32768,62,313988886
neptune,,goldilocks,8,single,6+38,262144,62,316377850
neptune,,goldilocks,12,single,6+42,131072,62,303913468
psquarehash,,mersenne31,16,single,52,262144,62,243795757
psquarehash,,mersenne31,24,single,52,262144,62,354840043
psquarehash,,koalabear,16,single,52,262144,62,312475076
psquarehash,,koalabear,24,single,52,131072,62,230317410
psquarehash,,babybear,16,single,52,262144,62,311480468
psquarehash,,babybear,24,single,52,131072,62,232294985
rescue_prime,,bls12_381,3,current,16,1024,62,347311284
rescue_prime,,bls12_381,3,original,14,1024,62,301274506
rescue_prime,,bls12_381,4,current,13,1024,62,374600539
rescue_prime,,bls12_381,4,original,11,1024,62,316965046
rescue_prime,,bn254,3,current,16,1024,62,337999324
rescue_prime,,bn254,3,original,14,1024,62,295692005
rescue_prime,,bn254,4,current,13,1024,62,367462039
rescue_prime,,bn254,4,original,11,1024,62,310883342
rescue_prime,,goldilocks,8,single,8,16384,62,252955734
rescue_prime,,goldilocks,12,single,8,16384,62,394050084
rescue_prime,,mersenne31,16,single,8,16384,62,328599648
rescue_prime,,mersenne31,24,single,8,8192,62,265471432
rescue_prime,,koalabear,16,single,8,8192,62,236102570
rescue_prime,,koalabear,24,single,8,8192,62,380446784
rescue_prime,,babybear,16,single,8,8192,62,237905319
rescue_prime,,babybear,24,single,8,8192,62,382857799
anemoi,,bls12_381,4,current,20,1024,62,288082284
anemoi,,bls12_381,4,original,14,1024,62,201758943
anemoi,,bn254,4,current,20,1024,62,282765990
anemoi,,bn254,4,original,14,2048,62,395856280
anemoi,,goldilocks,8,single,11,32768,62,347979984
anemoi,,goldilocks,12,single,10,16384,62,238353937
anemoi,,mersenne31,16,single,10,32768,62,340168306
anemoi,,mersenne31,24,single,9,16384,62,239710833
anemoi,,koalabear,16,single,10,16384,62,259527694
anemoi,,koalabear,24,single,9,16384,62,363288931
anemoi,,babybear,16,single,9,16384,62,234708696
anemoi,,babybear,24,single,9,16384,62,364563533
griffin,,bls12_381,3,current,20,2048,62,287413915
griffin,,bls12_381,3,original,14,2048,62,201208525
griffin,,bls12_381,4,current,20,2048,62,289622632
griffin,,bls12_381,4,original,11,4096,62,318548696
griffin,,bn254,3,current,20,2048,62,282675360
griffin,,bn254,3,original,14,4096,62,395797650
griffin,,bn254,4,current,20,2048,62,284626737
griffin,,bn254,4,original,11,4096,62,313502756
griffin,,goldilocks,8,single,8,131072,62,281970182
griffin,,goldilocks,12,single,8,131072,62,301635791
arion,,bls12_381,3,single,11,4096,62,342060762
arion,,bls12_381,4,single,10,4096,62,329743576
arion,,bn254,3,single,11,4096,62,332694490
arion,,bn254,4,single,10,4096,62,320356083
grendel,native,bls12_381,3,single,24,256,62,269586110
grendel,native,bn254,3,single,24,256,62,267138366
xhash,XHash8,goldilocks,12,single,6,32768,62,283802115
xhash,XHash12,goldilocks,12,single,6,32768,62,369901909
xhash,XHash16,mersenne31,24,single,6,32768,62,301790400
xhash,XHash24,mersenne31,24,single,6,32768,62,363317565
reinforced_concrete,,bls12_381,3,single,7,131072,62,241994530
reinforced_concrete,,bn254,3,single,7,131072,62,242321281
skyscraper,,bls12_381,4,single,18,262144,62,286791521
skyscraper,,bn254,4,single,18,262144,62,279239810
monolith,,goldilocks,8,single,6,1048576,62,266617403
monolith,,goldilocks,12,single,6,524288,62,203804445
monolith,,mersenne31,16,single,6,524288,62,215401276
monolith,,mersenne31,24,single,6,262144,62,216785704
polocolo,,bls12_381,3,single,6,1024,62,261786495
polocolo,,bls12_381,4,single,5,1024,62,291200210
polocolo,,bn254,3,single,6,1024,62,235165779
polocolo,,bn254,4,single,5,1024,62,262145967
tip4p,,goldilocks,12,single,5,262144,62,331720088
plain,sha256_compress,-,-,single,-,8388608,62,211490388
plain,keccak_f1600,-,-,single,-,524288,62,203276468
plain,blake2b_compress,-,-,single,-,2097152,62,242183023
plain,blake3_compress,-,-,single,-,4194304,62,269757831
gmimc,,bls12_381,3,single,228,16384,63,259026367
gmimc,,bls12_381,4,single,231,16384,63,265820333
gmimc,,bn254,3,single,228,16384,63,250853274
gmimc,,bn254,4,single,231,16384,63,255456015
gmimc,,goldilocks,8,single,68,524288,63,336976001
gmimc,,goldilocks,12,single,93,262144,63,235374730
gmimc,,mersenne31,16,single,158,262144,63,271261801
gmimc,,mersenne31,24,single,335,131072,63,320965071
gmimc,,koalabear,16,single,158,262144,63,305669148
gmimc,,koalabear,24,single,335,131072,63,335032068
gmimc,,babybear,16,single,158,131072,63,246425380
gmimc,,babybear,24,single,335,65536,63,259509770
gmimc2,alpha=8,bls12_381,3,single,63,32768,63,212857873
gmimc2,alpha=8,bls12_381,4,single,64,32768,63,217731441
gmimc2,alpha=8,bn254,3,single,63,32768,63,209837349
gmimc2,alpha=8,bn254,4,single,64,32768,63,213252370
gmimc2,alpha=4,goldilocks,8,single,88,262144,63,294197210
gmimc2,alpha=4,goldilocks,12,single,96,262144,63,364089807
gmimc2,alpha=2,mersenne31,16,single,176,65536,63,201979114
gmimc2,alpha=2,mersenne31,24,single,264,32768,63,223110552
gmimc2,alpha=2,koalabear,16,single,176,131072,63,291122826
gmimc2,alpha=2,koalabear,24,single,264,65536,63,234988348
gmimc2,alpha=2,babybear,16,single,176,131072,63,291360880
gmimc2,alpha=2,babybear,24,single,264,65536,63,236474555
poseidon,,bls12_381,3,single,8+56,16384,63,255239150
poseidon,,bls12_381,4,single,8+56,16384,63,376166635
poseidon,,bn254,3,single,8+56,16384,63,246345240
poseidon,,bn254,4,single,8+56,16384,63,368483027
poseidon,,goldilocks,8,single,8+22,131072,63,334526863
poseidon,,goldilocks,12,single,8+22,65536,63,320009034
poseidon,,mersenne31,16,single,8+14,65536,63,320859274
poseidon,,mersenne31,24,single,8+22,16384,63,225576000
poseidon,,koalabear,16,single,8+20,32768,63,251839958
poseidon,,koalabear,24,single,8+23,16384,63,300095673
poseidon,,babybear,16,single,8+13,65536,63,402657478
poseidon,,babybear,24,single,8+21,16384,63,286857154
poseidon2,,bls12_381,3,single,8+56,65536,63,316546133
poseidon2,,bls12_381,4,single,8+56,32768,63,285041912
poseidon2,,bn254,3,single,8+56,65536,63,309360015
poseidon2,,bn254,4,single,8+56,32768,63,274220741
poseidon2,,goldilocks,8,single,8+22,524288,63,391659956
poseidon2,,goldilocks,12,single,8+22,262144,63,268621587
poseidon2,,mersenne31,16,single,8+14,262144,63,253271583
poseidon2,,mersenne31,24,single,8+22,131072,63,210043263
poseidon2,,koalabear,16,single,8+20,262144,63,285782516
poseidon2,,koalabear,24,single,8+23,131072,63,207343208
poseidon2,,babybear,16,single,8+13,262144,63,306039039
poseidon2,,babybear,24,single,8+21,131072,63,248220414
neptune,,bls12_381,4,single,6+69,32768,63,326007203
neptune,,bn254,4,single,6+69,32768,63,314396506
neptune,,goldilocks,8,single,6+38,262144,63,316401222
neptune,,goldilocks,12,single,6+42,131072,63,304064459
psquarehash,,mersenne31,16,single,52,262144,63,243847362
psquarehash,,mersenne31,24,single,52,262144,63,354939398
psquarehash,,koalabear,16,single,52,262144,63,308530715
psquarehash,,koalabear,24,single,52,131072,63,231004774
psquarehash,,babybear,16,single,52,262144,63,310784607
psquarehash,,babybear,24,single,52,131072,63,232477796
rescue_prime,,bls12_381,3,current,16,1024,63,344494469
rescue_prime,,bls12_381,3,original,14,1024,63,301290175
rescue_prime,,bls12_381,4,current,13,1024,63,374688102
rescue_prime,,bls12_381,4,original,11,1024,63,317014097
rescue_prime,,bn254,3,current,16,1024,63,337999132
rescue_prime,,bn254,3,original,14,1024,63,295710357
rescue_prime,,bn254,4,current,13,1024,63,367604014
rescue_prime,,bn254,4,original,11,1024,63,310990761
rescue_prime,,goldilocks,8,single,8,16384,63,253032196
rescue_prime,,goldilocks,12,single,8,16384,63,394135773
rescue_prime,,mersenne31,16,single,8,16384,63,329957424
rescue_prime,,mersenne31,24,single,8,8192,63,265351877
rescue_prime,,koalabear,16,single,8,8192,63,236369869
rescue_prime,,koalabear,24,single,8,8192,63,380804852
rescue_prime,,babybear,16,single,8,8192,63,236821533
rescue_prime,,babybear,24,single,8,8192,63,382760686
anemoi,,bls12_381,4,current,20,1024,63,288563152
anemoi,,bls12_381,4,original,14,1024,63,201755766
anemoi,,bn254,4,current,20,1024,63,282804811
anemoi,,bn254,4,original,14,2048,63,395905931
anemoi,,goldilocks,8,single,11,32768,63,348116738
anemoi,,goldilocks,12,single,10,16384,63,238377982
anemoi,,mersenne31,16,single,10,32768,63,341946738
anemoi,,mersenne31,24,single,9,16384,63,239400272
anemoi,,koalabear,16,single,10,16384,63,260492016
anemoi,,koalabear,24,single,9,16384,63,363483904
anemoi,,babybear,16,single,9,16384,63,235542032
anemoi,,babybear,24,single,9,16384,63,364820883
griffin,,bls12_381,3,current,20,2048,63,288519240
griffin,,bls12_381,3,original,14,2048,63,201207352
griffin,,bls12_381,4,current,20,2048,63,290033550
griffin,,bls12_381,4,original,11,4096,63,318589101
griffin,,bn254,3,current,20,2048,63,282719802
griffin,,bn254,3,original,14,4096,63,395823246
griffin,,bn254,4,current,20,2048,63,284604664
griffin,,bn254,4,original,11,4096,63,313517823
griffin,,goldilocks,8,single,8,131072,63,281952359
griffin,,goldilocks,12,single,8,131072,63,302220843
arion,,bls12_381,3,single,11,4096,63,341892506
arion,,bls12_381,4,single,10,4096,63,329659979
arion,,bn254,3,single,11,4096,63,332540460
arion,,bn254,4,single,10,4096,63,320192546
grendel,native,bls12_381,3,single,24,256,63,269455325
grendel,native,bn254,3,single,24,256,63,268169392
xhash,XHash8,goldilocks,12,single,6,32768,63,283728988
xhash,XHash12,goldilocks,12,single,6,32768,63,369980825
xhash,XHash16,mersenne31,24,single,6,32768,63,301906165
xhash,XHash24,mersenne31,24,single,6,32768,63,363430916
reinforced_concrete,,bls12_381,3,single,7,131072,63,241249849
reinforced_concrete,,bn254,3,single,7,131072,63,241517207
skyscraper,,bls12_381,4,single,18,262144,63,287488343
skyscraper,,bn254,4,single,18,262144,63,279498002
monolith,,goldilocks,8,single,6,1048576,63,265992935
monolith,,goldilocks,12,single,6,524288,63,203179567
monolith,,mersenne31,16,single,6,524288,63,214718751
monolith,,mersenne31,24,single,6,262144,63,216717394
polocolo,,bls12_381,3,single,6,1024,63,263998318
polocolo,,bls12_381,4,single,5,1024,63,291401746
polocolo,,bn254,3,single,6,1024,63,235146513
polocolo,,bn254,4,single,5,1024,63,262084301
tip4p,,goldilocks,12,single,5,262144,63,330950790
plain,sha256_compress,-,-,single,-,8388608,63,211371856
plain,keccak_f1600,-,-,single,-,524288,63,203104988
plain,blake2b_compress,-,-,single,-,2097152,63,239998620
plain,blake3_compress,-,-,single,-,4194304,63,270260680
gmimc,,bls12_381,3,single,228,16384,64,258890864
gmimc,,bls12_381,4,single,231,16384,64,264325308
gmimc,,bn254,3,single,228,16384,64,251377153
gmimc,,bn254,4,single,231,16384,64,254726591
gmimc,,goldilocks,8,single,68,524288,64,336637106
gmimc,,goldilocks,12,single,93,262144,64,235420004
gmimc,,mersenne31,16,single,158,262144,64,268586882
gmimc,,mersenne31,24,single,335,131072,64,313947065
gmimc,,koalabear,16,single,158,262144,64,305610688
gmimc,,koalabear,24,single,335,131072,64,332543246
gmimc,,babybear,16,single,158,131072,64,246336594
gmimc,,babybear,24,single,335,65536,64,259522835
gmimc2,alpha=8,bls12_381,3,single,63,32768,64,213092621
gmimc2,alpha=8,bls12_381,4,single,64,32768,64,217220524
gmimc2,alpha=8,bn254,3,single,63,32768,64,209515828
gmimc2,alpha=8,bn254,4,single,64,32768,64,212729352
gmimc2,alpha=4,goldilocks,8,single,88,262144,64,294510394
gmimc2,alpha=4,goldilocks,12,single,96,262144,64,361831556
gmimc2,alpha=2,mersenne31,16,single,176,65536,64,201881582
gmimc2,alpha=2,mersenne31,24,single,264,32768,64,223283074
gmimc2,alpha=2,koalabear,16,single,176,131072,64,290942728
gmimc2,alpha=2,koalabear,24,single,264,65536,64,235491358
gmimc2,alpha=2,babybear,16,single,176,131072,64,291081928
gmimc2,alpha=2,babybear,24,single,264,65536,64,234314879
poseidon,,bls12_381,3,single,8+56,16384,64,255502141
poseidon,,bls12_381,4,single,8+56,16384,64,376114687
poseidon,,bn254,3,single,8+56,16384,64,246277593
poseidon,,bn254,4,single,8+56,16384,64,367562165
poseidon,,goldilocks,8,single,8+22,131072,64,334222223
poseidon,,goldilocks,12,single,8+22,65536,64,319814700
poseidon,,mersenne31,16,single,8+14,65536,64,329970899
poseidon,,mersenne31,24,single,8+22,16384,64,224522971
poseidon,,koalabear,16,single,8+20,32768,64,253439927
poseidon,,koalabear,24,single,8+23,16384,64,300335510
poseidon,,babybear,16,single,8+13,65536,64,403361582
poseidon,,babybear,24,single,8+21,16384,64,287341729
poseidon2,,bls12_381,3,single,8+56,65536,64,316388337
poseidon2,,bls12_381,4,single,8+56,32768,64,284666570
poseidon2,,bn254,3,single,8+56,65536,64,309221374
poseidon2,,bn254,4,single,8+56,32768,64,274012260
poseidon2,,goldilocks,8,single,8+22,524288,64,391290155
poseidon2,,goldilocks,12,single,8+22,262144,64,268336174
poseidon2,,mersenne31,16,single,8+14,262144,64,253422504
poseidon2,,mersenne31,24,single,8+22,131072,64,209663253
poseidon2,,koalabear,16,single,8+20,262144,64,284666459
poseidon2,,koalabear,24,single,8+23,131072,64,207017229
poseidon2,,babybear,16,single,8+13,262144,64,305786697
poseidon2,,babybear,24,single,8+21,131072,64,248363040
neptune,,bls12_381,4,single,6+69,32768,64,325086371
neptune,,bn254,4,single,6+69,32768,64,313732715
neptune,,goldilocks,8,single,6+38,262144,64,316533498
neptune,,goldilocks,12,single,6+42,131072,64,303512046
psquarehash,,mersenne31,16,single,52,262144,64,243709404
psquarehash,,mersenne31,24,single,52,262144,64,354594041
psquarehash,,koalabear,16,single,52,262144,64,312326326
psquarehash,,koalabear,24,single,52,131072,64,231505850
psquarehash,,babybear,16,single,52,262144,64,311681922
psquarehash,,babybear,24,single,52,131072,64,232688780
rescue_prime,,bls12_381,3,current,16,1024,64,344485031
rescue_prime,,bls12_381,3,original,14,1024,64,301242304
rescue_prime,,bls12_381,4,current,13,1024,64,374711664
rescue_prime,,bls12_381,4,original,11,1024,64,316985503
rescue_prime,,bn254,3,current,16,1024,64,338018998
rescue_prime,,bn254,3,original,14,1024,64,295687494
rescue_prime,,bn254,4,current,13,1024,64,367468119
rescue_prime,,bn254,4,original,11,1024,64,310886265
rescue_prime,,goldilocks,8,single,8,16384,64,253208444
rescue_prime,,goldilocks,12,single,8,16384,64,393903588
rescue_prime,,mersenne31,16,single,8,16384,64,328231268
rescue_prime,,mersenne31,24,single,8,8192,64,265373076
rescue_prime,,koalabear,16,single,8,8192,64,235834948
rescue_prime,,koalabear,24,single,8,8192,64,380026697
rescue_prime,,babybear,16,single,8,8192,64,237713860
rescue_prime,,babybear,24,single,8,8192,64,383889615
anemoi,,bls12_381,4,current,20,1024,64,288111066
anemoi,,bls12_381,4,original,14,1024,64,202206318
anemoi,,bn254,4,current,20,1024,64,282768121
anemoi,,bn254,4,original,14,2048,64,395878368
anemoi,,goldilocks,8,single,11,32768,64,346978480
anemoi,,goldilocks,12,single,10,16384,64,238352042
anemoi,,mersenne31,16,single,10,32768,64,341839317
anemoi,,mersenne31,24,single,9,16384,64,239903472
anemoi,,koalabear,16,single,10,16384,64,260552458
anemoi,,koalabear,24,single,9,16384,64,363611622
anemoi,,babybear,16,single,9,16384,64,235683486
anemoi,,babybear,24,single,9,16384,64,364500973
griffin,,bls12_381,3,current,20,2048,64,287418422
griffin,,bls12_381,3,original,14,2048,64,201181633
griffin,,bls12_381,4,current,20,2048,64,289555686
griffin,,bls12_381,4,original,11,4096,64,318752564
griffin,,bn254,3,current,20,2048,64,282660030
griffin,,bn254,3,original,14,4096,64,395858371
griffin,,bn254,4,current,20,2048,64,284603040
griffin,,bn254,4,original,11,4096,64,313512523
griffin,,goldilocks,8,single,8,131072,64,281956254
griffin,,goldilocks,12,single,8,131072,64,301398085
arion,,bls12_381,3,single,11,4096,64,342445750
arion,,bls12_381,4,single,10,4096,64,331779558
arion,,bn254,3,single,11,4096,64,332602486
arion,,bn254,4,single,10,4096,64,320247979
grendel,native,bls12_381,3,single,24,256,64,268437813
grendel,native,bn254,3,single,24,256,64,267469714
xhash,XHash8,goldilocks,12,single,6,32768,64,283567505
xhash,XHash12,goldilocks,12,single,6,32768,64,370184584
xhash,XHash16,mersenne31,24,single,6,32768,64,301852364
xhash,XHash24,mersenne31,24,single,6,32768,64,365226609
reinforced_concrete,,bls12_381,3,single,7,131072,64,242065171
reinforced_concrete,,bn254,3,single,7,131072,64,241787112
skyscraper,,bls12_381,4,single,18,262144,64,287536401
skyscraper,,bn254,4,single,18,262144,64,279749882
monolith,,goldilocks,8,single,6,1048576,64,265673056
monolith,,goldilocks,12,single,6,524288,64,205975792
monolith,,mersenne31,16,single,6,524288,64,215103809
monolith,,mersenne31,24,single,6,262144,64,217024458
polocolo,,bls12_381,3,single,6,1024,64,264017082
polocolo,,bls12_381,4,single,5,1024,64,291243489
polocolo,,bn254,3,single,6,1024,64,235198960
polocolo,,bn254,4,single,5,1024,64,262121980
tip4p,,goldilocks,12,single,5,262144,64,332068287
plain,sha256_compress,-,-,single,-,8388608,64,211432669
plain,keccak_f1600,-,-,single,-,524288,64,203237094
plain,blake2b_compress,-,-,single,-,2097152,64,241643362
plain,blake3_compress,-,-,single,-,4194304,64,269764872
gmimc,,bls12_381,3,single,228,16384,65,259772651
gmimc,,bls12_381,4,single,231,16384,65,264727138
gmimc,,bn254,3,single,228,16384,65,251742024
gmimc,,bn254,4,single,231,16384,65,254782716
gmimc,,goldilocks,8,single,68,524288,65,337261722
gmimc,,goldilocks,12,single,93,262144,65,235251389
gmimc,,mersenne31,16,single,158,262144,65,266956685
gmimc,,mersenne31,24,single,335,131072,65,320635413
gmimc,,koalabear,16,single,158,262144,65,306193495
gmimc,,koalabear,24,single,335,131072,65,329862856
gmimc,,babybear,16,single,158,131072,65,246410351
gmimc,,babybear,24,single,335,65536,65,259529345
gmimc2,alpha=8,bls12_381,3,single,63,32768,65,212841621
gmimc2,alpha=8,bls12_381,4,single,64,32768,65,217332464
gmimc2,alpha=8,bn254,3,single,63,32768,65,210003327
gmimc2,alpha=8,bn254,4,single,64,32768,65,213505362
gmimc2,alpha=4,goldilocks,8,single,88,262144,65,294452085
gmimc2,alpha=4,goldilocks,12,single,96,262144,65,362354974
gmimc2,alpha=2,mersenne31,16,single,176,65536,65,201940931
gmimc2,alpha=2,mersenne31,24,single,264,32768,65,222974617
gmimc2,alpha=2,koalabear,16,single,176,131072,65,290947686
gmimc2,alpha=2,koalabear,24,single,264,65536,65,234105187
gmimc2,alpha=2,babybear,16,single,176,131072,65,291170893
gmimc2,alpha=2,babybear,24,single,264,65536,65,235049951
poseidon,,bls12_381,3,single,8+56,16384,65,255368541
poseidon,,bls12_381,4,single,8+56,16384,65,376462766
poseidon,,bn254,3,single,8+56,16384,65,245910416
poseidon,,bn254,4,single,8+56,16384,65,367631724
poseidon,,goldilocks,8,single,8+22,131072,65,334233373
poseidon,,goldilocks,12,single,8+22,65536,65,319828876
poseidon,,mersenne31,16,single,8+14,65536,65,322828341
poseidon,,mersenne31,24,single,8+22,16384,65,224632465
poseidon,,koalabear,16,single,8+20,32768,65,252766888
poseidon,,koalabear,24,single,8+23,16384,65,300278393
poseidon,,babybear,16,single,8+13,65536,65,402559523
poseidon,,babybear,24,single,8+21,16384,65,287413031
poseidon2,,bls12_381,3,single,8+56,65536,65,316562442
poseidon2,,bls12_381,4,single,8+56,32768,65,284513583
poseidon2,,bn254,3,single,8+56,65536,65,309743900
poseidon2,,bn254,4,single,8+56,32768,65,275019943
poseidon2,,goldilocks,8,single,8+22,524288,65,391594342
poseidon2,,goldilocks,12,single,8+22,262144,65,268331845
poseidon2,,mersenne31,16,single,8+14,262144,65,253732884
poseidon2,,mersenne31,24,single,8+22,131072,65,209523210
poseidon2,,koalabear,16,single,8+20,262144,65,284574637
poseidon2,,koalabear,24,single,8+23,131072,65,206816212
poseidon2,,babybear,16,single,8+13,262144,65,306692107
poseidon2,,babybear,24,single,8+21,131072,65,249617403
neptune,,bls12_381,4,single,6+69,32768,65,325686371
neptune,,bn254,4,single,6+69,32768,65,314303951
neptune,,goldilocks,8,single,6+38,262144,65,316313056
neptune,,goldilocks,12,single,6+42,131072,65,303927531
psquarehash,,mersenne31,16,single,52,262144,65,243880163
psquarehash,,mersenne31,24,single,52,262144,65,354452966
psquarehash,,koalabear,16,single,52,262144,65,311260154
psquarehash,,koalabear,24,single,52,131072,65,231359014
psquarehash,,babybear,16,single,52,262144,65,310075801
psquarehash,,babybear,24,single,52,131072,65,232770362
rescue_prime,,bls12_381,3,current,16,1024,65,344540223
rescue_prime,,bls12_381,3,original,14,1024,65,301352850
rescue_prime,,bls12_381,4,current,13,1024,65,374691115
rescue_prime,,bls12_381,4,original,11,1024,65,317019576
rescue_prime,,bn254,3,current,16,1024,65,338005552
rescue_prime,,bn254,3,original,14,1024,65,295724913
rescue_prime,,bn254,4,current,13,1024,65,367574527
rescue_prime,,bn254,4,original,11,1024,65,310936528
rescue_prime,,goldilocks,8,single,8,16384,65,252926236
rescue_prime,,goldilocks,12,single,8,16384,65,393754799
rescue_prime,,mersenne31,16,single,8,16384,65,329860100
rescue_prime,,mersenne31,24,single,8,8192,65,265463755
rescue_prime,,koalabear,16,single,8,8192,65,235561948
rescue_prime,,koalabear,24,single,8,8192,65,381212631
rescue_prime,,babybear,16,single,8,8192,65,237774353
rescue_prime,,babybear,24,single,8,8192,65,384435494
anemoi,,bls12_381,4,current,20,1024,65,288096939
anemoi,,bls12_381,4,original,14,1024,65,201762879
anemoi,,bn254,4,current,20,1024,65,282778340
anemoi,,bn254,4,original,14,2048,65,395873197
anemoi,,goldilocks,8,single,11,32768,65,348107749
anemoi,,goldilocks,12,single,10,16384,65,238302701
anemoi,,mersenne31,16,single,10,32768,65,342748725
anemoi,,mersenne31,24,single,9,16384,65,239675435
anemoi,,koalabear,16,single,10,16384,65,260567685
anemoi,,koalabear,24,single,9,16384,65,363873230
anemoi,,babybear,16,single,9,16384,65,235912163
anemoi,,babybear,24,single,9,16384,65,364479041
griffin,,bls12_381,3,current,20,2048,65,287422959
griffin,,bls12_381,3,original,14,2048,65,201240983
griffin,,bls12_381,4,current,20,2048,65,290064085
griffin,,bls12_381,4,original,11,4096,65,318630987
griffin,,bn254,3,current,20,2048,65,282704582
griffin,,bn254,3,original,14,4096,65,395796554
griffin,,bn254,4,current,20,2048,65,284604232
griffin,,bn254,4,original,11,4096,65,313559640
griffin,,goldilocks,8,single,8,131072,65,281978505
griffin,,goldilocks,12,single,8,131072,65,301217918
arion,,bls12_381,3,single,11,4096,65,345026011
arion,,bls12_381,4,single,10,4096,65,329610835
arion,,bn254,3,single,11,4096,65,332573180
arion,,bn254,4,single,10,4096,65,320214285
grendel,native,bls12_381,3,single,24,256,65,268823823
grendel,native,bn254,3,single,24,256,65,267429348
xhash,XHash8,goldilocks,12,single,6,32768,65,283795681
xhash,XHash12,goldilocks,12,single,6,32768,65,369958741
xhash,XHash16,mersenne31,24,single,6,32768,65,301694127
xhash,XHash24,mersenne31,24,single,6,32768,65,363103251
reinforced_concrete,,bls12_381,3,single,7,131072,65,242159827
reinforced_concrete,,bn254,3,single,7,131072,65,241392915
skyscraper,,bls12_381,4,single,18,262144,65,287670792
skyscraper,,bn254,4,single,18,262144,65,279226082
monolith,,goldilocks,8,single,6,1048576,65,265876837
monolith,,goldilocks,12,single,6,524288,65,204680060
monolith,,mersenne31,16,single,6,524288,65,214974717
monolith,,mersenne31,24,single,6,262144,65,216802082
polocolo,,bls12_381,3,single,6,1024,65,261784679
polocolo,,bls12_381,4,single,5,1024,65,291217971
polocolo,,bn254,3,single,6,1024,65,235200703
polocolo,,bn254,4,single,5,1024,65,262196729
tip4p,,goldilocks,12,single,5,262144,65,331887659
plain,sha256_compress,-,-,single,-,8388608,65,211365162
plain,keccak_f1600,-,-,single,-,524288,65,203293238
plain,blake2b_compress,-,-,single,-,2097152,65,239657871
plain,blake3_compress,-,-,single,-,4194304,65,268776705
gmimc,,bls12_381,3,single,228,16384,66,259079665
gmimc,,bls12_381,4,single,231,16384,66,265833605
gmimc,,bn254,3,single,228,16384,66,252651342
gmimc,,bn254,4,single,231,16384,66,256537113
gmimc,,goldilocks,8,single,68,524288,66,337070905
gmimc,,goldilocks,12,single,93,262144,66,236316357
gmimc,,mersenne31,16,single,158,262144,66,267222491
gmimc,,mersenne31,24,single,335,131072,66,320617388
gmimc,,koalabear,16,single,158,262144,66,305460405
gmimc,,koalabear,24,single,335,131072,66,334579629
gmimc,,babybear,16,single,158,131072,66,246397806
gmimc,,babybear,24,single,335,65536,66,259536959
gmimc2,alpha=8,bls12_381,3,single,63,32768,66,212922201
gmimc2,alpha=8,bls12_381,4,single,64,32768,66,217412232
gmimc2,alpha=8,bn254,3,single,63,32768,66,209990333
gmimc2,alpha=8,bn254,4,single,64,32768,66,213355351
gmimc2,alpha=4,goldilocks,8,single,88,262144,66,294142726
gmimc2,alpha=4,goldilocks,12,single,96,262144,66,364422054
gmimc2,alpha=2,mersenne31,16,single,176,65536,66,202054514
gmimc2,alpha=2,mersenne31,24,single,264,32768,66,223160033
gmimc2,alpha=2,koalabear,16,single,176,131072,66,291146026
gmimc2,alpha=2,koalabear,24,single,264,65536,66,233991603
gmimc2,alpha=2,babybear,16,single,176,131072,66,291153310
gmimc2,alpha=2,babybear,24,single,264,65536,66,234342168
poseidon,,bls12_381,3,single,8+56,16384,66,254934889
poseidon,,bls12_381,4,single,8+56,16384,66,376569585
poseidon,,bn254,3,single,8+56,16384,66,246600666
poseidon,,bn254,4,single,8+56,16384,66,368280314
poseidon,,goldilocks,8,single,8+22,131072,66,334136241
poseidon,,goldilocks,12,single,8+22,65536,66,319919073
poseidon,,mersenne31,16,single,8+14,65536,66,321128583
poseidon,,mersenne31,24,single,8+22,16384,66,226405147
poseidon,,koalabear,16,single,8+20,32768,66,250992472
poseidon,,koalabear,24,single,8+23,16384,66,299891339
poseidon,,babybear,16,single,8+13,65536,66,403184950
poseidon,,babybear,24,single,8+21,16384,66,287061914
poseidon2,,bls12_381,3,single,8+56,65536,66,316159558
poseidon2,,bls12_381,4,single,8+56,32768,66,284828360
poseidon2,,bn254,3,single,8+56,65536,66,309395779
poseidon2,,bn254,4,single,8+56,32768,66,274138855
poseidon2,,goldilocks,8,single,8+22,524288,66,391609429
poseidon2,,goldilocks,12,single,8+22,262144,66,268359125
poseidon2,,mersenne31,16,single,8+14,262144,66,253099620
poseidon2,,mersenne31,24,single,8+22,131072,66,209688609
poseidon2,,koalabear,16,single,8+20,262144,66,285486650
poseidon2,,koalabear,24,single,8+23,131072,66,207593935
poseidon2,,babybear,16,single,8+13,262144,66,306308911
poseidon2,,babybear,24,single,8+21,131072,66,248245580
neptune,,bls12_381,4,single,6+69,32768,66,326106685
neptune,,bn254,4,single,6+69,32768,66,314566331
neptune,,goldilocks,8,single,6+38,262144,66,316472593
neptune,,goldilocks,12,single,6+42,131072,66,304104170
psquarehash,,mersenne31,16,single,52,262144,66,243817685
psquarehash,,mersenne31,24,single,52,262144,66,354600812
psquarehash,,koalabear,16,single,52,262144,66,312019471
psquarehash,,koalabear,24,single,52,131072,66,231555200
psquarehash,,babybear,16,single,52,262144,66,311717847
psquarehash,,babybear,24,single,52,131072,66,232148198
rescue_prime,,bls12_381,3,current,16,1024,66,345790288
rescue_prime,,bls12_381,3,original,14,1024,66,303752763
rescue_prime,,bls12_381,4,current,13,1024,66,377735573
rescue_prime,,bls12_381,4,original,11,1024,66,319767590
rescue_prime,,bn254,3,current,16,1024,66,338102081
rescue_prime,,bn254,3,original,14,1024,66,295775026
rescue_prime,,bn254,4,current,13,1024,66,367587029
rescue_prime,,bn254,4,original,11,1024,66,310959962
rescue_prime,,goldilocks,8,single,8,16384,66,252809768
rescue_prime,,goldilocks,12,single,8,16384,66,394840466
rescue_prime,,mersenne31,16,single,8,16384,66,329684982
rescue_prime,,mersenne31,24,single,8,8192,66,266614595
rescue_prime,,koalabear,16,single,8,8192,66,236201673
rescue_prime,,koalabear,24,single,8,8192,66,380673353
rescue_prime,,babybear,16,single,8,8192,66,237376418
rescue_prime,,babybear,24,single,8,8192,66,383729694
anemoi,,bls12_381,4,current,20,1024,66,288158773
anemoi,,bls12_381,4,original,14,1024,66,201756126
anemoi,,bn254,4,current,20,1024,66,282811892
anemoi,,bn254,4,original,14,2048,66,395964086
anemoi,,goldilocks,8,single,11,32768,66,346815553
anemoi,,goldilocks,12,single,10,16384,66,238304773
anemoi,,mersenne31,16,single,10,32768,66,340030274
anemoi,,mersenne31,24,single,9,16384,66,239544840
anemoi,,koalabear,16,single,10,16384,66,259699743
anemoi,,koalabear,24,single,9,16384,66,363862769
anemoi,,babybear,16,single,9,16384,66,234617502
anemoi,,babybear,24,single,9,16384,66,364370438
griffin,,bls12_381,3,current,20,2048,66,288333149
griffin,,bls12_381,3,original,14,2048,66,201295344
griffin,,bls12_381,4,current,20,2048,66,291736739
griffin,,bls12_381,4,original,11,4096,66,318592374
griffin,,bn254,3,current,20,2048,66,282707116
griffin,,bn254,3,original,14,4096,66,395840475
griffin,,bn254,4,current,20,2048,66,284631662
griffin,,bn254,4,original,11,4096,66,313530274
griffin,,goldilocks,8,single,8,131072,66,281840757
griffin,,goldilocks,12,single,8,131072,66,301927593
arion,,bls12_381,3,single,11,4096,66,342995516
arion,,bls12_381,4,single,10,4096,66,329764560
arion,,bn254,3,single,11,4096,66,332747305
arion,,bn254,4,single,10,4096,66,320126130
grendel,native,bls12_381,3,single,24,256,66,269484958
grendel,native,bn254,3,single,24,256,66,266787227
xhash,XHash8,goldilocks,12,single,6,32768,66,283749013
xhash,XHash12,goldilocks,12,single,6,32768,66,370377142
xhash,XHash16,mersenne31,24,single,6,32768,66,301676473
xhash,XHash24,mersenne31,24,single,6,32768,66,362875744
reinforced_concrete,,bls12_381,3,single,7,131072,66,241390950
reinforced_concrete,,bn254,3,single,7,131072,66,241279632
skyscraper,,bls12_381,4,single,18,262144,66,287208999
skyscraper,,bn254,4,single,18,262144,66,279852461
monolith,,goldilocks,8,single,6,1048576,66,266301559
monolith,,goldilocks,12,single,6,524288,66,203458096
monolith,,mersenne31,16,single,6,524288,66,215623188
monolith,,mersenne31,24,single,6,262144,66,216719687
polocolo,,bls12_381,3,single,6,1024,66,261802292
polocolo,,bls12_381,4,single,5,1024,66,291231465
polocolo,,bn254,3,single,6,1024,66,235173652
polocolo,,bn254,4,single,5,1024,66,262133451
tip4p,,goldilocks,12,single,5,262144,66,331346146
plain,sha256_compress,-,-,single,-,8388608,66,211477842
plain,keccak_f1600,-,-,single,-,524288,66,203230441
plain,blake2b_compress,-,-,single,-,2097152,66,240270807
plain,blake3_compress,-,-,single,-,4194304,66,269723463
gmimc,,bls12_381,3,single,228,16384,67,259594126
gmimc,,bls12_381,4,single,231,16384,67,264581375
gmimc,,bn254,3,single,228,16384,67,251485363
gmimc,,bn254,4,single,231,16384,67,254929980
gmimc,,goldilocks,8,single,68,524288,67,337156113
gmimc,,goldilocks,12,single,93,262144,67,235647788
gmimc,,mersenne31,16,single,158,262144,67,267410331
gmimc,,mersenne31,24,single,335,131072,67,318062964
gmimc,,koalabear,16,single,158,262144,67,305801862
gmimc,,koalabear,24,single,335,131072,67,333993693
gmimc,,babybear,16,single,158,131072,67,246541885
gmimc,,babybear,24,single,335,65536,67,259602100
gmimc2,alpha=8,bls12_381,3,single,63,32768,67,213256366
gmimc2,alpha=8,bls12_381,4,single,64,32768,67,216986616
gmimc2,alpha=8,bn254,3,single,63,32768,67,209726710
gmimc2,alpha=8,bn254,4,single,64,32768,67,213027768
gmimc2,alpha=4,goldilocks,8,single,88,262144,67,294332840
gmimc2,alpha=4,goldilocks,12,single,96,262144,67,364048235
gmimc2,alpha=2,mersenne31,16,single,176,65536,67,204717950
gmimc2,alpha=2,mersenne31,24,single,264,32768,67,223082698
gmimc2,alpha=2,koalabear,16,single,176,131072,67,291233288
gmimc2,alpha=2,koalabear,24,single,264,65536,67,235002611
gmimc2,alpha=2,babybear,16,single,176,131072,67,291335710
gmimc2,alpha=2,babybear,24,single,264,65536,67,234647198
poseidon,,bls12_381,3,single,8+56,16384,67,255229910
poseidon,,bls12_381,4,single,8+56,16384,67,376265155
poseidon,,bn254,3,single,8+56,16384,67,246059504
poseidon,,bn254,4,single,8+56,16384,67,367706051
poseidon,,goldilocks,8,single,8+22,131072,67,334883085
poseidon,,goldilocks,12,single,8+22,65536,67,320592901
poseidon,,mersenne31,16,single,8+14,65536,67,320949028
poseidon,,mersenne31,24,single,8+22,16384,67,224761675
poseidon,,koalabear,16,single,8+20,32768,67,253921385
poseidon,,koalabear,24,single,8+23,16384,67,300060603
poseidon,,babybear,16,single,8+13,65536,67,401855184
poseidon,,babybear,24,single,8+21,16384,67,287540498
poseidon2,,bls12_381,3,single,8+56,65536,67,316372495
poseidon2,,bls12_381,4,single,8+56,32768,67,284535422
poseidon2,,bn254,3,single,8+56,65536,67,309829838
poseidon2,,bn254,4,single,8+56,32768,67,274648196
poseidon2,,goldilocks,8,single,8+22,524288,67,391594440
poseidon2,,goldilocks,12,single,8+22,262144,67,268705491
poseidon2,,mersenne31,16,single,8+14,262144,67,253596517
poseidon2,,mersenne31,24,single,8+22,131072,67,210504202
poseidon2,,koalabear,16,single,8+20,262144,67,287819299
poseidon2,,koalabear,24,single,8+23,131072,67,206774854
poseidon2,,babybear,16,single,8+13,262144,67,307038062
poseidon2,,babybear,24,single,8+21,131072,67,248427198
neptune,,bls12_381,4,single,6+69,32768,67,325662254
neptune,,bn254,4,single,6+69,32768,67,314133100
neptune,,goldilocks,8,single,6+38,262144,67,316512767
neptune,,goldilocks,12,single,6+42,131072,67,303419851
psquarehash,,mersenne31,16,single,52,262144,67,243433336
psquarehash,,mersenne31,24,single,52,262144,67,354306130
psquarehash,,koalabear,16,single,52,262144,67,312295366
psquarehash,,koalabear,24,single,52,131072,67,231708396
psquarehash,,babybear,16,single,52,262144,67,310036195
psquarehash,,babybear,24,single,52,131072,67,231095710
rescue_prime,,bls12_381,3,current,16,1024,67,344534180
rescue_prime,,bls12_381,3,original,14,1024,67,301331778
rescue_prime,,bls12_381,4,current,13,1024,67,374656648
rescue_prime,,bls12_381,4,original,11,1024,67,317034442
rescue_prime,,bn254,3,current,16,1024,67,338023764
rescue_prime,,bn254,3,original,14,1024,67,295716055
rescue_prime,,bn254,4,current,13,1024,67,367549617
rescue_prime,,bn254,4,original,11,1024,67,310955572
rescue_prime,,goldilocks,8,single,8,16384,67,253044265
rescue_prime,,goldilocks,12,single,8,16384,67,394175853
rescue_prime,,mersenne31,16,single,8,16384,67,329515745
rescue_prime,,mersenne31,24,single,8,8192,67,265429339
rescue_prime,,koalabear,16,single,8,8192,67,236915016
rescue_prime,,koalabear,24,single,8,8192,67,379930424
rescue_prime,,babybear,16,single,8,8192,67,238215806
rescue_prime,,babybear,24,single,8,8192,67,383092162
anemoi,,bls12_381,4,current,20,1024,67,289241686
anemoi,,bls12_381,4,original,14,1024,67,201760183
anemoi,,bn254,4,current,20,1024,67,282874428
anemoi,,bn254,4,original,14,2048,67,395936674
anemoi,,goldilocks,8,single,11,32768,67,346665803
anemoi,,goldilocks,12,single,10,16384,67,238192182
anemoi,,mersenne31,16,single,10,32768,67,340343158
anemoi,,mersenne31,24,single,9,16384,67,239800938
anemoi,,koalabear,16,single,10,16384,67,259861855
anemoi,,koalabear,24,single,9,16384,67,363327337
anemoi,,babybear,16,single,9,16384,67,234823397
anemoi,,babybear,24,single,9,16384,67,364472959
griffin,,bls12_381,3,current,20,2048,67,287464726
griffin,,bls12_381,3,original,14,2048,67,203109063
griffin,,bls12_381,4,current,20,2048,67,289636564
griffin,,bls12_381,4,original,11,4096,67,318650732
griffin,,bn254,3,current,20,2048,67,282719658
griffin,,bn254,3,original,14,4096,67,395899975
griffin,,bn254,4,current,20,2048,67,284631731
griffin,,bn254,4,original,11,4096,67,313521768
griffin,,goldilocks,8,single,8,131072,67,282199978
griffin,,goldilocks,12,single,8,131072,67,301216703
arion,,bls12_381,3,single,11,4096,67,342181262
arion,,bls12_381,4,single,10,4096,67,329727661
arion,,bn254,3,single,11,4096,67,332570453
arion,,bn254,4,single,10,4096,67,320277682
grendel,native,bls12_381,3,single,24,256,67,268906677
grendel,native,bn254,3,single,24,256,67,266644449
xhash,XHash8,goldilocks,12,single,6,32768,67,283789718
xhash,XHash12,goldilocks,12,single,6,32768,67,370129127
xhash,XHash16,mersenne31,24,single,6,32768,67,301742686
xhash,XHash24,mersenne31,24,single,6,32768,67,363509237
reinforced_concrete,,bls12_381,3,single,7,131072,67,241628753
reinforced_concrete,,bn254,3,single,7,131072,67,241118410
skyscraper,,bls12_381,4,single,18,262144,67,287621989
skyscraper,,bn254,4,single,18,262144,67,279330896
monolith,,goldilocks,8,single,6,1048576,67,265387030
monolith,,goldilocks,12,single,6,524288,67,203729953
monolith,,mersenne31,16,single,6,524288,67,215081255
monolith,,mersenne31,24,single,6,262144,67,217176550
polocolo,,bls12_381,3,single,6,1024,67,263972206
polocolo,,bls12_381,4,single,5,1024,67,291194065
polocolo,,bn254,3,single,6,1024,67,235170435
polocolo,,bn254,4,single,5,1024,67,262186028
tip4p,,goldilocks,12,single,5,262144,67,331688445
plain,sha256_compress,-,-,single,-,8388608,67,211373436
plain,keccak_f1600,-,-,single,-,524288,67,203218688
plain,blake2b_compress,-,-,single,-,2097152,67,239984390
plain,blake3_compress,-,-,single,-,4194304,67,269490037
gmimc,,bls12_381,3,single,228,16384,68,259417685
gmimc,,bls12_381,4,single,231,16384,68,264675530
gmimc,,bn254,3,single,228,16384,68,250972163
gmimc,,bn254,4,single,231,16384,68,254821246
gmimc,,goldilocks,8,single,68,524288,68,337442778
gmimc,,goldilocks,12,single,93,262144,68,235543572
gmimc,,mersenne31,16,single,158,262144,68,266650410
gmimc,,mersenne31,24,single,335,131072,68,314231995
gmimc,,koalabear,16,single,158,262144,68,305659065
gmimc,,koalabear,24,single,335,131072,68,335566742
gmimc,,babybear,16,single,158,131072,68,246417432
gmimc,,babybear,24,single,335,65536,68,259631274
gmimc2,alpha=8,bls12_381,3,single,63,32768,68,212918343
gmimc2,alpha=8,bls12_381,4,single,64,32768,68,217420116
gmimc2,alpha=8,bn254,3,single,63,32768,68,210012533
gmimc2,alpha=8,bn254,4,single,64,32768,68,213610527
gmimc2,alpha=4,goldilocks,8,single,88,262144,68,294444499
gmimc2,alpha=4,goldilocks,12,single,96,262144,68,362520059
gmimc2,alpha=2,mersenne31,16,single,176,65536,68,202041598
gmimc2,alpha=2,mersenne31,24,single,264,32768,68,222839953
gmimc2,alpha=2,koalabear,16,single,176,131072,68,291864017
gmimc2,alpha=2,koalabear,24,single,264,65536,68,234595010
gmimc2,alpha=2,babybear,16,single,176,131072,68,291204143
gmimc2,alpha=2,babybear,24,single,264,65536,68,240390990
poseidon,,bls12_381,3,single,8+56,16384,68,255401069
poseidon,,bls12_381,4,single,8+56,16384,68,375760470
poseidon,,bn254,3,single,8+56,16384,68,246062940
poseidon,,bn254,4,single,8+56,16384,68,367823249
poseidon,,goldilocks,8,single,8+22,131072,68,334725129
poseidon,,goldilocks,12,single,8+22,65536,68,319882323
poseidon,,mersenne31,16,single,8+14,65536,68,320343194
poseidon,,mersenne31,24,single,8+22,16384,68,225474356
poseidon,,koalabear,16,single,8+20,32768,68,253697115
poseidon,,koalabear,24,single,8+23,16384,68,300338271
poseidon,,babybear,16,single,8+13,65536,68,403753309
poseidon,,babybear,24,single,8+21,16384,68,287337026
poseidon2,,bls12_381,3,single,8+56,65536,68,316582156
poseidon2,,bls12_381,4,single,8+56,32768,68,284652019
poseidon2,,bn254,3,single,8+56,65536,68,309745511
poseidon2,,bn254,4,single,8+56,32768,68,274244831
poseidon2,,goldilocks,8,single,8+22,524288,68,391637339
poseidon2,,goldilocks,12,single,8+22,262144,68,268703928
poseidon2,,mersenne31,16,single,8+14,262144,68,253522821
poseidon2,,mersenne31,24,single,8+22,131072,68,209298430
poseidon2,,koalabear,16,single,8+20,262144,68,284247915
poseidon2,,koalabear,24,single,8+23,131072,68,206801798
poseidon2,,babybear,16,single,8+13,262144,68,306085462
poseidon2,,babybear,24,single,8+21,131072,68,248638393
neptune,,bls12_381,4,single,6+69,32768,68,325542965
neptune,,bn254,4,single,6+69,32768,68,314261122
neptune,,goldilocks,8,single,6+38,262144,68,316081894
neptune,,goldilocks,12,single,6+42,131072,68,303844895
psquarehash,,mersenne31,16,single,52,262144,68,244091827
psquarehash,,mersenne31,24,single,52,262144,68,354615126
psquarehash,,koalabear,16,single,52,262144,68,311320145
psquarehash,,koalabear,24,single,52,131072,68,231417310
psquarehash,,babybear,16,single,52,262144,68,311589318
psquarehash,,babybear,24,single,52,131072,68,231693797
rescue_prime,,bls12_381,3,current,16,1024,68,344514671
rescue_prime,,bls12_381,3,original,14,1024,68,301302134
rescue_prime,,bls12_381,4,current,13,1024,68,374700272
rescue_prime,,bls12_381,4,original,11,1024,68,317075671
rescue_prime,,bn254,3,current,16,1024,68,337995918
rescue_prime,,bn254,3,original,14,1024,68,295719400
rescue_prime,,bn254,4,current,13,1024,68,367551933
rescue_prime,,bn254,4,original,11,1024,68,310960172
rescue_prime,,goldilocks,8,single,8,16384,68,252992119
rescue_prime,,goldilocks,12,single,8,16384,68,393994189
rescue_prime,,mersenne31,16,single,8,16384,68,329230536
rescue_prime,,mersenne31,24,single,8,8192,68,265829461
rescue_prime,,koalabear,16,single,8,8192,68,236741320
rescue_prime,,koalabear,24,single,8,8192,68,380903875
rescue_prime,,babybear,16,single,8,8192,68,236958766
rescue_prime,,babybear,24,single,8,8192,68,383012066
anemoi,,bls12_381,4,current,20,1024,68,288061257
anemoi,,bls12_381,4,original,14,1024,68,201753223
anemoi,,bn254,4,current,20,1024,68,282754120
anemoi,,bn254,4,original,14,2048,68,395845158
anemoi,,goldilocks,8,single,11,32768,68,346571173
anemoi,,goldilocks,12,single,10,16384,68,238388608
anemoi,,mersenne31,16,single,10,32768,68,340352631
anemoi,,mersenne31,24,single,9,16384,68,239739172
anemoi,,koalabear,16,single,10,16384,68,259466419
anemoi,,koalabear,24,single,9,16384,68,363285499
anemoi,,babybear,16,single,9,16384,68,234591632
anemoi,,babybear,24,single,9,16384,68,364701565
griffin,,bls12_381,3,current,20,2048,68,287412626
griffin,,bls12_381,3,original,14,2048,68,201200641
griffin,,bls12_381,4,current,20,2048,68,289586038
griffin,,bls12_381,4,original,11,4096,68,318571998
griffin,,bn254,3,current,20,2048,68,282691002
griffin,,bn254,3,original,14,4096,68,395848053
griffin,,bn254,4,current,20,2048,68,284588287
griffin,,bn254,4,original,11,4096,68,313506961
griffin,,goldilocks,8,single,8,131072,68,283538445
griffin,,goldilocks,12,single,8,131072,68,301418310
arion,,bls12_381,3,single,11,4096,68,342072716
arion,,bls12_381,4,single,10,4096,68,330856896
arion,,bn254,3,single,11,4096,68,332714878
arion,,bn254,4,single,10,4096,68,320191323
grendel,native,bls12_381,3,single,24,256,68,268685688
grendel,native,bn254,3,single,24,256,68,266831483
xhash,XHash8,goldilocks,12,single,6,32768,68,283759970
xhash,XHash12,goldilocks,12,single,6,32768,68,370117447
xhash,XHash16,mersenne31,24,single,6,32768,68,301991792
xhash,XHash24,mersenne31,24,single,6,32768,68,363613593
reinforced_concrete,,bls12_381,3,single,7,131072,68,241362225
reinforced_concrete,,bn254,3,single,7,131072,68,241822656
skyscraper,,bls12_381,4,single,18,262144,68,287090123
skyscraper,,bn254,4,single,18,262144,68,279572033
monolith,,goldilocks,8,single,6,1048576,68,266020978
monolith,,goldilocks,12,single,6,524288,68,204200666
monolith,,mersenne31,16,single,6,524288,68,214912315
monolith,,mersenne31,24,single,6,262144,68,216916370
polocolo,,bls12_381,3,single,6,1024,68,261826419
polocolo,,bls12_381,4,single,5,1024,68,291230040
polocolo,,bn254,3,single,6,1024,68,235175944
polocolo,,bn254,4,single,5,1024,68,262115569
tip4p,,goldilocks,12,single,5,262144,68,331642313
plain,sha256_compress,-,-,single,-,8388608,68,211327465
plain,keccak_f1600,-,-,single,-,524288,68,203152227
plain,blake2b_compress,-,-,single,-,2097152,68,240225120
plain,blake3_compress,-,-,single,-,4194304,68,269487437
gmimc,,bls12_381,3,single,228,16384,69,259227853
gmimc,,bls12_381,4,single,231,16384,69,265434792
gmimc,,bn254,3,single,228,16384,69,251437764
gmimc,,bn254,4,single,231,16384,69,257542493
gmimc,,goldilocks,8,single,68,524288,69,336888808
gmimc,,goldilocks,12,single,93,262144,69,237884114
gmimc,,mersenne31,16,single,158,262144,69,267188360
gmimc,,mersenne31,24,single,335,131072,69,317257741
gmimc,,koalabear,16,single,158,262144,69,305520877
gmimc,,koalabear,24,single,335,131072,69,331893091
gmimc,,babybear,16,single,158,131072,69,246460262
gmimc,,babybear,24,single,335,65536,69,259513908
gmimc2,alpha=8,bls12_381,3,single,63,32768,69,212901226
gmimc2,alpha=8,bls12_381,4,single,64,32768,69,217465055
gmimc2,alpha=8,bn254,3,single,63,32768,69,209763112
gmimc2,alpha=8,bn254,4,single,64,32768,69,213405188
gmimc2,alpha=4,goldilocks,8,single,88,262144,69,294475946
gmimc2,alpha=4,goldilocks,12,single,96,262144,69,362161739
gmimc2,alpha=2,mersenne31,16,single,176,65536,69,204477153
gmimc2,alpha=2,mersenne31,24,single,264,32768,69,223841292
gmimc2,alpha=2,koalabear,16,single,176,131072,69,291036899
gmimc2,alpha=2,koalabear,24,single,264,65536,69,235406515
gmimc2,alpha=2,babybear,16,single,176,131072,69,291384058
gmimc2,alpha=2,babybear,24,single,264,65536,69,235432263
poseidon,,bls12_381,3,single,8+56,16384,69,255260779
poseidon,,bls12_381,4,single,8+56,16384,69,376247843
poseidon,,bn254,3,single,8+56,16384,69,245584235
poseidon,,bn254,4,single,8+56,16384,69,368199412
poseidon,,goldilocks,8,single,8+22,131072,69,335122998
poseidon,,goldilocks,12,single,8+22,65536,69,320343046
poseidon,,mersenne31,16,single,8+14,65536,69,319675259
poseidon,,mersenne31,24,single,8+22,16384,69,225464725
poseidon,,koalabear,16,single,8+20,32768,69,250291402
poseidon,,koalabear,24,single,8+23,16384,69,300069859
poseidon,,babybear,16,single,8+13,65536,69,402003817
poseidon,,babybear,24,single,8+21,16384,69,287436169
poseidon2,,bls12_381,3,single,8+56,65536,69,316459949
poseidon2,,bls12_381,4,single,8+56,32768,69,284678706
poseidon2,,bn254,3,single,8+56,65536,69,309552079
poseidon2,,bn254,4,single,8+56,32768,69,274171459
poseidon2,,goldilocks,8,single,8+22,524288,69,391800198
poseidon2,,goldilocks,12,single,8+22,262144,69,268407348
poseidon2,,mersenne31,16,single,8+14,262144,69,253463209
poseidon2,,mersenne31,24,single,8+22,131072,69,210177756
poseidon2,,koalabear,16,single,8+20,262144,69,288367729
poseidon2,,koalabear,24,single,8+23,131072,69,207838084
poseidon2,,babybear,16,single,8+13,262144,69,306219782
poseidon2,,babybear,24,single,8+21,131072,69,248349582
neptune,,bls12_381,4,single,6+69,32768,69,325853605
neptune,,bn254,4,single,6+69,32768,69,314930621
neptune,,goldilocks,8,single,6+38,262144,69,316585173
neptune,,goldilocks,12,single,6+42,131072,69,304732883
psquarehash,,mersenne31,16,single,52,262144,69,243858540
psquarehash,,mersenne31,24,single,52,262144,69,354646233
psquarehash,,koalabear,16,single,52,262144,69,310153554
psquarehash,,koalabear,24,single,52,131072,69,231177771
psquarehash,,babybear,16,single,52,262144,69,310737605
psquarehash,,babybear,24,single,52,131072,69,232566236
rescue_prime,,bls12_381,3,current,16,1024,69,344547620
rescue_prime,,bls12_381,3,original,14,1024,69,301299086
rescue_prime,,bls12_381,4,current,13,1024,69,374708226
rescue_prime,,bls12_381,4,original,11,1024,69,317041767
rescue_prime,,bn254,3,current,16,1024,69,338005064
rescue_prime,,bn254,3,original,14,1024,69,295706404
rescue_prime,,bn254,4,current,13,1024,69,367569854
rescue_prime,,bn254,4,original,11,1024,69,310931928
rescue_prime,,goldilocks,8,single,8,16384,69,252912029
rescue_prime,,goldilocks,12,single,8,16384,69,394680811
rescue_prime,,mersenne31,16,single,8,16384,69,329618349
rescue_prime,,mersenne31,24,single,8,8192,69,265003045
rescue_prime,,koalabear,16,single,8,8192,69,236524964
rescue_prime,,koalabear,24,single,8,8192,69,380394521
rescue_prime,,babybear,16,single,8,8192,69,236772527
rescue_prime,,babybear,24,single,8,8192,69,385645265
anemoi,,bls12_381,4,current,20,1024,69,288201910
anemoi,,bls12_381,4,original,14,1024,69,201771266
anemoi,,bn254,4,current,20,1024,69,282811866
anemoi,,bn254,4,original,14,2048,69,396169733
anemoi,,goldilocks,8,single,11,32768,69,346914894
anemoi,,goldilocks,12,single,10,16384,69,238371135
anemoi,,mersenne31,16,single,10,32768,69,340393347
anemoi,,mersenne31,24,single,9,16384,69,239358650
anemoi,,koalabear,16,single,10,16384,69,259560063
anemoi,,koalabear,24,single,9,16384,69,363546425
anemoi,,babybear,16,single,9,16384,69,234812464
anemoi,,babybear,24,single,9,16384,69,364518041
griffin,,bls12_381,3,current,20,2048,69,287508865
griffin,,bls12_381,3,original,14,2048,69,202472537
griffin,,bls12_381,4,current,20,2048,69,289647531
griffin,,bls12_381,4,original,11,4096,69,319231779
griffin,,bn254,3,current,20,2048,69,282703794
griffin,,bn254,3,original,14,4096,69,395875914
griffin,,bn254,4,current,20,2048,69,284633160
griffin,,bn254,4,original,11,4096,69,313630030
griffin,,goldilocks,8,single,8,131072,69,284460698
griffin,,goldilocks,12,single,8,131072,69,303791704
arion,,bls12_381,3,single,11,4096,69,348136567
arion,,bls12_381,4,single,10,4096,69,334166539
arion,,bn254,3,single,11,4096,69,335290339
arion,,bn254,4,single,10,4096,69,324078336
grendel,native,bls12_381,3,single,24,256,69,269417034
grendel,native,bn254,3,single,24,256,69,267659630
xhash,XHash8,goldilocks,12,single,6,32768,69,284995577
xhash,XHash12,goldilocks,12,single,6,32768,69,371226698
xhash,XHash16,mersenne31,24,single,6,32768,69,302104941
xhash,XHash24,mersenne31,24,single,6,32768,69,365025670
reinforced_concrete,,bls12_381,3,single,7,131072,69,243191443
reinforced_concrete,,bn254,3,single,7,131072,69,242864271
skyscraper,,bls12_381,4,single,18,262144,69,287873816
skyscraper,,bn254,4,single,18,262144,69,279718805
monolith,,goldilocks,8,single,6,1048576,69,265246449
monolith,,goldilocks,12,single,6,524288,69,204036238
monolith,,mersenne31,16,single,6,524288,69,214926801
monolith,,mersenne31,24,single,6,262144,69,216588687
polocolo,,bls12_381,3,single,6,1024,69,261866603
polocolo,,bls12_381,4,single,5,1024,69,291283438
polocolo,,bn254,3,single,6,1024,69,235235213
polocolo,,bn254,4,single,5,1024,69,265051205
tip4p,,goldilocks,12,single,5,262144,69,331916775
plain,sha256_compress,-,-,single,-,8388608,69,211451065
plain,keccak_f1600,-,-,single,-,524288,69,203228549
plain,blake2b_compress,-,-,single,-,2097152,69,239219580
plain,blake3_compress,-,-,single,-,4194304,69,269002348
gmimc,,bls12_381,3,single,228,16384,70,259954660
gmimc,,bls12_381,4,single,231,16384,70,264332812
gmimc,,bn254,3,single,228,16384,70,251270792
gmimc,,bn254,4,single,231,16384,70,254172915
gmimc,,goldilocks,8,single,68,524288,70,337142912
gmimc,,goldilocks,12,single,93,262144,70,234722496
gmimc,,mersenne31,16,single,158,262144,70,270231406
gmimc,,mersenne31,24,single,335,131072,70,323108854
gmimc,,koalabear,16,single,158,262144,70,305657541
gmimc,,koalabear,24,single,335,131072,70,337836327
gmimc,,babybear,16,single,158,131072,70,246623997
gmimc,,babybear,24,single,335,65536,70,259569881
gmimc2,alpha=8,bls12_381,3,single,63,32768,70,212729324
gmimc2,alpha=8,bls12_381,4,single,64,32768,70,216548090
gmimc2,alpha=8,bn254,3,single,63,32768,70,209950321
gmimc2,alpha=8,bn254,4,single,64,32768,70,212731969
gmimc2,alpha=4,goldilocks,8,single,88,262144,70,294338047
gmimc2,alpha=4,goldilocks,12,single,96,262144,70,362029230
gmimc2,alpha=2,mersenne31,16,single,176,65536,70,204128981
gmimc2,alpha=2,mersenne31,24,single,264,32768,70,223148025
gmimc2,alpha=2,koalabear,16,single,176,131072,70,291157161
gmimc2,alpha=2,koalabear,24,single,264,65536,70,235241165
gmimc2,alpha=2,babybear,16,single,176,131072,70,291386641
gmimc2,alpha=2,babybear,24,single,264,65536,70,234865282
poseidon,,bls12_381,3,single,8+56,16384,70,255218980
poseidon,,bls12_381,4,single,8+56,16384,70,376060050
poseidon,,bn254,3,single,8+56,16384,70,245828731
poseidon,,bn254,4,single,8+56,16384,70,367546691
poseidon,,goldilocks,8,single,8+22,131072,70,334560054
poseidon,,goldilocks,12,single,8+22,65536,70,320064594
poseidon,,mersenne31,16,single,8+14,65536,70,321014450
poseidon,,mersenne31,24,single,8+22,16384,70,225113087
poseidon,,koalabear,16,single,8+20,32768,70,252510678
poseidon,,koalabear,24,single,8+23,16384,70,299999346
poseidon,,babybear,16,single,8+13,65536,70,403140028
poseidon,,babybear,24,single,8+21,16384,70,287247765
poseidon2,,bls12_381,3,single,8+56,65536,70,316263882
poseidon2,,bls12_381,4,single,8+56,32768,70,284569600
poseidon2,,bn254,3,single,8+56,65536,70,309827223
poseidon2,,bn254,4,single,8+56,32768,70,274873381
poseidon2,,goldilocks,8,single,8+22,524288,70,391912947
poseidon2,,goldilocks,12,single,8+22,262144,70,268725511
poseidon2,,mersenne31,16,single,8+14,262144,70,253226956
poseidon2,,mersenne31,24,single,8+22,131072,70,209948437
poseidon2,,koalabear,16,single,8+20,262144,70,286169941
poseidon2,,koalabear,24,single,8+23,131072,70,207130460
poseidon2,,babybear,16,single,8+13,262144,70,306360524
poseidon2,,babybear,24,single,8+21,131072,70,248464457
neptune,,bls12_381,4,single,6+69,32768,70,325356976
neptune,,bn254,4,single,6+69,32768,70,314048491
neptune,,goldilocks,8,single,6+38,262144,70,316298656
neptune,,goldilocks,12,single,6+42,131072,70,304395712
psquarehash,,mersenne31,16,single,52,262144,70,243863978
psquarehash,,mersenne31,24,single,52,262144,70,354440868
psquarehash,,koalabear,16,single,52,262144,70,312541856
psquarehash,,koalabear,24,single,52,131072,70,231453616
psquarehash,,babybear,16,single,52,262144,70,311675457
psquarehash,,babybear,24,single,52,131072,70,232779203
rescue_prime,,bls12_381,3,current,16,1024,70,344525107
rescue_prime,,bls12_381,3,original,14,1024,70,301287403
rescue_prime,,bls12_381,4,current,13,1024,70,374708714
rescue_prime,,bls12_381,4,original,11,1024,70,317112838
rescue_prime,,bn254,3,current,16,1024,70,338034036
rescue_prime,,bn254,3,original,14,1024,70,295721441
rescue_prime,,bn254,4,current,13,1024,70,367548353
rescue_prime,,bn254,4,original,11,1024,70,310960069
rescue_prime,,goldilocks,8,single,8,16384,70,252975477
rescue_prime,,goldilocks,12,single,8,16384,70,394127975
rescue_prime,,mersenne31,16,single,8,16384,70,329761777
rescue_prime,,mersenne31,24,single,8,8192,70,265519469
rescue_prime,,koalabear,16,single,8,8192,70,236369693
rescue_prime,,koalabear,24,single,8,8192,70,381294633
rescue_prime,,babybear,16,single,8,8192,70,237994850
rescue_prime,,babybear,24,single,8,8192,70,382446865
anemoi,,bls12_381,4,current,20,1024,70,288120076
anemoi,,bls12_381,4,original,14,1024,70,201712314
anemoi,,bn254,4,current,20,1024,70,282785737
anemoi,,bn254,4,original,14,2048,70,395872937
anemoi,,goldilocks,8,single,11,32768,70,346844300
anemoi,,goldilocks,12,single,10,16384,70,238305861
anemoi,,mersenne31,16,single,10,32768,70,342319234
anemoi,,mersenne31,24,single,9,16384,70,239709334
anemoi,,koalabear,16,single,10,16384,70,260683041
anemoi,,koalabear,24,single,9,16384,70,363792574
anemoi,,babybear,16,single,9,16384,70,235469251
anemoi,,babybear,24,single,9,16384,70,364396593
griffin,,bls12_381,3,current,20,2048,70,287462606
griffin,,bls12_381,3,original,14,2048,70,201231186
griffin,,bls12_381,4,current,20,2048,70,289678357
griffin,,bls12_381,4,original,11,4096,70,320064964
griffin,,bn254,3,current,20,2048,70,282733719
griffin,,bn254,3,original,14,4096,70,395834955
griffin,,bn254,4,current,20,2048,70,284585089
griffin,,bn254,4,original,11,4096,70,313539720
griffin,,goldilocks,8,single,8,131072,70,282477380
griffin,,goldilocks,12,single,8,131072,70,301538061
arion,,bls12_381,3,single,11,4096,70,341988876
arion,,bls12_381,4,single,10,4096,70,330777535
arion,,bn254,3,single,11,4096,70,332523768
arion,,bn254,4,single,10,4096,70,320255571
grendel,native,bls12_381,3,single,24,256,70,268602540
grendel,native,bn254,3,single,24,256,70,266692340
xhash,XHash8,goldilocks,12,single,6,32768,70,283580521
xhash,XHash12,goldilocks,12,single,6,32768,70,370301899
xhash,XHash16,mersenne31,24,single,6,32768,70,302039327
xhash,XHash24,mersenne31,24,single,6,32768,70,363505517
reinforced_concrete,,bls12_381,3,single,7,131072,70,241927309
reinforced_concrete,,bn254,3,single,7,131072,70,241663536
skyscraper,,bls12_381,4,single,18,262144,70,287039235
skyscraper,,bn254,4,single,18,262144,70,279654484
monolith,,goldilocks,8,single,6,1048576,70,264851801
monolith,,goldilocks,12,single,6,524288,70,204054772
monolith,,mersenne31,16,single,6,524288,70,214944513
monolith,,mersenne31,24,single,6,262144,70,216846718
polocolo,,bls12_381,3,single,6,1024,70,261775522
polocolo,,bls12_381,4,single,5,1024,70,291249213
polocolo,,bn254,3,single,6,1024,70,235137490
polocolo,,bn254,4,single,5,1024,70,262162134
tip4p,,goldilocks,12,single,5,262144,70,331488783
plain,sha256_compress,-,-,single,-,8388608,70,211401452
plain,keccak_f1600,-,-,single,-,524288,70,203159299
plain,blake2b_compress,-,-,single,-,2097152,70,240558521
plain,blake3_compress,-,-,single,-,4194304,70,270242615
gmimc,,bls12_381,3,single,228,16384,71,259152470
gmimc,,bls12_381,4,single,231,16384,71,264648150
gmimc,,bn254,3,single,228,16384,71,251494558
gmimc,,bn254,4,single,231,16384,71,254420206
gmimc,,goldilocks,8,single,68,524288,71,336967742
gmimc,,goldilocks,12,single,93,262144,71,235546935
gmimc,,mersenne31,16,single,158,262144,71,267714951
gmimc,,mersenne31,24,single,335,131072,71,327444555
gmimc,,koalabear,16,single,158,262144,71,305509823
gmimc,,koalabear,24,single,335,131072,71,330441536
gmimc,,babybear,16,single,158,131072,71,246553474
gmimc,,babybear,24,single,335,65536,71,259834845
gmimc2,alpha=8,bls12_381,3,single,63,32768,71,212647199
gmimc2,alpha=8,bls12_381,4,single,64,32768,71,217372631
gmimc2,alpha=8,bn254,3,single,63,32768,71,209793447
gmimc2,alpha=8,bn254,4,single,64,32768,71,213977937
gmimc2,alpha=4,goldilocks,8,single,88,262144,71,294511419
gmimc2,alpha=4,goldilocks,12,single,96,262144,71,362969515
gmimc2,alpha=2,mersenne31,16,single,176,65536,71,204432889
gmimc2,alpha=2,mersenne31,24,single,264,32768,71,223240797
gmimc2,alpha=2,koalabear,16,single,176,131072,71,291096347
gmimc2,alpha=2,koalabear,24,single,264,65536,71,234835696
gmimc2,alpha=2,babybear,16,single,176,131072,71,291191555
gmimc2,alpha=2,babybear,24,single,264,65536,71,234172326
poseidon,,bls12_381,3,single,8+56,16384,71,255104835
poseidon,,bls12_381,4,single,8+56,16384,71,376185854
poseidon,,bn254,3,single,8+56,16384,71,245762716
poseidon,,bn254,4,single,8+56,16384,71,368128727
poseidon,,goldilocks,8,single,8+22,131072,71,335060268
poseidon,,goldilocks,12,single,8+22,65536,71,320158799
poseidon,,mersenne31,16,single,8+14,65536,71,319460544
poseidon,,mersenne31,24,single,8+22,16384,71,225684494
poseidon,,koalabear,16,single,8+20,32768,71,253628907
poseidon,,koalabear,24,single,8+23,16384,71,299881634
poseidon,,babybear,16,single,8+13,65536,71,402255203
poseidon,,babybear,24,single,8+21,16384,71,286809876
poseidon2,,bls12_381,3,single,8+56,65536,71,316383033
poseidon2,,bls12_381,4,single,8+56,32768,71,284702888
poseidon2,,bn254,3,single,8+56,65536,71,309784381
poseidon2,,bn254,4,single,8+56,32768,71,274332999
poseidon2,,goldilocks,8,single,8+22,524288,71,391816184
poseidon2,,goldilocks,12,single,8+22,262144,71,268451397
poseidon2,,mersenne31,16,single,8+14,262144,71,252882161
poseidon2,,mersenne31,24,single,8+22,131072,71,209491662
poseidon2,,koalabear,16,single,8+20,262144,71,285034699
poseidon2,,koalabear,24,single,8+23,131072,71,207012449
poseidon2,,babybear,16,single,8+13,262144,71,306523027
poseidon2,,babybear,24,single,8+21,131072,71,248496245
neptune,,bls12_381,4,single,6+69,32768,71,325771318
neptune,,bn254,4,single,6+69,32768,71,314254264
neptune,,goldilocks,8,single,6+38,262144,71,316592394
neptune,,goldilocks,12,single,6+42,131072,71,304167534
psquarehash,,mersenne31,16,single,52,262144,71,243769321
psquarehash,,mersenne31,24,single,52,262144,71,354683740
psquarehash,,koalabear,16,single,52,262144,71,312225092
psquarehash,,koalabear,24,single,52,131072,71,231558291
psquarehash,,babybear,16,single,52,262144,71,311688600
psquarehash,,babybear,24,single,52,131072,71,232641515
rescue_prime,,bls12_381,3,current,16,1024,71,344579007
rescue_prime,,bls12_381,3,original,14,1024,71,301358294
rescue_prime,,bls12_381,4,current,13,1024,71,374682605
rescue_prime,,bls12_381,4,original,11,1024,71,317123788
rescue_prime,,bn254,3,current,16,1024,71,338012024
rescue_prime,,bn254,3,original,14,1024,71,295709077
rescue_prime,,bn254,4,current,13,1024,71,367581844
rescue_prime,,bn254,4,original,11,1024,71,310934300
rescue_prime,,goldilocks,8,single,8,16384,71,252921575
rescue_prime,,goldilocks,12,single,8,16384,71,394521609
rescue_prime,,mersenne31,16,single,8,16384,71,328926484
rescue_prime,,mersenne31,24,single,8,8192,71,265234555
rescue_prime,,koalabear,16,single,8,8192,71,236670615
rescue_prime,,koalabear,24,single,8,8192,71,381280785
rescue_prime,,babybear,16,single,8,8192,71,237732559
rescue_prime,,babybear,24,single,8,8192,71,383391178
anemoi,,bls12_381,4,current,20,1024,71,288214631
anemoi,,bls12_381,4,original,14,1024,71,201836947
anemoi,,bn254,4,current,20,1024,71,282788079
anemoi,,bn254,4,original,14,2048,71,395884396
anemoi,,goldilocks,8,single,11,32768,71,348562400
anemoi,,goldilocks,12,single,10,16384,71,238380961
anemoi,,mersenne31,16,single,10,32768,71,344031192
anemoi,,mersenne31,24,single,9,16384,71,239753195
anemoi,,koalabear,16,single,10,16384,71,260417373
anemoi,,koalabear,24,single,9,16384,71,363957982
anemoi,,babybear,16,single,9,16384,71,235755314
anemoi,,babybear,24,single,9,16384,71,364659152
griffin,,bls12_381,3,current,20,2048,71,287428602
griffin,,bls12_381,3,original,14,2048,71,201209083
griffin,,bls12_381,4,current,20,2048,71,289726326
griffin,,bls12_381,4,original,11,4096,71,319668703
griffin,,bn254,3,current,20,2048,71,282712719
griffin,,bn254,3,original,14,4096,71,395875620
griffin,,bn254,4,current,20,2048,71,284579697
griffin,,bn254,4,original,11,4096,71,313587348
griffin,,goldilocks,8,single,8,131072,71,281636087
griffin,,goldilocks,12,single,8,131072,71,301659106
arion,,bls12_381,3,single,11,4096,71,341966814
arion,,bls12_381,4,single,10,4096,71,329660326
arion,,bn254,3,single,11,4096,71,332595611
arion,,bn254,4,single,10,4096,71,320239920
grendel,native,bls12_381,3,single,24,256,71,269453960
grendel,native,bn254,3,single,24,256,71,267958485
xhash,XHash8,goldilocks,12,single,6,32768,71,284018900
xhash,XHash12,goldilocks,12,single,6,32768,71,370436739
xhash,XHash16,mersenne31,24,single,6,32768,71,301707006
xhash,XHash24,mersenne31,24,single,6,32768,71,362791742
reinforced_concrete,,bls12_381,3,single,7,131072,71,241748424
reinforced_concrete,,bn254,3,single,7,131072,71,241067031
skyscraper,,bls12_381,4,single,18,262144,71,287739092
skyscraper,,bn254,4,single,18,262144,71,278601275
monolith,,goldilocks,8,single,6,1048576,71,265796015
monolith,,goldilocks,12,single,6,524288,71,204054631
monolith,,mersenne31,16,single,6,524288,71,214873479
monolith,,mersenne31,24,single,6,262144,71,216800120
polocolo,,bls12_381,3,single,6,1024,71,261855610
polocolo,,bls12_381,4,single,5,1024,71,291699744
polocolo,,bn254,3,single,6,1024,71,235238137
polocolo,,bn254,4,single,5,1024,71,262174847
tip4p,,goldilocks,12,single,5,262144,71,331675311
plain,sha256_compress,-,-,single,-,8388608,71,211408524
plain,keccak_f1600,-,-,single,-,524288,71,203587598
plain,blake2b_compress,-,-,single,-,2097152,71,241216319
plain,blake3_compress,-,-,single,-,4194304,71,269754451
gmimc,,bls12_381,3,single,228,16384,72,259085234
gmimc,,bls12_381,4,single,231,16384,72,265501514
gmimc,,bn254,3,single,228,16384,72,251219082
gmimc,,bn254,4,single,231,16384,72,255147915
gmimc,,goldilocks,8,single,68,524288,72,337058641
gmimc,,goldilocks,12,single,93,262144,72,235228850
gmimc,,mersenne31,16,single,158,262144,72,267025382
gmimc,,mersenne31,24,single,335,131072,72,318268135
gmimc,,koalabear,16,single,158,262144,72,305615590
gmimc,,koalabear,24,single,335,131072,72,330637361
gmimc,,babybear,16,single,158,131072,72,246521463
gmimc,,babybear,24,single,335,65536,72,259569939
gmimc2,alpha=8,bls12_381,3,single,63,32768,72,213347488
gmimc2,alpha=8,bls12_381,4,single,64,32768,72,217632164
gmimc2,alpha=8,bn254,3,single,63,32768,72,210032061
gmimc2,alpha=8,bn254,4,single,64,32768,72,213490795
gmimc2,alpha=4,goldilocks,8,single,88,262144,72,294621073
gmimc2,alpha=4,goldilocks,12,single,96,262144,72,362449662
gmimc2,alpha=2,mersenne31,16,single,176,65536,72,204558162
gmimc2,alpha=2,mersenne31,24,single,264,32768,72,223695897
gmimc2,alpha=2,koalabear,16,single,176,131072,72,291125099
gmimc2,alpha=2,koalabear,24,single,264,65536,72,234902780
gmimc2,alpha=2,babybear,16,single,176,131072,72,290981100
gmimc2,alpha=2,babybear,24,single,264,65536,72,235299242
poseidon,,bls12_381,3,single,8+56,16384,72,255387072
poseidon,,bls12_381,4,single,8+56,16384,72,376533712
poseidon,,bn254,3,single,8+56,16384,72,245755712
poseidon,,bn254,4,single,8+56,16384,72,368025061
poseidon,,goldilocks,8,single,8+22,131072,72,334722315
poseidon,,goldilocks,12,single,8+22,65536,72,320002727
poseidon,,mersenne31,16,single,8+14,65536,72,319322264
poseidon,,mersenne31,24,single,8+22,16384,72,225769412
poseidon,,koalabear,16,single,8+20,32768,72,253343773
poseidon,,koalabear,24,single,8+23,16384,72,299094814
poseidon,,babybear,16,single,8+13,65536,72,403093358
poseidon,,babybear,24,single,8+21,16384,72,287429012
poseidon2,,bls12_381,3,single,8+56,65536,72,316460937
poseidon2,,bls12_381,4,single,8+56,32768,72,284670347
poseidon2,,bn254,3,single,8+56,65536,72,309516800
poseidon2,,bn254,4,single,8+56,32768,72,274119900
poseidon2,,goldilocks,8,single,8+22,524288,72,391724431
poseidon2,,goldilocks,12,single,8+22,262144,72,268454823
poseidon2,,mersenne31,16,single,8+14,262144,72,253636239
poseidon2,,mersenne31,24,single,8+22,131072,72,209803744
poseidon2,,koalabear,16,single,8+20,262144,72,285280817
poseidon2,,koalabear,24,single,8+23,131072,72,206425882
poseidon2,,babybear,16,single,8+13,262144,72,305325447
poseidon2,,babybear,24,single,8+21,131072,72,248324693
neptune,,bls12_381,4,single,6+69,32768,72,325182085
neptune,,bn254,4,single,6+69,32768,72,314737417
neptune,,goldilocks,8,single,6+38,262144,72,316495221
neptune,,goldilocks,12,single,6+42,131072,72,304369470
psquarehash,,mersenne31,16,single,52,262144,72,243884966
psquarehash,,mersenne31,24,single,52,262144,72,354503292
psquarehash,,koalabear,16,single,52,262144,72,313330858
psquarehash,,koalabear,24,single,52,131072,72,231551346
psquarehash,,babybear,16,single,52,262144,72,311709277
psquarehash,,babybear,24,single,52,131072,72,232536237
rescue_prime,,bls12_381,3,current,16,1024,72,344619059
rescue_prime,,bls12_381,3,original,14,1024,72,301368392
rescue_prime,,bls12_381,4,current,13,1024,72,374677022
rescue_prime,,bls12_381,4,original,11,1024,72,317066289
rescue_prime,,bn254,3,current,16,1024,72,338099786
rescue_prime,,bn254,3,original,14,1024,72,295736707
rescue_prime,,bn254,4,current,13,1024,72,367648557
rescue_prime,,bn254,4,original,11,1024,72,311029336
rescue_prime,,goldilocks,8,single,8,16384,72,252994801
rescue_prime,,goldilocks,12,single,8,16384,72,394179388
rescue_prime,,mersenne31,16,single,8,16384,72,328478125
rescue_prime,,mersenne31,24,single,8,8192,72,265276622
rescue_prime,,koalabear,16,single,8,8192,72,235846584
rescue_prime,,koalabear,24,single,8,8192,72,381327611
rescue_prime,,babybear,16,single,8,8192,72,238871256
rescue_prime,,babybear,24,single,8,8192,72,384253238
anemoi,,bls12_381,4,current,20,1024,72,288136535
anemoi,,bls12_381,4,original,14,1024,72,201740215
anemoi,,bn254,4,current,20,1024,72,282828895
anemoi,,bn254,4,original,14,2048,72,395963352
anemoi,,goldilocks,8,single,11,32768,72,347557529
anemoi,,goldilocks,12,single,10,16384,72,238371723
anemoi,,mersenne31,16,single,10,32768,72,342010003
anemoi,,mersenne31,24,single,9,16384,72,239671952
anemoi,,koalabear,16,single,10,16384,72,260975755
anemoi,,koalabear,24,single,9,16384,72,363581677
anemoi,,babybear,16,single,9,16384,72,235872813
anemoi,,babybear,24,single,9,16384,72,364559574
griffin,,bls12_381,3,current,20,2048,72,288186878
griffin,,bls12_381,3,original,14,2048,72,201224602
griffin,,bls12_381,4,current,20,2048,72,289635244
griffin,,bls12_381,4,original,11,4096,72,318647143
griffin,,bn254,3,current,20,2048,72,282694373
griffin,,bn254,3,original,14,4096,72,395877461
griffin,,bn254,4,current,20,2048,72,284608540
griffin,,bn254,4,original,11,4096,72,313554325
griffin,,goldilocks,8,single,8,131072,72,281959520
griffin,,goldilocks,12,single,8,131072,72,302769069
arion,,bls12_381,3,single,11,4096,72,342066869
arion,,bls12_381,4,single,10,4096,72,329691842
arion,,bn254,3,single,11,4096,72,332609105
arion,,bn254,4,single,10,4096,72,320112290
grendel,native,bls12_381,3,single,24,256,72,269337813
grendel,native,bn254,3,single,24,256,72,267545172
xhash,XHash8,goldilocks,12,single,6,32768,72,283972281
xhash,XHash12,goldilocks,12,single,6,32768,72,370149050
xhash,XHash16,mersenne31,24,single,6,32768,72,301924781
xhash,XHash24,mersenne31,24,single,6,32768,72,363937722
reinforced_concrete,,bls12_381,3,single,7,131072,72,240955771
reinforced_concrete,,bn254,3,single,7,131072,72,241621916
skyscraper,,bls12_381,4,single,18,262144,72,287546742
skyscraper,,bn254,4,single,18,262144,72,279580124
monolith,,goldilocks,8,single,6,1048576,72,265433515
monolith,,goldilocks,12,single,6,524288,72,204786037
monolith,,mersenne31,16,single,6,524288,72,214644451
monolith,,mersenne31,24,single,6,262144,72,217217379
polocolo,,bls12_381,3,single,6,1024,72,261823349
polocolo,,bls12_381,4,single,5,1024,72,291172236
polocolo,,bn254,3,single,6,1024,72,235199514
polocolo,,bn254,4,single,5,1024,72,262132517
tip4p,,goldilocks,12,single,5,262144,72,331574100
plain,sha256_compress,-,-,single,-,8388608,72,211347008
plain,keccak_f1600,-,-,single,-,524288,72,203150019
plain,blake2b_compress,-,-,single,-,2097152,72,240232540
plain,blake3_compress,-,-,single,-,4194304,72,269725056
gmimc,,bls12_381,3,single,228,16384,73,258992148
gmimc,,bls12_381,4,single,231,16384,73,264663778
gmimc,,bn254,3,single,228,16384,73,252607416
gmimc,,bn254,4,single,231,16384,73,256710284
gmimc,,goldilocks,8,single,68,524288,73,336989741
gmimc,,goldilocks,12,single,93,262144,73,235511898
gmimc,,mersenne31,16,single,158,262144,73,266671409
gmimc,,mersenne31,24,single,335,131072,73,315257448
gmimc,,koalabear,16,single,158,262144,73,305533555
gmimc,,koalabear,24,single,335,131072,73,330900521
gmimc,,babybear,16,single,158,131072,73,246367926
gmimc,,babybear,24,single,335,65536,73,259542135
gmimc2,alpha=8,bls12_381,3,single,63,32768,73,212785767
gmimc2,alpha=8,bls12_381,4,single,64,32768,73,217028055
gmimc2,alpha=8,bn254,3,single,63,32768,73,209966318
gmimc2,alpha=8,bn254,4,single,64,32768,73,212742406
gmimc2,alpha=4,goldilocks,8,single,88,262144,73,294270276
gmimc2,alpha=4,goldilocks,12,single,96,262144,73,366214185
gmimc2,alpha=2,mersenne31,16,single,176,65536,73,202021250
gmimc2,alpha=2,mersenne31,24,single,264,32768,73,222847711
gmimc2,alpha=2,koalabear,16,single,176,131072,73,291721953
gmimc2,alpha=2,koalabear,24,single,264,65536,73,234943305
gmimc2,alpha=2,babybear,16,single,176,131072,73,291889477
gmimc2,alpha=2,babybear,24,single,264,65536,73,234370495
poseidon,,bls12_381,3,single,8+56,16384,73,255796866
poseidon,,bls12_381,4,single,8+56,16384,73,376255160
poseidon,,bn254,3,single,8+56,16384,73,245732458
poseidon,,bn254,4,single,8+56,16384,73,368077568
poseidon,,goldilocks,8,single,8+22,131072,73,334177836
poseidon,,goldilocks,12,single,8+22,65536,73,319814714
poseidon,,mersenne31,16,single,8+14,65536,73,323388712
poseidon,,mersenne31,24,single,8+22,16384,73,225152188
poseidon,,koalabear,16,single,8+20,32768,73,252123953
poseidon,,koalabear,24,single,8+23,16384,73,300132021
poseidon,,babybear,16,single,8+13,65536,73,402458941
poseidon,,babybear,24,single,8+21,16384,73,287070140
poseidon2,,bls12_381,3,single,8+56,65536,73,316398960
poseidon2,,bls12_381,4,single,8+56,32768,73,284483597
poseidon2,,bn254,3,single,8+56,65536,73,309575047
poseidon2,,bn254,4,single,8+56,32768,73,274263267
poseidon2,,goldilocks,8,single,8+22,524288,73,391573587
poseidon2,,goldilocks,12,single,8+22,262144,73,268234851
poseidon2,,mersenne31,16,single,8+14,262144,73,253997204
poseidon2,,mersenne31,24,single,8+22,131072,73,209690743
poseidon2,,koalabear,16,single,8+20,262144,73,285464530
poseidon2,,koalabear,24,single,8+23,131072,73,207618530
poseidon2,,babybear,16,single,8+13,262144,73,305110003
poseidon2,,babybear,24,single,8+21,131072,73,249346421
neptune,,bls12_381,4,single,6+69,32768,73,325230435
neptune,,bn254,4,single,6+69,32768,73,313960723
neptune,,goldilocks,8,single,6+38,262144,73,315904476
neptune,,goldilocks,12,single,6+42,131072,73,304094435
psquarehash,,mersenne31,16,single,52,262144,73,243880566
psquarehash,,mersenne31,24,single,52,262144,73,354549286
psquarehash,,koalabear,16,single,52,262144,73,310073499
psquarehash,,koalabear,24,single,52,131072,73,231543882
psquarehash,,babybear,16,single,52,262144,73,311654614
psquarehash,,babybear,24,single,52,131072,73,232821991
rescue_prime,,bls12_381,3,current,16,1024,73,344556341
rescue_prime,,bls12_381,3,original,14,1024,73,301311936
rescue_prime,,bls12_381,4,current,13,1024,73,374710895
rescue_prime,,bls12_381,4,original,11,1024,73,317070796
rescue_prime,,bn254,3,current,16,1024,73,338073255
rescue_prime,,bn254,3,original,14,1024,73,295733049
rescue_prime,,bn254,4,current,13,1024,73,367519013
rescue_prime,,bn254,4,original,11,1024,73,310945679
rescue_prime,,goldilocks,8,single,8,16384,73,253007002
rescue_prime,,goldilocks,12,single,8,16384,73,393657081
rescue_prime,,mersenne31,16,single,8,16384,73,328263743
rescue_prime,,mersenne31,24,single,8,8192,73,265328800
rescue_prime,,koalabear,16,single,8,8192,73,237764127
rescue_prime,,koalabear,24,single,8,8192,73,380468924
rescue_prime,,babybear,16,single,8,8192,73,237654431
rescue_prime,,babybear,24,single,8,8192,73,386960035
anemoi,,bls12_381,4,current,20,1024,73,288087441
anemoi,,bls12_381,4,original,14,1024,73,201748360
anemoi,,bn254,4,current,20,1024,73,282790722
anemoi,,bn254,4,original,14,2048,73,395894743
anemoi,,goldilocks,8,single,11,32768,73,346466130
anemoi,,goldilocks,12,single,10,16384,73,238316599
anemoi,,mersenne31,16,single,10,32768,73,340820278
anemoi,,mersenne31,24,single,9,16384,73,239982692
anemoi,,koalabear,16,single,10,16384,73,259914581
anemoi,,koalabear,24,single,9,16384,73,363438447
anemoi,,babybear,16,single,9,16384,73,234583692
anemoi,,babybear,24,single,9,16384,73,364490373
griffin,,bls12_381,3,current,20,2048,73,287401309
griffin,,bls12_381,3,original,14,2048,73,201205214
griffin,,bls12_381,4,current,20,2048,73,289683694
griffin,,bls12_381,4,original,11,4096,73,320279883
griffin,,bn254,3,current,20,2048,73,282690876
griffin,,bn254,3,original,14,4096,73,395840280
griffin,,bn254,4,current,20,2048,73,284591778
griffin,,bn254,4,original,11,4096,73,313554634
griffin,,goldilocks,8,single,8,131072,73,281819216
griffin,,goldilocks,12,single,8,131072,73,301399038
arion,,bls12_381,3,single,11,4096,73,342032764
arion,,bls12_381,4,single,10,4096,73,329981563
arion,,bn254,3,single,11,4096,73,332519977
arion,,bn254,4,single,10,4096,73,320255317
grendel,native,bls12_381,3,single,24,256,73,268698336
grendel,native,bn254,3,single,24,256,73,267631091
xhash,XHash8,goldilocks,12,single,6,32768,73,283525315
xhash,XHash12,goldilocks,12,single,6,32768,73,370084317
xhash,XHash16,mersenne31,24,single,6,32768,73,301901617
xhash,XHash24,mersenne31,24,single,6,32768,73,363449648
reinforced_concrete,,bls12_381,3,single,7,131072,73,241336772
reinforced_concrete,,bn254,3,single,7,131072,73,240957814
skyscraper,,bls12_381,4,single,18,262144,73,287424161
skyscraper,,bn254,4,single,18,262144,73,279158535
monolith,,goldilocks,8,single,6,1048576,73,267602208
monolith,,goldilocks,12,single,6,524288,73,203902986
monolith,,mersenne31,16,single,6,524288,73,215563316
monolith,,mersenne31,24,single,6,262144,73,216826548
polocolo,,bls12_381,3,single,6,1024,73,261839498
polocolo,,bls12_381,4,single,5,1024,73,291223150
polocolo,,bn254,3,single,6,1024,73,235179365
polocolo,,bn254,4,single,5,1024,73,262141843
tip4p,,goldilocks,12,single,5,262144,73,331722396
plain,sha256_compress,-,-,single,-,8388608,73,211390489
plain,keccak_f1600,-,-,single,-,524288,73,203098282
plain,blake2b_compress,-,-,single,-,2097152,73,239830617
plain,blake3_compress,-,-,single,-,4194304,73,269092022
gmimc,,bls12_381,3,single,228,16384,74,259255218
gmimc,,bls12_381,4,single,231,16384,74,264446891
gmimc,,bn254,3,single,228,16384,74,251768488
gmimc,,bn254,4,single,231,16384,74,254716125
gmimc,,goldilocks,8,single,68,524288,74,337024715
gmimc,,goldilocks,12,single,93,262144,74,235590303
gmimc,,mersenne31,16,single,158,262144,74,266677189
gmimc,,mersenne31,24,single,335,131072,74,324273535
gmimc,,koalabear,16,single,158,262144,74,305914746
gmimc,,koalabear,24,single,335,131072,74,331550114
gmimc,,babybear,16,single,158,131072,74,246420523
gmimc,,babybear,24,single,335,65536,74,259605844
gmimc2,alpha=8,bls12_381,3,single,63,32768,74,213105072
gmimc2,alpha=8,bls12_381,4,single,64,32768,74,217832036
gmimc2,alpha=8,bn254,3,single,63,32768,74,209686755
gmimc2,alpha=8,bn254,4,single,64,32768,74,213261655
gmimc2,alpha=4,goldilocks,8,single,88,262144,74,294266588
gmimc2,alpha=4,goldilocks,12,single,96,262144,74,362012071
gmimc2,alpha=2,mersenne31,16,single,176,65536,74,202077664
gmimc2,alpha=2,mersenne31,24,single,264,32768,74,222883176
gmimc2,alpha=2,koalabear,16,single,176,131072,74,291272522
gmimc2,alpha=2,koalabear,24,single,264,65536,74,234231624
gmimc2,alpha=2,babybear,16,single,176,131072,74,291469741
gmimc2,alpha=2,babybear,24,single,264,65536,74,235475037
poseidon,,bls12_381,3,single,8+56,16384,74,255152401
poseidon,,bls12_381,4,single,8+56,16384,74,376271319
poseidon,,bn254,3,single,8+56,16384,74,246534315
poseidon,,bn254,4,single,8+56,16384,74,367771925
poseidon,,goldilocks,8,single,8+22,131072,74,334664815
poseidon,,goldilocks,12,single,8+22,65536,74,319889351
poseidon,,mersenne31,16,single,8+14,65536,74,326582731
poseidon,,mersenne31,24,single,8+22,16384,74,225066846
poseidon,,koalabear,16,single,8+20,32768,74,250270528
poseidon,,koalabear,24,single,8+23,16384,74,300160252
poseidon,,babybear,16,single,8+13,65536,74,400837318
poseidon,,babybear,24,single,8+21,16384,74,286837224
poseidon2,,bls12_381,3,single,8+56,65536,74,316345228
poseidon2,,bls12_381,4,single,8+56,32768,74,284629167
poseidon2,,bn254,3,single,8+56,65536,74,309282780
poseidon2,,bn254,4,single,8+56,32768,74,274506700
poseidon2,,goldilocks,8,single,8+22,524288,74,391936875
poseidon2,,goldilocks,12,single,8+22,262144,74,268510144
poseidon2,,mersenne31,16,single,8+14,262144,74,253890443
poseidon2,,mersenne31,24,single,8+22,131072,74,209634717
poseidon2,,koalabear,16,single,8+20,262144,74,285898960
poseidon2,,koalabear,24,single,8+23,131072,74,207870099
poseidon2,,babybear,16,single,8+13,262144,74,307045299
poseidon2,,babybear,24,single,8+21,131072,74,248474371
neptune,,bls12_381,4,single,6+69,32768,74,325688840
neptune,,bn254,4,single,6+69,32768,74,314481456
neptune,,goldilocks,8,single,6+38,262144,74,316475321
neptune,,goldilocks,12,single,6+42,131072,74,303705628
psquarehash,,mersenne31,16,single,52,262144,74,244270164
psquarehash,,mersenne31,24,single,52,262144,74,354680770
psquarehash,,koalabear,16,single,52,262144,74,312565315
psquarehash,,koalabear,24,single,52,131072,74,230444777
psquarehash,,babybear,16,single,52,262144,74,311584883
psquarehash,,babybear,24,single,52,131072,74,232676568
rescue_prime,,bls12_381,3,current,16,1024,74,347260082
rescue_prime,,bls12_381,3,original,14,1024,74,302940307
rescue_prime,,bls12_381,4,current,13,1024,74,374752090
rescue_prime,,bls12_381,4,original,11,1024,74,317222969
rescue_prime,,bn254,3,current,16,1024,74,338052876
rescue_prime,,bn254,3,original,14,1024,74,295704504
rescue_prime,,bn254,4,current,13,1024,74,367505507
rescue_prime,,bn254,4,original,11,1024,74,310929277
rescue_prime,,goldilocks,8,single,8,16384,74,252952369
rescue_prime,,goldilocks,12,single,8,16384,74,394100678
rescue_prime,,mersenne31,16,single,8,16384,74,329517084
rescue_prime,,mersenne31,24,single,8,8192,74,265131841
rescue_prime,,koalabear,16,single,8,8192,74,237177659
rescue_prime,,koalabear,24,single,8,8192,74,380524116
rescue_prime,,babybear,16,single,8,8192,74,237945374
rescue_prime,,babybear,24,single,8,8192,74,383492473
anemoi,,bls12_381,4,current,20,1024,74,288099953
anemoi,,bls12_381,4,original,14,1024,74,201741847
anemoi,,bn254,4,current,20,1024,74,282747270
anemoi,,bn254,4,original,14,2048,74,395895613
anemoi,,goldilocks,8,single,11,32768,74,346987452
anemoi,,goldilocks,12,single,10,16384,74,238402488
anemoi,,mersenne31,16,single,10,32768,74,340906558
anemoi,,mersenne31,24,single,9,16384,74,240202723
anemoi,,koalabear,16,single,10,16384,74,259464209
anemoi,,koalabear,24,single,9,16384,74,363272616
anemoi,,babybear,16,single,9,16384,74,234501137
anemoi,,babybear,24,single,9,16384,74,364372281
griffin,,bls12_381,3,current,20,2048,74,287391178
griffin,,bls12_381,3,original,14,2048,74,201254395
griffin,,bls12_381,4,current,20,2048,74,289588144
griffin,,bls12_381,4,original,11,4096,74,318570907
griffin,,bn254,3,current,20,2048,74,282736229
griffin,,bn254,3,original,14,4096,74,395833376
griffin,,bn254,4,current,20,2048,74,284620049
griffin,,bn254,4,original,11,4096,74,313586462
griffin,,goldilocks,8,single,8,131072,74,281789059
griffin,,goldilocks,12,single,8,131072,74,301376364
arion,,bls12_381,3,single,11,4096,74,341962862
arion,,bls12_381,4,single,10,4096,74,329712248
arion,,bn254,3,single,11,4096,74,332566953
arion,,bn254,4,single,10,4096,74,320264512
grendel,native,bls12_381,3,single,24,256,74,269687012
grendel,native,bn254,3,single,24,256,74,267621783
xhash,XHash8,goldilocks,12,single,6,32768,74,283927395
xhash,XHash12,goldilocks,12,single,6,32768,74,370092712
xhash,XHash16,mersenne31,24,single,6,32768,74,301500256
xhash,XHash24,mersenne31,24,single,6,32768,74,363053666
reinforced_concrete,,bls12_381,3,single,7,131072,74,241202561
reinforced_concrete,,bn254,3,single,7,131072,74,241773478
skyscraper,,bls12_381,4,single,18,262144,74,287601592
skyscraper,,bn254,4,single,18,262144,74,279027518
monolith,,goldilocks,8,single,6,1048576,74,266319930
monolith,,goldilocks,12,single,6,524288,74,203899218
monolith,,mersenne31,16,single,6,524288,74,214973714
monolith,,mersenne31,24,single,6,262144,74,216679482
polocolo,,bls12_381,3,single,6,1024,74,261754518
polocolo,,bls12_381,4,single,5,1024,74,293614619
polocolo,,bn254,3,single,6,1024,74,235172762
polocolo,,bn254,4,single,5,1024,74,262141812
tip4p,,goldilocks,12,single,5,262144,74,331863859
plain,sha256_compress,-,-,single,-,8388608,74,211317311
plain,keccak_f1600,-,-,single,-,524288,74,203095747
plain,blake2b_compress,-,-,single,-,2097152,74,239689863
plain,blake3_compress,-,-,single,-,4194304,74,269614657
gmimc,,bls12_381,3,single,228,16384,75,259390651
gmimc,,bls12_381,4,single,231,16384,75,265505297
gmimc,,bn254,3,single,228,16384,75,251619708
gmimc,,bn254,4,single,231,16384,75,256105982
gmimc,,goldilocks,8,single,68,524288,75,336860577
gmimc,,goldilocks,12,single,93,262144,75,235235078
gmimc,,mersenne31,16,single,158,262144,75,268639796
gmimc,,mersenne31,24,single,335,131072,75,323607589
gmimc,,koalabear,16,single,158,262144,75,305585299
gmimc,,koalabear,24,single,335,131072,75,332735558
gmimc,,babybear,16,single,158,131072,75,246512864
gmimc,,babybear,24,single,335,65536,75,259534389
gmimc2,alpha=8,bls12_381,3,single,63,32768,75,212831120
gmimc2,alpha=8,bls12_381,4,single,64,32768,75,217527236
gmimc2,alpha=8,bn254,3,single,63,32768,75,209899832
gmimc2,alpha=8,bn254,4,single,64,32768,75,213544282
gmimc2,alpha=4,goldilocks,8,single,88,262144,75,294460820
gmimc2,alpha=4,goldilocks,12,single,96,262144,75,362481186
gmimc2,alpha=2,mersenne31,16,single,176,65536,75,201993547
gmimc2,alpha=2,mersenne31,24,single,264,32768,75,223228280
gmimc2,alpha=2,koalabear,16,single,176,131072,75,291246263
gmimc2,alpha=2,koalabear,24,single,264,65536,75,234903779
gmimc2,alpha=2,babybear,16,single,176,131072,75,290953375
gmimc2,alpha=2,babybear,24,single,264,65536,75,235145211
poseidon,,bls12_381,3,single,8+56,16384,75,254807525
poseidon,,bls12_381,4,single,8+56,16384,75,376378698
poseidon,,bn254,3,single,8+56,16384,75,245631197
poseidon,,bn254,4,single,8+56,16384,75,367620320
poseidon,,goldilocks,8,single,8+22,131072,75,335141483
poseidon,,goldilocks,12,single,8+22,65536,75,319994037
poseidon,,mersenne31,16,single,8+14,65536,75,320224016
poseidon,,mersenne31,24,single,8+22,16384,75,225325098
poseidon,,koalabear,16,single,8+20,32768,75,251585454
poseidon,,koalabear,24,single,8+23,16384,75,300206978
poseidon,,babybear,16,single,8+13,65536,75,402209901
poseidon,,babybear,24,single,8+21,16384,75,287517604
poseidon2,,bls12_381,3,single,8+56,65536,75,316525815
poseidon2,,bls12_381,4,single,8+56,32768,75,284965194
poseidon2,,bn254,3,single,8+56,65536,75,309708634
poseidon2,,bn254,4,single,8+56,32768,75,274425919
poseidon2,,goldilocks,8,single,8+22,524288,75,391594252
poseidon2,,goldilocks,12,single,8+22,262144,75,268619608
poseidon2,,mersenne31,16,single,8+14,262144,75,253532282
poseidon2,,mersenne31,24,single,8+22,131072,75,209740013
poseidon2,,koalabear,16,single,8+20,262144,75,284488213
poseidon2,,koalabear,24,single,8+23,131072,75,208782363
poseidon2,,babybear,16,single,8+13,262144,75,306859159
poseidon2,,babybear,24,single,8+21,131072,75,248372580
neptune,,bls12_381,4,single,6+69,32768,75,325782023
neptune,,bn254,4,single,6+69,32768,75,314857196
neptune,,goldilocks,8,single,6+38,262144,75,316721981
neptune,,goldilocks,12,single,6+42,131072,75,304277324
psquarehash,,mersenne31,16,single,52,262144,75,243739521
psquarehash,,mersenne31,24,single,52,262144,75,354943990
psquarehash,,koalabear,16,single,52,262144,75,311673446
psquarehash,,koalabear,24,single,52,131072,75,231469451
psquarehash,,babybear,16,single,52,262144,75,311566486
psquarehash,,babybear,24,single,52,131072,75,232111972
rescue_prime,,bls12_381,3,current,16,1024,75,344478202
rescue_prime,,bls12_381,3,original,14,1024,75,301302776
rescue_prime,,bls12_381,4,current,13,1024,75,374698427
rescue_prime,,bls12_381,4,original,11,1024,75,317054522
rescue_prime,,bn254,3,current,16,1024,75,337988023
rescue_prime,,bn254,3,original,14,1024,75,295683344
rescue_prime,,bn254,4,current,13,1024,75,367568794
rescue_prime,,bn254,4,original,11,1024,75,310968219
rescue_prime,,goldilocks,8,single,8,16384,75,252897586
rescue_prime,,goldilocks,12,single,8,16384,75,394066262
rescue_prime,,mersenne31,16,single,8,16384,75,329050961
rescue_prime,,mersenne31,24,single,8,8192,75,265546995
rescue_prime,,koalabear,16,single,8,8192,75,236994085
rescue_prime,,koalabear,24,single,8,8192,75,381168799
rescue_prime,,babybear,16,single,8,8192,75,237972634
rescue_prime,,babybear,24,single,8,8192,75,382593622
anemoi,,bls12_381,4,current,20,1024,75,288324852
anemoi,,bls12_381,4,original,14,1024,75,203121043
anemoi,,bn254,4,current,20,1024,75,282819454
anemoi,,bn254,4,original,14,2048,75,395958839
anemoi,,goldilocks,8,single,11,32768,75,346683904
anemoi,,goldilocks,12,single,10,16384,75,238378713
anemoi,,mersenne31,16,single,10,32768,75,340237146
anemoi,,mersenne31,24,single,9,16384,75,239776014
anemoi,,koalabear,16,single,10,16384,75,259479105
anemoi,,koalabear,24,single,9,16384,75,363517843
anemoi,,babybear,16,single,9,16384,75,234446144
anemoi,,babybear,24,single,9,16384,75,364315143
griffin,,bls12_381,3,current,20,2048,75,287422405
griffin,,bls12_381,3,original,14,2048,75,201299088
griffin,,bls12_381,4,current,20,2048,75,289642945
griffin,,bls12_381,4,original,11,4096,75,318567329
griffin,,bn254,3,current,20,2048,75,282665065
griffin,,bn254,3,original,14,4096,75,395896642
griffin,,bn254,4,current,20,2048,75,284638113
griffin,,bn254,4,original,11,4096,75,313567496
griffin,,goldilocks,8,single,8,131072,75,282077166
griffin,,goldilocks,12,single,8,131072,75,301118381
arion,,bls12_381,3,single,11,4096,75,341947021
arion,,bls12_381,4,single,10,4096,75,330876963
arion,,bn254,3,single,11,4096,75,332548647
arion,,bn254,4,single,10,4096,75,320264962
grendel,native,bls12_381,3,single,24,256,75,268360052
grendel,native,bn254,3,single,24,256,75,267082664
xhash,XHash8,goldilocks,12,single,6,32768,75,283612215
xhash,XHash12,goldilocks,12,single,6,32768,75,369989527
xhash,XHash16,mersenne31,24,single,6,32768,75,302045193
xhash,XHash24,mersenne31,24,single,6,32768,75,363889818
reinforced_concrete,,bls12_381,3,single,7,131072,75,241756074
reinforced_concrete,,bn254,3,single,7,131072,75,241641640
skyscraper,,bls12_381,4,single,18,262144,75,287034821
skyscraper,,bn254,4,single,18,262144,75,279775144
monolith,,goldilocks,8,single,6,1048576,75,265190869
monolith,,goldilocks,12,single,6,524288,75,203591262
monolith,,mersenne31,16,single,6,524288,75,215347642
monolith,,mersenne31,24,single,6,262144,75,216849719
polocolo,,bls12_381,3,single,6,1024,75,261810852
polocolo,,bls12_381,4,single,5,1024,75,291474378
polocolo,,bn254,3,single,6,1024,75,235198830
polocolo,,bn254,4,single,5,1024,75,262131902
tip4p,,goldilocks,12,single,5,262144,75,331707926
plain,sha256_compress,-,-,single,-,8388608,75,211514789
plain,keccak_f1600,-,-,single,-,524288,75,203506032
plain,blake2b_compress,-,-,single,-,2097152,75,240343975
plain,blake3_compress,-,-,single,-,4194304,75,267840711
gmimc,,bls12_381,3,single,228,16384,76,259180687
gmimc,,bls12_381,4,single,231,16384,76,264510908
gmimc,,bn254,3,single,228,16384,76,251991212
gmimc,,bn254,4,single,231,16384,76,256310313
gmimc,,goldilocks,8,single,68,524288,76,337319022
gmimc,,goldilocks,12,single,93,262144,76,235765649
gmimc,,mersenne31,16,single,158,262144,76,269357776
gmimc,,mersenne31,24,single,335,131072,76,316071464
gmimc,,koalabear,16,single,158,262144,76,305594606
gmimc,,koalabear,24,single,335,131072,76,328473662
gmimc,,babybear,16,single,158,131072,76,246478269
gmimc,,babybear,24,single,335,65536,76,259583260
gmimc2,alpha=8,bls12_381,3,single,63,32768,76,213179179
gmimc2,alpha=8,bls12_381,4,single,64,32768,76,216913929
gmimc2,alpha=8,bn254,3,single,63,32768,76,209986182
gmimc2,alpha=8,bn254,4,single,64,32768,76,212643137
gmimc2,alpha=4,goldilocks,8,single,88,262144,76,294332579
gmimc2,alpha=4,goldilocks,12,single,96,262144,76,362388241
gmimc2,alpha=2,mersenne31,16,single,176,65536,76,202092540
gmimc2,alpha=2,mersenne31,24,single,264,32768,76,223180370
gmimc2,alpha=2,koalabear,16,single,176,131072,76,291237936
gmimc2,alpha=2,koalabear,24,single,264,65536,76,236691078
gmimc2,alpha=2,babybear,16,single,176,131072,76,291627854
gmimc2,alpha=2,babybear,24,single,264,65536,76,234451783
poseidon,,bls12_381,3,single,8+56,16384,76,254810029
poseidon,,bls12_381,4,single,8+56,16384,76,376117989
poseidon,,bn254,3,single,8+56,16384,76,246124237
poseidon,,bn254,4,single,8+56,16384,76,367629767
poseidon,,goldilocks,8,single,8+22,131072,76,334591324
poseidon,,goldilocks,12,single,8+22,65536,76,320024242
poseidon,,mersenne31,16,single,8+14,65536,76,320197185
poseidon,,mersenne31,24,single,8+22,16384,76,225927293
poseidon,,koalabear,16,single,8+20,32768,76,252706848
poseidon,,koalabear,24,single,8+23,16384,76,299844559
poseidon,,babybear,16,single,8+13,65536,76,404279698
poseidon,,babybear,24,single,8+21,16384,76,287303773
poseidon2,,bls12_381,3,single,8+56,65536,76,316374190
poseidon2,,bls12_381,4,single,8+56,32768,76,284713492
poseidon2,,bn254,3,single,8+56,65536,76,309404855
poseidon2,,bn254,4,single,8+56,32768,76,274077837
poseidon2,,goldilocks,8,single,8+22,524288,76,391951499
poseidon2,,goldilocks,12,single,8+22,262144,76,268510432
poseidon2,,mersenne31,16,single,8+14,262144,76,253706997
poseidon2,,mersenne31,24,single,8+22,131072,76,209427438
poseidon2,,koalabear,16,single,8+20,262144,76,286648228
poseidon2,,koalabear,24,single,8+23,131072,76,208459719
poseidon2,,babybear,16,single,8+13,262144,76,305836727
poseidon2,,babybear,24,single,8+21,131072,76,248415629
neptune,,bls12_381,4,single,6+69,32768,76,325710618
neptune,,bn254,4,single,6+69,32768,76,314248397
neptune,,goldilocks,8,single,6+38,262144,76,316241311
neptune,,goldilocks,12,single,6+42,131072,76,303810822
psquarehash,,mersenne31,16,single,52,262144,76,243920588
psquarehash,,mersenne31,24,single,52,262144,76,354586101
psquarehash,,koalabear,16,single,52,262144,76,309771270
psquarehash,,koalabear,24,single,52,131072,76,231515676
psquarehash,,babybear,16,single,52,262144,76,311675740
psquarehash,,babybear,24,single,52,131072,76,232326050
rescue_prime,,bls12_381,3,current,16,1024,76,347305795
rescue_prime,,bls12_381,3,original,14,1024,76,303764395
rescue_prime,,bls12_381,4,current,13,1024,76,377721456
rescue_prime,,bls12_381,4,original,11,1024,76,319660542
rescue_prime,,bn254,3,current,16,1024,76,337991589
rescue_prime,,bn254,3,original,14,1024,76,295702168
rescue_prime,,bn254,4,current,13,1024,76,367522215
rescue_prime,,bn254,4,original,11,1024,76,310921500
rescue_prime,,goldilocks,8,single,8,16384,76,252917462
rescue_prime,,goldilocks,12,single,8,16384,76,394138686
rescue_prime,,mersenne31,16,single,8,16384,76,329275420
rescue_prime,,mersenne31,24,single,8,8192,76,265513842
rescue_prime,,koalabear,16,single,8,8192,76,236525168
rescue_prime,,koalabear,24,single,8,8192,76,381216578
rescue_prime,,babybear,16,single,8,8192,76,238208324
rescue_prime,,babybear,24,single,8,8192,76,384220311
anemoi,,bls12_381,4,current,20,1024,76,288163479
anemoi,,bls12_381,4,original,14,1024,76,201755470
anemoi,,bn254,4,current,20,1024,76,282800167
anemoi,,bn254,4,original,14,2048,76,395880672
anemoi,,goldilocks,8,single,11,32768,76,349813722
anemoi,,goldilocks,12,single,10,16384,76,238451147
anemoi,,mersenne31,16,single,10,32768,76,339993249
anemoi,,mersenne31,24,single,9,16384,76,239435176
anemoi,,koalabear,16,single,10,16384,76,259755140
anemoi,,koalabear,24,single,9,16384,76,363544391
anemoi,,babybear,16,single,9,16384,76,234788983
anemoi,,babybear,24,single,9,16384,76,364652372
griffin,,bls12_381,3,current,20,2048,76,289319320
griffin,,bls12_381,3,original,14,2048,76,202582285
griffin,,bls12_381,4,current,20,2048,76,289659816
griffin,,bls12_381,4,original,11,4096,76,319095905
griffin,,bn254,3,current,20,2048,76,283533888
griffin,,bn254,3,original,14,4096,76,397397927
griffin,,bn254,4,current,20,2048,76,284633392
griffin,,bn254,4,original,11,4096,76,313500700
griffin,,goldilocks,8,single,8,131072,76,281953324
griffin,,goldilocks,12,single,8,131072,76,302136342
arion,,bls12_381,3,single,11,4096,76,341998206
arion,,bls12_381,4,single,10,4096,76,330244390
arion,,bn254,3,single,11,4096,76,332449601
arion,,bn254,4,single,10,4096,76,320305817
grendel,native,bls12_381,3,single,24,256,76,269257067
grendel,native,bn254,3,single,24,256,76,267003625
xhash,XHash8,goldilocks,12,single,6,32768,76,283903167
xhash,XHash12,goldilocks,12,single,6,32768,76,371333106
xhash,XHash16,mersenne31,24,single,6,32768,76,301456511
xhash,XHash24,mersenne31,24,single,6,32768,76,363675696
reinforced_concrete,,bls12_381,3,single,7,131072,76,241791258
reinforced_concrete,,bn254,3,single,7,131072,76,241932873
skyscraper,,bls12_381,4,single,18,262144,76,287729438
skyscraper,,bn254,4,single,18,262144,76,278388041
monolith,,goldilocks,8,single,6,1048576,76,265914099
monolith,,goldilocks,12,single,6,524288,76,204173169
monolith,,mersenne31,16,single,6,524288,76,215214753
monolith,,mersenne31,24,single,6,262144,76,216850720
polocolo,,bls12_381,3,single,6,1024,76,261822093
polocolo,,bls12_381,4,single,5,1024,76,291219109
polocolo,,bn254,3,single,6,1024,76,235187718
polocolo,,bn254,4,single,5,1024,76,262170002
tip4p,,goldilocks,12,single,5,262144,76,331707284
plain,sha256_compress,-,-,single,-,8388608,76,211355761
plain,keccak_f1600,-,-,single,-,524288,76,203187085
plain,blake2b_compress,-,-,single,-,2097152,76,239927967
plain,blake3_compress,-,-,single,-,4194304,76,269376720
gmimc,,bls12_381,3,single,228,16384,77,259174655
gmimc,,bls12_381,4,single,231,16384,77,264273554
gmimc,,bn254,3,single,228,16384,77,251640846
gmimc,,bn254,4,single,231,16384,77,256061637
gmimc,,goldilocks,8,single,68,524288,77,337041632
gmimc,,goldilocks,12,single,93,262144,77,235896593
gmimc,,mersenne31,16,single,158,262144,77,268953359
gmimc,,mersenne31,24,single,335,131072,77,319872697
gmimc,,koalabear,16,single,158,262144,77,305472876
gmimc,,koalabear,24,single,335,131072,77,333563342
gmimc,,babybear,16,single,158,131072,77,246402736
gmimc,,babybear,24,single,335,65536,77,259492459
gmimc2,alpha=8,bls12_381,3,single,63,32768,77,212952656
gmimc2,alpha=8,bls12_381,4,single,64,32768,77,217378656
gmimc2,alpha=8,bn254,3,single,63,32768,77,209968178
gmimc2,alpha=8,bn254,4,single,64,32768,77,213642554
gmimc2,alpha=4,goldilocks,8,single,88,262144,77,294417225
gmimc2,alpha=4,goldilocks,12,single,96,262144,77,362257866
gmimc2,alpha=2,mersenne31,16,single,176,65536,77,202094674
gmimc2,alpha=2,mersenne31,24,single,264,32768,77,223327113
gmimc2,alpha=2,koalabear,16,single,176,131072,77,291652780
gmimc2,alpha=2,koalabear,24,single,264,65536,77,234547532
gmimc2,alpha=2,babybear,16,single,176,131072,77,291207568
gmimc2,alpha=2,babybear,24,single,264,65536,77,240749772
poseidon,,bls12_381,3,single,8+56,16384,77,254819065
poseidon,,bls12_381,4,single,8+56,16384,77,376127916
poseidon,,bn254,3,single,8+56,16384,77,245616206
poseidon,,bn254,4,single,8+56,16384,77,367944784
poseidon,,goldilocks,8,single,8+22,131072,77,335352355
poseidon,,goldilocks,12,single,8+22,65536,77,320346993
poseidon,,mersenne31,16,single,8+14,65536,77,328708139
poseidon,,mersenne31,24,single,8+22,16384,77,225379989
poseidon,,koalabear,16,single,8+20,32768,77,252657415
poseidon,,koalabear,24,single,8+23,16384,77,300188401
poseidon,,babybear,16,single,8+13,65536,77,403472728
poseidon,,babybear,24,single,8+21,16384,77,287701976
poseidon2,,bls12_381,3,single,8+56,65536,77,316199543
poseidon2,,bls12_381,4,single,8+56,32768,77,284620188
poseidon2,,bn254,3,single,8+56,65536,77,309516874
poseidon2,,bn254,4,single,8+56,32768,77,274265276
poseidon2,,goldilocks,8,single,8+22,524288,77,391966975
poseidon2,,goldilocks,12,single,8+22,262144,77,268560024
poseidon2,,mersenne31,16,single,8+14,262144,77,253126421
poseidon2,,mersenne31,24,single,8+22,131072,77,209708412
poseidon2,,koalabear,16,single,8+20,262144,77,290052389
poseidon2,,koalabear,24,single,8+23,131072,77,206757127
poseidon2,,babybear,16,single,8+13,262144,77,305848037
poseidon2,,babybear,24,single,8+21,131072,77,249298187
neptune,,bls12_381,4,single,6+69,32768,77,325753557
neptune,,bn254,4,single,6+69,32768,77,314492432
neptune,,goldilocks,8,single,6+38,262144,77,316304569
neptune,,goldilocks,12,single,6+42,131072,77,303620304
psquarehash,,mersenne31,16,single,52,262144,77,244032588
psquarehash,,mersenne31,24,single,52,262144,77,354597140
psquarehash,,koalabear,16,single,52,262144,77,308484564
psquarehash,,koalabear,24,single,52,131072,77,231711552
psquarehash,,babybear,16,single,52,262144,77,311573417
psquarehash,,babybear,24,single,52,131072,77,232682465
rescue_prime,,bls12_381,3,current,16,1024,77,344556786
rescue_prime,,bls12_381,3,original,14,1024,77,302718669
rescue_prime,,bls12_381,4,current,13,1024,77,375431855
rescue_prime,,bls12_381,4,original,11,1024,77,316948622
rescue_prime,,bn254,3,current,16,1024,77,337980366
rescue_prime,,bn254,3,original,14,1024,77,295726652
rescue_prime,,bn254,4,current,13,1024,77,367531411
rescue_prime,,bn254,4,original,11,1024,77,310945463
rescue_prime,,goldilocks,8,single,8,16384,77,252945874
rescue_prime,,goldilocks,12,single,8,16384,77,394698230
rescue_prime,,mersenne31,16,single,8,16384,77,328781274
rescue_prime,,mersenne31,24,single,8,8192,77,265326521
rescue_prime,,koalabear,16,single,8,8192,77,236355771
rescue_prime,,koalabear,24,single,8,8192,77,380741538
rescue_prime,,babybear,16,single,8,8192,77,238427763
rescue_prime,,babybear,24,single,8,8192,77,383673988
anemoi,,bls12_381,4,current,20,1024,77,288135316
anemoi,,bls12_381,4,original,14,1024,77,201736174
anemoi,,bn254,4,current,20,1024,77,282820974
anemoi,,bn254,4,original,14,2048,77,395856825
anemoi,,goldilocks,8,single,11,32768,77,348209733
anemoi,,goldilocks,12,single,10,16384,77,238339487
anemoi,,mersenne31,16,single,10,32768,77,342689296
anemoi,,mersenne31,24,single,9,16384,77,239614109
anemoi,,koalabear,16,single,10,16384,77,260389655
anemoi,,koalabear,24,single,9,16384,77,363467556
anemoi,,babybear,16,single,9,16384,77,235932830
anemoi,,babybear,24,single,9,16384,77,364486149
griffin,,bls12_381,3,current,20,2048,77,287438283
griffin,,bls12_381,3,original,14,2048,77,201186085
griffin,,bls12_381,4,current,20,2048,77,289649024
griffin,,bls12_381,4,original,11,4096,77,318920397
griffin,,bn254,3,current,20,2048,77,282680652
griffin,,bn254,3,original,14,4096,77,395836918
griffin,,bn254,4,current,20,2048,77,284608895
griffin,,bn254,4,original,11,4096,77,313573304
griffin,,goldilocks,8,single,8,131072,77,281689590
griffin,,goldilocks,12,single,8,131072,77,301278738
arion,,bls12_381,3,single,11,4096,77,342062103
arion,,bls12_381,4,single,10,4096,77,329636964
arion,,bn254,3,single,11,4096,77,332698985
arion,,bn254,4,single,10,4096,77,320166956
grendel,native,bls12_381,3,single,24,256,77,268362294
grendel,native,bn254,3,single,24,256,77,267539697
xhash,XHash8,goldilocks,12,single,6,32768,77,283725395
xhash,XHash12,goldilocks,12,single,6,32768,77,369934791
xhash,XHash16,mersenne31,24,single,6,32768,77,301651905
xhash,XHash24,mersenne31,24,single,6,32768,77,363275197
reinforced_concrete,,bls12_381,3,single,7,131072,77,240654814
reinforced_concrete,,bn254,3,single,7,131072,77,241101970
skyscraper,,bls12_381,4,single,18,262144,77,287356470
skyscraper,,bn254,4,single,18,262144,77,279144564
monolith,,goldilocks,8,single,6,1048576,77,267242060
monolith,,goldilocks,12,single,6,524288,77,203463421
monolith,,mersenne31,16,single,6,524288,77,214520294
monolith,,mersenne31,24,single,6,262144,77,217074788
polocolo,,bls12_381,3,single,6,1024,77,261781906
polocolo,,bls12_381,4,single,5,1024,77,291182530
polocolo,,bn254,3,single,6,1024,77,235172850
polocolo,,bn254,4,single,5,1024,77,262132231
tip4p,,goldilocks,12,single,5,262144,77,332209832
plain,sha256_compress,-,-,single,-,8388608,77,211312038
plain,keccak_f1600,-,-,single,-,524288,77,203331234
plain,blake2b_compress,-,-,single,-,2097152,77,241496688
plain,blake3_compress,-,-,single,-,4194304,77,270266002
gmimc,,bls12_381,3,single,228,16384,78,258961756
gmimc,,bls12_381,4,single,231,16384,78,265908829
gmimc,,bn254,3,single,228,16384,78,251580452
gmimc,,bn254,4,single,231,16384,78,255945419
gmimc,,goldilocks,8,single,68,524288,78,337004572
gmimc,,goldilocks,12,single,93,262144,78,236214195
gmimc,,mersenne31,16,single,158,262144,78,268334181
gmimc,,mersenne31,24,single,335,131072,78,314316022
gmimc,,koalabear,16,single,158,262144,78,305805047
gmimc,,koalabear,24,single,335,131072,78,329958805
gmimc,,babybear,16,single,158,131072,78,246482374
gmimc,,babybear,24,single,335,65536,78,259579691
gmimc2,alpha=8,bls12_381,3,single,63,32768,78,212767127
gmimc2,alpha=8,bls12_381,4,single,64,32768,78,217767973
gmimc2,alpha=8,bn254,3,single,63,32768,78,209931579
gmimc2,alpha=8,bn254,4,single,64,32768,78,213680184
gmimc2,alpha=4,goldilocks,8,single,88,262144,78,294263437
gmimc2,alpha=4,goldilocks,12,single,96,262144,78,361824004
gmimc2,alpha=2,mersenne31,16,single,176,65536,78,201967867
gmimc2,alpha=2,mersenne31,24,single,264,32768,78,223052038
gmimc2,alpha=2,koalabear,16,single,176,131072,78,290979631
gmimc2,alpha=2,koalabear,24,single,264,65536,78,235074045
gmimc2,alpha=2,babybear,16,single,176,131072,78,291373807
gmimc2,alpha=2,babybear,24,single,264,65536,78,235072081
poseidon,,bls12_381,3,single,8+56,16384,78,254881551
poseidon,,bls12_381,4,single,8+56,16384,78,376430200
poseidon,,bn254,3,single,8+56,16384,78,245811591
poseidon,,bn254,4,single,8+56,16384,78,368103029
poseidon,,goldilocks,8,single,8+22,131072,78,334686690
poseidon,,goldilocks,12,single,8+22,65536,78,319940823
poseidon,,mersenne31,16,single,8+14,65536,78,322907878
poseidon,,mersenne31,24,single,8+22,16384,78,224836292
poseidon,,koalabear,16,single,8+20,32768,78,252831780
poseidon,,koalabear,24,single,8+23,16384,78,300348459
poseidon,,babybear,16,single,8+13,65536,78,401286912
poseidon,,babybear,24,single,8+21,16384,78,287369334
poseidon2,,bls12_381,3,single,8+56,65536,78,316155539
poseidon2,,bls12_381,4,single,8+56,32768,78,284863581
poseidon2,,bn254,3,single,8+56,65536,78,309435811
poseidon2,,bn254,4,single,8+56,32768,78,274272949
poseidon2,,goldilocks,8,single,8+22,524288,78,391616880
poseidon2,,goldilocks,12,single,8+22,262144,78,268464805
poseidon2,,mersenne31,16,single,8+14,262144,78,253027846
poseidon2,,mersenne31,24,single,8+22,131072,78,209755359
poseidon2,,koalabear,16,single,8+20,262144,78,284184221
poseidon2,,koalabear,24,single,8+23,131072,78,206488915
poseidon2,,babybear,16,single,8+13,262144,78,307041768
poseidon2,,babybear,24,single,8+21,131072,78,248211065
neptune,,bls12_381,4,single,6+69,32768,78,326183468
neptune,,bn254,4,single,6+69,32768,78,314545860
neptune,,goldilocks,8,single,6+38,262144,78,315832225
neptune,,goldilocks,12,single,6+42,131072,78,303299283
psquarehash,,mersenne31,16,single,52,262144,78,243887756
psquarehash,,mersenne31,24,single,52,262144,78,354687628
psquarehash,,koalabear,16,single,52,262144,78,312023016
psquarehash,,koalabear,24,single,52,131072,78,233253823
psquarehash,,babybear,16,single,52,262144,78,311668844
psquarehash,,babybear,24,single,52,131072,78,232744721
rescue_prime,,bls12_381,3,current,16,1024,78,344495931
rescue_prime,,bls12_381,3,original,14,1024,78,301325204
rescue_prime,,bls12_381,4,current,13,1024,78,374657376
rescue_prime,,bls12_381,4,original,11,1024,78,317039451
rescue_prime,,bn254,3,current,16,1024,78,338014248
rescue_prime,,bn254,3,original,14,1024,78,295715129
rescue_prime,,bn254,4,current,13,1024,78,367545315
rescue_prime,,bn254,4,original,11,1024,78,310960300
rescue_prime,,goldilocks,8,single,8,16384,78,252949971
rescue_prime,,goldilocks,12,single,8,16384,78,394430248
rescue_prime,,mersenne31,16,single,8,16384,78,329837408
rescue_prime,,mersenne31,24,single,8,8192,78,265291695
rescue_prime,,koalabear,16,single,8,8192,78,236817392
rescue_prime,,koalabear,24,single,8,8192,78,380661497
rescue_prime,,babybear,16,single,8,8192,78,238534862
rescue_prime,,babybear,24,single,8,8192,78,384840716
anemoi,,bls12_381,4,current,20,1024,78,290476961
anemoi,,bls12_381,4,original,14,1024,78,201770236
anemoi,,bn254,4,current,20,1024,78,282833196
anemoi,,bn254,4,original,14,2048,78,395886469
anemoi,,goldilocks,8,single,11,32768,78,347135082
anemoi,,goldilocks,12,single,10,16384,78,238281408
anemoi,,mersenne31,16,single,10,32768,78,342278327
anemoi,,mersenne31,24,single,9,16384,78,239736087
anemoi,,koalabear,16,single,10,16384,78,260294476
anemoi,,koalabear,24,single,9,16384,78,363716460
anemoi,,babybear,16,single,9,16384,78,235634081
anemoi,,babybear,24,single,9,16384,78,364583721
griffin,,bls12_381,3,current,20,2048,78,287439915
griffin,,bls12_381,3,original,14,2048,78,201241508
griffin,,bls12_381,4,current,20,2048,78,289671235
griffin,,bls12_381,4,original,11,4096,78,318684655
griffin,,bn254,3,current,20,2048,78,282712390
griffin,,bn254,3,original,14,4096,78,395929189
griffin,,bn254,4,current,20,2048,78,284702820
griffin,,bn254,4,original,11,4096,78,313551742
griffin,,goldilocks,8,single,8,131072,78,281844969
griffin,,goldilocks,12,single,8,131072,78,301803818
arion,,bls12_381,3,single,11,4096,78,342152351
arion,,bls12_381,4,single,10,4096,78,330219171
arion,,bn254,3,single,11,4096,78,332605339
arion,,bn254,4,single,10,4096,78,320241043
grendel,native,bls12_381,3,single,24,256,78,269401635
grendel,native,bn254,3,single,24,256,78,268004794
xhash,XHash8,goldilocks,12,single,6,32768,78,284012980
xhash,XHash12,goldilocks,12,single,6,32768,78,370105099
xhash,XHash16,mersenne31,24,single,6,32768,78,301733917
xhash,XHash24,mersenne31,24,single,6,32768,78,363184395
reinforced_concrete,,bls12_381,3,single,7,131072,78,241303766
reinforced_concrete,,bn254,3,single,7,131072,78,242110023
skyscraper,,bls12_381,4,single,18,262144,78,287439433
skyscraper,,bn254,4,single,18,262144,78,279445846
monolith,,goldilocks,8,single,6,1048576,78,265237353
monolith,,goldilocks,12,single,6,524288,78,204156245
monolith,,mersenne31,16,single,6,524288,78,215074800
monolith,,mersenne31,24,single,6,262144,78,216486047
polocolo,,bls12_381,3,single,6,1024,78,264023374
polocolo,,bls12_381,4,single,5,1024,78,291208417
polocolo,,bn254,3,single,6,1024,78,235191103
polocolo,,bn254,4,single,5,1024,78,262133573
tip4p,,goldilocks,12,single,5,262144,78,332528756
plain,sha256_compress,-,-,single,-,8388608,78,211338918
plain,keccak_f1600,-,-,single,-,524288,78,203194859
plain,blake2b_compress,-,-,single,-,2097152,78,239990121
plain,blake3_compress,-,-,single,-,4194304,78,269368964
gmimc,,bls12_381,3,single,228,16384,79,259148564
gmimc,,bls12_381,4,single,231,16384,79,264559236
gmimc,,bn254,3,single,228,16384,79,250689445
gmimc,,bn254,4,single,231,16384,79,254133141
gmimc,,goldilocks,8,single,68,524288,79,337165972
gmimc,,goldilocks,12,single,93,262144,79,235594506
gmimc,,mersenne31,16,single,158,262144,79,267007501
gmimc,,mersenne31,24,single,335,131072,79,318564369
gmimc,,koalabear,16,single,158,262144,79,305714716
gmimc,,koalabear,24,single,335,131072,79,334581162
gmimc,,babybear,16,single,158,131072,79,246414877
gmimc,,babybear,24,single,335,65536,79,259579710
gmimc2,alpha=8,bls12_381,3,single,63,32768,79,212752209
gmimc2,alpha=8,bls12_381,4,single,64,32768,79,216782170
gmimc2,alpha=8,bn254,3,single,63,32768,79,209526681
gmimc2,alpha=8,bn254,4,single,64,32768,79,213010231
gmimc2,alpha=4,goldilocks,8,single,88,262144,79,294353084
gmimc2,alpha=4,goldilocks,12,single,96,262144,79,362147838
gmimc2,alpha=2,mersenne31,16,single,176,65536,79,201998453
gmimc2,alpha=2,mersenne31,24,single,264,32768,79,223054030
gmimc2,alpha=2,koalabear,16,single,176,131072,79,291121164
gmimc2,alpha=2,koalabear,24,single,264,65536,79,234759686
gmimc2,alpha=2,babybear,16,single,176,131072,79,291231980
gmimc2,alpha=2,babybear,24,single,264,65536,79,238814835
poseidon,,bls12_381,3,single,8+56,16384,79,254959295
poseidon,,bls12_381,4,single,8+56,16384,79,375939682
poseidon,,bn254,3,single,8+56,16384,79,246275908
poseidon,,bn254,4,single,8+56,16384,79,367841818
poseidon,,goldilocks,8,single,8+22,131072,79,334479912
poseidon,,goldilocks,12,single,8+22,65536,79,319938868
poseidon,,mersenne31,16,single,8+14,65536,79,318505599
poseidon,,mersenne31,24,single,8+22,16384,79,226220839
poseidon,,koalabear,16,single,8+20,32768,79,252563137
poseidon,,koalabear,24,single,8+23,16384,79,299885582
poseidon,,babybear,16,single,8+13,65536,79,403946190
poseidon,,babybear,24,single,8+21,16384,79,287435917
poseidon2,,bls12_381,3,single,8+56,65536,79,316425632
poseidon2,,bls12_381,4,single,8+56,32768,79,284691658
poseidon2,,bn254,3,single,8+56,65536,79,309567927
poseidon2,,bn254,4,single,8+56,32768,79,273838917
poseidon2,,goldilocks,8,single,8+22,524288,79,392099612
poseidon2,,goldilocks,12,single,8+22,262144,79,268103078
poseidon2,,mersenne31,16,single,8+14,262144,79,254013718
poseidon2,,mersenne31,24,single,8+22,131072,79,210057774
poseidon2,,koalabear,16,single,8+20,262144,79,286302790
poseidon2,,koalabear,24,single,8+23,131072,79,207060061
poseidon2,,babybear,16,single,8+13,262144,79,305603758
poseidon2,,babybear,24,single,8+21,131072,79,248403644
neptune,,bls12_381,4,single,6+69,32768,79,325479312
neptune,,bn254,4,single,6+69,32768,79,313819011
neptune,,goldilocks,8,single,6+38,262144,79,316576043
neptune,,goldilocks,12,single,6+42,131072,79,303855983
psquarehash,,mersenne31,16,single,52,262144,79,243798527
psquarehash,,mersenne31,24,single,52,262144,79,354632052
psquarehash,,koalabear,16,single,52,262144,79,311606677
psquarehash,,koalabear,24,single,52,131072,79,231476480
psquarehash,,babybear,16,single,52,262144,79,310035701
psquarehash,,babybear,24,single,52,131072,79,231769348
rescue_prime,,bls12_381,3,current,16,1024,79,345185809
rescue_prime,,bls12_381,3,original,14,1024,79,301265572
rescue_prime,,bls12_381,4,current,13,1024,79,374684455
rescue_prime,,bls12_381,4,original,11,1024,79,316999535
rescue_prime,,bn254,3,current,16,1024,79,338041658
rescue_prime,,bn254,3,original,14,1024,79,295702986
rescue_prime,,bn254,4,current,13,1024,79,367525748
rescue_prime,,bn254,4,original,11,1024,79,310928198
rescue_prime,,goldilocks,8,single,8,16384,79,253021764
rescue_prime,,goldilocks,12,single,8,16384,79,393977220
rescue_prime,,mersenne31,16,single,8,16384,79,328183555
rescue_prime,,mersenne31,24,single,8,8192,79,265079106
rescue_prime,,koalabear,16,single,8,8192,79,236009651
rescue_prime,,koalabear,24,single,8,8192,79,380546070
rescue_prime,,babybear,16,single,8,8192,79,237213261
rescue_prime,,babybear,24,single,8,8192,79,384289676
anemoi,,bls12_381,4,current,20,1024,79,288059291
anemoi,,bls12_381,4,original,14,1024,79,201705605
anemoi,,bn254,4,current,20,1024,79,282722648
anemoi,,bn254,4,original,14,2048,79,395887860
anemoi,,goldilocks,8,single,11,32768,79,347093293
anemoi,,goldilocks,12,single,10,16384,79,238302446
anemoi,,mersenne31,16,single,10,32768,79,341555764
anemoi,,mersenne31,24,single,9,16384,79,239331109
anemoi,,koalabear,16,single,10,16384,79,260582613
anemoi,,koalabear,24,single,9,16384,79,363550899
anemoi,,babybear,16,single,9,16384,79,235617429
anemoi,,babybear,24,single,9,16384,79,364532934
griffin,,bls12_381,3,current,20,2048,79,290126314
griffin,,bls12_381,3,original,14,2048,79,201196042
griffin,,bls12_381,4,current,20,2048,79,289549717
griffin,,bls12_381,4,original,11,4096,79,318563036
griffin,,bn254,3,current,20,2048,79,282722467
griffin,,bn254,3,original,14,4096,79,395971917
griffin,,bn254,4,current,20,2048,79,284658936
griffin,,bn254,4,original,11,4096,79,313536723
griffin,,goldilocks,8,single,8,131072,79,282066432
griffin,,goldilocks,12,single,8,131072,79,300773270
arion,,bls12_381,3,single,11,4096,79,342082389
arion,,bls12_381,4,single,10,4096,79,329737619
arion,,bn254,3,single,11,4096,79,332537582
arion,,bn254,4,single,10,4096,79,320269886
grendel,native,bls12_381,3,single,24,256,79,268932688
grendel,native,bn254,3,single,24,256,79,267114019
xhash,XHash8,goldilocks,12,single,6,32768,79,283528905
xhash,XHash12,goldilocks,12,single,6,32768,79,369941521
xhash,XHash16,mersenne31,24,single,6,32768,79,301508054
xhash,XHash24,mersenne31,24,single,6,32768,79,363164066
reinforced_concrete,,bls12_381,3,single,7,131072,79,241539185
reinforced_concrete,,bn254,3,single,7,131072,79,241355431
skyscraper,,bls12_381,4,single,18,262144,79,287169128
skyscraper,,bn254,4,single,18,262144,79,279581417
monolith,,goldilocks,8,single,6,1048576,79,264878522
monolith,,goldilocks,12,single,6,524288,79,204239761
monolith,,mersenne31,16,single,6,524288,79,215583770
monolith,,mersenne31,24,single,6,262144,79,216644172
polocolo,,bls12_381,3,single,6,1024,79,263991403
polocolo,,bls12_381,4,single,5,1024,79,291154114
polocolo,,bn254,3,single,6,1024,79,235168479
polocolo,,bn254,4,single,5,1024,79,262107362
tip4p,,goldilocks,12,single,5,262144,79,331955644
plain,sha256_compress,-,-,single,-,8388608,79,211340250
plain,keccak_f1600,-,-,single,-,524288,79,203023768
plain,blake2b_compress,-,-,single,-,2097152,79,239900973
plain,blake3_compress,-,-,single,-,4194304,79,268888434
gmimc,,bls12_381,3,single,228,16384,80,259077240
gmimc,,bls12_381,4,single,231,16384,80,264384268
gmimc,,bn254,3,single,228,16384,80,251557618
gmimc,,bn254,4,single,231,16384,80,254302808
gmimc,,goldilocks,8,single,68,524288,80,337130845
gmimc,,goldilocks,12,single,93,262144,80,235176935
gmimc,,mersenne31,16,single,158,262144,80,267667573
gmimc,,mersenne31,24,single,335,131072,80,321009127
gmimc,,koalabear,16,single,158,262144,80,305678808
gmimc,,koalabear,24,single,335,131072,80,328889053
gmimc,,babybear,16,single,158,131072,80,246453579
gmimc,,babybear,24,single,335,65536,80,259529415
gmimc2,alpha=8,bls12_381,3,single,63,32768,80,212846024
gmimc2,alpha=8,bls12_381,4,single,64,32768,80,217954420
gmimc2,alpha=8,bn254,3,single,63,32768,80,209772359
gmimc2,alpha=8,bn254,4,single,64,32768,80,213533137
gmimc2,alpha=4,goldilocks,8,single,88,262144,80,294380694
gmimc2,alpha=4,goldilocks,12,single,96,262144,80,362383767
gmimc2,alpha=2,mersenne31,16,single,176,65536,80,204621914
gmimc2,alpha=2,mersenne31,24,single,264,32768,80,223342149
gmimc2,alpha=2,koalabear,16,single,176,131072,80,291370830
gmimc2,alpha=2,koalabear,24,single,264,65536,80,234218924
gmimc2,alpha=2,babybear,16,single,176,131072,80,291588426
gmimc2,alpha=2,babybear,24,single,264,65536,80,234905177
poseidon,,bls12_381,3,single,8+56,16384,80,254927355
poseidon,,bls12_381,4,single,8+56,16384,80,376464441
poseidon,,bn254,3,single,8+56,16384,80,246008777
poseidon,,bn254,4,single,8+56,16384,80,367775243
poseidon,,goldilocks,8,single,8+22,131072,80,335185950
poseidon,,goldilocks,12,single,8+22,65536,80,319512260
poseidon,,mersenne31,16,single,8+14,65536,80,321281997
poseidon,,mersenne31,24,single,8+22,16384,80,226094673
poseidon,,koalabear,16,single,8+20,32768,80,252302299
poseidon,,koalabear,24,single,8+23,16384,80,299670780
poseidon,,babybear,16,single,8+13,65536,80,401932686
poseidon,,babybear,24,single,8+21,16384,80,287630429
poseidon2,,bls12_381,3,single,8+56,65536,80,316387520
poseidon2,,bls12_381,4,single,8+56,32768,80,284727925
poseidon2,,bn254,3,single,8+56,65536,80,309414740
poseidon2,,bn254,4,single,8+56,32768,80,274012871
poseidon2,,goldilocks,8,single,8+22,524288,80,391693170
poseidon2,,goldilocks,12,single,8+22,262144,80,268374404
poseidon2,,mersenne31,16,single,8+14,262144,80,253759983
poseidon2,,mersenne31,24,single,8+22,131072,80,209629021
poseidon2,,koalabear,16,single,8+20,262144,80,285038445
poseidon2,,koalabear,24,single,8+23,131072,80,206860377
poseidon2,,babybear,16,single,8+13,262144,80,305981293
poseidon2,,babybear,24,single,8+21,131072,80,248817437
neptune,,bls12_381,4,single,6+69,32768,80,325458271
neptune,,bn254,4,single,6+69,32768,80,314411467
neptune,,goldilocks,8,single,6+38,262144,80,316442974
neptune,,goldilocks,12,single,6+42,131072,80,304144290
psquarehash,,mersenne31,16,single,52,262144,80,242535256
psquarehash,,mersenne31,24,single,52,262144,80,354693525
psquarehash,,koalabear,16,single,52,262144,80,312397894
psquarehash,,koalabear,24,single,52,131072,80,231471511
psquarehash,,babybear,16,single,52,262144,80,311023326
psquarehash,,babybear,24,single,52,131072,80,232060311
rescue_prime,,bls12_381,3,current,16,1024,80,344455963
rescue_prime,,bls12_381,3,original,14,1024,80,301249300
rescue_prime,,bls12_381,4,current,13,1024,80,374639671
rescue_prime,,bls12_381,4,original,11,1024,80,317050859
rescue_prime,,bn254,3,current,16,1024,80,337992545
rescue_prime,,bn254,3,original,14,1024,80,295687596
rescue_prime,,bn254,4,current,13,1024,80,367525446
rescue_prime,,bn254,4,original,11,1024,80,310947694
rescue_prime,,goldilocks,8,single,8,16384,80,252921666
rescue_prime,,goldilocks,12,single,8,16384,80,394031880
rescue_prime,,mersenne31,16,single,8,16384,80,329825582
rescue_prime,,mersenne31,24,single,8,8192,80,265308905
rescue_prime,,koalabear,16,single,8,8192,80,236573795
rescue_prime,,koalabear,24,single,8,8192,80,380854014
rescue_prime,,babybear,16,single,8,8192,80,238106560
rescue_prime,,babybear,24,single,8,8192,80,384966930
anemoi,,bls12_381,4,current,20,1024,80,288069199
anemoi,,bls12_381,4,original,14,1024,80,201886452
anemoi,,bn254,4,current,20,1024,80,282792819
anemoi,,bn254,4,original,14,2048,80,395853344
anemoi,,goldilocks,8,single,11,32768,80,346814401
anemoi,,goldilocks,12,single,10,16384,80,238409255
anemoi,,mersenne31,16,single,10,32768,80,339914777
anemoi,,mersenne31,24,single,9,16384,80,239736655
anemoi,,koalabear,16,single,10,16384,80,259659457
anemoi,,koalabear,24,single,9,16384,80,363502487
anemoi,,babybear,16,single,9,16384,80,234656872
anemoi,,babybear,24,single,9,16384,80,364468021
griffin,,bls12_381,3,current,20,2048,80,287421769
griffin,,bls12_381,3,original,14,2048,80,201244913
griffin,,bls12_381,4,current,20,2048,80,291340102
griffin,,bls12_381,4,original,11,4096,80,318607868
griffin,,bn254,3,current,20,2048,80,282626337
griffin,,bn254,3,original,14,4096,80,395792690
griffin,,bn254,4,current,20,2048,80,284663224
griffin,,bn254,4,original,11,4096,80,313520291
griffin,,goldilocks,8,single,8,131072,80,282658057
griffin,,goldilocks,12,single,8,131072,80,301683490
arion,,bls12_381,3,single,11,4096,80,342149192
arion,,bls12_381,4,single,10,4096,80,331786888
arion,,bn254,3,single,11,4096,80,332498617
arion,,bn254,4,single,10,4096,80,320218018
grendel,native,bls12_381,3,single,24,256,80,269005783
grendel,native,bn254,3,single,24,256,80,267157409
xhash,XHash8,goldilocks,12,single,6,32768,80,283752302
xhash,XHash12,goldilocks,12,single,6,32768,80,370201896
xhash,XHash16,mersenne31,24,single,6,32768,80,301820066
xhash,XHash24,mersenne31,24,single,6,32768,80,363812336
reinforced_concrete,,bls12_381,3,single,7,131072,80,242029971
reinforced_concrete,,bn254,3,single,7,131072,80,241111985
skyscraper,,bls12_381,4,single,18,262144,80,287761243
skyscraper,,bn254,4,single,18,262144,80,279389317
monolith,,goldilocks,8,single,6,1048576,80,266768422
monolith,,goldilocks,12,single,6,524288,80,203673051
monolith,,mersenne31,16,single,6,524288,80,215425754
monolith,,mersenne31,24,single,6,262144,80,216583027
polocolo,,bls12_381,3,single,6,1024,80,261754122
polocolo,,bls12_381,4,single,5,1024,80,291175123
polocolo,,bn254,3,single,6,1024,80,235210317
polocolo,,bn254,4,single,5,1024,80,262133140
tip4p,,goldilocks,12,single,5,262144,80,331332277
plain,sha256_compress,-,-,single,-,8388608,80,211343435
plain,keccak_f1600,-,-,single,-,524288,80,203004992
plain,blake2b_compress,-,-,single,-,2097152,80,240195654
plain,blake3_compress,-,-,single,-,4194304,80,269331581
gmimc,,bls12_381,3,single,228,16384,81,259349328
gmimc,,bls12_381,4,single,231,16384,81,265677272
gmimc,,bn254,3,single,228,16384,81,251593353
gmimc,,bn254,4,single,231,16384,81,256238323
gmimc,,goldilocks,8,single,68,524288,81,337005860
gmimc,,goldilocks,12,single,93,262144,81,235795891
gmimc,,mersenne31,16,single,158,262144,81,267001437
gmimc,,mersenne31,24,single,335,131072,81,330330956
gmimc,,koalabear,16,single,158,262144,81,305512376
gmimc,,koalabear,24,single,335,131072,81,332351753
gmimc,,babybear,16,single,158,131072,81,246549046
gmimc,,babybear,24,single,335,65536,81,259562375
gmimc2,alpha=8,bls12_381,3,single,63,32768,81,212850100
gmimc2,alpha=8,bls12_381,4,single,64,32768,81,217300086
gmimc2,alpha=8,bn254,3,single,63,32768,81,209764113
gmimc2,alpha=8,bn254,4,single,64,32768,81,213417220
gmimc2,alpha=4,goldilocks,8,single,88,262144,81,294689260
gmimc2,alpha=4,goldilocks,12,single,96,262144,81,362602144
gmimc2,alpha=2,mersenne31,16,single,176,65536,81,202016715
gmimc2,alpha=2,mersenne31,24,single,264,32768,81,223311540
gmimc2,alpha=2,koalabear,16,single,176,131072,81,291200850
gmimc2,alpha=2,koalabear,24,single,264,65536,81,235067850
gmimc2,alpha=2,babybear,16,single,176,131072,81,291066951
gmimc2,alpha=2,babybear,24,single,264,65536,81,233778751
poseidon,,bls12_381,3,single,8+56,16384,81,255730024
poseidon,,bls12_381,4,single,8+56,16384,81,376244930
poseidon,,bn254,3,single,8+56,16384,81,246562932
poseidon,,bn254,4,single,8+56,16384,81,368266520
poseidon,,goldilocks,8,single,8+22,131072,81,334028786
poseidon,,goldilocks,12,single,8+22,65536,81,319698026
poseidon,,mersenne31,16,single,8+14,65536,81,319206376
poseidon,,mersenne31,24,single,8+22,16384,81,225733756
poseidon,,koalabear,16,single,8+20,32768,81,251520167
poseidon,,koalabear,24,single,8+23,16384,81,300011797
poseidon,,babybear,16,single,8+13,65536,81,402285554
poseidon,,babybear,24,single,8+21,16384,81,286921544
poseidon2,,bls12_381,3,single,8+56,65536,81,316207783
poseidon2,,bls12_381,4,single,8+56,32768,81,284796092
poseidon2,,bn254,3,single,8+56,65536,81,309313789
poseidon2,,bn254,4,single,8+56,32768,81,274311838
poseidon2,,goldilocks,8,single,8+22,524288,81,391614642
poseidon2,,goldilocks,12,single,8+22,262144,81,268710210
poseidon2,,mersenne31,16,single,8+14,262144,81,253381224
poseidon2,,mersenne31,24,single,8+22,131072,81,209306719
poseidon2,,koalabear,16,single,8+20,262144,81,284683080
poseidon2,,koalabear,24,single,8+23,131072,81,209939029
poseidon2,,babybear,16,single,8+13,262144,81,306288596
poseidon2,,babybear,24,single,8+21,131072,81,248368145
neptune,,bls12_381,4,single,6+69,32768,81,326068009
neptune,,bn254,4,single,6+69,32768,81,314602603
neptune,,goldilocks,8,single,6+38,262144,81,316583555
neptune,,goldilocks,12,single,6+42,131072,81,304016991
psquarehash,,mersenne31,16,single,52,262144,81,243488326
psquarehash,,mersenne31,24,single,52,262144,81,354434861
psquarehash,,koalabear,16,single,52,262144,81,309987539
psquarehash,,koalabear,24,single,52,131072,81,231394666
psquarehash,,babybear,16,single,52,262144,81,311448479
psquarehash,,babybear,24,single,52,131072,81,231737236
rescue_prime,,bls12_381,3,current,16,1024,81,344510454
rescue_prime,,bls12_381,3,original,14,1024,81,301247485
rescue_prime,,bls12_381,4,current,13,1024,81,374637785
rescue_prime,,bls12_381,4,original,11,1024,81,316985867
rescue_prime,,bn254,3,current,16,1024,81,338016779
rescue_prime,,bn254,3,original,14,1024,81,295707983
rescue_prime,,bn254,4,current,13,1024,81,367578233
rescue_prime,,bn254,4,original,11,1024,81,310987247
rescue_prime,,goldilocks,8,single,8,16384,81,252960858
rescue_prime,,goldilocks,12,single,8,16384,81,393771983
rescue_prime,,mersenne31,16,single,8,16384,81,330074076
rescue_prime,,mersenne31,24,single,8,8192,81,265253370
rescue_prime,,koalabear,16,single,8,8192,81,236687477
rescue_prime,,koalabear,24,single,8,8192,81,380901681
rescue_prime,,babybear,16,single,8,8192,81,237383668
rescue_prime,,babybear,24,single,8,8192,81,383466985
anemoi,,bls12_381,4,current,20,1024,81,288130312
anemoi,,bls12_381,4,original,14,1024,81,201748233
anemoi,,bn254,4,current,20,1024,81,282811792
anemoi,,bn254,4,original,14,2048,81,395893898
anemoi,,goldilocks,8,single,11,32768,81,346796266
anemoi,,goldilocks,12,single,10,16384,81,238403013
anemoi,,mersenne31,16,single,10,32768,81,340720312
anemoi,,mersenne31,24,single,9,16384,81,239517035
anemoi,,koalabear,16,single,10,16384,81,259659166
anemoi,,koalabear,24,single,9,16384,81,363401457
anemoi,,babybear,16,single,9,16384,81,234564890
anemoi,,babybear,24,single,9,16384,81,364567005
griffin,,bls12_381,3,current,20,2048,81,287431716
griffin,,bls12_381,3,original,14,2048,81,201234172
griffin,,bls12_381,4,current,20,2048,81,289641717
griffin,,bls12_381,4,original,11,4096,81,318546253
griffin,,bn254,3,current,20,2048,81,282677271
griffin,,bn254,3,original,14,4096,81,395844565
griffin,,bn254,4,current,20,2048,81,284659406
griffin,,bn254,4,original,11,4096,81,313542893
griffin,,goldilocks,8,single,8,131072,81,282169843
griffin,,goldilocks,12,single,8,131072,81,301677559
arion,,bls12_381,3,single,11,4096,81,341982119
arion,,bls12_381,4,single,10,4096,81,331735971
arion,,bn254,3,single,11,4096,81,332528592
arion,,bn254,4,single,10,4096,81,320138528
grendel,native,bls12_381,3,single,24,256,81,269040106
grendel,native,bn254,3,single,24,256,81,267055658
xhash,XHash8,goldilocks,12,single,6,32768,81,283964226
xhash,XHash12,goldilocks,12,single,6,32768,81,370388574
xhash,XHash16,mersenne31,24,single,6,32768,81,301702075
xhash,XHash24,mersenne31,24,single,6,32768,81,363661593
reinforced_concrete,,bls12_381,3,single,7,131072,81,241011337
reinforced_concrete,,bn254,3,single,7,131072,81,240892866
skyscraper,,bls12_381,4,single,18,262144,81,287311231
skyscraper,,bn254,4,single,18,262144,81,280023231
monolith,,goldilocks,8,single,6,1048576,81,265669588
monolith,,goldilocks,12,single,6,524288,81,204355806
monolith,,mersenne31,16,single,6,524288,81,214486768
monolith,,mersenne31,24,single,6,262144,81,216691819
polocolo,,bls12_381,3,single,6,1024,81,261832136
polocolo,,bls12_381,4,single,5,1024,81,291253328
polocolo,,bn254,3,single,6,1024,81,235216417
polocolo,,bn254,4,single,5,1024,81,262200675
tip4p,,goldilocks,12,single,5,262144,81,331712356
plain,sha256_compress,-,-,single,-,8388608,81,211507570
plain,keccak_f1600,-,-,single,-,524288,81,203073669
plain,blake2b_compress,-,-,single,-,2097152,81,239320847
plain,blake3_compress,-,-,single,-,4194304,81,269432759
gmimc,,bls12_381,3,single,228,16384,82,259252856
gmimc,,bls12_381,4,single,231,16384,82,264717528
gmimc,,bn254,3,single,228,16384,82,251196360
gmimc,,bn254,4,single,231,16384,82,254240118
gmimc,,goldilocks,8,single,68,524288,82,337107489
gmimc,,goldilocks,12,single,93,262144,82,236138060
gmimc,,mersenne31,16,single,158,262144,82,266793618
gmimc,,mersenne31,24,single,335,131072,82,321561106
gmimc,,koalabear,16,single,158,262144,82,305516402
gmimc,,koalabear,24,single,335,131072,82,330517954
gmimc,,babybear,16,single,158,131072,82,246594640
gmimc,,babybear,24,single,335,65536,82,259517761
gmimc2,alpha=8,bls12_381,3,single,63,32768,82,212646399
gmimc2,alpha=8,bls12_381,4,single,64,32768,82,216764154
gmimc2,alpha=8,bn254,3,single,63,32768,82,209826689
gmimc2,alpha=8,bn254,4,single,64,32768,82,212690731
gmimc2,alpha=4,goldilocks,8,single,88,262144,82,294571068
gmimc2,alpha=4,goldilocks,12,single,96,262144,82,361816264
gmimc2,alpha=2,mersenne31,16,single,176,65536,82,202138902
gmimc2,alpha=2,mersenne31,24,single,264,32768,82,223302663
gmimc2,alpha=2,koalabear,16,single,176,131072,82,291811991
gmimc2,alpha=2,koalabear,24,single,264,65536,82,235748010
gmimc2,alpha=2,babybear,16,single,176,131072,82,290973134
gmimc2,alpha=2,babybear,24,single,264,65536,82,234244731
poseidon,,bls12_381,3,single,8+56,16384,82,254995820
poseidon,,bls12_381,4,single,8+56,16384,82,375794897
poseidon,,bn254,3,single,8+56,16384,82,246369700
poseidon,,bn254,4,single,8+56,16384,82,367558255
poseidon,,goldilocks,8,single,8+22,131072,82,334515775
poseidon,,goldilocks,12,single,8+22,65536,82,319942511
poseidon,,mersenne31,16,single,8+14,65536,82,325859619
poseidon,,mersenne31,24,single,8+22,16384,82,224835757
poseidon,,koalabear,16,single,8+20,32768,82,251461075
poseidon,,koalabear,24,single,8+23,16384,82,299715952
poseidon,,babybear,16,single,8+13,65536,82,403602743
poseidon,,babybear,24,single,8+21,16384,82,287205654
poseidon2,,bls12_381,3,single,8+56,65536,82,316255481
poseidon2,,bls12_381,4,single,8+56,32768,82,284719447
poseidon2,,bn254,3,single,8+56,65536,82,309752438
poseidon2,,bn254,4,single,8+56,32768,82,274388411
poseidon2,,goldilocks,8,single,8+22,524288,82,391924749
poseidon2,,goldilocks,12,single,8+22,262144,82,268613789
poseidon2,,mersenne31,16,single,8+14,262144,82,253642321
poseidon2,,mersenne31,24,single,8+22,131072,82,209594916
poseidon2,,koalabear,16,single,8+20,262144,82,285807260
poseidon2,,koalabear,24,single,8+23,131072,82,208683183
poseidon2,,babybear,16,single,8+13,262144,82,306823294
poseidon2,,babybear,24,single,8+21,131072,82,248692972
neptune,,bls12_381,4,single,6+69,32768,82,324193195
neptune,,bn254,4,single,6+69,32768,82,314433806
neptune,,goldilocks,8,single,6+38,262144,82,316109588
neptune,,goldilocks,12,single,6+42,131072,82,304193379
psquarehash,,mersenne31,16,single,52,262144,82,244145273
psquarehash,,mersenne31,24,single,52,262144,82,354658407
psquarehash,,koalabear,16,single,52,262144,82,312074648
psquarehash,,koalabear,24,single,52,131072,82,231439478
psquarehash,,babybear,16,single,52,262144,82,311677025
psquarehash,,babybear,24,single,52,131072,82,230914548
rescue_prime,,bls12_381,3,current,16,1024,82,344502257
rescue_prime,,bls12_381,3,original,14,1024,82,301313347
rescue_prime,,bls12_381,4,current,13,1024,82,374717893
rescue_prime,,bls12_381,4,original,11,1024,82,317059834
rescue_prime,,bn254,3,current,16,1024,82,338003583
rescue_prime,,bn254,3,original,14,1024,82,295689888
rescue_prime,,bn254,4,current,13,1024,82,367546332
rescue_prime,,bn254,4,original,11,1024,82,310993437
rescue_prime,,goldilocks,8,single,8,16384,82,252932053
rescue_prime,,goldilocks,12,single,8,16384,82,393956666
rescue_prime,,mersenne31,16,single,8,16384,82,329325446
rescue_prime,,mersenne31,24,single,8,8192,82,265465866
rescue_prime,,koalabear,16,single,8,8192,82,237739071
rescue_prime,,koalabear,24,single,8,8192,82,380563347
rescue_prime,,babybear,16,single,8,8192,82,238314136
rescue_prime,,babybear,24,single,8,8192,82,383666666
anemoi,,bls12_381,4,current,20,1024,82,288119982
anemoi,,bls12_381,4,original,14,1024,82,201758031
anemoi,,bn254,4,current,20,1024,82,282803987
anemoi,,bn254,4,original,14,2048,82,395908735
anemoi,,goldilocks,8,single,11,32768,82,346843442
anemoi,,goldilocks,12,single,10,16384,82,238403623
anemoi,,mersenne31,16,single,10,32768,82,340554520
anemoi,,mersenne31,24,single,9,16384,82,239822955
anemoi,,koalabear,16,single,10,16384,82,259624449
anemoi,,koalabear,24,single,9,16384,82,363457881
anemoi,,babybear,16,single,9,16384,82,234854941
anemoi,,babybear,24,single,9,16384,82,364594174
griffin,,bls12_381,3,current,20,2048,82,287455500
griffin,,bls12_381,3,original,14,2048,82,201278193
griffin,,bls12_381,4,current,20,2048,82,289601340
griffin,,bls12_381,4,original,11,4096,82,320854104
griffin,,bn254,3,current,20,2048,82,282670016
griffin,,bn254,3,original,14,4096,82,395828895
griffin,,bn254,4,current,20,2048,82,284652952
griffin,,bn254,4,original,11,4096,82,313531850
griffin,,goldilocks,8,single,8,131072,82,282073161
griffin,,goldilocks,12,single,8,131072,82,301532757
arion,,bls12_381,3,single,11,4096,82,343097853
arion,,bls12_381,4,single,10,4096,82,329986230
arion,,bn254,3,single,11,4096,82,332525506
arion,,bn254,4,single,10,4096,82,320286995
grendel,native,bls12_381,3,single,24,256,82,269447036
grendel,native,bn254,3,single,24,256,82,267686766
xhash,XHash8,goldilocks,12,single,6,32768,82,283850152
xhash,XHash12,goldilocks,12,single,6,32768,82,370520489
xhash,XHash16,mersenne31,24,single,6,32768,82,301675644
xhash,XHash24,mersenne31,24,single,6,32768,82,363400583
reinforced_concrete,,bls12_381,3,single,7,131072,82,241327346
reinforced_concrete,,bn254,3,single,7,131072,82,242292981
skyscraper,,bls12_381,4,single,18,262144,82,287163093
skyscraper,,bn254,4,single,18,262144,82,279587185
monolith,,goldilocks,8,single,6,1048576,82,265669075
monolith,,goldilocks,12,single,6,524288,82,204814652
monolith,,mersenne31,16,single,6,524288,82,214672425
monolith,,mersenne31,24,single,6,262144,82,217861374
polocolo,,bls12_381,3,single,6,1024,82,261788113
polocolo,,bls12_381,4,single,5,1024,82,291253537
polocolo,,bn254,3,single,6,1024,82,235188865
polocolo,,bn254,4,single,5,1024,82,262121606
tip4p,,goldilocks,12,single,5,262144,82,331946032
plain,sha256_compress,-,-,single,-,8388608,82,211324898
plain,keccak_f1600,-,-,single,-,524288,82,203111710
plain,blake2b_compress,-,-,single,-,2097152,82,240491123
plain,blake3_compress,-,-,single,-,4194304,82,269276707
gmimc,,bls12_381,3,single,228,16384,83,259619070
gmimc,,bls12_381,4,single,231,16384,83,264621097
gmimc,,bn254,3,single,228,16384,83,251061006
gmimc,,bn254,4,single,231,16384,83,254943231
gmimc,,goldilocks,8,single,68,524288,83,337209829
gmimc,,goldilocks,12,single,93,262144,83,235647051
gmimc,,mersenne31,16,single,158,262144,83,269637050
gmimc,,mersenne31,24,single,335,131072,83,319193170
gmimc,,koalabear,16,single,158,262144,83,305754726
gmimc,,koalabear,24,single,335,131072,83,328489793
gmimc,,babybear,16,single,158,131072,83,246444679
gmimc,,babybear,24,single,335,65536,83,259798404
gmimc2,alpha=8,bls12_381,3,single,63,32768,83,213005158
gmimc2,alpha=8,bls12_381,4,single,64,32768,83,217551765
gmimc2,alpha=8,bn254,3,single,63,32768,83,209728395
gmimc2,alpha=8,bn254,4,single,64,32768,83,213552862
gmimc2,alpha=4,goldilocks,8,single,88,262144,83,294306452
gmimc2,alpha=4,goldilocks,12,single,96,262144,83,362597192
gmimc2,alpha=2,mersenne31,16,single,176,65536,83,201864990
gmimc2,alpha=2,mersenne31,24,single,264,32768,83,223198418
gmimc2,alpha=2,koalabear,16,single,176,131072,83,291179288
gmimc2,alpha=2,koalabear,24,single,264,65536,83,235197471
gmimc2,alpha=2,babybear,16,single,176,131072,83,291045188
gmimc2,alpha=2,babybear,24,single,264,65536,83,235200577
poseidon,,bls12_381,3,single,8+56,16384,83,255608083
poseidon,,bls12_381,4,single,8+56,16384,83,376438108
poseidon,,bn254,3,single,8+56,16384,83,246607214
poseidon,,bn254,4,single,8+56,16384,83,367971145
poseidon,,goldilocks,8,single,8+22,131072,83,334773426
poseidon,,goldilocks,12,single,8+22,65536,83,319755921
poseidon,,mersenne31,16,single,8+14,65536,83,320642738
poseidon,,mersenne31,24,single,8+22,16384,83,226627896
poseidon,,koalabear,16,single,8+20,32768,83,251069492
poseidon,,koalabear,24,single,8+23,16384,83,299917988
poseidon,,babybear,16,single,8+13,65536,83,401880944
poseidon,,babybear,24,single,8+21,16384,83,287450750
poseidon2,,bls12_381,3,single,8+56,65536,83,316266219
poseidon2,,bls12_381,4,single,8+56,32768,83,284679211
poseidon2,,bn254,3,single,8+56,65536,83,309414094
poseidon2,,bn254,4,single,8+56,32768,83,274296808
poseidon2,,goldilocks,8,single,8+22,524288,83,391471110
poseidon2,,goldilocks,12,single,8+22,262144,83,268573683
poseidon2,,mersenne31,16,single,8+14,262144,83,253525542
poseidon2,,mersenne31,24,single,8+22,131072,83,209906748
poseidon2,,koalabear,16,single,8+20,262144,83,285611153
poseidon2,,koalabear,24,single,8+23,131072,83,207050511
poseidon2,,babybear,16,single,8+13,262144,83,306919303
poseidon2,,babybear,24,single,8+21,131072,83,248288404
neptune,,bls12_381,4,single,6+69,32768,83,325808933
neptune,,bn254,4,single,6+69,32768,83,314016756
neptune,,goldilocks,8,single,6+38,262144,83,316847597
neptune,,goldilocks,12,single,6+42,131072,83,303376893
psquarehash,,mersenne31,16,single,52,262144,83,243728823
psquarehash,,mersenne31,24,single,52,262144,83,354466798
psquarehash,,koalabear,16,single,52,262144,83,312247068
psquarehash,,koalabear,24,single,52,131072,83,231444697
psquarehash,,babybear,16,single,52,262144,83,311540218
psquarehash,,babybear,24,single,52,131072,83,232533772
rescue_prime,,bls12_381,3,current,16,1024,83,344498619
rescue_prime,,bls12_381,3,original,14,1024,83,301280815
rescue_prime,,bls12_381,4,current,13,1024,83,374684249
rescue_prime,,bls12_381,4,original,11,1024,83,317025659
rescue_prime,,bn254,3,current,16,1024,83,338003792
rescue_prime,,bn254,3,original,14,1024,83,295680760
rescue_prime,,bn254,4,current,13,1024,83,367494794
rescue_prime,,bn254,4,original,11,1024,83,313596350
rescue_prime,,goldilocks,8,single,8,16384,83,252841042
rescue_prime,,goldilocks,12,single,8,16384,83,393995638
rescue_prime,,mersenne31,16,single,8,16384,83,328790394
rescue_prime,,mersenne31,24,single,8,8192,83,265325863
rescue_prime,,koalabear,16,single,8,8192,83,235689790
rescue_prime,,koalabear,24,single,8,8192,83,381322756
rescue_prime,,babybear,16,single,8,8192,83,237847031
rescue_prime,,babybear,24,single,8,8192,83,383450181
anemoi,,bls12_381,4,current,20,1024,83,290447791
anemoi,,bls12_381,4,original,14,1024,83,202312115
anemoi,,bn254,4,current,20,1024,83,282785542
anemoi,,bn254,4,original,14,2048,83,395895849
anemoi,,goldilocks,8,single,11,32768,83,347557767
anemoi,,goldilocks,12,single,10,16384,83,238232882
anemoi,,mersenne31,16,single,10,32768,83,340599252
anemoi,,mersenne31,24,single,9,16384,83,239994375
anemoi,,koalabear,16,single,10,16384,83,259693177
anemoi,,koalabear,24,single,9,16384,83,363469321
anemoi,,babybear,16,single,9,16384,83,234908851
anemoi,,babybear,24,single,9,16384,83,364468138
griffin,,bls12_381,3,current,20,2048,83,287437735
griffin,,bls12_381,3,original,14,2048,83,202460803
griffin,,bls12_381,4,current,20,2048,83,289666500
griffin,,bls12_381,4,original,11,4096,83,318629375
griffin,,bn254,3,current,20,2048,83,282708438
griffin,,bn254,3,original,14,4096,83,395914113
griffin,,bn254,4,current,20,2048,83,284656398
griffin,,bn254,4,original,11,4096,83,313506131
griffin,,goldilocks,8,single,8,131072,83,281920394
griffin,,goldilocks,12,single,8,131072,83,301519661
arion,,bls12_381,3,single,11,4096,83,342019185
arion,,bls12_381,4,single,10,4096,83,331656771
arion,,bn254,3,single,11,4096,83,332564567
arion,,bn254,4,single,10,4096,83,320181326
grendel,native,bls12_381,3,single,24,256,83,268951559
grendel,native,bn254,3,single,24,256,83,267515776
xhash,XHash8,goldilocks,12,single,6,32768,83,283611745
xhash,XHash12,goldilocks,12,single,6,32768,83,370160114
xhash,XHash16,mersenne31,24,single,6,32768,83,302108562
xhash,XHash24,mersenne31,24,single,6,32768,83,363827760
reinforced_concrete,,bls12_381,3,single,7,131072,83,241091525
reinforced_concrete,,bn254,3,single,7,131072,83,241419647
skyscraper,,bls12_381,4,single,18,262144,83,287336897
skyscraper,,bn254,4,single,18,262144,83,279046694
monolith,,goldilocks,8,single,6,1048576,83,266132561
monolith,,goldilocks,12,single,6,524288,83,203522757
monolith,,mersenne31,16,single,6,524288,83,215518274
monolith,,mersenne31,24,single,6,262144,83,216768931
polocolo,,bls12_381,3,single,6,1024,83,261796878
polocolo,,bls12_381,4,single,5,1024,83,291243507
polocolo,,bn254,3,single,6,1024,83,235214832
polocolo,,bn254,4,single,5,1024,83,262134129
tip4p,,goldilocks,12,single,5,262144,83,331768759
plain,sha256_compress,-,-,single,-,8388608,83,211390060
plain,keccak_f1600,-,-,single,-,524288,83,203235981
plain,blake2b_compress,-,-,single,-,2097152,83,239615577
plain,blake3_compress,-,-,single,-,4194304,83,269767703
gmimc,,bls12_381,3,single,228,16384,84,259697105
gmimc,,bls12_381,4,single,231,16384,84,265356441
gmimc,,bn254,3,single,228,16384,84,251404578
gmimc,,bn254,4,single,231,16384,84,256790523
gmimc,,goldilocks,8,single,68,524288,84,337173420
gmimc,,goldilocks,12,single,93,262144,84,235716550
gmimc,,mersenne31,16,single,158,262144,84,267253515
gmimc,,mersenne31,24,single,335,131072,84,334838345
gmimc,,koalabear,16,single,158,262144,84,305566393
gmimc,,koalabear,24,single,335,131072,84,333698064
gmimc,,babybear,16,single,158,131072,84,246428028
gmimc,,babybear,24,single,335,65536,84,259545972
gmimc2,alpha=8,bls12_381,3,single,63,32768,84,212815964
gmimc2,alpha=8,bls12_381,4,single,64,32768,84,217586109
gmimc2,alpha=8,bn254,3,single,63,32768,84,210020330
gmimc2,alpha=8,bn254,4,single,64,32768,84,213673847
gmimc2,alpha=4,goldilocks,8,single,88,262144,84,294592085
gmimc2,alpha=4,goldilocks,12,single,96,262144,84,362286109
gmimc2,alpha=2,mersenne31,16,single,176,65536,84,202050947
gmimc2,alpha=2,mersenne31,24,single,264,32768,84,223318341
gmimc2,alpha=2,koalabear,16,single,176,131072,84,291178095
gmimc2,alpha=2,koalabear,24,single,264,65536,84,235121548
gmimc2,alpha=2,babybear,16,single,176,131072,84,291113685
gmimc2,alpha=2,babybear,24,single,264,65536,84,235252843
poseidon,,bls12_381,3,single,8+56,16384,84,254467280
poseidon,,bls12_381,4,single,8+56,16384,84,376860406
poseidon,,bn254,3,single,8+56,16384,84,246984026
poseidon,,bn254,4,single,8+56,16384,84,368311710
poseidon,,goldilocks,8,single,8+22,131072,84,334844858
poseidon,,goldilocks,12,single,8+22,65536,84,319868220
poseidon,,mersenne31,16,single,8+14,65536,84,318313434
poseidon,,mersenne31,24,single,8+22,16384,84,226152267
poseidon,,koalabear,16,single,8+20,32768,84,252012283
poseidon,,koalabear,24,single,8+23,16384,84,300036950
poseidon,,babybear,16,single,8+13,65536,84,401465055
poseidon,,babybear,24,single,8+21,16384,84,287136782
poseidon2,,bls12_381,3,single,8+56,65536,84,316482924
poseidon2,,bls12_381,4,single,8+56,32768,84,284903439
poseidon2,,bn254,3,single,8+56,65536,84,309307845
poseidon2,,bn254,4,single,8+56,32768,84,274215205
poseidon2,,goldilocks,8,single,8+22,524288,84,391660362
poseidon2,,goldilocks,12,single,8+22,262144,84,268533457
poseidon2,,mersenne31,16,single,8+14,262144,84,253341116
poseidon2,,mersenne31,24,single,8+22,131072,84,209642734
poseidon2,,koalabear,16,single,8+20,262144,84,285926961
poseidon2,,koalabear,24,single,8+23,131072,84,206804400
poseidon2,,babybear,16,single,8+13,262144,84,306200167
poseidon2,,babybear,24,single,8+21,131072,84,248237228
neptune,,bls12_381,4,single,6+69,32768,84,325779797
neptune,,bn254,4,single,6+69,32768,84,314794799
neptune,,goldilocks,8,single,6+38,262144,84,316779057
neptune,,goldilocks,12,single,6+42,131072,84,304051351
psquarehash,,mersenne31,16,single,52,262144,84,243923667
psquarehash,,mersenne31,24,single,52,262144,84,354699682
psquarehash,,koalabear,16,single,52,262144,84,312458843
psquarehash,,koalabear,24,single,52,131072,84,231535656
psquarehash,,babybear,16,single,52,262144,84,311848793
psquarehash,,babybear,24,single,52,131072,84,231003542
rescue_prime,,bls12_381,3,current,16,1024,84,344524146
rescue_prime,,bls12_381,3,original,14,1024,84,301322422
rescue_prime,,bls12_381,4,current,13,1024,84,374776261
rescue_prime,,bls12_381,4,original,11,1024,84,317027511
rescue_prime,,bn254,3,current,16,1024,84,337998741
rescue_prime,,bn254,3,original,14,1024,84,295753976
rescue_prime,,bn254,4,current,13,1024,84,367558091
rescue_prime,,bn254,4,original,11,1024,84,310964440
rescue_prime,,goldilocks,8,single,8,16384,84,252953882
rescue_prime,,goldilocks,12,single,8,16384,84,393986188
rescue_prime,,mersenne31,16,single,8,16384,84,329830096
rescue_prime,,mersenne31,24,single,8,8192,84,265400843
rescue_prime,,koalabear,16,single,8,8192,84,236178683
rescue_prime,,koalabear,24,single,8,8192,84,380751396
rescue_prime,,babybear,16,single,8,8192,84,237195353
rescue_prime,,babybear,24,single,8,8192,84,383419101
anemoi,,bls12_381,4,current,20,1024,84,288105302
anemoi,,bls12_381,4,original,14,1024,84,202016312
anemoi,,bn254,4,current,20,1024,84,282779268
anemoi,,bn254,4,original,14,2048,84,395898352
anemoi,,goldilocks,8,single,11,32768,84,347213491
anemoi,,goldilocks,12,single,10,16384,84,238211652
anemoi,,mersenne31,16,single,10,32768,84,342699165
anemoi,,mersenne31,24,single,9,16384,84,239708610
anemoi,,koalabear,16,single,10,16384,84,260179645
anemoi,,koalabear,24,single,9,16384,84,363254328
anemoi,,babybear,16,single,9,16384,84,235714766
anemoi,,babybear,24,single,9,16384,84,364487753
griffin,,bls12_381,3,current,20,2048,84,289634159
griffin,,bls12_381,3,original,14,2048,84,201260369
griffin,,bls12_381,4,current,20,2048,84,289630442
griffin,,bls12_381,4,original,11,4096,84,318606241
griffin,,bn254,3,current,20,2048,84,282705071
griffin,,bn254,3,original,14,4096,84,395842347
griffin,,bn254,4,current,20,2048,84,284653231
griffin,,bn254,4,original,11,4096,84,313561594
griffin,,goldilocks,8,single,8,131072,84,282526516
griffin,,goldilocks,12,single,8,131072,84,301138167
arion,,bls12_381,3,single,11,4096,84,341968079
arion,,bls12_381,4,single,10,4096,84,331493715
arion,,bn254,3,single,11,4096,84,332543586
arion,,bn254,4,single,10,4096,84,320222331
grendel,native,bls12_381,3,single,24,256,84,270145770
grendel,native,bn254,3,single,24,256,84,268242733
xhash,XHash8,goldilocks,12,single,6,32768,84,283537896
xhash,XHash12,goldilocks,12,single,6,32768,84,370153070
xhash,XHash16,mersenne31,24,single,6,32768,84,302053598
xhash,XHash24,mersenne31,24,single,6,32768,84,363705541
reinforced_concrete,,bls12_381,3,single,7,131072,84,240791743
reinforced_concrete,,bn254,3,single,7,131072,84,241699430
skyscraper,,bls12_381,4,single,18,262144,84,287373043
skyscraper,,bn254,4,single,18,262144,84,279372011
monolith,,goldilocks,8,single,6,1048576,84,265950209
monolith,,goldilocks,12,single,6,524288,84,205216872
monolith,,mersenne31,16,single,6,524288,84,214769624
monolith,,mersenne31,24,single,6,262144,84,216573425
polocolo,,bls12_381,3,single,6,1024,84,261834898
polocolo,,bls12_381,4,single,5,1024,84,291248536
polocolo,,bn254,3,single,6,1024,84,235203951
polocolo,,bn254,4,single,5,1024,84,262148073
tip4p,,goldilocks,12,single,5,262144,84,331832277
plain,sha256_compress,-,-,single,-,8388608,84,211269693
plain,keccak_f1600,-,-,single,-,524288,84,202999860
plain,blake2b_compress,-,-,single,-,2097152,84,240275499
plain,blake3_compress,-,-,single,-,4194304,84,269645134
gmimc,,bls12_381,3,single,228,16384,85,259671135
gmimc,,bls12_381,4,single,231,16384,85,264839192
gmimc,,bn254,3,single,228,16384,85,251830212
gmimc,,bn254,4,single,231,16384,85,256127342
gmimc,,goldilocks,8,single,68,524288,85,336911229
gmimc,,goldilocks,12,single,93,262144,85,236641587
gmimc,,mersenne31,16,single,158,262144,85,269151852
gmimc,,mersenne31,24,single,335,131072,85,322933137
gmimc,,koalabear,16,single,158,262144,85,305533601
gmimc,,koalabear,24,single,335,131072,85,340581988
gmimc,,babybear,16,single,158,131072,85,246517644
gmimc,,babybear,24,single,335,65536,85,259526644
gmimc2,alpha=8,bls12_381,3,single,63,32768,85,212466069
gmimc2,alpha=8,bls12_381,4,single,64,32768,85,217270979
gmimc2,alpha=8,bn254,3,single,63,32768,85,210162244
gmimc2,alpha=8,bn254,4,single,64,32768,85,213081580
gmimc2,alpha=4,goldilocks,8,single,88,262144,85,294226811
gmimc2,alpha=4,goldilocks,12,single,96,262144,85,362905065
gmimc2,alpha=2,mersenne31,16,single,176,65536,85,202136526
gmimc2,alpha=2,mersenne31,24,single,264,32768,85,223079102
gmimc2,alpha=2,koalabear,16,single,176,131072,85,291203912
gmimc2,alpha=2,koalabear,24,single,264,65536,85,234533969
gmimc2,alpha=2,babybear,16,single,176,131072,85,291244237
gmimc2,alpha=2,babybear,24,single,264,65536,85,240366689
poseidon,,bls12_381,3,single,8+56,16384,85,255516331
poseidon,,bls12_381,4,single,8+56,16384,85,376697319
poseidon,,bn254,3,single,8+56,16384,85,245512977
poseidon,,bn254,4,single,8+56,16384,85,367774314
poseidon,,goldilocks,8,single,8+22,131072,85,334880984
poseidon,,goldilocks,12,single,8+22,65536,85,320313050
poseidon,,mersenne31,16,single,8+14,65536,85,320095122
poseidon,,mersenne31,24,single,8+22,16384,85,225824103
poseidon,,koalabear,16,single,8+20,32768,85,251343112
poseidon,,koalabear,24,single,8+23,16384,85,300049853
poseidon,,babybear,16,single,8+13,65536,85,401986408
poseidon,,babybear,24,single,8+21,16384,85,287521140
poseidon2,,bls12_381,3,single,8+56,65536,85,316362056
poseidon2,,bls12_381,4,single,8+56,32768,85,284605271
poseidon2,,bn254,3,single,8+56,65536,85,309346646
poseidon2,,bn254,4,single,8+56,32768,85,273594423
poseidon2,,goldilocks,8,single,8+22,524288,85,391887125
poseidon2,,goldilocks,12,single,8+22,262144,85,268372916
poseidon2,,mersenne31,16,single,8+14,262144,85,253706959
poseidon2,,mersenne31,24,single,8+22,131072,85,209585106
poseidon2,,koalabear,16,single,8+20,262144,85,283986233
poseidon2,,koalabear,24,single,8+23,131072,85,207373533
poseidon2,,babybear,16,single,8+13,262144,85,306400530
poseidon2,,babybear,24,single,8+21,131072,85,248983401
neptune,,bls12_381,4,single,6+69,32768,85,324596174
neptune,,bn254,4,single,6+69,32768,85,313889646
neptune,,goldilocks,8,single,6+38,262144,85,316112630
neptune,,goldilocks,12,single,6+42,131072,85,303820700
psquarehash,,mersenne31,16,single,52,262144,85,243880465
psquarehash,,mersenne31,24,single,52,262144,85,354605293
psquarehash,,koalabear,16,single,52,262144,85,313268095
psquarehash,,koalabear,24,single,52,131072,85,231454914
psquarehash,,babybear,16,single,52,262144,85,311668115
psquarehash,,babybear,24,single,52,131072,85,232720129
rescue_prime,,bls12_381,3,current,16,1024,85,344576603
rescue_prime,,bls12_381,3,original,14,1024,85,301325176
rescue_prime,,bls12_381,4,current,13,1024,85,374671163
rescue_prime,,bls12_381,4,original,11,1024,85,317059439
rescue_prime,,bn254,3,current,16,1024,85,338005302
rescue_prime,,bn254,3,original,14,1024,85,295738957
rescue_prime,,bn254,4,current,13,1024,85,367558440
rescue_prime,,bn254,4,original,11,1024,85,310932970
rescue_prime,,goldilocks,8,single,8,16384,85,252863432
rescue_prime,,goldilocks,12,single,8,16384,85,394693109
rescue_prime,,mersenne31,16,single,8,16384,85,328723647
rescue_prime,,mersenne31,24,single,8,8192,85,265197332
rescue_prime,,koalabear,16,single,8,8192,85,236662868
rescue_prime,,koalabear,24,single,8,8192,85,381284411
rescue_prime,,babybear,16,single,8,8192,85,237570653
rescue_prime,,babybear,24,single,8,8192,85,383556627
anemoi,,bls12_381,4,current,20,1024,85,288191182
anemoi,,bls12_381,4,original,14,1024,85,201834912
anemoi,,bn254,4,current,20,1024,85,282859799
anemoi,,bn254,4,original,14,2048,85,395907027
anemoi,,goldilocks,8,single,11,32768,85,347154280
anemoi,,goldilocks,12,single,10,16384,85,238298494
anemoi,,mersenne31,16,single,10,32768,85,341700497
anemoi,,mersenne31,24,single,9,16384,85,240161826
anemoi,,koalabear,16,single,10,16384,85,260405256
anemoi,,koalabear,24,single,9,16384,85,363773647
anemoi,,babybear,16,single,9,16384,85,235648361
anemoi,,babybear,24,single,9,16384,85,364434061
griffin,,bls12_381,3,current,20,2048,85,287459834
griffin,,bls12_381,3,original,14,2048,85,201233528
griffin,,bls12_381,4,current,20,2048,85,291413683
griffin,,bls12_381,4,original,11,4096,85,319794039
griffin,,bn254,3,current,20,2048,85,282731558
griffin,,bn254,3,original,14,4096,85,395894153
griffin,,bn254,4,current,20,2048,85,284668318
griffin,,bn254,4,original,11,4096,85,313566472
griffin,,goldilocks,8,single,8,131072,85,282505776
griffin,,goldilocks,12,single,8,131072,85,301710706
arion,,bls12_381,3,single,11,4096,85,342005207
arion,,bls12_381,4,single,10,4096,85,329787124
arion,,bn254,3,single,11,4096,85,332658740
arion,,bn254,4,single,10,4096,85,320144815
grendel,native,bls12_381,3,single,24,256,85,268667747
grendel,native,bn254,3,single,24,256,85,267199082
xhash,XHash8,goldilocks,12,single,6,32768,85,283600722
xhash,XHash12,goldilocks,12,single,6,32768,85,370377488
xhash,XHash16,mersenne31,24,single,6,32768,85,301568210
xhash,XHash24,mersenne31,24,single,6,32768,85,363140785
reinforced_concrete,,bls12_381,3,single,7,131072,85,241112242
reinforced_concrete,,bn254,3,single,7,131072,85,240929921
skyscraper,,bls12_381,4,single,18,262144,85,287420341
skyscraper,,bn254,4,single,18,262144,85,279323409
monolith,,goldilocks,8,single,6,1048576,85,266325469
monolith,,goldilocks,12,single,6,524288,85,204779254
monolith,,mersenne31,16,single,6,524288,85,215264208
monolith,,mersenne31,24,single,6,262144,85,216531696
polocolo,,bls12_381,3,single,6,1024,85,261814790
polocolo,,bls12_381,4,single,5,1024,85,291232454
polocolo,,bn254,3,single,6,1024,85,235287657
polocolo,,bn254,4,single,5,1024,85,262134157
tip4p,,goldilocks,12,single,5,262144,85,332089437
plain,sha256_compress,-,-,single,-,8388608,85,211395087
plain,keccak_f1600,-,-,single,-,524288,85,203072945
plain,blake2b_compress,-,-,single,-,2097152,85,239937115
plain,blake3_compress,-,-,single,-,4194304,85,271336113
gmimc,,bls12_381,3,single,228,16384,86,259174225
gmimc,,bls12_381,4,single,231,16384,86,264450866
gmimc,,bn254,3,single,228,16384,86,252780497
gmimc,,bn254,4,single,231,16384,86,255984234
gmimc,,goldilocks,8,single,68,524288,86,337139083
gmimc,,goldilocks,12,single,93,262144,86,235569984
gmimc,,mersenne31,16,single,158,262144,86,269523966
gmimc,,mersenne31,24,single,335,131072,86,320775022
gmimc,,koalabear,16,single,158,262144,86,306103365
gmimc,,koalabear,24,single,335,131072,86,332937661
gmimc,,babybear,16,single,158,131072,86,246490462
gmimc,,babybear,24,single,335,65536,86,259555007
gmimc2,alpha=8,bls12_381,3,single,63,32768,86,213260473
gmimc2,alpha=8,bls12_381,4,single,64,32768,86,217355907
gmimc2,alpha=8,bn254,3,single,63,32768,86,210382004
gmimc2,alpha=8,bn254,4,single,64,32768,86,213704412
gmimc2,alpha=4,goldilocks,8,single,88,262144,86,294638860
gmimc2,alpha=4,goldilocks,12,single,96,262144,86,363396111
gmimc2,alpha=2,mersenne31,16,single,176,65536,86,204461901
gmimc2,alpha=2,mersenne31,24,single,264,32768,86,223525165
gmimc2,alpha=2,koalabear,16,single,176,131072,86,291079548
gmimc2,alpha=2,koalabear,24,single,264,65536,86,235435824
gmimc2,alpha=2,babybear,16,single,176,131072,86,291302546
gmimc2,alpha=2,babybear,24,single,264,65536,86,234171561
poseidon,,bls12_381,3,single,8+56,16384,86,255280068
poseidon,,bls12_381,4,single,8+56,16384,86,376024971
poseidon,,bn254,3,single,8+56,16384,86,246460306
poseidon,,bn254,4,single,8+56,16384,86,367729599
poseidon,,goldilocks,8,single,8+22,131072,86,334727336
poseidon,,goldilocks,12,single,8+22,65536,86,320454553
poseidon,,mersenne31,16,single,8+14,65536,86,323332071
poseidon,,mersenne31,24,single,8+22,16384,86,224650007
poseidon,,koalabear,16,single,8+20,32768,86,254079955
poseidon,,koalabear,24,single,8+23,16384,86,299884252
poseidon,,babybear,16,single,8+13,65536,86,402670595
poseidon,,babybear,24,single,8+21,16384,86,287510509
poseidon2,,bls12_381,3,single,8+56,65536,86,316230009
poseidon2,,bls12_381,4,single,8+56,32768,86,284682183
poseidon2,,bn254,3,single,8+56,65536,86,309655843
poseidon2,,bn254,4,single,8+56,32768,86,274287067
poseidon2,,goldilocks,8,single,8+22,524288,86,391693422
poseidon2,,goldilocks,12,single,8+22,262144,86,268489843
poseidon2,,mersenne31,16,single,8+14,262144,86,253135881
poseidon2,,mersenne31,24,single,8+22,131072,86,209978419
poseidon2,,koalabear,16,single,8+20,262144,86,285671462
poseidon2,,koalabear,24,single,8+23,131072,86,206847158
poseidon2,,babybear,16,single,8+13,262144,86,305654946
poseidon2,,babybear,24,single,8+21,131072,86,248983391
neptune,,bls12_381,4,single,6+69,32768,86,325639392
neptune,,bn254,4,single,6+69,32768,86,314460703
neptune,,goldilocks,8,single,6+38,262144,86,316037148
neptune,,goldilocks,12,single,6+42,131072,86,304092206
psquarehash,,mersenne31,16,single,52,262144,86,243839959
psquarehash,,mersenne31,24,single,52,262144,86,355547974
psquarehash,,koalabear,16,single,52,262144,86,312632746
psquarehash,,koalabear,24,single,52,131072,86,231964045
psquarehash,,babybear,16,single,52,262144,86,311764473
psquarehash,,babybear,24,single,52,131072,86,232420929
rescue_prime,,bls12_381,3,current,16,1024,86,344502572
rescue_prime,,bls12_381,3,original,14,1024,86,301304526
rescue_prime,,bls12_381,4,current,13,1024,86,374712248
rescue_prime,,bls12_381,4,original,11,1024,86,317122536
rescue_prime,,bn254,3,current,16,1024,86,338012525
rescue_prime,,bn254,3,original,14,1024,86,295724057
rescue_prime,,bn254,4,current,13,1024,86,367625103
rescue_prime,,bn254,4,original,11,1024,86,311020092
rescue_prime,,goldilocks,8,single,8,16384,86,252893778
rescue_prime,,goldilocks,12,single,8,16384,86,393946171
rescue_prime,,mersenne31,16,single,8,16384,86,329068160
rescue_prime,,mersenne31,24,single,8,8192,86,265856843
rescue_prime,,koalabear,16,single,8,8192,86,236690588
rescue_prime,,koalabear,24,single,8,8192,86,381381692
rescue_prime,,babybear,16,single,8,8192,86,237848061
rescue_prime,,babybear,24,single,8,8192,86,383656142
anemoi,,bls12_381,4,current,20,1024,86,288124075
anemoi,,bls12_381,4,original,14,1024,86,201773466
anemoi,,bn254,4,current,20,1024,86,282802340
anemoi,,bn254,4,original,14,2048,86,395950307
anemoi,,goldilocks,8,single,11,32768,86,347043812
anemoi,,goldilocks,12,single,10,16384,86,238345961
anemoi,,mersenne31,16,single,10,32768,86,341491495
anemoi,,mersenne31,24,single,9,16384,86,239669154
anemoi,,koalabear,16,single,10,16384,86,260484734
anemoi,,koalabear,24,single,9,16384,86,363394067
anemoi,,babybear,16,single,9,16384,86,236044010
anemoi,,babybear,24,single,9,16384,86,364592496
griffin,,bls12_381,3,current,20,2048,86,287578766
griffin,,bls12_381,3,original,14,2048,86,201268913
griffin,,bls12_381,4,current,20,2048,86,289643455
griffin,,bls12_381,4,original,11,4096,86,318682221
griffin,,bn254,3,current,20,2048,86,282758137
griffin,,bn254,3,original,14,4096,86,395992324
griffin,,bn254,4,current,20,2048,86,284641316
griffin,,bn254,4,original,11,4096,86,313574786
griffin,,goldilocks,8,single,8,131072,86,281934628
griffin,,goldilocks,12,single,8,131072,86,301131142
arion,,bls12_381,3,single,11,4096,86,341856277
arion,,bls12_381,4,single,10,4096,86,329679482
arion,,bn254,3,single,11,4096,86,332691912
arion,,bn254,4,single,10,4096,86,320293582
grendel,native,bls12_381,3,single,24,256,86,269569591
grendel,native,bn254,3,single,24,256,86,267508248
xhash,XHash8,goldilocks,12,single,6,32768,86,284020736
xhash,XHash12,goldilocks,12,single,6,32768,86,370281447
xhash,XHash16,mersenne31,24,single,6,32768,86,301939713
xhash,XHash24,mersenne31,24,single,6,32768,86,363309468
reinforced_concrete,,bls12_381,3,single,7,131072,86,240857184
reinforced_concrete,,bn254,3,single,7,131072,86,241691002
skyscraper,,bls12_381,4,single,18,262144,86,287723526
skyscraper,,bn254,4,single,18,262144,86,279477606
monolith,,goldilocks,8,single,6,1048576,86,267361765
monolith,,goldilocks,12,single,6,524288,86,205200230
monolith,,mersenne31,16,single,6,524288,86,215409699
monolith,,mersenne31,24,single,6,262144,86,216792964
polocolo,,bls12_381,3,single,6,1024,86,261863330
polocolo,,bls12_381,4,single,5,1024,86,292856257
polocolo,,bn254,3,single,6,1024,86,235225440
polocolo,,bn254,4,single,5,1024,86,262178678
tip4p,,goldilocks,12,single,5,262144,86,331988858
plain,sha256_compress,-,-,single,-,8388608,86,211452684
plain,keccak_f1600,-,-,single,-,524288,86,203228375
plain,blake2b_compress,-,-,single,-,2097152,86,239898653
plain,blake3_compress,-,-,single,-,4194304,86,269008642
gmimc,,bls12_381,3,single,228,16384,87,259312262
gmimc,,bls12_381,4,single,231,16384,87,265817308
gmimc,,bn254,3,single,228,16384,87,251165718
gmimc,,bn254,4,single,231,16384,87,255169550
gmimc,,goldilocks,8,single,68,524288,87,337192792
gmimc,,goldilocks,12,single,93,262144,87,234740824
gmimc,,mersenne31,16,single,158,262144,87,266600142
gmimc,,mersenne31,24,single,335,131072,87,313418724
gmimc,,koalabear,16,single,158,262144,87,305806849
gmimc,,koalabear,24,single,335,131072,87,329104657
gmimc,,babybear,16,single,158,131072,87,246549261
gmimc,,babybear,24,single,335,65536,87,259523256
gmimc2,alpha=8,bls12_381,3,single,63,32768,87,212804571
gmimc2,alpha=8,bls12_381,4,single,64,32768,87,217687356
gmimc2,alpha=8,bn254,3,single,63,32768,87,209924268
gmimc2,alpha=8,bn254,4,single,64,32768,87,213511943
gmimc2,alpha=4,goldilocks,8,single,88,262144,87,294415332
gmimc2,alpha=4,goldilocks,12,single,96,262144,87,363288178
gmimc2,alpha=2,mersenne31,16,single,176,65536,87,202054732
gmimc2,alpha=2,mersenne31,24,single,264,32768,87,222898724
gmimc2,alpha=2,koalabear,16,single,176,131072,87,291045204
gmimc2,alpha=2,koalabear,24,single,264,65536,87,236353478
gmimc2,alpha=2,babybear,16,single,176,131072,87,291579191
gmimc2,alpha=2,babybear,24,single,264,65536,87,236955173
poseidon,,bls12_381,3,single,8+56,16384,87,255521547
poseidon,,bls12_381,4,single,8+56,16384,87,376555241
poseidon,,bn254,3,single,8+56,16384,87,245819908
poseidon,,bn254,4,single,8+56,16384,87,368227017
poseidon,,goldilocks,8,single,8+22,131072,87,334553650
poseidon,,goldilocks,12,single,8+22,65536,87,320373941
poseidon,,mersenne31,16,single,8+14,65536,87,330980473
poseidon,,mersenne31,24,single,8+22,16384,87,225287417
poseidon,,koalabear,16,single,8+20,32768,87,252489242
poseidon,,koalabear,24,single,8+23,16384,87,299996440
poseidon,,babybear,16,single,8+13,65536,87,403957810
poseidon,,babybear,24,single,8+21,16384,87,286869299
poseidon2,,bls12_381,3,single,8+56,65536,87,316319995
poseidon2,,bls12_381,4,single,8+56,32768,87,284850597
poseidon2,,bn254,3,single,8+56,65536,87,309900829
poseidon2,,bn254,4,single,8+56,32768,87,274363349
poseidon2,,goldilocks,8,single,8+22,524288,87,391768620
poseidon2,,goldilocks,12,single,8+22,262144,87,268405695
poseidon2,,mersenne31,16,single,8+14,262144,87,252768453
poseidon2,,mersenne31,24,single,8+22,131072,87,209759479
poseidon2,,koalabear,16,single,8+20,262144,87,289558074
poseidon2,,koalabear,24,single,8+23,131072,87,207606236
poseidon2,,babybear,16,single,8+13,262144,87,305848797
poseidon2,,babybear,24,single,8+21,131072,87,248552985
neptune,,bls12_381,4,single,6+69,32768,87,326253909
neptune,,bn254,4,single,6+69,32768,87,314698044
neptune,,goldilocks,8,single,6+38,262144,87,316371502
neptune,,goldilocks,12,single,6+42,131072,87,304445945
psquarehash,,mersenne31,16,single,52,262144,87,242254154
psquarehash,,mersenne31,24,single,52,262144,87,354681684
psquarehash,,koalabear,16,single,52,262144,87,308645294
psquarehash,,koalabear,24,single,52,131072,87,231446388
psquarehash,,babybear,16,single,52,262144,87,311552617
psquarehash,,babybear,24,single,52,131072,87,232791952
rescue_prime,,bls12_381,3,current,16,1024,87,344527088
rescue_prime,,bls12_381,3,original,14,1024,87,301356342
rescue_prime,,bls12_381,4,current,13,1024,87,374706044
rescue_prime,,bls12_381,4,original,11,1024,87,317080126
rescue_prime,,bn254,3,current,16,1024,87,338098103
rescue_prime,,bn254,3,original,14,1024,87,295702616
rescue_prime,,bn254,4,current,13,1024,87,367592541
rescue_prime,,bn254,4,original,11,1024,87,310958225
rescue_prime,,goldilocks,8,single,8,16384,87,252830810
rescue_prime,,goldilocks,12,single,8,16384,87,393799766
rescue_prime,,mersenne31,16,single,8,16384,87,328688770
rescue_prime,,mersenne31,24,single,8,8192,87,265344595
rescue_prime,,koalabear,16,single,8,8192,87,236768362
rescue_prime,,koalabear,24,single,8,8192,87,380894149
rescue_prime,,babybear,16,single,8,8192,87,237937047
rescue_prime,,babybear,24,single,8,8192,87,383560471
anemoi,,bls12_381,4,current,20,1024,87,288949386
anemoi,,bls12_381,4,original,14,1024,87,201777283
anemoi,,bn254,4,current,20,1024,87,282792119
anemoi,,bn254,4,original,14,2048,87,395968198
anemoi,,goldilocks,8,single,11,32768,87,346504563
anemoi,,goldilocks,12,single,10,16384,87,238306337
anemoi,,mersenne31,16,single,10,32768,87,339976643
anemoi,,mersenne31,24,single,9,16384,87,240123402
anemoi,,koalabear,16,single,10,16384,87,259807657
anemoi,,koalabear,24,single,9,16384,87,363722458
anemoi,,babybear,16,single,9,16384,87,234807728
anemoi,,babybear,24,single,9,16384,87,364495473
griffin,,bls12_381,3,current,20,2048,87,287448090
griffin,,bls12_381,3,original,14,2048,87,201267489
griffin,,bls12_381,4,current,20,2048,87,289636270
griffin,,bls12_381,4,original,11,4096,87,320416771
griffin,,bn254,3,current,20,2048,87,282690309
griffin,,bn254,3,original,14,4096,87,395822325
griffin,,bn254,4,current,20,2048,87,284667124
griffin,,bn254,4,original,11,4096,87,313554186
griffin,,goldilocks,8,single,8,131072,87,282056605
griffin,,goldilocks,12,single,8,131072,87,301820078
arion,,bls12_381,3,single,11,4096,87,342076167
arion,,bls12_381,4,single,10,4096,87,329664072
arion,,bn254,3,single,11,4096,87,332725883
arion,,bn254,4,single,10,4096,87,320256982
grendel,native,bls12_381,3,single,24,256,87,268687742
grendel,native,bn254,3,single,24,256,87,266923805
xhash,XHash8,goldilocks,12,single,6,32768,87,283517966
xhash,XHash12,goldilocks,12,single,6,32768,87,370647931
xhash,XHash16,mersenne31,24,single,6,32768,87,301534525
xhash,XHash24,mersenne31,24,single,6,32768,87,363623744
reinforced_concrete,,bls12_381,3,single,7,131072,87,241080281
reinforced_concrete,,bn254,3,single,7,131072,87,241346237
skyscraper,,bls12_381,4,single,18,262144,87,287303870
skyscraper,,bn254,4,single,18,262144,87,279455184
monolith,,goldilocks,8,single,6,1048576,87,265081492
monolith,,goldilocks,12,single,6,524288,87,204800412
monolith,,mersenne31,16,single,6,524288,87,214741980
monolith,,mersenne31,24,single,6,262144,87,217598899
polocolo,,bls12_381,3,single,6,1024,87,261829024
polocolo,,bls12_381,4,single,5,1024,87,291232502
polocolo,,bn254,3,single,6,1024,87,235179403
polocolo,,bn254,4,single,5,1024,87,262133032
tip4p,,goldilocks,12,single,5,262144,87,331461782
plain,sha256_compress,-,-,single,-,8388608,87,211390998
plain,keccak_f1600,-,-,single,-,524288,87,203107659
plain,blake2b_compress,-,-,single,-,2097152,87,239785029
plain,blake3_compress,-,-,single,-,4194304,87,269765386
gmimc,,bls12_381,3,single,228,16384,88,259492057
gmimc,,bls12_381,4,single,231,16384,88,264698417
gmimc,,bn254,3,single,228,16384,88,250730854
gmimc,,bn254,4,single,231,16384,88,253954088
gmimc,,goldilocks,8,single,68,524288,88,336982347
gmimc,,goldilocks,12,single,93,262144,88,234755390
gmimc,,mersenne31,16,single,158,262144,88,266469747
gmimc,,mersenne31,24,single,335,131072,88,319469250
gmimc,,koalabear,16,single,158,262144,88,305485678
gmimc,,koalabear,24,single,335,131072,88,338422829
gmimc,,babybear,16,single,158,131072,88,246499086
gmimc,,babybear,24,single,335,65536,88,259527373
gmimc2,alpha=8,bls12_381,3,single,63,32768,88,213449745
gmimc2,alpha=8,bls12_381,4,single,64,32768,88,216724765
gmimc2,alpha=8,bn254,3,single,63,32768,88,209964292
gmimc2,alpha=8,bn254,4,single,64,32768,88,212801895
gmimc2,alpha=4,goldilocks,8,single,88,262144,88,294763491
gmimc2,alpha=4,goldilocks,12,single,96,262144,88,363228134
gmimc2,alpha=2,mersenne31,16,single,176,65536,88,202016810
gmimc2,alpha=2,mersenne31,24,single,264,32768,88,223044085
gmimc2,alpha=2,koalabear,16,single,176,131072,88,291212174
gmimc2,alpha=2,koalabear,24,single,264,65536,88,234679228
gmimc2,alpha=2,babybear,16,single,176,131072,88,291433198
gmimc2,alpha=2,babybear,24,single,264,65536,88,234579452
poseidon,,bls12_381,3,single,8+56,16384,88,255064112
poseidon,,bls12_381,4,single,8+56,16384,88,376199615
poseidon,,bn254,3,single,8+56,16384,88,245785653
poseidon,,bn254,4,single,8+56,16384,88,367799567
poseidon,,goldilocks,8,single,8+22,131072,88,335000514
poseidon,,goldilocks,12,single,8+22,65536,88,319911035
poseidon,,mersenne31,16,single,8+14,65536,88,327928758
poseidon,,mersenne31,24,single,8+22,16384,88,225335947
poseidon,,koalabear,16,single,8+20,32768,88,252012690
poseidon,,koalabear,24,single,8+23,16384,88,300266584
poseidon,,babybear,16,single,8+13,65536,88,404293335
poseidon,,babybear,24,single,8+21,16384,88,287436638
poseidon2,,bls12_381,3,single,8+56,65536,88,316464324
poseidon2,,bls12_381,4,single,8+56,32768,88,284222131
poseidon2,,bn254,3,single,8+56,65536,88,309393691
poseidon2,,bn254,4,single,8+56,32768,88,274042217
poseidon2,,goldilocks,8,single,8+22,524288,88,391790410
poseidon2,,goldilocks,12,single,8+22,262144,88,268567176
poseidon2,,mersenne31,16,single,8+14,262144,88,253935313
poseidon2,,mersenne31,24,single,8+22,131072,88,210182640
poseidon2,,koalabear,16,single,8+20,262144,88,284916349
poseidon2,,koalabear,24,single,8+23,131072,88,206961941
poseidon2,,babybear,16,single,8+13,262144,88,306994978
poseidon2,,babybear,24,single,8+21,131072,88,248839019
neptune,,bls12_381,4,single,6+69,32768,88,325269008
neptune,,bn254,4,single,6+69,32768,88,313966847
neptune,,goldilocks,8,single,6+38,262144,88,316449716
neptune,,goldilocks,12,single,6+42,131072,88,304075783
psquarehash,,mersenne31,16,single,52,262144,88,243922070
psquarehash,,mersenne31,24,single,52,262144,88,354750822
psquarehash,,koalabear,16,single,52,262144,88,312553545
psquarehash,,koalabear,24,single,52,131072,88,231639948
psquarehash,,babybear,16,single,52,262144,88,309505760
psquarehash,,babybear,24,single,52,131072,88,231300413
rescue_prime,,bls12_381,3,current,16,1024,88,344602527
rescue_prime,,bls12_381,3,original,14,1024,88,301371960
rescue_prime,,bls12_381,4,current,13,1024,88,374750316
rescue_prime,,bls12_381,4,original,11,1024,88,317048616
rescue_prime,,bn254,3,current,16,1024,88,338011370
rescue_prime,,bn254,3,original,14,1024,88,295710370
rescue_prime,,bn254,4,current,13,1024,88,367545302
rescue_prime,,bn254,4,original,11,1024,88,310979775
rescue_prime,,goldilocks,8,single,8,16384,88,252983854
rescue_prime,,goldilocks,12,single,8,16384,88,394036587
rescue_prime,,mersenne31,16,single,8,16384,88,329695049
rescue_prime,,mersenne31,24,single,8,8192,88,265391902
rescue_prime,,koalabear,16,single,8,8192,88,236019963
rescue_prime,,koalabear,24,single,8,8192,88,380778421
rescue_prime,,babybear,16,single,8,8192,88,237998019
rescue_prime,,babybear,24,single,8,8192,88,383723053
anemoi,,bls12_381,4,current,20,1024,88,288120887
anemoi,,bls12_381,4,original,14,1024,88,203700767
anemoi,,bn254,4,current,20,1024,88,283642517
anemoi,,bn254,4,original,14,2048,88,395920969
anemoi,,goldilocks,8,single,11,32768,88,346793311
anemoi,,goldilocks,12,single,10,16384,88,238304813
anemoi,,mersenne31,16,single,10,32768,88,341024590
anemoi,,mersenne31,24,single,9,16384,88,239794136
anemoi,,koalabear,16,single,10,16384,88,259765467
anemoi,,koalabear,24,single,9,16384,88,363717057
anemoi,,babybear,16,single,9,16384,88,234606521
anemoi,,babybear,24,single,9,16384,88,364631917
griffin,,bls12_381,3,current,20,2048,88,290201665
griffin,,bls12_381,3,original,14,2048,88,201312584
griffin,,bls12_381,4,current,20,2048,88,292280800
griffin,,bls12_381,4,original,11,4096,88,318699070
griffin,,bn254,3,current,20,2048,88,282720435
griffin,,bn254,3,original,14,4096,88,395889870
griffin,,bn254,4,current,20,2048,88,284622559
griffin,,bn254,4,original,11,4096,88,313528286
griffin,,goldilocks,8,single,8,131072,88,282494713
griffin,,goldilocks,12,single,8,131072,88,301944750
arion,,bls12_381,3,single,11,4096,88,341897892
arion,,bls12_381,4,single,10,4096,88,329698295
arion,,bn254,3,single,11,4096,88,332687450
arion,,bn254,4,single,10,4096,88,320214181
grendel,native,bls12_381,3,single,24,256,88,269983252
grendel,native,bn254,3,single,24,256,88,267410083
xhash,XHash8,goldilocks,12,single,6,32768,88,283565965
xhash,XHash12,goldilocks,12,single,6,32768,88,370070801
xhash,XHash16,mersenne31,24,single,6,32768,88,301752521
xhash,XHash24,mersenne31,24,single,6,32768,88,361942390
reinforced_concrete,,bls12_381,3,single,7,131072,88,242635546
reinforced_concrete,,bn254,3,single,7,131072,88,241316541
skyscraper,,bls12_381,4,single,18,262144,88,287190769
skyscraper,,bn254,4,single,18,262144,88,278735678
monolith,,goldilocks,8,single,6,1048576,88,266506995
monolith,,goldilocks,12,single,6,524288,88,204691488
monolith,,mersenne31,16,single,6,524288,88,215248516
monolith,,mersenne31,24,single,6,262144,88,216462905
polocolo,,bls12_381,3,single,6,1024,88,261890599
polocolo,,bls12_381,4,single,5,1024,88,291278768
polocolo,,bn254,3,single,6,1024,88,235233633
polocolo,,bn254,4,single,5,1024,88,262195408
tip4p,,goldilocks,12,single,5,262144,88,331282735
plain,sha256_compress,-,-,single,-,8388608,88,211516071
plain,keccak_f1600,-,-,single,-,524288,88,203311338
plain,blake2b_compress,-,-,single,-,2097152,88,239946551
plain,blake3_compress,-,-,single,-,4194304,88,269610795
gmimc,,bls12_381,3,single,228,16384,89,263647290
gmimc,,bls12_381,4,single,231,16384,89,266481738
gmimc,,bn254,3,single,228,16384,89,252698010
gmimc,,bn254,4,single,231,16384,89,254552987
gmimc,,goldilocks,8,single,68,524288,89,337636940
gmimc,,goldilocks,12,single,93,262144,89,236225396
gmimc,,mersenne31,16,single,158,262144,89,272006804
gmimc,,mersenne31,24,single,335,131072,89,318701133
gmimc,,koalabear,16,single,158,262144,89,305583730
gmimc,,koalabear,24,single,335,131072,89,334240643
gmimc,,babybear,16,single,158,131072,89,246614210
gmimc,,babybear,24,single,335,65536,89,259649671
gmimc2,alpha=8,bls12_381,3,single,63,32768,89,213246134
gmimc2,alpha=8,bls12_381,4,single,64,32768,89,218092892
gmimc2,alpha=8,bn254,3,single,63,32768,89,210117798
gmimc2,alpha=8,bn254,4,single,64,32768,89,213864660
gmimc2,alpha=4,goldilocks,8,single,88,262144,89,294563856
gmimc2,alpha=4,goldilocks,12,single,96,262144,89,363219417
gmimc2,alpha=2,mersenne31,16,single,176,65536,89,202090537
gmimc2,alpha=2,mersenne31,24,single,264,32768,89,223157486
gmimc2,alpha=2,koalabear,16,single,176,131072,89,291392079
gmimc2,alpha=2,koalabear,24,single,264,65536,89,234904468
gmimc2,alpha=2,babybear,16,single,176,131072,89,291255113
gmimc2,alpha=2,babybear,24,single,264,65536,89,235098731
poseidon,,bls12_381,3,single,8+56,16384,89,255107012
poseidon,,bls12_381,4,single,8+56,16384,89,376094357
poseidon,,bn254,3,single,8+56,16384,89,246392707
poseidon,,bn254,4,single,8+56,16384,89,367919580
poseidon,,goldilocks,8,single,8+22,131072,89,335097233
poseidon,,goldilocks,12,single,8+22,65536,89,326574647
poseidon,,mersenne31,16,single,8+14,65536,89,321053980
poseidon,,mersenne31,24,single,8+22,16384,89,225219900
poseidon,,koalabear,16,single,8+20,32768,89,252543030
poseidon,,koalabear,24,single,8+23,16384,89,301034920
poseidon,,babybear,16,single,8+13,65536,89,402666754
poseidon,,babybear,24,single,8+21,16384,89,287261309
poseidon2,,bls12_381,3,single,8+56,65536,89,316472949
poseidon2,,bls12_381,4,single,8+56,32768,89,284827652
poseidon2,,bn254,3,single,8+56,65536,89,309815428
poseidon2,,bn254,4,single,8+56,32768,89,274467081
poseidon2,,goldilocks,8,single,8+22,524288,89,391661648
poseidon2,,goldilocks,12,single,8+22,262144,89,266334783
poseidon2,,mersenne31,16,single,8+14,262144,89,254139133
poseidon2,,mersenne31,24,single,8+22,131072,89,209924407
poseidon2,,koalabear,16,single,8+20,262144,89,286126699
poseidon2,,koalabear,24,single,8+23,131072,89,207747268
poseidon2,,babybear,16,single,8+13,262144,89,305236040
poseidon2,,babybear,24,single,8+21,131072,89,248486038
neptune,,bls12_381,4,single,6+69,32768,89,326144212
neptune,,bn254,4,single,6+69,32768,89,314306931
neptune,,goldilocks,8,single,6+38,262144,89,316597682
neptune,,goldilocks,12,single,6+42,131072,89,304060603
psquarehash,,mersenne31,16,single,52,262144,89,243778090
psquarehash,,mersenne31,24,single,52,262144,89,354734701
psquarehash,,koalabear,16,single,52,262144,89,312670894
psquarehash,,koalabear,24,single,52,131072,89,231617966
psquarehash,,babybear,16,single,52,262144,89,311733211
psquarehash,,babybear,24,single,52,131072,89,232569916
rescue_prime,,bls12_381,3,current,16,1024,89,344620519
rescue_prime,,bls12_381,3,original,14,1024,89,301344257
rescue_prime,,bls12_381,4,current,13,1024,89,374773558
rescue_prime,,bls12_381,4,original,11,1024,89,317106102
rescue_prime,,bn254,3,current,16,1024,89,338040313
rescue_prime,,bn254,3,original,14,1024,89,295765462
rescue_prime,,bn254,4,current,13,1024,89,367575236
rescue_prime,,bn254,4,original,11,1024,89,310963734
rescue_prime,,goldilocks,8,single,8,16384,89,252904816
rescue_prime,,goldilocks,12,single,8,16384,89,393803620
rescue_prime,,mersenne31,16,single,8,16384,89,328276847
rescue_prime,,mersenne31,24,single,8,8192,89,265337329
rescue_prime,,koalabear,16,single,8,8192,89,236218744
rescue_prime,,koalabear,24,single,8,8192,89,381021583
rescue_prime,,babybear,16,single,8,8192,89,237430789
rescue_prime,,babybear,24,single,8,8192,89,384517917
anemoi,,bls12_381,4,current,20,1024,89,288198732
anemoi,,bls12_381,4,original,14,1024,89,201819390
anemoi,,bn254,4,current,20,1024,89,282818817
anemoi,,bn254,4,original,14,2048,89,395900669
anemoi,,goldilocks,8,single,11,32768,89,346645985
anemoi,,goldilocks,12,single,10,16384,89,238427050
anemoi,,mersenne31,16,single,10,32768,89,340113387
anemoi,,mersenne31,24,single,9,16384,89,239793945
anemoi,,koalabear,16,single,10,16384,89,259703741
anemoi,,koalabear,24,single,9,16384,89,363796144
anemoi,,babybear,16,single,9,16384,89,234716276
anemoi,,babybear,24,single,9,16384,89,364545474
griffin,,bls12_381,3,current,20,2048,89,287488194
griffin,,bls12_381,3,original,14,2048,89,201913024
griffin,,bls12_381,4,current,20,2048,89,289669690
griffin,,bls12_381,4,original,11,4096,89,318661118
griffin,,bn254,3,current,20,2048,89,282833796
griffin,,bn254,3,original,14,4096,89,395893536
griffin,,bn254,4,current,20,2048,89,284704682
griffin,,bn254,4,original,11,4096,89,313626419
griffin,,goldilocks,8,single,8,131072,89,282398181
griffin,,goldilocks,12,single,8,131072,89,301693981
arion,,bls12_381,3,single,11,4096,89,342095241
arion,,bls12_381,4,single,10,4096,89,329809070
arion,,bn254,3,single,11,4096,89,332792486
arion,,bn254,4,single,10,4096,89,320260626
grendel,native,bls12_381,3,single,24,256,89,269758060
grendel,native,bn254,3,single,24,256,89,267316548
xhash,XHash8,goldilocks,12,single,6,32768,89,283869792
xhash,XHash12,goldilocks,12,single,6,32768,89,370349600
xhash,XHash16,mersenne31,24,single,6,32768,89,301649387
xhash,XHash24,mersenne31,24,single,6,32768,89,363299706
reinforced_concrete,,bls12_381,3,single,7,131072,89,241495284
reinforced_concrete,,bn254,3,single,7,131072,89,241295340
skyscraper,,bls12_381,4,single,18,262144,89,287700159
skyscraper,,bn254,4,single,18,262144,89,279302486
monolith,,goldilocks,8,single,6,1048576,89,267347054
monolith,,goldilocks,12,single,6,524288,89,204391486
monolith,,mersenne31,16,single,6,524288,89,214841454
monolith,,mersenne31,24,single,6,262144,89,217025796
polocolo,,bls12_381,3,single,6,1024,89,261840964
polocolo,,bls12_381,4,single,5,1024,89,291264641
polocolo,,bn254,3,single,6,1024,89,235225136
polocolo,,bn254,4,single,5,1024,89,262177704
tip4p,,goldilocks,12,single,5,262144,89,332102496
plain,sha256_compress,-,-,single,-,8388608,89,211417205
plain,keccak_f1600,-,-,single,-,524288,89,203700545
plain,blake2b_compress,-,-,single,-,2097152,89,240047208
plain,blake3_compress,-,-,single,-,4194304,89,269685224
gmimc,,bls12_381,3,single,228,16384,90,259379094
gmimc,,bls12_381,4,single,231,16384,90,266122656
gmimc,,bn254,3,single,228,16384,90,251127564
gmimc,,bn254,4,single,231,16384,90,255279433
gmimc,,goldilocks,8,single,68,524288,90,337015868
gmimc,,goldilocks,12,single,93,262144,90,236670398
gmimc,,mersenne31,16,single,158,262144,90,268181894
gmimc,,mersenne31,24,single,335,131072,90,328526804
gmimc,,koalabear,16,single,158,262144,90,306102559
gmimc,,koalabear,24,single,335,131072,90,333006425
gmimc,,babybear,16,single,158,131072,90,246485629
gmimc,,babybear,24,single,335,65536,90,259605327
gmimc2,alpha=8,bls12_381,3,single,63,32768,90,213173587
gmimc2,alpha=8,bls12_381,4,single,64,32768,90,217492930
gmimc2,alpha=8,bn254,3,single,63,32768,90,209943511
gmimc2,alpha=8,bn254,4,single,64,32768,90,213514625
gmimc2,alpha=4,goldilocks,8,single,88,262144,90,294708135
gmimc2,alpha=4,goldilocks,12,single,96,262144,90,362637258
gmimc2,alpha=2,mersenne31,16,single,176,65536,90,202109582
gmimc2,alpha=2,mersenne31,24,single,264,32768,90,223465411
gmimc2,alpha=2,koalabear,16,single,176,131072,90,291278476
gmimc2,alpha=2,koalabear,24,single,264,65536,90,235079294
gmimc2,alpha=2,babybear,16,single,176,131072,90,291289917
gmimc2,alpha=2,babybear,24,single,264,65536,90,239481771
poseidon,,bls12_381,3,single,8+56,16384,90,254784327
poseidon,,bls12_381,4,single,8+56,16384,90,376334544
poseidon,,bn254,3,single,8+56,16384,90,246424365
poseidon,,bn254,4,single,8+56,16384,90,368458166
poseidon,,goldilocks,8,single,8+22,131072,90,334653022
poseidon,,goldilocks,12,single,8+22,65536,90,320126395
poseidon,,mersenne31,16,single,8+14,65536,90,320644845
poseidon,,mersenne31,24,single,8+22,16384,90,226256697
poseidon,,koalabear,16,single,8+20,32768,90,252304404
poseidon,,koalabear,24,single,8+23,16384,90,300000305
poseidon,,babybear,16,single,8+13,65536,90,402089604
poseidon,,babybear,24,single,8+21,16384,90,287296054
poseidon2,,bls12_381,3,single,8+56,65536,90,316571592
poseidon2,,bls12_381,4,single,8+56,32768,90,285026463
poseidon2,,bn254,3,single,8+56,65536,90,309808103
poseidon2,,bn254,4,single,8+56,32768,90,275614244
poseidon2,,goldilocks,8,single,8+22,524288,90,392177741
poseidon2,,goldilocks,12,single,8+22,262144,90,268684874
poseidon2,,mersenne31,16,single,8+14,262144,90,253856584
poseidon2,,mersenne31,24,single,8+22,131072,90,210091928
poseidon2,,koalabear,16,single,8+20,262144,90,284266722
poseidon2,,koalabear,24,single,8+23,131072,90,207682305
poseidon2,,babybear,16,single,8+13,262144,90,306149647
poseidon2,,babybear,24,single,8+21,131072,90,248616290
neptune,,bls12_381,4,single,6+69,32768,90,326130095
neptune,,bn254,4,single,6+69,32768,90,315555814
neptune,,goldilocks,8,single,6+38,262144,90,316969867
neptune,,goldilocks,12,single,6+42,131072,90,304308135
psquarehash,,mersenne31,16,single,52,262144,90,243979015
psquarehash,,mersenne31,24,single,52,262144,90,354872567
psquarehash,,koalabear,16,single,52,262144,90,312660122
psquarehash,,koalabear,24,single,52,131072,90,231617454
psquarehash,,babybear,16,single,52,262144,90,311490056
psquarehash,,babybear,24,single,52,131072,90,232361876
rescue_prime,,bls12_381,3,current,16,1024,90,344592977
rescue_prime,,bls12_381,3,original,14,1024,90,301425628
rescue_prime,,bls12_381,4,current,13,1024,90,374713525
rescue_prime,,bls12_381,4,original,11,1024,90,317095501
rescue_prime,,bn254,3,current,16,1024,90,338062082
rescue_prime,,bn254,3,original,14,1024,90,295762776
rescue_prime,,bn254,4,current,13,1024,90,367606383
rescue_prime,,bn254,4,original,11,1024,90,311000511
rescue_prime,,goldilocks,8,single,8,16384,90,252995956
rescue_prime,,goldilocks,12,single,8,16384,90,394084924
rescue_prime,,mersenne31,16,single,8,16384,90,329218376
rescue_prime,,mersenne31,24,single,8,8192,90,265313303
rescue_prime,,koalabear,16,single,8,8192,90,236211930
rescue_prime,,koalabear,24,single,8,8192,90,381293270
rescue_prime,,babybear,16,single,8,8192,90,237318478
rescue_prime,,babybear,24,single,8,8192,90,384178553
anemoi,,bls12_381,4,current,20,1024,90,288162282
anemoi,,bls12_381,4,original,14,1024,90,201797278
anemoi,,bn254,4,current,20,1024,90,282832171
anemoi,,bn254,4,original,14,2048,90,395981870
anemoi,,goldilocks,8,single,11,32768,90,346892724
anemoi,,goldilocks,12,single,10,16384,90,238385261
anemoi,,mersenne31,16,single,10,32768,90,340615424
anemoi,,mersenne31,24,single,9,16384,90,239901665
anemoi,,koalabear,16,single,10,16384,90,259555343
anemoi,,koalabear,24,single,9,16384,90,363429557
anemoi,,babybear,16,single,9,16384,90,234896703
anemoi,,babybear,24,single,9,16384,90,364588564
griffin,,bls12_381,3,current,20,2048,90,287508109
griffin,,bls12_381,3,original,14,2048,90,201284590
griffin,,bls12_381,4,current,20,2048,90,289701368
griffin,,bls12_381,4,original,11,4096,90,319252361
griffin,,bn254,3,current,20,2048,90,282697069
griffin,,bn254,3,original,14,4096,90,395973884
griffin,,bn254,4,current,20,2048,90,284660849
griffin,,bn254,4,original,11,4096,90,313548312
griffin,,goldilocks,8,single,8,131072,90,282901471
griffin,,goldilocks,12,single,8,131072,90,301821999
arion,,bls12_381,3,single,11,4096,90,342071965
arion,,bls12_381,4,single,10,4096,90,330928812
arion,,bn254,3,single,11,4096,90,332570509
arion,,bn254,4,single,10,4096,90,320273921
grendel,native,bls12_381,3,single,24,256,90,269682518
grendel,native,bn254,3,single,24,256,90,268267975
xhash,XHash8,goldilocks,12,single,6,32768,90,283672953
xhash,XHash12,goldilocks,12,single,6,32768,90,370493007
xhash,XHash16,mersenne31,24,single,6,32768,90,301694169
xhash,XHash24,mersenne31,24,single,6,32768,90,363592392
reinforced_concrete,,bls12_381,3,single,7,131072,90,242453774
reinforced_concrete,,bn254,3,single,7,131072,90,241236570
skyscraper,,bls12_381,4,single,18,262144,90,287476029
skyscraper,,bn254,4,single,18,262144,90,280018453
monolith,,goldilocks,8,single,6,1048576,90,265541008
monolith,,goldilocks,12,single,6,524288,90,203544463
monolith,,mersenne31,16,single,6,524288,90,214860569
monolith,,mersenne31,24,single,6,262144,90,216708193
polocolo,,bls12_381,3,single,6,1024,90,264086801
polocolo,,bls12_381,4,single,5,1024,90,291265331
polocolo,,bn254,3,single,6,1024,90,235204137
polocolo,,bn254,4,single,5,1024,90,262172274
tip4p,,goldilocks,12,single,5,262144,90,331787225
plain,sha256_compress,-,-,single,-,8388608,90,211432393
plain,keccak_f1600,-,-,single,-,524288,90,203492506
plain,blake2b_compress,-,-,single,-,2097152,90,240882017
plain,blake3_compress,-,-,single,-,4194304,90,269322054
gmimc,,bls12_381,3,single,228,16384,91,259285799
gmimc,,bls12_381,4,single,231,16384,91,264491597
gmimc,,bn254,3,single,228,16384,91,251030712
gmimc,,bn254,4,single,231,16384,91,254911544
gmimc,,goldilocks,8,single,68,524288,91,337418649
gmimc,,goldilocks,12,single,93,262144,91,235802745
gmimc,,mersenne31,16,single,158,262144,91,267639791
gmimc,,mersenne31,24,single,335,131072,91,324297038
gmimc,,koalabear,16,single,158,262144,91,305800252
gmimc,,koalabear,24,single,335,131072,91,331074183
gmimc,,babybear,16,single,158,131072,91,246651418
gmimc,,babybear,24,single,335,65536,91,259589907
gmimc2,alpha=8,bls12_381,3,single,63,32768,91,212913170
gmimc2,alpha=8,bls12_381,4,single,64,32768,91,216944644
gmimc2,alpha=8,bn254,3,single,63,32768,91,210088582
gmimc2,alpha=8,bn254,4,single,64,32768,91,213210737
gmimc2,alpha=4,goldilocks,8,single,88,262144,91,294604139
gmimc2,alpha=4,goldilocks,12,single,96,262144,91,363380916
gmimc2,alpha=2,mersenne31,16,single,176,65536,91,202096937
gmimc2,alpha=2,mersenne31,24,single,264,32768,91,223345246
gmimc2,alpha=2,koalabear,16,single,176,131072,91,291221248
gmimc2,alpha=2,koalabear,24,single,264,65536,91,235185381
gmimc2,alpha=2,babybear,16,single,176,131072,91,291427643
gmimc2,alpha=2,babybear,24,single,264,65536,91,234770386
poseidon,,bls12_381,3,single,8+56,16384,91,255126927
poseidon,,bls12_381,4,single,8+56,16384,91,376147945
poseidon,,bn254,3,single,8+56,16384,91,245841235
poseidon,,bn254,4,single,8+56,16384,91,367630658
poseidon,,goldilocks,8,single,8+22,131072,91,334595563
poseidon,,goldilocks,12,single,8+22,65536,91,320534177
poseidon,,mersenne31,16,single,8+14,65536,91,319849377
poseidon,,mersenne31,24,single,8+22,16384,91,225827534
poseidon,,koalabear,16,single,8+20,32768,91,252070485
poseidon,,koalabear,24,single,8+23,16384,91,300397926
poseidon,,babybear,16,single,8+13,65536,91,403695463
poseidon,,babybear,24,single,8+21,16384,91,287386963
poseidon2,,bls12_381,3,single,8+56,65536,91,316577462
poseidon2,,bls12_381,4,single,8+56,32768,91,284782786
poseidon2,,bn254,3,single,8+56,65536,91,309708686
poseidon2,,bn254,4,single,8+56,32768,91,274216581
poseidon2,,goldilocks,8,single,8+22,524288,91,391898508
poseidon2,,goldilocks,12,single,8+22,262144,91,268583143
poseidon2,,mersenne31,16,single,8+14,262144,91,253345638
poseidon2,,mersenne31,24,single,8+22,131072,91,209934554
poseidon2,,koalabear,16,single,8+20,262144,91,289248171
poseidon2,,koalabear,24,single,8+23,131072,91,207572329
poseidon2,,babybear,16,single,8+13,262144,91,306289166
poseidon2,,babybear,24,single,8+21,131072,91,248794573
neptune,,bls12_381,4,single,6+69,32768,91,325117852
neptune,,bn254,4,single,6+69,32768,91,314220467
neptune,,goldilocks,8,single,6+38,262144,91,316155584
neptune,,goldilocks,12,single,6+42,131072,91,304213627
psquarehash,,mersenne31,16,single,52,262144,91,243829014
psquarehash,,mersenne31,24,single,52,262144,91,354886252
psquarehash,,koalabear,16,single,52,262144,91,312640796
psquarehash,,koalabear,24,single,52,131072,91,231751954
psquarehash,,babybear,16,single,52,262144,91,311851330
psquarehash,,babybear,24,single,52,131072,91,231814783
rescue_prime,,bls12_381,3,current,16,1024,91,344608484
rescue_prime,,bls12_381,3,original,14,1024,91,301368240
rescue_prime,,bls12_381,4,current,13,1024,91,374822748
rescue_prime,,bls12_381,4,original,11,1024,91,317112812
rescue_prime,,bn254,3,current,16,1024,91,338073091
rescue_prime,,bn254,3,original,14,1024,91,295750472
rescue_prime,,bn254,4,current,13,1024,91,367619787
rescue_prime,,bn254,4,original,11,1024,91,311003175
rescue_prime,,goldilocks,8,single,8,16384,91,252919041
rescue_prime,,goldilocks,12,single,8,16384,91,394036553
rescue_prime,,mersenne31,16,single,8,16384,91,328997982
rescue_prime,,mersenne31,24,single,8,8192,91,265820059
rescue_prime,,koalabear,16,single,8,8192,91,237045797
rescue_prime,,koalabear,24,single,8,8192,91,381234980
rescue_prime,,babybear,16,single,8,8192,91,238214702
rescue_prime,,babybear,24,single,8,8192,91,383608065
anemoi,,bls12_381,4,current,20,1024,91,288172701
anemoi,,bls12_381,4,original,14,1024,91,201765938
anemoi,,bn254,4,current,20,1024,91,282818125
anemoi,,bn254,4,original,14,2048,91,395965978
anemoi,,goldilocks,8,single,11,32768,91,347531988
anemoi,,goldilocks,12,single,10,16384,91,238311262
anemoi,,mersenne31,16,single,10,32768,91,342129402
anemoi,,mersenne31,24,single,9,16384,91,239675912
anemoi,,koalabear,16,single,10,16384,91,260630922
anemoi,,koalabear,24,single,9,16384,91,363617597
anemoi,,babybear,16,single,9,16384,91,235909765
anemoi,,babybear,24,single,9,16384,91,364653493
griffin,,bls12_381,3,current,20,2048,91,287476329
griffin,,bls12_381,3,original,14,2048,91,201326337
griffin,,bls12_381,4,current,20,2048,91,289673555
griffin,,bls12_381,4,original,11,4096,91,318730796
griffin,,bn254,3,current,20,2048,91,282723287
griffin,,bn254,3,original,14,4096,91,395917588
griffin,,bn254,4,current,20,2048,91,284616696
griffin,,bn254,4,original,11,4096,91,313564451
griffin,,goldilocks,8,single,8,131072,91,281927830
griffin,,goldilocks,12,single,8,131072,91,302320680
arion,,bls12_381,3,single,11,4096,91,343147334
arion,,bls12_381,4,single,10,4096,91,329791886
arion,,bn254,3,single,11,4096,91,332579996
arion,,bn254,4,single,10,4096,91,320223816
grendel,native,bls12_381,3,single,24,256,91,269365324
grendel,native,bn254,3,single,24,256,91,267329991
xhash,XHash8,goldilocks,12,single,6,32768,91,283817271
xhash,XHash12,goldilocks,12,single,6,32768,91,370425400
xhash,XHash16,mersenne31,24,single,6,32768,91,301464249
xhash,XHash24,mersenne31,24,single,6,32768,91,364078088
reinforced_concrete,,bls12_381,3,single,7,131072,91,241785464
reinforced_concrete,,bn254,3,single,7,131072,91,241397049
skyscraper,,bls12_381,4,single,18,262144,91,287296973
skyscraper,,bn254,4,single,18,262144,91,279790777
monolith,,goldilocks,8,single,6,1048576,91,266514276
monolith,,goldilocks,12,single,6,524288,91,204885859
monolith,,mersenne31,16,single,6,524288,91,214534399
monolith,,mersenne31,24,single,6,262144,91,217287905
polocolo,,bls12_381,3,single,6,1024,91,261861701
polocolo,,bls12_381,4,single,5,1024,91,291252014
polocolo,,bn254,3,single,6,1024,91,235267054
polocolo,,bn254,4,single,5,1024,91,262187951
tip4p,,goldilocks,12,single,5,262144,91,331448181
plain,sha256_compress,-,-,single,-,8388608,91,211469993
plain,keccak_f1600,-,-,single,-,524288,91,203207662
plain,blake2b_compress,-,-,single,-,2097152,91,239643372
plain,blake3_compress,-,-,single,-,4194304,91,271006321
gmimc,,bls12_381,3,single,228,16384,92,259233320
gmimc,,bls12_381,4,single,231,16384,92,269630299
gmimc,,bn254,3,single,228,16384,92,251940241
gmimc,,bn254,4,single,231,16384,92,254078046
gmimc,,goldilocks,8,single,68,524288,92,337383463
gmimc,,goldilocks,12,single,93,262144,92,235795050
gmimc,,mersenne31,16,single,158,262144,92,267348816
gmimc,,mersenne31,24,single,335,131072,92,318439621
gmimc,,koalabear,16,single,158,262144,92,305519768
gmimc,,koalabear,24,single,335,131072,92,334381062
gmimc,,babybear,16,single,158,131072,92,246478785
gmimc,,babybear,24,single,335,65536,92,259680847
gmimc2,alpha=8,bls12_381,3,single,63,32768,92,212733834
gmimc2,alpha=8,bls12_381,4,single,64,32768,92,217509519
gmimc2,alpha=8,bn254,3,single,63,32768,92,210376229
gmimc2,alpha=8,bn254,4,single,64,32768,92,213860329
gmimc2,alpha=4,goldilocks,8,single,88,262144,92,294398114
gmimc2,alpha=4,goldilocks,12,single,96,262144,92,363280497
gmimc2,alpha=2,mersenne31,16,single,176,65536,92,202252076
gmimc2,alpha=2,mersenne31,24,single,264,32768,92,223054592
gmimc2,alpha=2,koalabear,16,single,176,131072,92,291335000
gmimc2,alpha=2,koalabear,24,single,264,65536,92,235022747
gmimc2,alpha=2,babybear,16,single,176,131072,92,291352783
gmimc2,alpha=2,babybear,24,single,264,65536,92,235686136
poseidon,,bls12_381,3,single,8+56,16384,92,255806707
poseidon,,bls12_381,4,single,8+56,16384,92,376604947
poseidon,,bn254,3,single,8+56,16384,92,246701200
poseidon,,bn254,4,single,8+56,16384,92,367784213
poseidon,,goldilocks,8,single,8+22,131072,92,334456472
poseidon,,goldilocks,12,single,8+22,65536,92,320044170
poseidon,,mersenne31,16,single,8+14,65536,92,322640903
poseidon,,mersenne31,24,single,8+22,16384,92,225970690
poseidon,,koalabear,16,single,8+20,32768,92,252766124
poseidon,,koalabear,24,single,8+23,16384,92,300524603
poseidon,,babybear,16,single,8+13,65536,92,403448460
poseidon,,babybear,24,single,8+21,16384,92,287706378
poseidon2,,bls12_381,3,single,8+56,65536,92,316498564
poseidon2,,bls12_381,4,single,8+56,32768,92,284776663
poseidon2,,bn254,3,single,8+56,65536,92,309758528
poseidon2,,bn254,4,single,8+56,32768,92,274621806
poseidon2,,goldilocks,8,single,8+22,524288,92,391794842
poseidon2,,goldilocks,12,single,8+22,262144,92,268613238
poseidon2,,mersenne31,16,single,8+14,262144,92,253075052
poseidon2,,mersenne31,24,single,8+22,131072,92,210169832
poseidon2,,koalabear,16,single,8+20,262144,92,284847075
poseidon2,,koalabear,24,single,8+23,131072,92,206820715
poseidon2,,babybear,16,single,8+13,262144,92,306311768
poseidon2,,babybear,24,single,8+21,131072,92,248535599
neptune,,bls12_381,4,single,6+69,32768,92,325978990
neptune,,bn254,4,single,6+69,32768,92,314437201
neptune,,goldilocks,8,single,6+38,262144,92,317331410
neptune,,goldilocks,12,single,6+42,131072,92,304028620
psquarehash,,mersenne31,16,single,52,262144,92,243908111
psquarehash,,mersenne31,24,single,52,262144,92,354923099
psquarehash,,koalabear,16,single,52,262144,92,308732541
psquarehash,,koalabear,24,single,52,131072,92,231322371
psquarehash,,babybear,16,single,52,262144,92,311715745
psquarehash,,babybear,24,single,52,131072,92,231705177
rescue_prime,,bls12_381,3,current,16,1024,92,344540326
rescue_prime,,bls12_381,3,original,14,1024,92,301381494
rescue_prime,,bls12_381,4,current,13,1024,92,374712590
rescue_prime,,bls12_381,4,original,11,1024,92,317082204
rescue_prime,,bn254,3,current,16,1024,92,338124958
rescue_prime,,bn254,3,original,14,1024,92,295766501
rescue_prime,,bn254,4,current,13,1024,92,367631297
rescue_prime,,bn254,4,original,11,1024,92,310973569
rescue_prime,,goldilocks,8,single,8,16384,92,252936984
rescue_prime,,goldilocks,12,single,8,16384,92,393862296
rescue_prime,,mersenne31,16,single,8,16384,92,328759586
rescue_prime,,mersenne31,24,single,8,8192,92,265165786
rescue_prime,,koalabear,16,single,8,8192,92,235647353
rescue_prime,,koalabear,24,single,8,8192,92,380680192
rescue_prime,,babybear,16,single,8,8192,92,238311071
rescue_prime,,babybear,24,single,8,8192,92,386731640
anemoi,,bls12_381,4,current,20,1024,92,288106916
anemoi,,bls12_381,4,original,14,1024,92,201789121
anemoi,,bn254,4,current,20,1024,92,282771997
anemoi,,bn254,4,original,14,2048,92,395917998
anemoi,,goldilocks,8,single,11,32768,92,347423183
anemoi,,goldilocks,12,single,10,16384,92,238386772
anemoi,,mersenne31,16,single,10,32768,92,342717370
anemoi,,mersenne31,24,single,9,16384,92,239563602
anemoi,,koalabear,16,single,10,16384,92,260583652
anemoi,,koalabear,24,single,9,16384,92,363636542
anemoi,,babybear,16,single,9,16384,92,236005953
anemoi,,babybear,24,single,9,16384,92,364718554
griffin,,bls12_381,3,current,20,2048,92,287482420
griffin,,bls12_381,3,original,14,2048,92,201272856
griffin,,bls12_381,4,current,20,2048,92,289640071
griffin,,bls12_381,4,original,11,4096,92,318722259
griffin,,bn254,3,current,20,2048,92,282727664
griffin,,bn254,3,original,14,4096,92,395953414
griffin,,bn254,4,current,20,2048,92,284642241
griffin,,bn254,4,original,11,4096,92,313577825
griffin,,goldilocks,8,single,8,131072,92,283783367
griffin,,goldilocks,12,single,8,131072,92,301176700
arion,,bls12_381,3,single,11,4096,92,342020347
arion,,bls12_381,4,single,10,4096,92,329734157
arion,,bn254,3,single,11,4096,92,332639497
arion,,bn254,4,single,10,4096,92,320269420
grendel,native,bls12_381,3,single,24,256,92,269871268
grendel,native,bn254,3,single,24,256,92,267730638
xhash,XHash8,goldilocks,12,single,6,32768,92,283747379
xhash,XHash12,goldilocks,12,single,6,32768,92,370133983
xhash,XHash16,mersenne31,24,single,6,32768,92,301968310
xhash,XHash24,mersenne31,24,single,6,32768,92,363819163
reinforced_concrete,,bls12_381,3,single,7,131072,92,242270751
reinforced_concrete,,bn254,3,single,7,131072,92,241271203
skyscraper,,bls12_381,4,single,18,262144,92,287855035
skyscraper,,bn254,4,single,18,262144,92,279461901
monolith,,goldilocks,8,single,6,1048576,92,264425041
monolith,,goldilocks,12,single,6,524288,92,203811179
monolith,,mersenne31,16,single,6,524288,92,214668019
monolith,,mersenne31,24,single,6,262144,92,217848522
polocolo,,bls12_381,3,single,6,1024,92,261821396
polocolo,,bls12_381,4,single,5,1024,92,291285006
polocolo,,bn254,3,single,6,1024,92,235229913
polocolo,,bn254,4,single,5,1024,92,262175898
tip4p,,goldilocks,12,single,5,262144,92,331380663
plain,sha256_compress,-,-,single,-,8388608,92,211532830
plain,keccak_f1600,-,-,single,-,524288,92,203112784
plain,blake2b_compress,-,-,single,-,2097152,92,240076470
plain,blake3_compress,-,-,single,-,4194304,92,268239449
gmimc,,bls12_381,3,single,228,16384,93,259393839
gmimc,,bls12_381,4,single,231,16384,93,265505751
gmimc,,bn254,3,single,228,16384,93,252610703
gmimc,,bn254,4,single,231,16384,93,256733647
gmimc,,goldilocks,8,single,68,524288,93,336917390
gmimc,,goldilocks,12,single,93,262144,93,235325862
gmimc,,mersenne31,16,single,158,262144,93,269965875
gmimc,,mersenne31,24,single,335,131072,93,320477298
gmimc,,koalabear,16,single,158,262144,93,305744106
gmimc,,koalabear,24,single,335,131072,93,336803327
gmimc,,babybear,16,single,158,131072,93,246308426
gmimc,,babybear,24,single,335,65536,93,259548057
gmimc2,alpha=8,bls12_381,3,single,63,32768,93,213449290
gmimc2,alpha=8,bls12_381,4,single,64,32768,93,217457221
gmimc2,alpha=8,bn254,3,single,63,32768,93,209646624
gmimc2,alpha=8,bn254,4,single,64,32768,93,213620260
gmimc2,alpha=4,goldilocks,8,single,88,262144,93,294257040
gmimc2,alpha=4,goldilocks,12,single,96,262144,93,362225044
gmimc2,alpha=2,mersenne31,16,single,176,65536,93,201921829
gmimc2,alpha=2,mersenne31,24,single,264,32768,93,223414444
gmimc2,alpha=2,koalabear,16,single,176,131072,93,291089128
gmimc2,alpha=2,koalabear,24,single,264,65536,93,237642732
gmimc2,alpha=2,babybear,16,single,176,131072,93,291077447
gmimc2,alpha=2,babybear,24,single,264,65536,93,234549762
poseidon,,bls12_381,3,single,8+56,16384,93,255293416
poseidon,,bls12_381,4,single,8+56,16384,93,376555212
poseidon,,bn254,3,single,8+56,16384,93,246553974
poseidon,,bn254,4,single,8+56,16384,93,367939202
poseidon,,goldilocks,8,single,8+22,131072,93,334705907
poseidon,,goldilocks,12,single,8+22,65536,93,320739688
poseidon,,mersenne31,16,single,8+14,65536,93,319751632
poseidon,,mersenne31,24,single,8+22,16384,93,225139757
poseidon,,koalabear,16,single,8+20,32768,93,250954808
poseidon,,koalabear,24,single,8+23,16384,93,300085871
poseidon,,babybear,16,single,8+13,65536,93,403322493
poseidon,,babybear,24,single,8+21,16384,93,287688474
poseidon2,,bls12_381,3,single,8+56,65536,93,316413945
poseidon2,,bls12_381,4,single,8+56,32768,93,284953403
poseidon2,,bn254,3,single,8+56,65536,93,309440753
poseidon2,,bn254,4,single,8+56,32768,93,274180051
poseidon2,,goldilocks,8,single,8+22,524288,93,391924964
poseidon2,,goldilocks,12,single,8+22,262144,93,268616063
poseidon2,,mersenne31,16,single,8+14,262144,93,253171520
poseidon2,,mersenne31,24,single,8+22,131072,93,209785695
poseidon2,,koalabear,16,single,8+20,262144,93,285343752
poseidon2,,koalabear,24,single,8+23,131072,93,207027459
poseidon2,,babybear,16,single,8+13,262144,93,305572695
poseidon2,,babybear,24,single,8+21,131072,93,248464625
neptune,,bls12_381,4,single,6+69,32768,93,326095837
neptune,,bn254,4,single,6+69,32768,93,314729988
neptune,,goldilocks,8,single,6+38,262144,93,316409436
neptune,,goldilocks,12,single,6+42,131072,93,304145718
psquarehash,,mersenne31,16,single,52,262144,93,244092905
psquarehash,,mersenne31,24,single,52,262144,93,354801230
psquarehash,,koalabear,16,single,52,262144,93,312682321
psquarehash,,koalabear,24,single,52,131072,93,231681752
psquarehash,,babybear,16,single,52,262144,93,311879351
psquarehash,,babybear,24,single,52,131072,93,232354279
rescue_prime,,bls12_381,3,current,16,1024,93,344606288
rescue_prime,,bls12_381,3,original,14,1024,93,301351296
rescue_prime,,bls12_381,4,current,13,1024,93,374799892
rescue_prime,,bls12_381,4,original,11,1024,93,317074208
rescue_prime,,bn254,3,current,16,1024,93,338054806
rescue_prime,,bn254,3,original,14,1024,93,295763043
rescue_prime,,bn254,4,current,13,1024,93,367633400
rescue_prime,,bn254,4,original,11,1024,93,311006449
rescue_prime,,goldilocks,8,single,8,16384,93,252941010
rescue_prime,,goldilocks,12,single,8,16384,93,393982580
rescue_prime,,mersenne31,16,single,8,16384,93,329830526
rescue_prime,,mersenne31,24,single,8,8192,93,265380256
rescue_prime,,koalabear,16,single,8,8192,93,235935852
rescue_prime,,koalabear,24,single,8,8192,93,380943703
rescue_prime,,babybear,16,single,8,8192,93,238354171
rescue_prime,,babybear,24,single,8,8192,93,384047924
anemoi,,bls12_381,4,current,20,1024,93,288192255
anemoi,,bls12_381,4,original,14,1024,93,201802456
anemoi,,bn254,4,current,20,1024,93,282938998
anemoi,,bn254,4,original,14,2048,93,395960896
anemoi,,goldilocks,8,single,11,32768,93,347512959
anemoi,,goldilocks,12,single,10,16384,93,238431406
anemoi,,mersenne31,16,single,10,32768,93,341729222
anemoi,,mersenne31,24,single,9,16384,93,239675611
anemoi,,koalabear,16,single,10,16384,93,260818801
anemoi,,koalabear,24,single,9,16384,93,363603318
anemoi,,babybear,16,single,9,16384,93,235765944
anemoi,,babybear,24,single,9,16384,93,367210259
griffin,,bls12_381,3,current,20,2048,93,288042094
griffin,,bls12_381,3,original,14,2048,93,201346594
griffin,,bls12_381,4,current,20,2048,93,290089371
griffin,,bls12_381,4,original,11,4096,93,318686390
griffin,,bn254,3,current,20,2048,93,282788297
griffin,,bn254,3,original,14,4096,93,395946519
griffin,,bn254,4,current,20,2048,93,284641499
griffin,,bn254,4,original,11,4096,93,313605005
griffin,,goldilocks,8,single,8,131072,93,281795230
griffin,,goldilocks,12,single,8,131072,93,301594570
arion,,bls12_381,3,single,11,4096,93,341990910
arion,,bls12_381,4,single,10,4096,93,330926885
arion,,bn254,3,single,11,4096,93,332652008
arion,,bn254,4,single,10,4096,93,320207803
grendel,native,bls12_381,3,single,24,256,93,268712352
grendel,native,bn254,3,single,24,256,93,267424465
xhash,XHash8,goldilocks,12,single,6,32768,93,283782394
xhash,XHash12,goldilocks,12,single,6,32768,93,370920883
xhash,XHash16,mersenne31,24,single,6,32768,93,301915530
xhash,XHash24,mersenne31,24,single,6,32768,93,364258081
reinforced_concrete,,bls12_381,3,single,7,131072,93,240841469
reinforced_concrete,,bn254,3,single,7,131072,93,241266393
skyscraper,,bls12_381,4,single,18,262144,93,287315046
skyscraper,,bn254,4,single,18,262144,93,279054729
monolith,,goldilocks,8,single,6,1048576,93,264499309
monolith,,goldilocks,12,single,6,524288,93,204276899
monolith,,mersenne31,16,single,6,524288,93,215498570
monolith,,mersenne31,24,single,6,262144,93,217430400
polocolo,,bls12_381,3,single,6,1024,93,261869284
polocolo,,bls12_381,4,single,5,1024,93,291251171
polocolo,,bn254,3,single,6,1024,93,235244680
polocolo,,bn254,4,single,5,1024,93,262191496
tip4p,,goldilocks,12,single,5,262144,93,331406871
plain,sha256_compress,-,-,single,-,8388608,93,211512561
plain,keccak_f1600,-,-,single,-,524288,93,203239762
plain,blake2b_compress,-,-,single,-,2097152,93,241118356
plain,blake3_compress,-,-,single,-,4194304,93,270287476
gmimc,,bls12_381,3,single,228,16384,94,259458990
gmimc,,bls12_381,4,single,231,16384,94,264680547
gmimc,,bn254,3,single,228,16384,94,252754080
gmimc,,bn254,4,single,231,16384,94,255753455
gmimc,,goldilocks,8,single,68,524288,94,337138382
gmimc,,goldilocks,12,single,93,262144,94,236373088
gmimc,,mersenne31,16,single,158,262144,94,268261800
gmimc,,mersenne31,24,single,335,131072,94,324381844
gmimc,,koalabear,16,single,158,262144,94,305706274
gmimc,,koalabear,24,single,335,131072,94,333183812
gmimc,,babybear,16,single,158,131072,94,246580734
gmimc,,babybear,24,single,335,65536,94,260308988
gmimc2,alpha=8,bls12_381,3,single,63,32768,94,213414946
gmimc2,alpha=8,bls12_381,4,single,64,32768,94,216903956
gmimc2,alpha=8,bn254,3,single,63,32768,94,210350369
gmimc2,alpha=8,bn254,4,single,64,32768,94,213596635
gmimc2,alpha=4,goldilocks,8,single,88,262144,94,294360912
gmimc2,alpha=4,goldilocks,12,single,96,262144,94,363140844
gmimc2,alpha=2,mersenne31,16,single,176,65536,94,202098318
gmimc2,alpha=2,mersenne31,24,single,264,32768,94,223273408
gmimc2,alpha=2,koalabear,16,single,176,131072,94,291193663
gmimc2,alpha=2,koalabear,24,single,264,65536,94,234158149
gmimc2,alpha=2,babybear,16,single,176,131072,94,291495588
gmimc2,alpha=2,babybear,24,single,264,65536,94,234481333
poseidon,,bls12_381,3,single,8+56,16384,94,255452112
poseidon,,bls12_381,4,single,8+56,16384,94,376303361
poseidon,,bn254,3,single,8+56,16384,94,245751955
poseidon,,bn254,4,single,8+56,16384,94,367564480
poseidon,,goldilocks,8,single,8+22,131072,94,335026164
poseidon,,goldilocks,12,single,8+22,65536,94,320702768
poseidon,,mersenne31,16,single,8+14,65536,94,320136690
poseidon,,mersenne31,24,single,8+22,16384,94,225495321
poseidon,,koalabear,16,single,8+20,32768,94,251430396
poseidon,,koalabear,24,single,8+23,16384,94,300036889
poseidon,,babybear,16,single,8+13,65536,94,404073145
poseidon,,babybear,24,single,8+21,16384,94,287671962
poseidon2,,bls12_381,3,single,8+56,65536,94,316922834
poseidon2,,bls12_381,4,single,8+56,32768,94,284888972
poseidon2,,bn254,3,single,8+56,65536,94,310177188
poseidon2,,bn254,4,single,8+56,32768,94,274233169
poseidon2,,goldilocks,8,single,8+22,524288,94,392101863
poseidon2,,goldilocks,12,single,8+22,262144,94,268656367
poseidon2,,mersenne31,16,single,8+14,262144,94,253394507
poseidon2,,mersenne31,24,single,8+22,131072,94,209881753
poseidon2,,koalabear,16,single,8+20,262144,94,285959582
poseidon2,,koalabear,24,single,8+23,131072,94,208938550
poseidon2,,babybear,16,single,8+13,262144,94,306237666
poseidon2,,babybear,24,single,8+21,131072,94,248590520
neptune,,bls12_381,4,single,6+69,32768,94,325502117
neptune,,bn254,4,single,6+69,32768,94,314104498
neptune,,goldilocks,8,single,6+38,262144,94,316043581
neptune,,goldilocks,12,single,6+42,131072,94,304765145
psquarehash,,mersenne31,16,single,52,262144,94,243914581
psquarehash,,mersenne31,24,single,52,262144,94,355034615
psquarehash,,koalabear,16,single,52,262144,94,313838831
psquarehash,,koalabear,24,single,52,131072,94,231800634
psquarehash,,babybear,16,single,52,262144,94,311917380
psquarehash,,babybear,24,single,52,131072,94,232936156
rescue_prime,,bls12_381,3,current,16,1024,94,344616977
rescue_prime,,bls12_381,3,original,14,1024,94,301366844
rescue_prime,,bls12_381,4,current,13,1024,94,374795082
rescue_prime,,bls12_381,4,original,11,1024,94,317152163
rescue_prime,,bn254,3,current,16,1024,94,338078518
rescue_prime,,bn254,3,original,14,1024,94,295705284
rescue_prime,,bn254,4,current,13,1024,94,367603823
rescue_prime,,bn254,4,original,11,1024,94,310989516
rescue_prime,,goldilocks,8,single,8,16384,94,252931832
rescue_prime,,goldilocks,12,single,8,16384,94,394445343
rescue_prime,,mersenne31,16,single,8,16384,94,329219052
rescue_prime,,mersenne31,24,single,8,8192,94,265179890
rescue_prime,,koalabear,16,single,8,8192,94,236719085
rescue_prime,,koalabear,24,single,8,8192,94,381510801
rescue_prime,,babybear,16,single,8,8192,94,237398544
rescue_prime,,babybear,24,single,8,8192,94,383464532
anemoi,,bls12_381,4,current,20,1024,94,288175803
anemoi,,bls12_381,4,original,14,1024,94,201775204
anemoi,,bn254,4,current,20,1024,94,282829893
anemoi,,bn254,4,original,14,2048,94,395978628
anemoi,,goldilocks,8,single,11,32768,94,346754482
anemoi,,goldilocks,12,single,10,16384,94,238294629
anemoi,,mersenne31,16,single,10,32768,94,340083425
anemoi,,mersenne31,24,single,9,16384,94,239588938
anemoi,,koalabear,16,single,10,16384,94,259668000
anemoi,,koalabear,24,single,9,16384,94,363448357
anemoi,,babybear,16,single,9,16384,94,234897270
anemoi,,babybear,24,single,9,16384,94,364603927
griffin,,bls12_381,3,current,20,2048,94,287498678
griffin,,bls12_381,3,original,14,2048,94,201249351
griffin,,bls12_381,4,current,20,2048,94,289652152
griffin,,bls12_381,4,original,11,4096,94,318680198
griffin,,bn254,3,current,20,2048,94,282730538
griffin,,bn254,3,original,14,4096,94,395892928
griffin,,bn254,4,current,20,2048,94,284742377
griffin,,bn254,4,original,11,4096,94,313530023
griffin,,goldilocks,8,single,8,131072,94,281789399
griffin,,goldilocks,12,single,8,131072,94,301386230
arion,,bls12_381,3,single,11,4096,94,342156930
arion,,bls12_381,4,single,10,4096,94,331774498
arion,,bn254,3,single,11,4096,94,332672555
arion,,bn254,4,single,10,4096,94,320425109
grendel,native,bls12_381,3,single,24,256,94,269712750
grendel,native,bn254,3,single,24,256,94,267271299
xhash,XHash8,goldilocks,12,single,6,32768,94,283659303
xhash,XHash12,goldilocks,12,single,6,32768,94,370472724
xhash,XHash16,mersenne31,24,single,6,32768,94,301736685
xhash,XHash24,mersenne31,24,single,6,32768,94,364291904
reinforced_concrete,,bls12_381,3,single,7,131072,94,241859971
reinforced_concrete,,bn254,3,single,7,131072,94,241450626
skyscraper,,bls12_381,4,single,18,262144,94,287360760
skyscraper,,bn254,4,single,18,262144,94,279293966
monolith,,goldilocks,8,single,6,1048576,94,265655860
monolith,,goldilocks,12,single,6,524288,94,203454091
monolith,,mersenne31,16,single,6,524288,94,215088813
monolith,,mersenne31,24,single,6,262144,94,216645182
polocolo,,bls12_381,3,single,6,1024,94,261854966
polocolo,,bls12_381,4,single,5,1024,94,291259646
polocolo,,bn254,3,single,6,1024,94,235252374
polocolo,,bn254,4,single,5,1024,94,262168854
tip4p,,goldilocks,12,single,5,262144,94,331721559
plain,sha256_compress,-,-,single,-,8388608,94,211503774
plain,keccak_f1600,-,-,single,-,524288,94,203322105
plain,blake2b_compress,-,-,single,-,2097152,94,239972444
plain,blake3_compress,-,-,single,-,4194304,94,269238044
gmimc,,bls12_381,3,single,228,16384,95,259322454
gmimc,,bls12_381,4,single,231,16384,95,264544783
gmimc,,bn254,3,single,228,16384,95,252279622
gmimc,,bn254,4,single,231,16384,95,255896231
gmimc,,goldilocks,8,single,68,524288,95,337348483
gmimc,,goldilocks,12,single,93,262144,95,236818380
gmimc,,mersenne31,16,single,158,262144,95,268207207
gmimc,,mersenne31,24,single,335,131072,95,323405528
gmimc,,koalabear,16,single,158,262144,95,305517450
gmimc,,koalabear,24,single,335,131072,95,330076414
gmimc,,babybear,16,single,158,131072,95,246598997
gmimc,,babybear,24,single,335,65536,95,259561902
gmimc2,alpha=8,bls12_381,3,single,63,32768,95,212627013
gmimc2,alpha=8,bls12_381,4,single,64,32768,95,217696726
gmimc2,alpha=8,bn254,3,single,63,32768,95,210036953
gmimc2,alpha=8,bn254,4,single,64,32768,95,213976915
gmimc2,alpha=4,goldilocks,8,single,88,262144,95,294757172
gmimc2,alpha=4,goldilocks,12,single,96,262144,95,365558891
gmimc2,alpha=2,mersenne31,16,single,176,65536,95,202202231
gmimc2,alpha=2,mersenne31,24,single,264,32768,95,223773712
gmimc2,alpha=2,koalabear,16,single,176,131072,95,291058089
gmimc2,alpha=2,koalabear,24,single,264,65536,95,234667821
gmimc2,alpha=2,babybear,16,single,176,131072,95,291352459
gmimc2,alpha=2,babybear,24,single,264,65536,95,234896749
poseidon,,bls12_381,3,single,8+56,16384,95,255328280
poseidon,,bls12_381,4,single,8+56,16384,95,376343204
poseidon,,bn254,3,single,8+56,16384,95,245582838
poseidon,,bn254,4,single,8+56,16384,95,368321453
poseidon,,goldilocks,8,single,8+22,131072,95,334545405
poseidon,,goldilocks,12,single,8+22,65536,95,320207852
poseidon,,mersenne31,16,single,8+14,65536,95,319937647
poseidon,,mersenne31,24,single,8+22,16384,95,225499808
poseidon,,koalabear,16,single,8+20,32768,95,252424313
poseidon,,koalabear,24,single,8+23,16384,95,299985722
poseidon,,babybear,16,single,8+13,65536,95,403505572
poseidon,,babybear,24,single,8+21,16384,95,287502003
poseidon2,,bls12_381,3,single,8+56,65536,95,316527444
poseidon2,,bls12_381,4,single,8+56,32768,95,284726537
poseidon2,,bn254,3,single,8+56,65536,95,309732336
poseidon2,,bn254,4,single,8+56,32768,95,274282139
poseidon2,,goldilocks,8,single,8+22,524288,95,392182923
poseidon2,,goldilocks,12,single,8+22,262144,95,268658641
poseidon2,,mersenne31,16,single,8+14,262144,95,253643040
poseidon2,,mersenne31,24,single,8+22,131072,95,209783057
poseidon2,,koalabear,16,single,8+20,262144,95,285705266
poseidon2,,koalabear,24,single,8+23,131072,95,207125902
poseidon2,,babybear,16,single,8+13,262144,95,306864246
poseidon2,,babybear,24,single,8+21,131072,95,248422133
neptune,,bls12_381,4,single,6+69,32768,95,325161940
neptune,,bn254,4,single,6+69,32768,95,314292948
neptune,,goldilocks,8,single,6+38,262144,95,317229577
neptune,,goldilocks,12,single,6+42,131072,95,304619933
psquarehash,,mersenne31,16,single,52,262144,95,243859127
psquarehash,,mersenne31,24,single,52,262144,95,354924448
psquarehash,,koalabear,16,single,52,262144,95,312691927
psquarehash,,koalabear,24,single,52,131072,95,231753043
psquarehash,,babybear,16,single,52,262144,95,310874010
psquarehash,,babybear,24,single,52,131072,95,232828463
rescue_prime,,bls12_381,3,current,16,1024,95,344617937
rescue_prime,,bls12_381,3,original,14,1024,95,301351905
rescue_prime,,bls12_381,4,current,13,1024,95,374680586
rescue_prime,,bls12_381,4,original,11,1024,95,317096397
rescue_prime,,bn254,3,current,16,1024,95,338023515
rescue_prime,,bn254,3,original,14,1024,95,295761278
rescue_prime,,bn254,4,current,13,1024,95,367570189
rescue_prime,,bn254,4,original,11,1024,95,310995426
rescue_prime,,goldilocks,8,single,8,16384,95,253985140
rescue_prime,,goldilocks,12,single,8,16384,95,394496136
rescue_prime,,mersenne31,16,single,8,16384,95,328981908
rescue_prime,,mersenne31,24,single,8,8192,95,265167186
rescue_prime,,koalabear,16,single,8,8192,95,236404636
rescue_prime,,koalabear,24,single,8,8192,95,380256116
rescue_prime,,babybear,16,single,8,8192,95,237692263
rescue_prime,,babybear,24,single,8,8192,95,389161678
anemoi,,bls12_381,4,current,20,1024,95,288155585
anemoi,,bls12_381,4,original,14,1024,95,201792685
anemoi,,bn254,4,current,20,1024,95,282806569
anemoi,,bn254,4,original,14,2048,95,395909627
anemoi,,goldilocks,8,single,11,32768,95,346698606
anemoi,,goldilocks,12,single,10,16384,95,238389415
anemoi,,mersenne31,16,single,10,32768,95,340194221
anemoi,,mersenne31,24,single,9,16384,95,239655071
anemoi,,koalabear,16,single,10,16384,95,259933956
anemoi,,koalabear,24,single,9,16384,95,363652168
anemoi,,babybear,16,single,9,16384,95,234839912
anemoi,,babybear,24,single,9,16384,95,364915868
griffin,,bls12_381,3,current,20,2048,95,287526079
griffin,,bls12_381,3,original,14,2048,95,201313810
griffin,,bls12_381,4,current,20,2048,95,291261739
griffin,,bls12_381,4,original,11,4096,95,320101263
griffin,,bn254,3,current,20,2048,95,282719176
griffin,,bn254,3,original,14,4096,95,395951706
griffin,,bn254,4,current,20,2048,95,284692784
griffin,,bn254,4,original,11,4096,95,313582550
griffin,,goldilocks,8,single,8,131072,95,282971096
griffin,,goldilocks,12,single,8,131072,95,301669258
arion,,bls12_381,3,single,11,4096,95,345156294
arion,,bls12_381,4,single,10,4096,95,330595463
arion,,bn254,3,single,11,4096,95,332577147
arion,,bn254,4,single,10,4096,95,320263395
grendel,native,bls12_381,3,single,24,256,95,269531581
grendel,native,bn254,3,single,24,256,95,267219811
xhash,XHash8,goldilocks,12,single,6,32768,95,283800867
xhash,XHash12,goldilocks,12,single,6,32768,95,370701300
xhash,XHash16,mersenne31,24,single,6,32768,95,301709252
xhash,XHash24,mersenne31,24,single,6,32768,95,363394416
reinforced_concrete,,bls12_381,3,single,7,131072,95,241681016
reinforced_concrete,,bn254,3,single,7,131072,95,241230394
skyscraper,,bls12_381,4,single,18,262144,95,287646974
skyscraper,,bn254,4,single,18,262144,95,279587242
monolith,,goldilocks,8,single,6,1048576,95,264957624
monolith,,goldilocks,12,single,6,524288,95,205611802
monolith,,mersenne31,16,single,6,524288,95,214861187
monolith,,mersenne31,24,single,6,262144,95,217316004
polocolo,,bls12_381,3,single,6,1024,95,261892466
polocolo,,bls12_381,4,single,5,1024,95,291259715
polocolo,,bn254,3,single,6,1024,95,235247804
polocolo,,bn254,4,single,5,1024,95,262177128
tip4p,,goldilocks,12,single,5,262144,95,331604398
plain,sha256_compress,-,-,single,-,8388608,95,211441657
plain,keccak_f1600,-,-,single,-,524288,95,203461183
plain,blake2b_compress,-,-,single,-,2097152,95,239562507
plain,blake3_compress,-,-,single,-,4194304,95,268737387
gmimc,,bls12_381,3,single,228,16384,96,259719616
gmimc,,bls12_381,4,single,231,16384,96,265574406
gmimc,,bn254,3,single,228,16384,96,252566869
gmimc,,bn254,4,single,231,16384,96,256564709
gmimc,,goldilocks,8,single,68,524288,96,337177342
gmimc,,goldilocks,12,single,93,262144,96,235852304
gmimc,,mersenne31,16,single,158,262144,96,269891293
gmimc,,mersenne31,24,single,335,131072,96,317028490
gmimc,,koalabear,16,single,158,262144,96,305611324
gmimc,,koalabear,24,single,335,131072,96,331928063
gmimc,,babybear,16,single,158,131072,96,246579921
gmimc,,babybear,24,single,335,65536,96,259547463
gmimc2,alpha=8,bls12_381,3,single,63,32768,96,213342599
gmimc2,alpha=8,bls12_381,4,single,64,32768,96,217946111
gmimc2,alpha=8,bn254,3,single,63,32768,96,210335319
gmimc2,alpha=8,bn254,4,single,64,32768,96,214388804
gmimc2,alpha=4,goldilocks,8,single,88,262144,96,294675498
gmimc2,alpha=4,goldilocks,12,single,96,262144,96,363458825
gmimc2,alpha=2,mersenne31,16,single,176,65536,96,202215796
gmimc2,alpha=2,mersenne31,24,single,264,32768,96,222983165
gmimc2,alpha=2,koalabear,16,single,176,131072,96,291428461
gmimc2,alpha=2,koalabear,24,single,264,65536,96,235081864
gmimc2,alpha=2,babybear,16,single,176,131072,96,291348792
gmimc2,alpha=2,babybear,24,single,264,65536,96,234938316
poseidon,,bls12_381,3,single,8+56,16384,96,254807285
poseidon,,bls12_381,4,single,8+56,16384,96,377189734
poseidon,,bn254,3,single,8+56,16384,96,246040863
poseidon,,bn254,4,single,8+56,16384,96,368237455
poseidon,,goldilocks,8,single,8+22,131072,96,334538431
poseidon,,goldilocks,12,single,8+22,65536,96,320176292
poseidon,,mersenne31,16,single,8+14,65536,96,320200177
poseidon,,mersenne31,24,single,8+22,16384,96,226747429
poseidon,,koalabear,16,single,8+20,32768,96,252360764
poseidon,,koalabear,24,single,8+23,16384,96,299849567
poseidon,,babybear,16,single,8+13,65536,96,402504912
poseidon,,babybear,24,single,8+21,16384,96,286936045
poseidon2,,bls12_381,3,single,8+56,65536,96,316761010
poseidon2,,bls12_381,4,single,8+56,32768,96,284919286
poseidon2,,bn254,3,single,8+56,65536,96,309814439
poseidon2,,bn254,4,single,8+56,32768,96,274200666
poseidon2,,goldilocks,8,single,8+22,524288,96,392234318
poseidon2,,goldilocks,12,single,8+22,262144,96,268905180
poseidon2,,mersenne31,16,single,8+14,262144,96,253078214
poseidon2,,mersenne31,24,single,8+22,131072,96,210221737
poseidon2,,koalabear,16,single,8+20,262144,96,284530109
poseidon2,,koalabear,24,single,8+23,131072,96,208661310
poseidon2,,babybear,16,single,8+13,262144,96,306372777
poseidon2,,babybear,24,single,8+21,131072,96,248425158
neptune,,bls12_381,4,single,6+69,32768,96,326296569
neptune,,bn254,4,single,6+69,32768,96,315146733
neptune,,goldilocks,8,single,6+38,262144,96,317183530
neptune,,goldilocks,12,single,6+42,131072,96,304537817
psquarehash,,mersenne31,16,single,52,262144,96,244390599
psquarehash,,mersenne31,24,single,52,262144,96,354926891
psquarehash,,koalabear,16,single,52,262144,96,312765393
psquarehash,,koalabear,24,single,52,131072,96,231808596
psquarehash,,babybear,16,single,52,262144,96,311911237
psquarehash,,babybear,24,single,52,131072,96,232612039
rescue_prime,,bls12_381,3,current,16,1024,96,344572141
rescue_prime,,bls12_381,3,original,14,1024,96,301312781
rescue_prime,,bls12_381,4,current,13,1024,96,374747140
rescue_prime,,bls12_381,4,original,11,1024,96,317140870
rescue_prime,,bn254,3,current,16,1024,96,338045003
rescue_prime,,bn254,3,original,14,1024,96,295742963
rescue_prime,,bn254,4,current,13,1024,96,367645850
rescue_prime,,bn254,4,original,11,1024,96,311015363
rescue_prime,,goldilocks,8,single,8,16384,96,252872930
rescue_prime,,goldilocks,12,single,8,16384,96,394573981
rescue_prime,,mersenne31,16,single,8,16384,96,329596224
rescue_prime,,mersenne31,24,single,8,8192,96,265306796
rescue_prime,,koalabear,16,single,8,8192,96,236549396
rescue_prime,,koalabear,24,single,8,8192,96,380675277
rescue_prime,,babybear,16,single,8,8192,96,238190362
rescue_prime,,babybear,24,single,8,8192,96,384851482
anemoi,,bls12_381,4,current,20,1024,96,288215455
anemoi,,bls12_381,4,original,14,1024,96,201769893
anemoi,,bn254,4,current,20,1024,96,282844950
anemoi,,bn254,4,original,14,2048,96,396012830
anemoi,,goldilocks,8,single,11,32768,96,346802168
anemoi,,goldilocks,12,single,10,16384,96,238319113
anemoi,,mersenne31,16,single,10,32768,96,340064237
anemoi,,mersenne31,24,single,9,16384,96,239963035
anemoi,,koalabear,16,single,10,16384,96,259655665
anemoi,,koalabear,24,single,9,16384,96,363427757
anemoi,,babybear,16,single,9,16384,96,234793906
anemoi,,babybear,24,single,9,16384,96,364501163
griffin,,bls12_381,3,current,20,2048,96,287481464
griffin,,bls12_381,3,original,14,2048,96,201270249
griffin,,bls12_381,4,current,20,2048,96,289663983
griffin,,bls12_381,4,original,11,4096,96,320949086
griffin,,bn254,3,current,20,2048,96,282710758
griffin,,bn254,3,original,14,4096,96,395893877
griffin,,bn254,4,current,20,2048,96,284767813
griffin,,bn254,4,original,11,4096,96,313556791
griffin,,goldilocks,8,single,8,131072,96,281895795
griffin,,goldilocks,12,single,8,131072,96,301525258
arion,,bls12_381,3,single,11,4096,96,342458641
arion,,bls12_381,4,single,10,4096,96,330439861
arion,,bn254,3,single,11,4096,96,332589648
arion,,bn254,4,single,10,4096,96,320285065
grendel,native,bls12_381,3,single,24,256,96,269989436
grendel,native,bn254,3,single,24,256,96,267381122
xhash,XHash8,goldilocks,12,single,6,32768,96,284094614
xhash,XHash12,goldilocks,12,single,6,32768,96,370607093
xhash,XHash16,mersenne31,24,single,6,32768,96,301769083
xhash,XHash24,mersenne31,24,single,6,32768,96,364468811
reinforced_concrete,,bls12_381,3,single,7,131072,96,241814665
reinforced_concrete,,bn254,3,single,7,131072,96,241351450
skyscraper,,bls12_381,4,single,18,262144,96,287518132
skyscraper,,bn254,4,single,18,262144,96,279571522
monolith,,goldilocks,8,single,6,1048576,96,265821317
monolith,,goldilocks,12,single,6,524288,96,204466401
monolith,,mersenne31,16,single,6,524288,96,215085796
monolith,,mersenne31,24,single,6,262144,96,216730930
polocolo,,bls12_381,3,single,6,1024,96,261848002
polocolo,,bls12_381,4,single,5,1024,96,291920158
polocolo,,bn254,3,single,6,1024,96,235272659
polocolo,,bn254,4,single,5,1024,96,262201783
tip4p,,goldilocks,12,single,5,262144,96,332081108
plain,sha256_compress,-,-,single,-,8388608,96,211414205
plain,keccak_f1600,-,-,single,-,524288,96,203236323
plain,blake2b_compress,-,-,single,-,2097152,96,240688270
plain,blake3_compress,-,-,single,-,4194304,96,270131401
gmimc,,bls12_381,3,single,228,16384,97,259395108
gmimc,,bls12_381,4,single,231,16384,97,264524724
gmimc,,bn254,3,single,228,16384,97,251631069
gmimc,,bn254,4,single,231,16384,97,254376460
gmimc,,goldilocks,8,single,68,524288,97,337238666
gmimc,,goldilocks,12,single,93,262144,97,235785609
gmimc,,mersenne31,16,single,158,262144,97,267346416
gmimc,,mersenne31,24,single,335,131072,97,315282647
gmimc,,koalabear,16,single,158,262144,97,305573031
gmimc,,koalabear,24,single,335,131072,97,336115346
gmimc,,babybear,16,single,158,131072,97,246587965
gmimc,,babybear,24,single,335,65536,97,259652008
gmimc2,alpha=8,bls12_381,3,single,63,32768,97,215605137
gmimc2,alpha=8,bls12_381,4,single,64,32768,97,217618609
gmimc2,alpha=8,bn254,3,single,63,32768,97,209826858
gmimc2,alpha=8,bn254,4,single,64,32768,97,213100756
gmimc2,alpha=4,goldilocks,8,single,88,262144,97,294741951
gmimc2,alpha=4,goldilocks,12,single,96,262144,97,363685758
gmimc2,alpha=2,mersenne31,16,single,176,65536,97,202211688
gmimc2,alpha=2,mersenne31,24,single,264,32768,97,223088360
gmimc2,alpha=2,koalabear,16,single,176,131072,97,291270074
gmimc2,alpha=2,koalabear,24,single,264,65536,97,235488172
gmimc2,alpha=2,babybear,16,single,176,131072,97,291222996
gmimc2,alpha=2,babybear,24,single,264,65536,97,234545140
poseidon,,bls12_381,3,single,8+56,16384,97,255770735
poseidon,,bls12_381,4,single,8+56,16384,97,376111027
poseidon,,bn254,3,single,8+56,16384,97,246598985
poseidon,,bn254,4,single,8+56,16384,97,368132448
poseidon,,goldilocks,8,single,8+22,131072,97,335489016
poseidon,,goldilocks,12,single,8+22,65536,97,320650668
poseidon,,mersenne31,16,single,8+14,65536,97,318273295
poseidon,,mersenne31,24,single,8+22,16384,97,226201398
poseidon,,koalabear,16,single,8+20,32768,97,251609228
poseidon,,koalabear,24,single,8+23,16384,97,300233834
poseidon,,babybear,16,single,8+13,65536,97,402122275
poseidon,,babybear,24,single,8+21,16384,97,287537949
poseidon2,,bls12_381,3,single,8+56,65536,97,316603234
poseidon2,,bls12_381,4,single,8+56,32768,97,284548583
poseidon2,,bn254,3,single,8+56,65536,97,309684735
poseidon2,,bn254,4,single,8+56,32768,97,274877370
poseidon2,,goldilocks,8,single,8+22,524288,97,392363448
poseidon2,,goldilocks,12,single,8+22,262144,97,268381401
poseidon2,,mersenne31,16,single,8+14,262144,97,253340864
poseidon2,,mersenne31,24,single,8+22,131072,97,209908220
poseidon2,,koalabear,16,single,8+20,262144,97,286267605
poseidon2,,koalabear,24,single,8+23,131072,97,206980630
poseidon2,,babybear,16,single,8+13,262144,97,306623604
poseidon2,,babybear,24,single,8+21,131072,97,248396294
neptune,,bls12_381,4,single,6+69,32768,97,325731993
neptune,,bn254,4,single,6+69,32768,97,314289580
neptune,,goldilocks,8,single,6+38,262144,97,316365429
neptune,,goldilocks,12,single,6+42,131072,97,303856914
psquarehash,,mersenne31,16,single,52,262144,97,243858364
psquarehash,,mersenne31,24,single,52,262144,97,354757684
psquarehash,,koalabear,16,single,52,262144,97,310275679
psquarehash,,koalabear,24,single,52,131072,97,231641193
psquarehash,,babybear,16,single,52,262144,97,311931513
psquarehash,,babybear,24,single,52,131072,97,231858549
rescue_prime,,bls12_381,3,current,16,1024,97,344567872
rescue_prime,,bls12_381,3,original,14,1024,97,301350891
rescue_prime,,bls12_381,4,current,13,1024,97,374697085
rescue_prime,,bls12_381,4,original,11,1024,97,317098268
rescue_prime,,bn254,3,current,16,1024,97,338079226
rescue_prime,,bn254,3,original,14,1024,97,295805298
rescue_prime,,bn254,4,current,13,1024,97,367590254
rescue_prime,,bn254,4,original,11,1024,97,311006394
rescue_prime,,goldilocks,8,single,8,16384,97,252981793
rescue_prime,,goldilocks,12,single,8,16384,97,394292543
rescue_prime,,mersenne31,16,single,8,16384,97,329207407
rescue_prime,,mersenne31,24,single,8,8192,97,266075321
rescue_prime,,koalabear,16,single,8,8192,97,236802418
rescue_prime,,koalabear,24,single,8,8192,97,380949349
rescue_prime,,babybear,16,single,8,8192,97,237740321
rescue_prime,,babybear,24,single,8,8192,97,383509763
anemoi,,bls12_381,4,current,20,1024,97,288424245
anemoi,,bls12_381,4,original,14,1024,97,201797524
anemoi,,bn254,4,current,20,1024,97,282817408
anemoi,,bn254,4,original,14,2048,97,395934091
anemoi,,goldilocks,8,single,11,32768,97,347108940
anemoi,,goldilocks,12,single,10,16384,97,238344950
anemoi,,mersenne31,16,single,10,32768,97,340157119
anemoi,,mersenne31,24,single,9,16384,97,239907951
anemoi,,koalabear,16,single,10,16384,97,259592676
anemoi,,koalabear,24,single,9,16384,97,363699583
anemoi,,babybear,16,single,9,16384,97,234870417
anemoi,,babybear,24,single,9,16384,97,364631846
griffin,,bls12_381,3,current,20,2048,97,287508473
griffin,,bls12_381,3,original,14,2048,97,201298100
griffin,,bls12_381,4,current,20,2048,97,291656826
griffin,,bls12_381,4,original,11,4096,97,318689772
griffin,,bn254,3,current,20,2048,97,282772302
griffin,,bn254,3,original,14,4096,97,395924012
griffin,,bn254,4,current,20,2048,97,284660231
griffin,,bn254,4,original,11,4096,97,313610722
griffin,,goldilocks,8,single,8,131072,97,282144059
griffin,,goldilocks,12,single,8,131072,97,301556735
arion,,bls12_381,3,single,11,4096,97,343673560
arion,,bls12_381,4,single,10,4096,97,329877459
arion,,bn254,3,single,11,4096,97,332729989
arion,,bn254,4,single,10,4096,97,320318867
grendel,native,bls12_381,3,single,24,256,97,270410992
grendel,native,bn254,3,single,24,256,97,268210491
xhash,XHash8,goldilocks,12,single,6,32768,97,283817917
xhash,XHash12,goldilocks,12,single,6,32768,97,370611900
xhash,XHash16,mersenne31,24,single,6,32768,97,301987631
xhash,XHash24,mersenne31,24,single,6,32768,97,363683813
reinforced_concrete,,bls12_381,3,single,7,131072,97,241752889
reinforced_concrete,,bn254,3,single,7,131072,97,241377818
skyscraper,,bls12_381,4,single,18,262144,97,287503294
skyscraper,,bn254,4,single,18,262144,97,279706203
monolith,,goldilocks,8,single,6,1048576,97,266995720
monolith,,goldilocks,12,single,6,524288,97,205211794
monolith,,mersenne31,16,single,6,524288,97,214946565
monolith,,mersenne31,24,single,6,262144,97,217383198
polocolo,,bls12_381,3,single,6,1024,97,261849043
polocolo,,bls12_381,4,single,5,1024,97,291285681
polocolo,,bn254,3,single,6,1024,97,235196747
polocolo,,bn254,4,single,5,1024,97,262233681
tip4p,,goldilocks,12,single,5,262144,97,332053235
plain,sha256_compress,-,-,single,-,8388608,97,211405037
plain,keccak_f1600,-,-,single,-,524288,97,203613286
plain,blake2b_compress,-,-,single,-,2097152,97,242533037
plain,blake3_compress,-,-,single,-,4194304,97,270830486
gmimc,,bls12_381,3,single,228,16384,98,259305329
gmimc,,bls12_381,4,single,231,16384,98,264286387
gmimc,,bn254,3,single,228,16384,98,251481218
gmimc,,bn254,4,single,231,16384,98,254858910
gmimc,,goldilocks,8,single,68,524288,98,337080639
gmimc,,goldilocks,12,single,93,262144,98,236090126
gmimc,,mersenne31,16,single,158,262144,98,267488932
gmimc,,mersenne31,24,single,335,131072,98,331526510
gmimc,,koalabear,16,single,158,262144,98,305652439
gmimc,,koalabear,24,single,335,131072,98,331522713
gmimc,,babybear,16,single,158,131072,98,246679174
gmimc,,babybear,24,single,335,65536,98,259557891
gmimc2,alpha=8,bls12_381,3,single,63,32768,98,212650815
gmimc2,alpha=8,bls12_381,4,single,64,32768,98,217710320
gmimc2,alpha=8,bn254,3,single,63,32768,98,210126598
gmimc2,alpha=8,bn254,4,single,64,32768,98,213720274
gmimc2,alpha=4,goldilocks,8,single,88,262144,98,294333287
gmimc2,alpha=4,goldilocks,12,single,96,262144,98,362192597
gmimc2,alpha=2,mersenne31,16,single,176,65536,98,202133992
gmimc2,alpha=2,mersenne31,24,single,264,32768,98,223197424
gmimc2,alpha=2,koalabear,16,single,176,131072,98,291302112
gmimc2,alpha=2,koalabear,24,single,264,65536,98,235329746
gmimc2,alpha=2,babybear,16,single,176,131072,98,291918133
gmimc2,alpha=2,babybear,24,single,264,65536,98,234686534
poseidon,,bls12_381,3,single,8+56,16384,98,255129366
poseidon,,bls12_381,4,single,8+56,16384,98,376326068
poseidon,,bn254,3,single,8+56,16384,98,245888407
poseidon,,bn254,4,single,8+56,16384,98,367974280
poseidon,,goldilocks,8,single,8+22,131072,98,334472345
poseidon,,goldilocks,12,single,8+22,65536,98,320590874
poseidon,,mersenne31,16,single,8+14,65536,98,322429951
poseidon,,mersenne31,24,single,8+22,16384,98,225941652
poseidon,,koalabear,16,single,8+20,32768,98,252340203
poseidon,,koalabear,24,single,8+23,16384,98,300002330
poseidon,,babybear,16,single,8+13,65536,98,403562235
poseidon,,babybear,24,single,8+21,16384,98,287628497
poseidon2,,bls12_381,3,single,8+56,65536,98,316259250
poseidon2,,bls12_381,4,single,8+56,32768,98,284665320
poseidon2,,bn254,3,single,8+56,65536,98,309652263
poseidon2,,bn254,4,single,8+56,32768,98,274237843
poseidon2,,goldilocks,8,single,8+22,524288,98,391911142
poseidon2,,goldilocks,12,single,8+22,262144,98,268783210
poseidon2,,mersenne31,16,single,8+14,262144,98,253465466
poseidon2,,mersenne31,24,single,8+22,131072,98,210119073
poseidon2,,koalabear,16,single,8+20,262144,98,287455484
poseidon2,,koalabear,24,single,8+23,131072,98,207472217
poseidon2,,babybear,16,single,8+13,262144,98,307288345
poseidon2,,babybear,24,single,8+21,131072,98,248553757
neptune,,bls12_381,4,single,6+69,32768,98,325835455
neptune,,bn254,4,single,6+69,32768,98,314805654
neptune,,goldilocks,8,single,6+38,262144,98,316382810
neptune,,goldilocks,12,single,6+42,131072,98,304811608
psquarehash,,mersenne31,16,single,52,262144,98,244060981
psquarehash,,mersenne31,24,single,52,262144,98,354997861
psquarehash,,koalabear,16,single,52,262144,98,312486390
psquarehash,,koalabear,24,single,52,131072,98,231730209
psquarehash,,babybear,16,single,52,262144,98,311803222
psquarehash,,babybear,24,single,52,131072,98,232904874
rescue_prime,,bls12_381,3,current,16,1024,98,347468942
rescue_prime,,bls12_381,3,original,14,1024,98,301830938
rescue_prime,,bls12_381,4,current,13,1024,98,374772375
rescue_prime,,bls12_381,4,original,11,1024,98,317130538
rescue_prime,,bn254,3,current,16,1024,98,338032949
rescue_prime,,bn254,3,original,14,1024,98,295775642
rescue_prime,,bn254,4,current,13,1024,98,367583079
rescue_prime,,bn254,4,original,11,1024,98,311025739
rescue_prime,,goldilocks,8,single,8,16384,98,253212754
rescue_prime,,goldilocks,12,single,8,16384,98,394156277
rescue_prime,,mersenne31,16,single,8,16384,98,329285222
rescue_prime,,mersenne31,24,single,8,8192,98,265351447
rescue_prime,,koalabear,16,single,8,8192,98,236285782
rescue_prime,,koalabear,24,single,8,8192,98,380762899
rescue_prime,,babybear,16,single,8,8192,98,238213073
rescue_prime,,babybear,24,single,8,8192,98,384421165
anemoi,,bls12_381,4,current,20,1024,98,288156003
anemoi,,bls12_381,4,original,14,1024,98,201762106
anemoi,,bn254,4,current,20,1024,98,282788262
anemoi,,bn254,4,original,14,2048,98,395949899
anemoi,,goldilocks,8,single,11,32768,98,347216069
anemoi,,goldilocks,12,single,10,16384,98,238346743
anemoi,,mersenne31,16,single,10,32768,98,342792503
anemoi,,mersenne31,24,single,9,16384,98,239566443
anemoi,,koalabear,16,single,10,16384,98,260460467
anemoi,,koalabear,24,single,9,16384,98,363953497
anemoi,,babybear,16,single,9,16384,98,235759448
anemoi,,babybear,24,single,9,16384,98,364494598
griffin,,bls12_381,3,current,20,2048,98,287464389
griffin,,bls12_381,3,original,14,2048,98,201292539
griffin,,bls12_381,4,current,20,2048,98,289651227
griffin,,bls12_381,4,original,11,4096,98,318651991
griffin,,bn254,3,current,20,2048,98,282781669
griffin,,bn254,3,original,14,4096,98,395876111
griffin,,bn254,4,current,20,2048,98,284637738
griffin,,bn254,4,original,11,4096,98,313569553
griffin,,goldilocks,8,single,8,131072,98,281995750
griffin,,goldilocks,12,single,8,131072,98,301949869
arion,,bls12_381,3,single,11,4096,98,344338271
arion,,bls12_381,4,single,10,4096,98,332692759
arion,,bn254,3,single,11,4096,98,332665478
arion,,bn254,4,single,10,4096,98,320289952
grendel,native,bls12_381,3,single,24,256,98,269076128
grendel,native,bn254,3,single,24,256,98,267302192
xhash,XHash8,goldilocks,12,single,6,32768,98,283759196
xhash,XHash12,goldilocks,12,single,6,32768,98,370462070
xhash,XHash16,mersenne31,24,single,6,32768,98,301764482
xhash,XHash24,mersenne31,24,single,6,32768,98,364156255
reinforced_concrete,,bls12_381,3,single,7,131072,98,240831396
reinforced_concrete,,bn254,3,single,7,131072,98,241202239
skyscraper,,bls12_381,4,single,18,262144,98,287886959
skyscraper,,bn254,4,single,18,262144,98,279236074
monolith,,goldilocks,8,single,6,1048576,98,265404045
monolith,,goldilocks,12,single,6,524288,98,205000629
monolith,,mersenne31,16,single,6,524288,98,214842229
monolith,,mersenne31,24,single,6,262144,98,217545261
polocolo,,bls12_381,3,single,6,1024,98,261862156
polocolo,,bls12_381,4,single,5,1024,98,291265263
polocolo,,bn254,3,single,6,1024,98,235223246
polocolo,,bn254,4,single,5,1024,98,262194828
tip4p,,goldilocks,12,single,5,262144,98,332324821
plain,sha256_compress,-,-,single,-,8388608,98,211460510
plain,keccak_f1600,-,-,single,-,524288,98,203162393
plain,blake2b_compress,-,-,single,-,2097152,98,241186560
plain,blake3_compress,-,-,single,-,4194304,98,270640100
gmimc,,bls12_381,3,single,228,16384,99,259441383
gmimc,,bls12_381,4,single,231,16384,99,265641389
gmimc,,bn254,3,single,228,16384,99,250882168
gmimc,,bn254,4,single,231,16384,99,255224132
gmimc,,goldilocks,8,single,68,524288,99,337125593
gmimc,,goldilocks,12,single,93,262144,99,236764927
gmimc,,mersenne31,16,single,158,262144,99,272697394
gmimc,,mersenne31,24,single,335,131072,99,325290847
gmimc,,koalabear,16,single,158,262144,99,305721547
gmimc,,koalabear,24,single,335,131072,99,336202728
gmimc,,babybear,16,single,158,131072,99,246666440
gmimc,,babybear,24,single,335,65536,99,259628151
gmimc2,alpha=8,bls12_381,3,single,63,32768,99,213187958
gmimc2,alpha=8,bls12_381,4,single,64,32768,99,217646880
gmimc2,alpha=8,bn254,3,single,63,32768,99,210089819
gmimc2,alpha=8,bn254,4,single,64,32768,99,213789322
gmimc2,alpha=4,goldilocks,8,single,88,262144,99,295316954
gmimc2,alpha=4,goldilocks,12,single,96,262144,99,362384093
gmimc2,alpha=2,mersenne31,16,single,176,65536,99,202193122
gmimc2,alpha=2,mersenne31,24,single,264,32768,99,223115039
gmimc2,alpha=2,koalabear,16,single,176,131072,99,291290018
gmimc2,alpha=2,koalabear,24,single,264,65536,99,234472533
gmimc2,alpha=2,babybear,16,single,176,131072,99,291368005
gmimc2,alpha=2,babybear,24,single,264,65536,99,234300602
poseidon,,bls12_381,3,single,8+56,16384,99,255458129
poseidon,,bls12_381,4,single,8+56,16384,99,376347617
poseidon,,bn254,3,single,8+56,16384,99,246452239
poseidon,,bn254,4,single,8+56,16384,99,368278909
poseidon,,goldilocks,8,single,8+22,131072,99,334559878
poseidon,,goldilocks,12,single,8+22,65536,99,325949587
poseidon,,mersenne31,16,single,8+14,65536,99,322723348
poseidon,,mersenne31,24,single,8+22,16384,99,225789467
poseidon,,koalabear,16,single,8+20,32768,99,251852792
poseidon,,koalabear,24,single,8+23,16384,99,300448793
poseidon,,babybear,16,single,8+13,65536,99,402284596
poseidon,,babybear,24,single,8+21,16384,99,287776653
poseidon2,,bls12_381,3,single,8+56,65536,99,316821289
poseidon2,,bls12_381,4,single,8+56,32768,99,285121281
poseidon2,,bn254,3,single,8+56,65536,99,309720189
poseidon2,,bn254,4,single,8+56,32768,99,274347518
poseidon2,,goldilocks,8,single,8+22,524288,99,391213747
poseidon2,,goldilocks,12,single,8+22,262144,99,268377051
poseidon2,,mersenne31,16,single,8+14,262144,99,253629762
poseidon2,,mersenne31,24,single,8+22,131072,99,209786292
poseidon2,,koalabear,16,single,8+20,262144,99,284831549
poseidon2,,koalabear,24,single,8+23,131072,99,207460214
poseidon2,,babybear,16,single,8+13,262144,99,305714363
poseidon2,,babybear,24,single,8+21,131072,99,249014988
neptune,,bls12_381,4,single,6+69,32768,99,325550502
neptune,,bn254,4,single,6+69,32768,99,315376569
neptune,,goldilocks,8,single,6+38,262144,99,315873358
neptune,,goldilocks,12,single,6+42,131072,99,303912225
psquarehash,,mersenne31,16,single,52,262144,99,243786979
psquarehash,,mersenne31,24,single,52,262144,99,355062300
psquarehash,,koalabear,16,single,52,262144,99,312617383
psquarehash,,koalabear,24,single,52,131072,99,231932496
psquarehash,,babybear,16,single,52,262144,99,310612517
psquarehash,,babybear,24,single,52,131072,99,232006795
rescue_prime,,bls12_381,3,current,16,1024,99,344580563
rescue_prime,,bls12_381,3,original,14,1024,99,301361379
rescue_prime,,bls12_381,4,current,13,1024,99,374760210
rescue_prime,,bls12_381,4,original,11,1024,99,317107904
rescue_prime,,bn254,3,current,16,1024,99,338097659
rescue_prime,,bn254,3,original,14,1024,99,295776743
rescue_prime,,bn254,4,current,13,1024,99,367619607
rescue_prime,,bn254,4,original,11,1024,99,311001353
rescue_prime,,goldilocks,8,single,8,16384,99,252905108
rescue_prime,,goldilocks,12,single,8,16384,99,394130478
rescue_prime,,mersenne31,16,single,8,16384,99,329663066
rescue_prime,,mersenne31,24,single,8,8192,99,265466592
rescue_prime,,koalabear,16,single,8,8192,99,236561606
rescue_prime,,koalabear,24,single,8,8192,99,381192470
rescue_prime,,babybear,16,single,8,8192,99,238273897
rescue_prime,,babybear,24,single,8,8192,99,385084543
anemoi,,bls12_381,4,current,20,1024,99,288202027
anemoi,,bls12_381,4,original,14,1024,99,201767666
anemoi,,bn254,4,current,20,1024,99,282837343
anemoi,,bn254,4,original,14,2048,99,395972119
anemoi,,goldilocks,8,single,11,32768,99,347248017
anemoi,,goldilocks,12,single,10,16384,99,238370737
anemoi,,mersenne31,16,single,10,32768,99,342458548
anemoi,,mersenne31,24,single,9,16384,99,240015971
anemoi,,koalabear,16,single,10,16384,99,260634693
anemoi,,koalabear,24,single,9,16384,99,363487805
anemoi,,babybear,16,single,9,16384,99,235946788
anemoi,,babybear,24,single,9,16384,99,364854519
griffin,,bls12_381,3,current,20,2048,99,288439701
griffin,,bls12_381,3,original,14,2048,99,201290274
griffin,,bls12_381,4,current,20,2048,99,289672646
griffin,,bls12_381,4,original,11,4096,99,318705359
griffin,,bn254,3,current,20,2048,99,282767402
griffin,,bn254,3,original,14,4096,99,395906757
griffin,,bn254,4,current,20,2048,99,284701746
griffin,,bn254,4,original,11,4096,99,313620588
griffin,,goldilocks,8,single,8,131072,99,281958931
griffin,,goldilocks,12,single,8,131072,99,301602199
arion,,bls12_381,3,single,11,4096,99,342148648
arion,,bls12_381,4,single,10,4096,99,329795344
arion,,bn254,3,single,11,4096,99,332617417
arion,,bn254,4,single,10,4096,99,320158846
grendel,native,bls12_381,3,single,24,256,99,268917180
grendel,native,bn254,3,single,24,256,99,266785486
xhash,XHash8,goldilocks,12,single,6,32768,99,283681840
xhash,XHash12,goldilocks,12,single,6,32768,99,370488347
xhash,XHash16,mersenne31,24,single,6,32768,99,301899744
xhash,XHash24,mersenne31,24,single,6,32768,99,363440337
reinforced_concrete,,bls12_381,3,single,7,131072,99,242282166
reinforced_concrete,,bn254,3,single,7,131072,99,241466482
skyscraper,,bls12_381,4,single,18,262144,99,287081713
skyscraper,,bn254,4,single,18,262144,99,279793094
monolith,,goldilocks,8,single,6,1048576,99,266016238
monolith,,goldilocks,12,single,6,524288,99,203424763
monolith,,mersenne31,16,single,6,524288,99,214563377
monolith,,mersenne31,24,single,6,262144,99,217367859
polocolo,,bls12_381,3,single,6,1024,99,261860602
polocolo,,bls12_381,4,single,5,1024,99,291239894
polocolo,,bn254,3,single,6,1024,99,235211193
polocolo,,bn254,4,single,5,1024,99,262200437
tip4p,,goldilocks,12,single,5,262144,99,331897371
plain,sha256_compress,-,-,single,-,8388608,99,211399776
plain,keccak_f1600,-,-,single,-,524288,99,203166020
plain,blake2b_compress,-,-,single,-,2097152,99,240521876
plain,blake3_compress,-,-,single,-,4194304,99,269792455
